Rank,Rank Δ,Player,Code,C Rating,C Rating Δ,Rating,Rating Δ,RD,RD Δ,Opps,Opps Δ,Ws,Ws Δ,Ls,Ls Δ,Ds,Ds Δ,W%,W% Δ,Last Played,Title,Title Count,Leaderboard Rank
1,0,a440,CA,1926.19,13.05,2058.09,12.75,43.97,-0.1,153,6.0,127,6.0,26,0.0,0,0.0,83.01,0.7,2026-05-07,-,0,26.0
2,3,Genghisip,UA,1913.43,20.75,2013.95,19.74,33.51,-0.33,288,12.0,194,10.0,94,2.0,0,0.0,67.36,0.69,2026-04-24,GM,9,27.0
3,0,Wawrzyniec,PL,1900.39,-1.31,1998.61,-3.68,32.74,-0.79,288,21.0,202,15.0,85,6.0,1,0.0,70.14,0.1,2026-04-25,GM,8,94.0
4,0,Grozz,RU,1892.93,-3.99,1982.85,-7.6,29.97,-1.2,210,27.0,142,16.0,67,11.0,1,0.0,67.62,-1.23,2026-04-29,M,1,6.0
5,1,Martin_Pecheur,FR,1885.6,22.22,1967.87,22.17,27.42,-0.01,468,24.0,295,20.0,166,3.0,7,1.0,63.03,1.09,2026-05-06,GM,15,1.0
6,-4,whsvin,HK,1877.86,-34.33,1994.01,-34.88,38.71,-0.18,210,12.0,156,6.0,54,6.0,0,0.0,74.29,-1.47,2026-04-30,GM,6,64.0
7,4,Dantes,US,1868.41,24.29,1969.76,16.84,33.78,-2.48,159,24.0,116,18.0,43,6.0,0,0.0,72.96,0.37,2026-05-04,P,1,36.0
-,-,Pascalotopia,CA,1861.28,-3.89,1990.51,0.0,43.08,1.3,189,0.0,131,0.0,57,0.0,1,0.0,69.31,0.0,2024-09-10,GM,5,-
8,7,Weidenbaum,DE,1858.18,24.84,1942.42,22.92,28.08,-0.64,450,30.0,281,23.0,168,7.0,1,0.0,62.44,1.01,2026-05-03,GM,27,10.0
9,5,Majondor,AU,1857.87,23.96,1945.29,20.84,29.14,-1.04,345,27.0,221,21.0,123,6.0,1,0.0,64.06,1.17,2026-05-06,GM,5,8.0
10,-2,Sylvain,FR,1853.55,0.17,1937.9,-0.24,28.12,-0.14,417,24.0,265,15.0,147,9.0,5,0.0,63.55,-0.06,2026-05-14,M,2,38.0
11,-4,Eepogi,FI,1851.97,-6.67,1936.51,-3.95,28.18,0.91,432,12.0,261,5.0,168,7.0,3,0.0,60.42,-0.53,2026-04-24,GM,1,2.0
12,-2,Arne,DE,1850.87,6.57,1938.05,3.47,29.06,-1.03,246,27.0,164,16.0,80,11.0,2,0.0,66.67,-0.91,2026-04-29,M,4,14.0
13,-4,funestus,NO,1846.02,1.1,1944.74,0.33,32.91,-0.26,219,12.0,145,6.0,74,6.0,0,0.0,66.21,-0.94,2026-04-24,GM,2,11.0
14,-2,Plunderteig,CN,1837.71,-2.23,2058.56,0.0,73.62,0.74,42,0.0,35,0.0,7,0.0,0,0.0,83.33,0.0,2025-09-19,-,0,102.0
-,-,Airren,US,1833.6,-3.26,1985.85,0.0,50.75,1.09,144,0.0,106,0.0,37,0.0,1,0.0,73.61,0.0,2025-02-17,GM,5,622.0
15,10,yaop,CN,1824.33,28.55,1921.28,19.22,32.32,-3.11,177,30.0,129,21.0,47,9.0,1,0.0,72.88,-0.59,2026-05-12,G,1,28.0
16,-3,Lambda,ES,1818.72,-18.36,1918.01,-19.02,33.1,-0.22,204,12.0,128,4.0,73,8.0,3,0.0,62.75,-1.83,2026-04-26,GM,2,22.0
17,new,SandHippo,CN,1817.23,1367.23,2334.81,834.81,172.53,172.53,6,6.0,6,6.0,0,0.0,0,0.0,100.0,100.0,2026-04-27,-,0,238.0
18,-1,Sandwhale,US,1811.88,-4.07,1933.24,0.0,40.45,1.36,171,0.0,109,0.0,62,0.0,0,0.0,63.74,0.0,2025-08-19,GM,2,82.0
19,-1,St4nkk,PL,1810.12,-3.72,1944.85,0.0,44.91,1.24,129,0.0,99,0.0,30,0.0,0,0.0,76.74,0.0,2025-08-02,M,1,265.0
-,-,Binki,RU,1809.26,-3.78,1942.93,0.0,44.56,1.26,186,0.0,129,0.0,55,0.0,2,0.0,69.35,0.0,2023-12-03,GM,3,-
20,1,pajada,CZ,1807.32,-4.86,1891.67,-6.51,28.12,-0.55,486,30.0,285,19.0,197,11.0,4,0.0,58.64,0.31,2026-05-03,GM,11,12.0
21,-2,mwi,PL,1806.22,-7.6,1895.22,-10.93,29.67,-1.11,219,24.0,135,10.0,83,14.0,1,0.0,61.64,-2.46,2026-05-03,M,1,13.0
-,-,jmamos,-,1806.03,-2.62,1994.19,0.0,62.72,0.87,78,0.0,72,0.0,6,0.0,0,0.0,92.31,0.0,2025-04-28,G,4,380.0
22,11,moemoe,DE,1804.66,22.34,1889.18,17.61,28.17,-1.58,270,36.0,190,25.0,77,10.0,3,1.0,70.37,-0.14,2026-04-30,-,0,65.0
23,-7,pv4,BE,1803.32,-15.76,1891.5,-13.51,29.39,0.75,381,12.0,218,5.0,160,7.0,3,0.0,57.22,-0.5,2026-04-29,GM,14,3.0
24,5,Dots,DE,1803.29,14.91,1956.09,7.52,50.93,-2.46,78,6.0,60,4.0,18,2.0,0,0.0,76.92,-0.86,2026-05-12,GM,2,123.0
25,-3,wolvs,UA,1803.05,-8.35,1886.71,-7.43,27.89,0.31,402,21.0,261,10.0,138,11.0,3,0.0,64.93,-0.95,2026-04-25,GM,3,5.0
26,10,Vovka,UA,1801.12,26.85,1907.64,17.13,35.51,-3.24,132,24.0,94,17.0,37,7.0,1,0.0,71.21,-0.09,2026-05-17,-,0,43.0
27,-4,Fourierrr,BR,1800.97,1.13,1889.21,1.22,29.41,0.03,267,18.0,179,12.0,86,6.0,2,0.0,67.04,-0.03,2026-05-05,M,2,49.0
28,-2,Angor,RU,1799.61,5.97,1899.85,-1.3,33.41,-2.42,240,24.0,163,13.0,75,10.0,2,1.0,67.92,-1.52,2026-05-04,GM,1,104.0
29,-9,DANeo,DE,1797.85,-14.59,1887.47,-12.28,29.87,0.77,282,12.0,168,6.0,112,6.0,2,0.0,59.57,-0.43,2026-04-27,GM,3,7.0
30,30,Lech,PL,1796.42,59.44,1876.2,57.47,26.59,-0.66,384,36.0,249,33.0,135,3.0,0,0.0,64.84,2.77,2026-05-15,M,3,17.0
-,-,Dirkules,DE,1795.26,-3.98,1919.56,0.0,41.43,1.33,198,0.0,121,0.0,76,0.0,1,0.0,61.11,0.0,2024-07-15,GM,3,-
31,-7,Lander90,BE,1794.76,-3.69,1893.89,-14.21,33.04,-3.51,165,30.0,123,15.0,42,15.0,0,0.0,74.55,-5.45,2026-05-12,-,0,80.0
32,0,dannyboy14,US,1791.34,8.2,1881.54,5.21,30.07,-1.0,270,24.0,171,16.0,98,8.0,1,0.0,63.33,0.32,2026-05-04,GM,2,23.0
-,-,LeonC,TW,1788.11,-2.32,2001.47,0.0,71.12,0.77,90,0.0,72,0.0,16,0.0,2,0.0,80.0,0.0,2019-09-29,-,0,-
33,21,Michiel,BE,1787.41,37.79,1976.89,22.58,63.16,-5.07,42,6.0,34,5.0,8,1.0,0,0.0,80.95,0.39,2026-05-14,-,0,176.0
34,-6,Tamirys,US,1784.67,-4.14,1874.13,-6.52,29.82,-0.79,396,24.0,229,13.0,165,11.0,2,0.0,57.83,-0.23,2026-05-05,GM,9,69.0
35,-8,Allfather,US,1783.54,-8.29,1880.24,-15.12,32.23,-2.28,180,27.0,116,13.0,61,13.0,3,1.0,64.44,-2.88,2026-04-26,-,0,30.0
36,-6,yaba,PL,1782.91,-5.38,1868.48,-8.24,28.52,-0.95,360,30.0,218,17.0,139,13.0,3,0.0,60.56,-0.35,2026-05-02,M,6,55.0
37,3,barboucha,FR,1775.55,8.04,1874.44,2.72,32.96,-1.77,210,21.0,138,12.0,70,9.0,2,0.0,65.71,-0.96,2026-04-29,GM,1,50.0
38,-7,Vantablack,MO,1773.86,-11.5,1860.46,-13.28,28.87,-0.59,366,24.0,228,11.0,136,13.0,2,0.0,62.3,-1.15,2026-05-02,GM,1,84.0
39,6,saru,CN,1773.25,13.75,1854.41,14.05,27.05,0.1,381,24.0,229,16.0,148,8.0,4,0.0,60.1,0.44,2026-05-15,M,3,4.0
40,-5,Palino,SK,1771.72,-4.0,1895.61,0.0,41.3,1.33,210,0.0,131,0.0,79,0.0,0,0.0,62.38,0.0,2025-09-19,GM,5,77.0
41,-2,Papaver,HR,1768.39,-0.93,1860.05,-2.35,30.55,-0.47,306,18.0,210,10.0,93,8.0,3,0.0,68.63,-0.81,2026-04-30,P,2,149.0
42,-8,Sektat,CH,1762.69,-13.44,1847.36,-14.7,28.22,-0.42,321,24.0,191,11.0,128,13.0,2,0.0,59.5,-1.11,2026-05-06,M,11,18.0
-,-,Rabbles,AU,1762.52,-2.68,1946.45,0.0,61.31,0.89,96,0.0,79,0.0,17,0.0,0,0.0,82.29,0.0,2023-09-03,M,1,-
43,5,CaesarSalah,US,1762.02,8.89,1842.11,8.17,26.7,-0.24,477,30.0,288,19.0,187,11.0,2,0.0,60.38,0.2,2026-05-14,P,15,21.0
44,-1,Gandin,CH,1761.98,-2.34,1850.8,-0.71,29.6,0.54,294,12.0,176,7.0,112,5.0,6,0.0,59.86,-0.07,2026-04-22,M,4,15.0
45,-3,Lemmingsplayer,GB,1761.94,-3.1,1925.17,0.0,54.41,1.03,102,0.0,74,0.0,27,0.0,1,0.0,72.55,0.0,2025-07-11,GM,1,-
46,-5,kyshantry,US,1761.06,-4.9,1881.27,-5.57,40.07,-0.23,180,6.0,106,3.0,72,3.0,2,0.0,58.89,-0.31,2026-04-29,M,1,53.0
47,14,Shagrat,CZ,1759.72,23.66,1841.45,20.36,27.24,-1.1,276,36.0,188,25.0,87,11.0,1,0.0,68.12,0.2,2026-05-07,G,1,112.0
48,-4,Gilgamesh2,NL,1756.89,-3.01,1873.18,-2.17,38.77,0.28,144,6.0,108,4.0,36,2.0,0,0.0,75.0,-0.36,2026-03-09,G,2,32.0
49,-11,Footloop,CA,1755.95,-15.2,1882.51,-22.07,42.19,-2.29,198,12.0,130,5.0,67,7.0,1,0.0,65.66,-1.54,2026-04-22,GM,7,-
50,1,ERock37,CA,1754.9,4.19,1854.34,2.26,33.15,-0.64,156,15.0,101,8.0,53,7.0,2,0.0,64.74,-1.22,2026-05-03,-,0,51.0
51,1,Cogito3,US,1754.56,3.97,1837.78,-1.65,27.74,-1.87,231,36.0,151,18.0,79,18.0,1,0.0,65.37,-2.84,2026-05-15,G,1,34.0
52,6,jantteri,-,1754.3,15.11,1839.59,11.94,28.43,-1.06,243,30.0,160,20.0,82,10.0,1,0.0,65.84,0.11,2026-04-27,G,5,46.0
53,0,Lcfyx,FR,1752.93,2.69,1844.03,3.68,30.37,0.33,288,12.0,159,7.0,126,5.0,3,0.0,55.21,0.14,2026-04-22,M,5,16.0
54,unretired,Doughnut,GB,1751.43,22.27,1880.86,13.61,43.14,-2.89,108,12.0,75,9.0,30,3.0,3,0.0,69.44,0.69,2026-04-25,G,6,308.0
55,294,Icallhimtest,-,1751.18,215.77,1980.59,112.09,76.47,-34.56,24,12.0,21,10.0,3,2.0,0,0.0,87.5,-4.17,2026-05-04,-,0,-
56,-10,darwinian,GB,1750.29,-7.61,1852.26,-8.53,33.99,-0.3,195,12.0,138,5.0,56,7.0,1,0.0,70.77,-1.91,2026-05-12,P,2,91.0
57,8,Brightfuture,RU,1750.15,17.15,1829.78,15.7,26.54,-0.49,381,30.0,242,20.0,139,10.0,0,0.0,63.52,0.27,2026-05-05,P,7,48.0
58,-1,zadokk,BE,1748.86,8.62,1833.01,5.65,28.05,-0.99,351,30.0,216,18.0,134,12.0,1,0.0,61.54,-0.14,2026-04-30,P,14,80.0
59,-10,RutgerHauer,SE,1747.71,-4.61,1857.8,0.0,36.7,1.54,210,0.0,146,0.0,62,0.0,2,0.0,69.52,0.0,2025-08-03,M,2,75.0
60,-13,Boromir7,PL,1745.51,-11.44,1825.54,-12.42,26.67,-0.33,450,30.0,254,14.0,190,16.0,6,0.0,56.44,-0.7,2026-04-29,M,8,31.0
-,-,P373R,GB,1742.89,-2.35,1952.55,0.0,69.88,0.78,48,0.0,44,0.0,4,0.0,0,0.0,91.67,0.0,2022-09-04,G,2,-
-,-,Sugoi,CA,1742.74,-3.14,1902.46,0.0,53.24,1.05,96,0.0,72,0.0,23,0.0,1,0.0,75.0,0.0,2024-07-01,P,2,-
61,-6,e5582768,CN,1742.53,-2.84,1918.96,0.0,58.81,0.95,51,0.0,33,0.0,17,0.0,1,0.0,64.71,0.0,2025-08-07,-,0,238.0
62,2,takusto_II,JP,1741.5,8.37,1830.16,5.39,29.55,-0.99,459,24.0,254,14.0,201,9.0,4,1.0,55.34,0.17,2026-05-07,M,3,59.0
63,-13,Magnetiseur,DE,1740.45,-11.75,1827.42,-9.65,28.99,0.7,366,12.0,221,5.0,141,7.0,4,0.0,60.38,-0.64,2026-05-04,P,10,57.0
64,9,Raffaello,DE,1739.44,17.05,1824.49,10.68,28.35,-2.12,228,36.0,150,21.0,77,14.0,1,1.0,65.79,-1.4,2026-04-29,G,2,39.0
65,15,delonecarter,GB,1739.42,24.0,1842.22,22.82,34.26,-0.39,282,12.0,199,10.0,82,2.0,1,0.0,70.57,0.57,2026-05-01,G,15,243.0
66,unretired,Jaracz,PL,1735.98,6.43,1852.85,1.01,38.96,-1.8,165,12.0,119,7.0,44,5.0,2,0.0,72.12,-1.08,2026-04-29,P,6,258.0
67,9,RestlessMe,US,1734.72,13.96,1814.79,12.87,26.69,-0.36,435,30.0,248,18.0,186,12.0,1,0.0,57.01,0.22,2026-05-02,P,5,34.0
68,16,IdkIdcIdgaf,UA,1734.62,26.89,1872.66,16.28,46.01,-3.53,120,12.0,92,9.0,28,3.0,0,0.0,76.67,-0.18,2026-04-26,G,2,398.0
69,10,Kay,HK,1734.42,18.61,1821.42,13.75,29.0,-1.62,225,30.0,137,19.0,86,11.0,2,0.0,60.89,0.38,2026-05-07,P,2,61.0
70,-11,mbbchess,US,1733.81,-3.54,1874.05,0.0,46.75,1.18,120,0.0,88,0.0,30,0.0,2,0.0,73.33,0.0,2025-06-28,P,2,398.0
71,-8,Dazzy,CN,1733.6,-1.62,1832.43,-5.22,32.94,-1.2,186,18.0,110,9.0,76,9.0,0,0.0,59.14,-0.98,2026-05-01,M,2,20.0
72,13,WhateverParsley,-,1732.01,26.68,1819.91,24.76,29.3,-0.64,357,24.0,220,19.0,136,5.0,1,0.0,61.62,1.26,2026-05-01,P,12,106.0
73,119,tianren4561367,-,1731.99,111.76,1911.09,36.82,59.7,-24.98,48,24.0,43,19.0,5,5.0,0,0.0,89.58,-10.42,2026-05-03,-,0,-
-,-,pigfans,CN,1731.82,-1.93,1986.69,0.0,84.96,0.64,24,0.0,22,0.0,2,0.0,0,0.0,91.67,0.0,2024-12-12,-,0,1057.0
74,40,DrSniken,NO,1731.45,47.02,1872.74,34.86,47.1,-4.06,84,12.0,56,10.0,26,1.0,2,1.0,66.67,2.78,2026-05-01,-,0,72.0
75,37,Raskonin,-,1731.25,45.93,1899.91,19.33,56.22,-8.87,48,12.0,32,8.0,15,4.0,1,0.0,66.67,0.0,2026-04-25,-,0,214.0
76,180,Pitor,NL,1731.08,144.27,1888.88,68.35,52.6,-25.31,57,30.0,51,24.0,5,5.0,1,1.0,89.47,-10.53,2026-05-05,-,0,-
77,-40,Momomillion,DE,1730.75,-43.14,1827.45,-51.71,32.23,-2.85,177,30.0,111,10.0,63,20.0,3,0.0,62.71,-6.0,2026-05-17,-,0,83.0
78,-16,Boyo,TW,1730.21,-5.32,1825.91,0.0,31.9,1.77,231,0.0,150,0.0,75,0.0,6,0.0,64.94,0.0,2026-01-25,G,2,54.0
79,-7,totsilence,DE,1729.22,6.39,1817.42,4.1,29.4,-0.76,369,24.0,206,14.0,159,10.0,4,0.0,55.83,0.18,2026-05-06,GM,2,9.0
80,-9,FirstOfDao,CN,1729.2,5.94,1809.82,4.01,26.87,-0.64,339,30.0,213,18.0,125,12.0,1,0.0,62.83,-0.28,2026-04-28,P,2,29.0
81,-13,BoatyMcBoatface,US,1728.43,2.29,1811.05,-0.69,27.54,-1.0,336,30.0,203,14.0,129,15.0,4,1.0,60.42,-1.34,2026-05-03,P,2,88.0
-,-,Himmelstosh,RU,1728.4,-4.66,1856.5,0.0,42.7,1.55,270,0.0,154,0.0,113,0.0,3,0.0,57.04,0.0,2024-07-15,GM,1,-
82,-13,Tordread,US,1727.52,1.59,1810.0,1.28,27.49,-0.1,435,24.0,235,11.0,194,13.0,6,0.0,54.02,-0.48,2026-05-07,GM,3,44.0
83,8,DrRerNate,DE,1727.28,25.74,1830.65,21.62,34.46,-1.37,294,18.0,185,15.0,108,3.0,1,0.0,62.93,1.34,2026-05-10,GM,4,142.0
-,-,Cyphen,US,1727.09,-3.03,1887.95,0.0,53.62,1.01,120,0.0,74,0.0,46,0.0,0,0.0,61.67,0.0,2022-09-04,GM,3,-
84,-2,scipio238,GB,1726.0,14.08,1821.98,14.5,31.99,0.14,219,12.0,128,7.0,91,5.0,0,0.0,58.45,0.0,2026-04-27,P,3,41.0
85,66,Kolo,IT,1720.62,65.7,1883.2,41.92,54.19,-7.93,72,12.0,49,10.0,23,2.0,0,0.0,68.06,3.06,2026-05-13,M,2,607.0
-,-,Maxxxx,-,1720.5,-2.5,1917.38,0.0,65.63,0.83,60,0.0,47,0.0,13,0.0,0,0.0,78.33,0.0,2023-07-18,P,4,-
86,-11,discodancer,-,1718.84,-3.0,1816.05,-2.69,32.4,0.1,264,12.0,172,7.0,89,5.0,3,0.0,65.15,-0.33,2026-04-23,P,4,130.0
-,-,Veivi,FI,1718.59,-2.86,1894.28,0.0,58.56,0.95,96,0.0,64,0.0,32,0.0,0,0.0,66.67,0.0,2022-03-06,GM,4,-
-,-,Sjir,NL,1718.34,-4.43,1840.37,0.0,40.68,1.48,306,0.0,182,0.0,122,0.0,2,0.0,59.48,0.0,2024-07-15,M,5,-
-,-,silent_x111,US,1717.54,-3.1,1878.67,0.0,53.71,1.03,144,0.0,82,0.0,62,0.0,0,0.0,56.94,0.0,2022-06-05,GM,14,-
87,-21,Eske,DK,1717.21,-14.31,1833.19,-18.36,38.66,-1.35,183,12.0,115,5.0,67,7.0,1,0.0,62.84,-1.49,2026-04-27,GM,4,110.0
88,6,FreddyCrugerKiller,UA,1716.81,16.98,1806.43,14.53,29.87,-0.82,393,24.0,216,16.0,176,8.0,1,0.0,54.96,0.76,2026-05-04,M,6,164.0
89,-15,vaLfizzL,DE,1716.74,-5.38,1811.65,0.0,31.64,1.79,348,0.0,205,0.0,141,0.0,2,0.0,58.91,0.0,2025-10-17,M,4,109.0
-,-,frotes,US,1716.49,-3.18,1886.43,0.0,56.65,1.06,198,0.0,124,0.0,73,0.0,1,0.0,62.63,0.0,2021-12-05,GM,5,-
90,-12,321letsjam,DE,1715.92,-1.25,1811.7,-5.84,31.93,-1.53,222,24.0,143,12.0,79,12.0,0,0.0,64.41,-1.75,2026-05-02,G,5,67.0
91,unretired,Nickeberg,-,1715.35,24.61,1845.64,15.35,43.43,-3.09,120,12.0,74,8.0,46,4.0,0,0.0,61.67,0.56,2026-05-06,P,2,216.0
-,-,MruczekW,PL,1715.29,-2.82,1889.55,0.0,58.09,0.94,72,0.0,61,0.0,11,0.0,0,0.0,84.72,0.0,2024-10-01,G,4,1245.0
92,-22,SpartacusImperator,DK,1714.94,-10.88,1810.96,-10.61,32.01,0.09,279,12.0,158,3.0,121,9.0,0,0.0,56.63,-1.42,2026-04-29,P,6,133.0
-,-,KarlThomas,NO,1714.85,-4.21,1837.11,0.0,40.75,1.4,228,0.0,144,0.0,82,0.0,2,0.0,63.16,0.0,2024-09-04,M,4,-
93,-12,Huettengaudi,DE,1713.05,0.63,1788.36,-0.52,25.1,-0.38,438,36.0,258,21.0,177,15.0,3,0.0,58.9,-0.06,2026-05-04,P,6,71.0
-,-,mm34nn,CN,1712.92,-2.89,1883.94,0.0,57.01,0.96,117,0.0,78,0.0,38,0.0,1,0.0,66.67,0.0,2022-03-06,M,4,-
94,21,FCKAFD,DE,1711.42,27.4,1868.73,18.74,52.44,-2.89,60,6.0,39,4.0,21,2.0,0,0.0,65.0,0.19,2026-05-06,-,0,100.0
95,-18,Fjantarik,-,1709.84,-8.03,1802.17,-12.22,30.78,-1.4,222,24.0,132,12.0,90,12.0,0,0.0,59.46,-1.15,2026-05-15,P,2,58.0
96,13,BlixLT,LT,1709.76,22.05,1785.67,22.68,25.3,0.21,648,30.0,347,21.0,294,8.0,7,1.0,53.55,0.8,2026-04-29,P,18,56.0
97,40,t0mk0t,-,1709.36,46.95,1847.76,36.93,46.13,-3.34,99,12.0,78,11.0,21,1.0,0,0.0,78.79,1.78,2026-05-02,-,0,690.0
98,92,Bad_Horse,-,1706.48,84.35,1961.57,-11.11,85.03,-31.82,24,12.0,21,9.0,3,3.0,0,0.0,87.5,-12.5,2026-04-24,-,0,-
99,-2,jezza101,AU,1706.38,7.52,1788.99,5.03,27.54,-0.83,333,30.0,196,17.0,134,13.0,3,0.0,58.86,-0.22,2026-05-10,G,4,40.0
100,16,weisswurst,NL,1706.16,22.3,1808.82,20.8,34.22,-0.5,264,12.0,152,9.0,112,3.0,0,0.0,57.58,0.83,2026-05-06,M,4,120.0
101,-34,Goldfinger_,-,1705.22,-22.77,1842.52,-41.2,45.77,-6.14,81,24.0,58,15.0,23,9.0,0,0.0,71.6,-3.84,2026-04-28,-,0,1287.0
102,27,mikechike,US,1704.99,31.44,1882.24,2.77,59.08,-9.56,48,12.0,36,8.0,11,3.0,1,1.0,75.0,-2.78,2026-04-28,-,0,480.0
-,-,Andrethegiant,NO,1704.54,-3.11,1862.42,0.0,52.63,1.04,108,0.0,74,0.0,34,0.0,0,0.0,68.52,0.0,2023-07-18,GM,1,-
103,-1,DyziK,PL,1704.52,9.98,1828.5,-10.17,41.33,-6.72,96,24.0,70,14.0,25,10.0,1,0.0,72.92,-4.86,2026-05-04,-,0,319.0
104,2,tupper,CA,1703.83,14.5,1788.34,10.82,28.17,-1.23,249,30.0,152,18.0,96,12.0,1,0.0,61.04,-0.15,2026-05-06,G,3,78.0
105,56,maximpodg,-,1702.61,53.56,1833.45,43.17,43.61,-3.46,156,12.0,93,10.0,63,2.0,0,0.0,59.62,1.98,2026-04-25,M,2,-
106,-20,Sohoof,NL,1701.46,-3.71,1836.74,0.0,45.09,1.24,111,0.0,69,0.0,42,0.0,0,0.0,62.16,0.0,2025-08-06,-,0,218.0
107,-14,WanderingWolf,AU,1701.1,1.16,1793.32,0.48,30.74,-0.23,348,18.0,210,11.0,138,7.0,0,0.0,60.34,0.04,2026-04-26,M,1,115.0
108,-52,Skaiwalker,CZ,1700.93,-40.79,1792.01,-40.54,30.36,0.08,369,18.0,216,4.0,152,14.0,1,0.0,58.54,-1.86,2026-05-03,M,2,141.0
-,-,Cleanbulk,NL,1700.36,-3.37,1853.89,0.0,51.18,1.12,126,0.0,84,0.0,41,0.0,1,0.0,66.67,0.0,2023-06-06,M,5,-
109,-14,GerisNezus,LT,1699.97,0.18,1786.34,-2.92,28.79,-1.03,294,30.0,174,14.0,116,16.0,4,0.0,59.18,-1.43,2026-04-30,P,3,45.0
110,13,Dethar,PL,1699.89,21.62,1844.54,-14.78,48.22,-12.13,66,24.0,48,15.0,18,9.0,0,0.0,72.73,-5.84,2026-04-26,-,0,302.0
111,-24,PlanarFreak,US,1699.65,-5.19,1783.8,-6.44,28.05,-0.42,327,24.0,198,12.0,129,12.0,0,0.0,60.55,-0.84,2026-05-06,G,12,151.0
112,7,Doobie,CN,1699.46,17.6,1778.15,16.87,26.23,-0.24,465,30.0,258,18.0,202,12.0,5,0.0,55.48,0.31,2026-04-28,G,21,87.0
113,150,bluecube,-,1698.56,117.64,1851.88,61.22,51.11,-18.81,60,24.0,49,17.0,11,7.0,0,0.0,81.67,-7.22,2026-05-07,-,0,1287.0
114,-11,Hisbossness,US,1697.02,4.29,1791.33,-0.49,31.44,-1.59,186,24.0,120,13.0,66,11.0,0,0.0,64.52,-1.53,2026-04-30,-,0,135.0
-,-,Chuckles_the_second,-,1696.9,-3.56,1840.51,0.0,47.87,1.19,138,0.0,92,0.0,44,0.0,2,0.0,66.67,0.0,2023-12-03,M,1,-
115,-19,Spartan1337,NL,1696.54,-3.06,1782.4,-2.73,28.62,0.11,351,18.0,193,9.0,157,9.0,1,0.0,54.99,-0.27,2026-05-07,P,10,37.0
116,-12,Turdle,AT,1696.28,4.0,1777.93,1.44,27.22,-0.85,279,30.0,166,14.0,111,15.0,2,1.0,59.5,-1.54,2026-05-06,P,4,111.0
-,-,gothark,PL,1695.68,-3.69,1829.9,0.0,44.74,1.23,117,0.0,84,0.0,33,0.0,0,0.0,71.79,0.0,2025-05-18,G,2,74.0
117,70,DayWalker1337,-,1695.29,72.61,1868.95,40.62,57.89,-10.66,54,12.0,42,8.0,12,4.0,0,0.0,77.78,-3.17,2026-05-07,-,0,757.0
118,27,Beebs,-,1694.95,37.26,1796.68,20.61,33.91,-5.55,129,36.0,87,22.0,41,13.0,1,1.0,67.44,-2.45,2026-05-15,-,0,463.0
119,-20,Crey,-,1694.85,-3.21,1851.26,0.0,52.14,1.07,78,0.0,56,0.0,22,0.0,0,0.0,71.79,0.0,2025-08-11,G,2,299.0
120,-22,Oprah,DK,1692.92,-5.89,1786.82,0.0,31.3,1.96,381,0.0,231,0.0,148,0.0,2,0.0,60.63,0.0,2026-01-13,GM,2,60.0
121,-21,jonswar,US,1692.69,-4.16,1813.18,0.0,40.17,1.39,180,0.0,109,0.0,71,0.0,0,0.0,60.56,0.0,2025-10-14,M,1,514.0
-,-,Toper,US,1691.57,-1.56,2006.04,0.0,104.82,0.52,24,0.0,17,0.0,7,0.0,0,0.0,70.83,0.0,2018-10-07,-,0,-
122,-39,borz.zrob,HU,1691.21,-20.03,1780.53,-20.96,29.77,-0.31,342,18.0,198,4.0,141,13.0,3,1.0,57.89,-1.99,2026-05-03,P,4,85.0
123,-5,Kimmo,FI,1690.9,8.3,1771.62,7.07,26.91,-0.41,480,30.0,257,19.0,218,10.0,5,1.0,53.54,0.65,2026-05-01,GM,1,124.0
124,-4,Praetorianer,DE,1688.96,7.63,1764.43,6.4,25.16,-0.41,555,36.0,288,21.0,262,14.0,5,1.0,51.89,0.44,2026-05-10,GM,1,33.0
125,-37,Xterm,NO,1688.35,-16.27,1778.7,-19.69,30.12,-1.14,300,24.0,184,8.0,116,16.0,0,0.0,61.33,-2.44,2026-05-05,G,10,167.0
126,-4,Romendil,IT,1685.54,4.38,1775.9,1.03,30.12,-1.12,318,24.0,187,13.0,126,11.0,5,0.0,58.81,-0.37,2026-05-04,G,12,229.0
127,-19,heisenberg_97,IT,1685.37,-2.35,1782.95,-2.57,32.53,-0.07,252,12.0,146,6.0,103,6.0,3,0.0,57.94,-0.39,2026-04-20,P,4,118.0
-,-,Ronnan,-,1684.94,-1.95,1937.87,0.0,84.31,0.65,36,0.0,24,0.0,12,0.0,0,0.0,66.67,0.0,2023-04-16,P,2,-
128,15,Sellux,IT,1684.81,23.52,1811.89,14.81,42.36,-2.9,99,12.0,66,8.0,33,4.0,0,0.0,66.67,0.0,2026-04-21,-,0,203.0
-,-,DJParson,DE,1684.39,-4.47,1799.25,0.0,38.29,1.49,312,0.0,159,0.0,151,0.0,2,0.0,50.96,0.0,2025-06-15,GM,8,321.0
129,29,drodriguez,-,1683.56,33.94,1785.99,20.55,34.14,-4.46,147,30.0,93,18.0,53,11.0,1,1.0,63.27,-0.83,2026-05-03,-,0,126.0
130,16,TorbenOfHerpes,DE,1683.56,26.02,1820.43,-7.28,45.62,-11.1,90,27.0,65,15.0,25,12.0,0,0.0,72.22,-7.15,2026-04-30,-,0,622.0
131,-30,daimx,-,1683.39,-13.06,1764.78,-14.13,27.13,-0.36,399,30.0,221,13.0,177,17.0,1,0.0,55.39,-0.98,2026-05-03,P,4,63.0
132,-22,funnytortoise,ID,1682.41,-5.14,1766.08,-3.62,27.89,0.51,423,18.0,246,9.0,174,9.0,3,0.0,58.16,-0.36,2026-05-03,G,9,70.0
133,20,LordPeter,-,1681.3,27.16,1777.39,27.18,32.03,0.0,234,12.0,146,10.0,86,2.0,2,0.0,62.39,1.13,2026-04-29,G,8,204.0
-,-,Royalhawk,-,1680.47,-2.19,1903.75,0.0,74.43,0.73,42,0.0,36,0.0,6,0.0,0,0.0,85.71,0.0,2025-03-08,-,0,872.0
-,-,SnailZane,CN,1680.22,-4.57,1793.88,0.0,37.89,1.52,309,0.0,167,0.0,142,0.0,0,0.0,54.05,0.0,2025-03-03,M,6,757.0
134,-17,Wanderlust,CN,1680.13,-3.43,1826.26,0.0,48.71,1.14,72,0.0,41,0.0,31,0.0,0,0.0,56.94,0.0,2025-11-01,-,0,25.0
-,-,TryAndStopUs,US,1678.99,-2.66,1868.32,0.0,63.11,0.89,108,0.0,71,0.0,36,0.0,1,0.0,65.74,0.0,2021-03-02,M,2,-
135,-45,Rob_Stedman,AU,1678.23,-24.3,1761.17,-24.35,27.65,-0.02,456,24.0,246,6.0,209,18.0,1,0.0,53.95,-1.61,2026-05-07,M,1,122.0
-,-,FoLKeN91,FR,1677.47,-3.82,1808.63,0.0,43.72,1.27,144,0.0,93,0.0,50,0.0,1,0.0,64.58,0.0,2025-05-03,M,2,578.0
136,8,AaronGreen,US,1677.07,16.06,1790.47,12.51,37.8,-1.18,282,12.0,157,8.0,124,4.0,1,0.0,55.67,0.48,2026-04-29,GM,7,729.0
137,-26,Ristey,GB,1676.91,-10.56,1756.83,-11.0,26.64,-0.15,420,27.0,232,10.0,184,16.0,4,1.0,55.24,-1.25,2026-05-17,P,3,52.0
138,-17,iyakhoop,TH,1676.38,-4.88,1783.14,0.0,35.59,1.63,303,0.0,170,0.0,128,0.0,5,0.0,56.11,0.0,2025-11-30,GM,1,297.0
139,-50,brunoerwin,-,1676.15,-27.41,1758.4,-27.64,27.42,-0.08,381,24.0,229,7.0,148,17.0,4,0.0,60.1,-2.08,2026-05-03,P,2,119.0
140,-27,wittr,GR,1676.05,-8.42,1756.14,-9.0,26.7,-0.2,432,30.0,253,16.0,174,13.0,5,1.0,58.56,-0.4,2026-04-29,P,8,117.0
141,-34,Reenter73,-,1675.63,-13.46,1780.52,-14.5,34.96,-0.35,330,12.0,182,5.0,145,7.0,3,0.0,55.15,-0.51,2026-05-12,M,5,154.0
142,-10,jhutc,GB,1675.15,3.38,1765.59,-0.28,30.15,-1.22,204,24.0,131,13.0,71,11.0,2,0.0,64.22,-1.34,2026-05-01,-,0,113.0
-,-,Olorin_,-,1674.06,-2.68,1857.69,0.0,61.21,0.89,72,0.0,49,0.0,23,0.0,0,0.0,68.06,0.0,2022-06-05,M,1,-
143,-16,jRune,-,1669.1,-4.69,1774.71,0.0,35.2,1.56,252,0.0,154,0.0,95,0.0,3,0.0,61.11,0.0,2026-01-07,P,6,327.0
144,-2,Straszyk,PL,1669.09,7.18,1776.37,4.55,35.76,-0.88,189,12.0,111,6.0,77,6.0,1,0.0,58.73,-0.59,2026-05-06,G,4,179.0
-,-,DireNTropy,US,1667.67,-2.18,1893.26,0.0,75.2,0.73,60,0.0,47,0.0,13,0.0,0,0.0,78.33,0.0,2020-12-06,GM,3,-
145,-40,zoiedberg,BE,1667.06,-23.4,1822.19,-40.46,51.71,-5.69,66,12.0,41,5.0,25,7.0,0,0.0,62.12,-4.55,2026-05-03,-,0,265.0
146,-11,DiddleySquat,BE,1666.71,-2.18,1757.08,-4.96,30.12,-0.92,318,24.0,187,14.0,129,10.0,2,0.0,58.81,-0.03,2026-05-06,GM,1,98.0
147,30,HCsquared,CA,1666.02,32.02,1765.76,29.04,33.25,-0.99,282,18.0,170,14.0,108,4.0,4,0.0,60.28,1.19,2026-04-27,P,6,66.0
148,-22,OlaWictorin,SE,1665.92,-8.69,1775.92,-11.95,36.67,-1.09,156,12.0,104,5.0,52,7.0,0,0.0,66.67,-2.08,2026-05-06,G,3,150.0
149,6,gomensky,CZ,1665.11,11.62,1764.1,11.92,33.0,0.1,192,12.0,121,8.0,71,4.0,0,0.0,63.02,0.24,2026-05-03,G,2,96.0
-,-,Ktung,-,1664.83,-3.47,1813.43,0.0,49.53,1.16,156,0.0,91,0.0,65,0.0,0,0.0,58.33,0.0,2023-06-04,M,5,-
150,-22,PhiTrigger,US,1663.15,-10.49,1745.31,-9.51,27.39,0.33,570,24.0,282,10.0,284,14.0,4,0.0,49.47,-0.35,2026-04-26,M,7,102.0
-,-,Veikka,FI,1662.71,-3.7,1801.68,0.0,46.32,1.23,192,0.0,116,0.0,76,0.0,0,0.0,60.42,0.0,2023-11-15,P,10,-
151,-13,Drikhen,EE,1662.32,0.01,1777.98,-10.68,38.55,-3.56,135,18.0,96,8.0,37,10.0,2,0.0,71.11,-4.1,2026-05-06,-,0,226.0
-,-,Bram,-,1662.32,-3.47,1811.65,0.0,49.78,1.16,162,0.0,88,0.0,73,0.0,1,0.0,54.32,0.0,2023-06-06,M,3,-
152,-5,Flackk,BG,1661.93,4.4,1741.97,3.37,26.68,-0.34,360,30.0,201,17.0,157,13.0,2,0.0,55.83,0.07,2026-05-07,P,5,47.0
153,142,MrBiz,US,1661.56,103.33,1784.76,74.51,41.06,-9.61,99,30.0,68,22.0,30,8.0,1,0.0,68.69,2.02,2026-05-02,-,0,480.0
-,-,qyi,-,1661.54,-2.23,1881.39,0.0,73.29,0.74,48,0.0,38,0.0,10,0.0,0,0.0,79.17,0.0,2021-03-02,P,4,-
154,-29,flaminghito,-,1660.91,-14.85,1775.0,-19.4,38.03,-1.52,216,12.0,121,4.0,95,8.0,0,0.0,56.02,-1.33,2026-04-26,P,8,913.0
155,4,St-Amadeus,CA,1660.38,10.94,1738.01,11.65,25.88,0.24,519,30.0,300,19.0,218,11.0,1,0.0,57.8,0.34,2026-04-29,P,4,199.0
-,-,Fizi,GB,1660.3,-2.86,1834.41,0.0,58.04,0.95,96,0.0,51,0.0,42,0.0,3,0.0,53.12,0.0,2024-06-02,GM,3,-
-,-,edan92,-,1659.29,-3.01,1823.51,0.0,54.74,1.0,120,0.0,70,0.0,48,0.0,2,0.0,58.33,0.0,2022-09-04,M,4,-
-,-,Foolio,-,1658.65,-3.08,1821.71,0.0,54.35,1.03,120,0.0,76,0.0,44,0.0,0,0.0,63.33,0.0,2022-09-04,M,2,-
156,24,Garlett,-,1658.24,27.63,1779.41,26.68,40.39,-0.31,162,6.0,102,6.0,60,0.0,0,0.0,62.96,1.42,2026-03-04,P,4,389.0
157,-21,Unterjochen,DE,1658.0,-6.07,1748.92,-12.58,30.31,-2.17,207,30.0,121,14.0,85,16.0,1,0.0,58.45,-2.0,2026-05-05,-,0,100.0
-,-,Bool,-,1657.64,-2.13,1888.5,0.0,76.95,0.71,30,0.0,21,0.0,9,0.0,0,0.0,70.0,0.0,2023-07-18,-,0,-
-,-,Raistlin3m,IT,1657.63,-3.99,1787.58,0.0,43.32,1.33,189,0.0,111,0.0,77,0.0,1,0.0,58.73,0.0,2024-10-01,M,2,-
158,-18,madrabbit,-,1657.56,-4.49,1771.38,0.0,37.94,1.5,216,0.0,124,0.0,92,0.0,0,0.0,57.41,0.0,2025-10-24,P,2,552.0
-,-,slig123,US,1657.39,-2.47,1858.67,0.0,67.09,0.82,72,0.0,49,0.0,22,0.0,1,0.0,68.06,0.0,2020-12-06,GM,2,-
-,-,Naval,-,1657.05,-1.92,1913.09,0.0,85.35,0.64,36,0.0,31,0.0,5,0.0,0,0.0,86.11,0.0,2025-03-07,-,0,805.0
159,-18,Yookie,CN,1655.38,-6.58,1763.29,-22.63,35.97,-5.35,141,30.0,98,14.0,43,16.0,0,0.0,69.5,-6.18,2026-05-12,-,0,201.0
160,68,Andiii,-,1653.76,55.29,1799.49,38.66,48.58,-5.54,72,12.0,50,9.0,22,3.0,0,0.0,69.44,1.11,2026-05-13,-,0,662.0
-,-,Bonnie,-,1653.71,-2.79,1831.16,0.0,59.15,0.93,72,0.0,53,0.0,17,0.0,2,0.0,73.61,0.0,2022-12-04,P,2,-
-,-,Swirek,-,1653.06,-2.82,1828.79,0.0,58.58,0.94,96,0.0,64,0.0,31,0.0,1,0.0,66.67,0.0,2022-06-05,P,2,-
161,-28,Phalanxx,US,1652.71,-17.96,1745.82,-27.31,31.04,-3.12,165,33.0,98,14.0,67,19.0,0,0.0,59.39,-4.25,2026-05-12,-,0,95.0
162,37,Obinger_Alphons,AT,1652.57,37.05,1746.57,32.48,31.33,-1.52,183,24.0,112,19.0,69,4.0,2,1.0,61.2,2.71,2026-04-29,-,0,125.0
163,-3,MartinW,DE,1652.27,3.07,1737.44,1.37,28.39,-0.56,327,24.0,195,12.0,132,12.0,0,0.0,59.63,-0.77,2026-04-22,G,4,132.0
164,-14,Mkucharz,CA,1651.21,-3.9,1783.25,-12.08,44.01,-2.73,87,12.0,56,7.0,30,5.0,1,0.0,64.37,-0.96,2026-05-10,-,0,452.0
-,-,Isaia,KR,1651.14,-3.85,1794.18,0.0,47.68,1.28,165,0.0,102,0.0,62,0.0,1,0.0,61.82,0.0,2024-02-23,M,3,-
165,-35,Kesterer,GB,1650.87,-21.65,1843.63,-60.46,64.25,-12.93,60,12.0,46,5.0,13,6.0,1,1.0,76.67,-8.75,2026-05-05,-,0,-
166,16,Jorrig,CH,1650.15,23.0,1738.87,23.69,29.57,0.23,408,18.0,222,16.0,185,2.0,1,0.0,54.41,1.59,2026-05-06,M,1,79.0
167,-5,gregt,-,1649.97,2.56,1750.94,-7.49,33.66,-3.35,231,27.0,132,13.0,98,13.0,1,1.0,57.14,-1.19,2026-05-13,P,4,321.0
168,-16,Rhizom,-,1649.67,-5.24,1746.48,0.0,32.27,1.75,354,0.0,195,0.0,156,0.0,3,0.0,55.08,0.0,2025-11-30,P,2,144.0
169,-6,maiquelPS,ES,1648.57,1.79,1733.71,0.37,28.38,-0.47,366,24.0,201,13.0,164,11.0,1,0.0,54.92,-0.05,2026-04-29,P,15,76.0
-,-,Shorty55,-,1647.36,-2.5,1848.11,0.0,66.92,0.83,72,0.0,50,0.0,21,0.0,1,0.0,69.44,0.0,2021-03-02,M,3,-
170,4,Aranwar,IL,1647.32,10.5,1740.68,8.89,31.12,-0.53,363,18.0,216,11.0,145,7.0,2,0.0,59.5,0.08,2026-04-26,P,12,252.0
-,-,tomaszchwiszczuk,-,1646.77,-2.81,1822.09,0.0,58.44,0.94,108,0.0,70,0.0,37,0.0,1,0.0,64.81,0.0,2022-03-06,P,4,-
171,-23,Shincham,BR,1646.68,-9.92,1739.45,-10.67,30.92,-0.25,342,18.0,201,10.0,133,8.0,8,0.0,58.77,-0.18,2026-04-14,G,14,249.0
172,109,Barnes,-,1646.46,79.09,1789.24,21.97,47.59,-19.04,78,30.0,58,20.0,20,10.0,0,0.0,74.36,-4.81,2026-05-10,-,0,1287.0
173,-39,Gagic,CZ,1646.19,-23.97,1727.17,-25.42,27.0,-0.48,348,30.0,192,8.0,156,22.0,0,0.0,55.17,-2.69,2026-04-29,G,5,73.0
174,-17,Lothar,US,1645.97,-4.68,1761.07,0.0,38.37,1.56,282,0.0,175,0.0,106,0.0,1,0.0,62.06,0.0,2025-07-05,G,6,509.0
-,-,C666,-,1645.73,-1.9,1904.97,0.0,86.41,0.63,36,0.0,30,0.0,6,0.0,0,0.0,83.33,0.0,2020-12-06,P,2,-
175,-2,ed_vins,LV,1645.62,8.58,1729.09,6.23,27.82,-0.78,297,30.0,191,16.0,103,13.0,3,1.0,64.31,-1.23,2026-05-07,-,0,114.0
176,-84,GerionLannister,CZ,1645.46,-55.08,1757.97,-57.55,37.5,-0.82,120,12.0,78,0.0,42,12.0,0,0.0,65.0,-7.22,2026-04-27,-,0,231.0
177,unretired,invalidName,NO,1645.01,-10.03,1788.45,-21.54,47.81,-3.84,192,12.0,109,7.0,82,5.0,1,0.0,56.77,0.1,2026-05-02,GM,2,-
178,-12,CouchKing,PK,1644.78,1.25,1724.89,1.64,26.7,0.13,450,24.0,251,13.0,199,11.0,0,0.0,55.78,-0.09,2026-05-04,P,2,99.0
179,unretired,bobaboba,-,1644.71,-8.56,1825.72,-43.04,60.34,-11.49,48,12.0,32,6.0,16,6.0,0,0.0,66.67,-5.55,2026-04-14,-,0,-
180,89,errliu,-,1644.38,69.35,1828.9,53.05,61.51,-5.43,42,6.0,35,5.0,7,1.0,0,0.0,83.33,0.0,2026-03-04,-,0,619.0
181,-25,FunkyLere,-,1643.64,-7.46,1751.36,-13.86,35.91,-2.13,195,18.0,118,8.0,77,10.0,0,0.0,60.51,-1.64,2026-05-12,G,8,259.0
182,-58,ElChupacabra,MK,1643.36,-33.77,1726.67,-33.9,27.77,-0.05,309,21.0,165,3.0,141,18.0,3,0.0,53.4,-2.85,2026-04-12,M,1,42.0
183,-52,LittleBob,TW,1643.27,-28.6,1728.43,-26.03,28.39,0.86,390,12.0,200,2.0,188,10.0,2,0.0,51.28,-1.1,2026-04-11,P,14,68.0
-,-,Swampzombie,-,1641.91,-3.24,1797.93,0.0,52.01,1.08,144,0.0,81,0.0,60,0.0,3,0.0,56.25,0.0,2023-02-05,M,1,-
184,-19,Jonny125,RU,1641.61,-2.24,1723.44,-0.27,27.28,0.66,474,18.0,263,10.0,207,8.0,4,0.0,55.49,0.01,2026-05-06,P,2,173.0
185,-21,Raulone,ES,1641.32,-2.97,1807.11,0.0,55.26,0.99,54,0.0,33,0.0,21,0.0,0,0.0,61.11,0.0,2025-08-07,G,5,93.0
186,-5,roverandom,HR,1640.75,11.16,1721.25,10.69,26.83,-0.16,456,30.0,241,19.0,214,11.0,1,0.0,52.85,0.74,2026-04-28,P,10,121.0
187,141,Budde,DE,1640.11,92.43,1761.05,68.42,40.31,-8.0,111,30.0,77,19.0,34,11.0,0,0.0,69.37,-2.23,2026-05-14,-,0,352.0
188,unretired,Cmacu,-,1637.82,-80.58,1788.21,-93.51,50.13,-4.31,78,12.0,50,2.0,28,10.0,0,0.0,64.1,-8.63,2026-04-25,-,0,321.0
189,-20,occupied,-,1636.66,-3.35,1732.1,-2.93,31.81,0.14,306,12.0,161,7.0,144,5.0,1,0.0,52.61,0.23,2026-04-12,M,2,161.0
190,-41,Dvale112,US,1634.7,-20.88,1715.66,-20.63,26.99,0.08,408,24.0,233,9.0,169,15.0,6,0.0,57.11,-1.22,2026-04-28,G,12,148.0
191,-24,Olesch,DE,1633.43,-9.23,1723.29,-12.35,29.96,-1.04,360,24.0,210,11.0,146,13.0,4,0.0,58.33,-0.9,2026-05-12,P,2,207.0
192,138,Malakesh,DE,1633.33,86.5,1776.41,44.35,47.69,-14.05,72,30.0,52,21.0,20,9.0,0,0.0,72.22,-1.59,2026-04-27,-,0,298.0
193,-25,fathope,SK,1632.64,-7.43,1713.0,-6.86,26.79,0.19,426,24.0,235,13.0,188,10.0,3,1.0,55.16,-0.06,2026-04-22,P,2,168.0
194,86,Technicolourism,CA,1632.1,64.72,1812.24,29.63,60.05,-11.7,42,12.0,29,8.0,13,4.0,0,0.0,69.05,-0.95,2026-04-27,-,0,662.0
-,-,BeatrixAnd,PL,1631.78,-3.3,1781.4,0.0,49.87,1.1,84,0.0,62,0.0,20,0.0,2,0.0,73.81,0.0,2025-05-12,-,0,194.0
195,-56,speedstone,PL,1630.79,-31.48,1762.37,-34.49,43.86,-1.0,99,6.0,62,0.0,37,6.0,0,0.0,62.63,-4.04,2026-03-08,-,0,108.0
196,14,Dread_84,DE,1630.54,22.9,1748.5,3.87,39.32,-6.34,99,24.0,65,12.0,34,12.0,0,0.0,65.66,-5.01,2026-05-07,-,0,384.0
197,-26,flutter,US,1630.49,-8.42,1724.14,-7.11,31.22,0.43,225,12.0,126,6.0,95,5.0,4,1.0,56.0,-0.34,2026-04-23,P,2,172.0
-,-,Dooglassa,-,1630.07,-2.05,1869.43,0.0,79.78,0.68,30,0.0,23,0.0,7,0.0,0,0.0,76.67,0.0,2024-07-15,-,0,-
198,-22,Dragonite,US,1628.66,-5.46,1705.46,-5.57,25.6,-0.04,441,30.0,251,15.0,188,15.0,2,0.0,56.92,-0.5,2026-05-15,G,4,181.0
199,16,JCleek,US,1627.51,23.79,1733.29,21.54,35.26,-0.75,366,12.0,190,8.0,175,4.0,1,0.0,51.91,0.5,2026-04-25,M,2,570.0
200,-9,peposqui,ES,1627.04,5.1,1723.28,4.96,32.08,-0.05,219,12.0,135,7.0,82,5.0,2,0.0,61.64,-0.2,2026-04-22,G,4,208.0
201,-15,maxolino,IT,1626.7,2.86,1708.98,3.65,27.43,0.26,360,18.0,203,10.0,155,8.0,2,0.0,56.39,-0.04,2026-04-09,G,6,140.0
-,-,Musan,US,1626.55,-4.56,1740.76,0.0,38.07,1.52,237,0.0,154,0.0,81,0.0,2,0.0,64.98,0.0,2025-04-12,P,4,291.0
202,110,Boristina,US,1626.32,72.7,1822.2,35.6,65.29,-12.36,42,12.0,32,10.0,10,2.0,0,0.0,76.19,2.86,2026-04-26,-,0,372.0
203,-5,Masox,DE,1626.25,10.26,1703.76,9.64,25.84,-0.21,429,30.0,223,18.0,203,11.0,3,1.0,51.98,0.6,2026-05-01,P,2,92.0
-,-,Draculade,-,1626.04,-3.87,1755.13,0.0,43.03,1.29,180,0.0,108,0.0,71,0.0,1,0.0,60.0,0.0,2025-01-08,P,2,653.0
204,-25,eNroamer,LV,1625.77,-5.1,1729.72,0.0,34.65,1.7,438,0.0,260,0.0,177,0.0,1,0.0,59.36,0.0,2025-09-01,G,10,196.0
205,63,LJSHUEN,-,1625.6,49.68,1802.93,15.03,59.11,-11.55,42,12.0,28,6.0,14,6.0,0,0.0,66.67,-6.66,2026-04-25,-,0,662.0
-,-,treitze,DE,1625.37,-4.34,1745.43,0.0,40.02,1.45,270,0.0,150,0.0,119,0.0,1,0.0,55.56,0.0,2024-09-04,P,4,-
206,-31,raist,SG,1625.28,-11.53,1706.8,-11.02,27.17,0.17,510,24.0,281,10.0,224,13.0,5,1.0,55.1,-0.66,2026-05-04,P,2,185.0
207,12,FenPlays,RU,1624.47,22.87,1718.86,15.29,31.46,-2.53,180,30.0,112,18.0,66,12.0,2,0.0,62.22,-0.45,2026-05-05,-,0,221.0
-,-,VikingLeif,-,1623.74,-3.64,1762.4,0.0,46.22,1.21,168,0.0,97,0.0,71,0.0,0,0.0,57.74,0.0,2023-12-03,P,8,-
208,174,zoldaria,US,1623.33,104.43,1745.83,75.52,40.83,-9.64,96,30.0,59,21.0,36,9.0,1,0.0,61.46,3.88,2026-04-22,-,0,288.0
-,-,Vorbrock,-,1623.16,-4.82,1735.51,0.0,37.45,1.61,264,0.0,133,0.0,129,0.0,2,0.0,50.38,0.0,2025-06-20,P,12,247.0
209,-3,MindKillazz,CA,1622.84,13.31,1726.7,11.47,34.62,-0.61,156,12.0,90,8.0,66,4.0,0,0.0,57.69,0.75,2026-05-10,P,2,134.0
-,-,JeJenan,KR,1621.3,-3.2,1777.71,0.0,52.13,1.07,138,0.0,82,0.0,56,0.0,0,0.0,59.42,0.0,2023-06-06,G,12,-
210,34,ElKhan,CL,1621.12,29.01,1699.62,29.36,26.16,0.12,444,24.0,236,20.0,205,4.0,3,0.0,53.15,1.72,2026-05-03,G,10,160.0
-,-,Hierostrafio,SE,1621.09,-2.83,1797.59,0.0,58.83,0.94,96,0.0,56,0.0,38,0.0,2,0.0,58.33,0.0,2022-03-06,GM,3,-
211,-39,Adamez,PL,1621.0,-16.04,1739.25,-21.07,39.42,-1.68,135,12.0,83,5.0,50,7.0,2,0.0,61.48,-1.93,2026-04-22,-,0,192.0
212,70,richardhell,UA,1620.87,54.01,1739.15,48.62,39.43,-1.8,117,12.0,77,10.0,39,2.0,1,0.0,65.81,2.0,2026-04-28,-,0,214.0
213,-6,SuperHans,-,1620.26,10.84,1750.11,2.14,43.28,-2.9,93,12.0,58,7.0,35,5.0,0,0.0,62.37,-0.59,2026-04-26,-,0,589.0
214,17,Gavatron,CA,1619.82,22.74,1713.12,24.0,31.1,0.42,387,12.0,205,9.0,178,2.0,4,1.0,52.97,0.7,2026-04-29,P,3,155.0
-,-,sqwndw,CN,1619.76,-4.97,1737.77,0.0,39.34,1.66,324,0.0,173,0.0,147,0.0,4,0.0,53.4,0.0,2024-10-01,GM,2,-
-,-,AXL79,-,1619.15,-3.4,1767.09,0.0,49.32,1.13,120,0.0,80,0.0,39,0.0,1,0.0,66.67,0.0,2024-04-04,G,6,-
-,-,TBow,-,1618.91,-1.84,1885.01,0.0,88.7,0.61,24,0.0,20,0.0,4,0.0,0,0.0,83.33,0.0,2022-12-04,P,2,-
215,-26,Snucka,US,1618.81,-3.45,1762.42,0.0,47.87,1.15,84,0.0,53,0.0,30,0.0,1,0.0,63.1,0.0,2025-10-15,-,0,128.0
216,-46,Notbot66,FI,1618.54,-20.4,1719.09,-24.41,33.52,-1.34,165,18.0,96,6.0,69,12.0,0,0.0,58.18,-3.04,2026-04-20,-,0,169.0
-,-,shpand,-,1618.1,-2.19,1843.15,0.0,75.02,0.73,33,0.0,25,0.0,8,0.0,0,0.0,75.76,0.0,2024-10-13,-,0,-
217,-39,DB.Starman,-,1617.75,-15.23,1699.19,-15.08,27.15,0.05,423,24.0,243,11.0,176,13.0,4,0.0,57.45,-0.7,2026-05-03,P,2,183.0
218,37,Magnotta85,IT,1617.67,30.44,1797.94,15.08,60.09,-5.12,39,6.0,26,4.0,13,2.0,0,0.0,66.67,0.0,2026-04-28,-,0,605.0
-,-,Hsugneslie,-,1617.26,-3.69,1751.75,0.0,44.83,1.23,162,0.0,101,0.0,61,0.0,0,0.0,62.35,0.0,2024-07-30,G,8,-
219,34,ChampDeGlace,DE,1617.01,28.86,1709.58,25.07,30.86,-1.26,258,24.0,162,17.0,94,7.0,2,0.0,62.79,0.82,2026-05-01,G,1,188.0
220,85,Gutemetralla,FR,1616.79,60.93,1764.83,45.09,49.34,-5.28,78,12.0,50,9.0,28,3.0,0,0.0,64.1,1.98,2026-05-04,-,0,24.0
221,-12,Nightvayne,CH,1616.54,7.73,1706.97,7.18,30.14,-0.18,285,18.0,160,9.0,124,8.0,1,1.0,56.14,-0.41,2026-04-25,G,5,127.0
222,-38,CrownKiller,KR,1616.25,-7.76,1720.35,-13.08,34.7,-1.77,177,18.0,113,8.0,64,10.0,0,0.0,63.84,-2.2,2026-05-17,G,2,213.0
-,-,JoyBoy,TH,1615.86,-3.86,1742.97,0.0,42.37,1.29,168,0.0,113,0.0,55,0.0,0,0.0,67.26,0.0,2024-09-04,G,4,-
223,-30,Pule,-,1615.79,-4.01,1742.17,0.0,42.13,1.34,114,0.0,69,0.0,45,0.0,0,0.0,60.53,0.0,2025-11-30,-,0,282.0
224,-39,vitek,-,1615.48,-8.48,1714.14,-6.01,32.89,0.82,318,6.0,179,1.0,134,4.0,5,1.0,56.29,-0.76,2026-03-26,G,18,246.0
225,282,snakilan,-,1615.45,164.93,1830.56,44.02,71.7,-40.3,36,24.0,29,20.0,7,4.0,0,0.0,80.56,5.56,2026-04-24,-,0,-
226,190,JiriHosek,-,1615.31,113.24,1796.48,67.52,60.39,-15.24,54,18.0,43,16.0,10,1.0,1,1.0,79.63,4.63,2026-04-15,-,0,989.0
227,-32,WDD,CN,1614.73,-2.93,1783.15,0.0,56.14,0.98,57,0.0,34,0.0,22,0.0,1,0.0,59.65,0.0,2025-06-24,-,0,224.0
228,2,Firedart,GB,1614.72,17.44,1696.74,17.37,27.34,-0.02,513,30.0,281,22.0,230,8.0,2,0.0,54.78,1.16,2026-05-10,P,6,86.0
-,-,SergioCamp,-,1614.61,-2.4,1819.73,0.0,68.37,0.8,48,0.0,36,0.0,11,0.0,1,0.0,75.0,0.0,2024-07-15,-,0,-
229,-17,Darkriddler,-,1614.28,8.05,1861.66,-85.13,82.46,-31.06,24,12.0,17,6.0,7,6.0,0,0.0,70.83,-20.84,2026-04-27,-,0,-
-,-,mushan,CN,1613.59,-3.36,1769.01,0.0,51.81,1.12,135,0.0,68,0.0,63,0.0,4,0.0,50.37,0.0,2025-03-03,GM,1,558.0
-,-,Lloydinspace100,-,1612.93,-4.73,1722.47,0.0,36.51,1.58,327,0.0,184,0.0,141,0.0,2,0.0,56.27,0.0,2025-04-22,G,10,555.0
230,3,RudyRunner666,IT,1612.83,16.54,1720.68,13.62,35.95,-0.97,174,12.0,110,7.0,64,5.0,0,0.0,63.22,-0.36,2026-04-19,G,4,220.0
231,unretired,MiloslavIII,CA,1612.23,59.85,1792.56,22.71,60.11,-12.38,42,12.0,25,7.0,16,4.0,1,1.0,59.52,-0.48,2026-04-25,-,0,398.0
232,-18,Gelato,DE,1612.09,7.46,1716.06,6.3,34.66,-0.39,144,12.0,89,8.0,54,3.0,1,1.0,61.81,0.45,2026-04-22,-,0,153.0
233,-32,Sunmaster14_LV,LV,1610.99,-3.38,1691.24,-1.98,26.75,0.47,492,24.0,255,16.0,233,7.0,4,1.0,51.83,0.76,2026-05-05,P,6,137.0
234,39,Aruta,-,1609.39,37.82,1748.41,1.13,46.34,-12.23,78,24.0,54,13.0,24,11.0,0,0.0,69.23,-6.7,2026-05-06,-,0,711.0
235,unretired,Beowls,-,1608.23,27.43,1770.2,5.51,53.99,-7.31,54,12.0,32,7.0,21,4.0,1,1.0,59.26,-0.26,2026-05-01,-,0,321.0
236,-20,Padishar,-,1608.11,5.06,1688.97,5.22,26.95,0.05,432,24.0,231,12.0,197,12.0,4,0.0,53.47,-0.21,2026-04-21,G,3,138.0
-,-,Covfefe,US,1607.28,-3.04,1773.89,0.0,55.54,1.01,108,0.0,61,0.0,47,0.0,0,0.0,56.48,0.0,2023-11-15,GM,2,-
237,-29,MurphyAKL,US,1607.06,-2.28,1684.87,-3.17,25.94,-0.3,489,30.0,287,15.0,199,14.0,3,1.0,58.69,-0.57,2026-05-06,G,2,205.0
238,16,belowfox,CN,1606.8,19.13,1707.33,7.49,33.51,-3.88,135,30.0,76,18.0,59,12.0,0,0.0,56.3,1.06,2026-05-12,-,0,155.0
239,67,Rajeev,-,1606.4,51.43,1728.97,37.93,40.86,-4.5,117,18.0,77,13.0,40,5.0,0,0.0,65.81,1.16,2026-05-06,G,1,129.0
-,-,kuchjir,CZ,1606.34,-2.51,1804.1,0.0,65.92,0.84,72,0.0,43,0.0,29,0.0,0,0.0,59.72,0.0,2020-12-06,GM,2,-
240,74,Kharny,GB,1606.34,53.31,1792.31,14.81,61.99,-12.83,42,12.0,30,8.0,11,4.0,1,0.0,71.43,-1.9,2026-05-13,-,0,757.0
241,-5,Dayvs,-,1606.04,10.88,1691.91,8.65,28.62,-0.74,252,24.0,149,14.0,102,10.0,1,0.0,59.13,-0.08,2026-05-01,-,0,205.0
242,-38,Magesolo,DE,1605.82,-4.62,1688.37,-2.51,27.52,0.71,510,18.0,273,10.0,235,8.0,2,0.0,53.53,0.07,2026-04-27,P,10,174.0
243,-40,TrilceAC,ES,1604.83,-5.75,1695.6,-6.74,30.26,-0.33,360,18.0,201,9.0,157,9.0,2,0.0,55.83,-0.31,2026-04-23,P,2,448.0
244,-90,ciufile,-,1604.39,-49.7,1733.34,-74.81,42.98,-8.37,96,30.0,60,14.0,36,16.0,0,0.0,62.5,-7.2,2026-05-06,-,0,163.0
245,-28,jingjing123,CN,1603.93,1.34,1690.98,-2.8,29.01,-1.38,237,30.0,133,11.0,100,19.0,4,0.0,56.12,-2.82,2026-05-07,-,0,147.0
246,52,Graypilgrim,-,1603.48,45.95,1852.51,-37.89,83.01,-27.95,24,12.0,18,8.0,6,4.0,0,0.0,75.0,-8.33,2026-05-05,-,0,-
247,-34,Spence2102,GB,1603.46,-2.64,1696.0,-6.64,30.85,-1.33,213,24.0,134,13.0,77,11.0,2,0.0,62.91,-1.11,2026-04-29,G,2,180.0
-,-,Grogmir,PL,1603.46,-3.64,1738.18,0.0,44.91,1.21,231,0.0,141,0.0,88,0.0,2,0.0,61.04,0.0,2024-03-03,G,10,-
248,-25,Sakic19,HU,1602.75,3.09,1696.7,-4.06,31.32,-2.38,165,30.0,97,14.0,66,16.0,2,0.0,58.79,-2.69,2026-04-25,-,0,285.0
-,-,Cokey,AU,1602.55,-2.99,1772.72,0.0,56.72,1.0,96,0.0,60,0.0,33,0.0,3,0.0,62.5,0.0,2022-12-04,G,6,-
249,214,Sonder.,-,1602.08,126.54,1792.05,44.13,63.32,-27.47,36,18.0,30,13.0,6,5.0,0,0.0,83.33,-11.11,2026-04-19,-,0,-
250,-24,ruby_buby,US,1600.37,1.48,1707.85,-5.19,35.83,-2.22,135,18.0,82,9.0,53,9.0,0,0.0,60.74,-1.65,2026-05-13,-,0,174.0
251,23,jacksonray,-,1599.83,30.28,1700.68,21.13,33.62,-3.05,165,30.0,106,21.0,56,9.0,3,0.0,64.24,1.28,2026-04-29,-,0,491.0
252,48,Gyphon,DE,1599.54,42.47,1700.39,30.29,33.62,-4.06,147,30.0,86,19.0,60,10.0,1,1.0,58.5,1.24,2026-05-06,-,0,104.0
253,-48,trzeciakson,PL,1599.19,-11.13,1690.33,-13.98,30.38,-0.95,288,24.0,156,10.0,128,14.0,4,0.0,54.17,-1.13,2026-05-02,P,6,244.0
254,6,maunzzz,SE,1599.04,16.17,1694.33,7.91,31.76,-2.75,177,30.0,100,13.0,76,17.0,1,0.0,56.5,-2.68,2026-04-30,-,0,162.0
-,-,jzebra,US,1598.97,-3.39,1747.38,0.0,49.47,1.13,156,0.0,83,0.0,72,0.0,1,0.0,53.21,0.0,2023-11-15,P,12,-
255,-23,Neandrtalec,-,1598.89,2.59,1743.24,-12.91,48.12,-5.17,75,12.0,45,5.0,29,7.0,1,0.0,60.0,-3.49,2026-05-02,-,0,291.0
-,-,gorozei-12ans,CH,1598.87,-3.13,1756.89,0.0,52.67,1.04,108,0.0,66,0.0,42,0.0,0,0.0,61.11,0.0,2023-06-06,G,2,-
256,-73,Zegs,-,1598.55,-27.27,1714.28,-37.01,38.58,-3.25,138,18.0,80,4.0,58,14.0,0,0.0,57.97,-5.36,2026-04-17,P,4,441.0
257,-35,Scottrick,US,1598.3,-2.31,1811.58,0.0,71.09,0.77,39,0.0,29,0.0,10,0.0,0,0.0,74.36,0.0,2026-02-06,-,0,1429.0
-,-,Anderkent,PL,1598.25,-2.97,1768.89,0.0,56.88,0.99,84,0.0,56,0.0,28,0.0,0,0.0,66.67,0.0,2023-04-16,G,4,-
258,-58,brainac,-,1597.78,-17.68,1686.09,-20.24,29.43,-0.86,372,24.0,203,8.0,168,16.0,1,0.0,54.57,-1.46,2026-05-01,G,14,232.0
259,-32,Garri,ES,1597.63,-1.02,1685.18,-2.98,29.18,-0.65,384,24.0,208,10.0,173,13.0,3,1.0,54.17,-0.83,2026-05-01,G,6,145.0
-,-,steve10716,-,1597.27,-2.87,1770.96,0.0,57.9,0.96,108,0.0,74,0.0,32,0.0,2,0.0,68.52,0.0,2023-06-06,P,6,-
260,-8,DavidSegoviano,ES,1596.52,8.34,1679.84,7.95,27.77,-0.13,294,24.0,161,12.0,127,11.0,6,1.0,54.76,-0.43,2026-04-30,G,2,186.0
261,-43,Netopier,SK,1596.29,-6.22,1695.75,0.0,33.15,2.07,375,0.0,194,0.0,177,0.0,4,0.0,51.73,0.0,2025-10-17,M,4,97.0
262,-66,Gudimundi,IS,1596.26,-21.06,1697.7,-29.71,33.81,-2.88,153,24.0,96,7.0,56,16.0,1,1.0,62.75,-6.24,2026-05-04,-,0,222.0
263,-25,Vangelisb,GR,1596.01,1.71,1677.41,1.02,27.13,-0.23,369,30.0,209,17.0,156,13.0,4,0.0,56.64,0.0,2026-05-01,G,6,142.0
264,-44,arDKee,-,1594.08,-7.02,1702.02,-21.71,35.98,-4.9,117,30.0,75,14.0,42,16.0,0,0.0,64.1,-6.01,2026-05-12,-,0,589.0
265,-71,Watlersen,-,1594.02,-24.96,1691.38,-30.8,32.45,-1.95,165,24.0,94,9.0,69,15.0,2,0.0,56.97,-3.31,2026-04-27,-,0,195.0
266,-37,ChrisTher,-,1593.88,-4.27,1714.61,0.0,40.24,1.42,174,0.0,101,0.0,71,0.0,2,0.0,58.05,0.0,2025-07-27,G,2,551.0
-,-,shadow-knight,-,1593.59,-2.94,1760.6,0.0,55.67,0.98,108,0.0,62,0.0,45,0.0,1,0.0,57.41,0.0,2022-09-04,G,10,-
-,-,Arnaud,CH,1593.56,-3.19,1752.84,0.0,53.09,1.06,108,0.0,64,0.0,43,0.0,1,0.0,59.26,0.0,2023-04-16,P,6,-
267,-8,MidnightFox,SE,1593.09,8.89,1692.8,7.47,33.24,-0.47,186,18.0,108,14.0,77,4.0,1,0.0,58.06,2.11,2026-04-17,G,2,62.0
-,-,rasattack,-,1592.75,-2.46,1793.33,0.0,66.86,0.82,48,0.0,37,0.0,11,0.0,0,0.0,77.08,0.0,2024-07-01,-,0,-
268,-47,LeonidasI,-,1591.53,-9.12,1675.83,-11.46,28.1,-0.78,333,30.0,184,12.0,148,18.0,1,0.0,55.26,-1.51,2026-05-01,-,0,107.0
269,70,mzotkiew,-,1591.39,51.66,1764.27,31.14,57.62,-6.84,54,12.0,40,10.0,14,2.0,0,0.0,74.07,2.64,2026-04-30,-,0,-
270,-28,Ruudi,FI,1591.12,-2.43,1793.77,0.0,67.55,0.81,39,0.0,31,0.0,8,0.0,0,0.0,79.49,0.0,2025-10-22,-,0,686.0
271,-60,Sengir80,-,1591.1,-15.61,1688.64,-18.89,32.52,-1.1,171,18.0,99,6.0,72,12.0,0,0.0,57.89,-2.89,2026-04-22,-,0,437.0
-,-,Hunty93,US,1590.92,-3.76,1732.98,0.0,47.36,1.25,168,0.0,85,0.0,83,0.0,0,0.0,50.6,0.0,2025-05-07,M,3,1245.0
-,-,Mad_Tyrion,IT,1589.38,-1.57,1902.11,0.0,104.24,0.52,36,0.0,34,0.0,2,0.0,0,0.0,94.44,0.0,2022-09-04,-,0,-
272,-37,BitterBlossom,CN,1589.03,-7.09,1683.48,-11.05,31.48,-1.32,216,24.0,126,11.0,89,13.0,1,0.0,58.33,-1.57,2026-05-10,-,0,158.0
273,59,eggmancs,GB,1589.03,44.08,1692.5,39.43,34.49,-1.55,207,18.0,114,13.0,93,5.0,0,0.0,55.07,1.63,2026-05-17,-,0,191.0
274,-31,isman,ES,1588.82,-4.33,1705.44,0.0,38.87,1.44,174,0.0,104,0.0,67,0.0,3,0.0,59.77,0.0,2025-12-01,G,2,182.0
275,-36,Alvin1912,-,1588.38,-5.66,1684.62,0.0,32.08,1.89,360,0.0,187,0.0,171,0.0,2,0.0,51.94,0.0,2026-01-08,P,4,223.0
276,1,holy834,CN,1588.03,18.92,1672.0,14.39,27.99,-1.51,228,36.0,125,19.0,102,17.0,1,0.0,54.82,-0.39,2026-05-02,-,0,146.0
277,-40,Mattian12000,IT,1587.49,-7.64,1674.46,-6.38,28.99,0.42,435,18.0,246,11.0,188,7.0,1,0.0,56.55,0.2,2026-04-28,G,2,278.0
-,-,Demetrius,UA,1587.46,-2.92,1756.23,0.0,56.26,0.97,60,0.0,37,0.0,23,0.0,0,0.0,61.67,0.0,2025-06-14,-,0,236.0
-,-,GerrySalinas,-,1587.32,-3.63,1728.86,0.0,47.18,1.21,168,0.0,97,0.0,70,0.0,1,0.0,57.74,0.0,2023-12-03,G,6,-
-,-,Zulda,-,1586.85,-2.54,1780.82,0.0,64.66,0.85,60,0.0,32,0.0,28,0.0,0,0.0,53.33,0.0,2022-03-06,M,1,-
278,12,Slender,-,1586.65,25.98,1728.35,12.09,47.23,-4.63,108,12.0,65,8.0,43,4.0,0,0.0,60.19,0.81,2026-05-01,G,6,1054.0
-,-,ducky1,-,1586.17,-1.7,1874.41,0.0,96.08,0.57,18,0.0,14,0.0,4,0.0,0,0.0,77.78,0.0,2023-04-16,-,0,-
279,13,NFGM,DE,1585.95,25.71,1688.83,7.96,34.29,-5.92,135,36.0,77,21.0,57,15.0,1,0.0,57.04,0.47,2026-05-04,-,0,306.0
280,131,Fanti,-,1585.91,82.86,1857.24,33.78,90.44,-16.36,18,6.0,15,5.0,3,1.0,0,0.0,83.33,0.0,2026-03-01,-,0,-
-,-,Jans,PL,1585.76,-3.04,1748.71,0.0,54.31,1.01,78,0.0,55,0.0,23,0.0,0,0.0,70.51,0.0,2024-09-01,-,0,-
-,-,AvPL,PL,1585.55,-1.54,1903.71,0.0,106.05,0.51,21,0.0,20,0.0,1,0.0,0,0.0,95.24,0.0,2023-06-04,-,0,-
281,89,phoang,-,1585.12,61.42,1697.24,53.75,37.37,-2.56,126,18.0,78,15.0,47,2.0,1,1.0,61.9,3.57,2026-05-12,-,0,255.0
282,280,Composaurus,-,1584.93,165.28,1770.19,129.2,61.75,-12.02,42,12.0,27,11.0,15,1.0,0,0.0,64.29,10.96,2026-05-04,-,0,578.0
283,-26,Tototrillion,DE,1584.73,-1.08,1742.38,-23.5,52.55,-7.47,60,12.0,36,4.0,24,8.0,0,0.0,60.0,-6.67,2026-05-13,-,0,480.0
-,-,elo8000,-,1584.08,-2.19,1809.27,0.0,75.06,0.73,39,0.0,35,0.0,4,0.0,0,0.0,89.74,0.0,2024-10-13,-,0,1412.0
-,-,JarekWarsaw,-,1583.22,-3.14,1746.1,0.0,54.29,1.05,114,0.0,67,0.0,45,0.0,2,0.0,58.77,0.0,2023-02-05,G,10,-
284,-26,GZ95,CN,1582.85,-2.24,1806.19,0.0,74.45,0.75,36,0.0,21,0.0,15,0.0,0,0.0,58.33,0.0,2025-07-10,-,0,1106.0
-,-,jaggl,-,1582.71,-2.84,1757.09,0.0,58.13,0.95,96,0.0,57,0.0,38,0.0,1,0.0,59.38,0.0,2022-06-05,P,2,757.0
285,-61,PontiusPilatus,DK,1579.27,-20.29,1734.22,-27.96,51.65,-2.56,96,6.0,62,1.0,31,5.0,3,0.0,64.58,-3.2,2026-03-21,G,4,1271.0
286,199,BahbUrge,-,1578.97,117.77,1706.69,97.83,42.57,-6.65,84,24.0,51,19.0,31,4.0,2,1.0,60.71,7.38,2026-04-25,-,0,310.0
287,21,StonedHenge420,US,1578.53,23.75,1663.58,23.28,28.35,-0.16,291,21.0,169,16.0,122,5.0,0,0.0,58.08,1.41,2026-04-27,G,2,210.0
288,-47,Qiubag,PL,1577.4,-16.32,1665.79,-12.34,29.46,1.33,333,6.0,179,0.0,152,6.0,2,0.0,53.75,-0.99,2026-03-05,G,6,135.0
289,13,amaj,US,1577.26,20.45,1720.97,1.57,47.9,-6.29,78,18.0,55,12.0,22,6.0,1,0.0,70.51,-1.16,2026-04-18,-,0,439.0
290,-28,Arinmir,DE,1577.21,-3.94,1706.86,0.0,43.21,1.31,156,0.0,95,0.0,60,0.0,1,0.0,60.9,0.0,2026-01-12,G,4,989.0
-,-,Lawful,-,1576.81,-1.81,1848.58,0.0,90.59,0.6,24,0.0,21,0.0,3,0.0,0,0.0,87.5,0.0,2021-03-02,-,0,-
291,-51,ChipsAhoya,US,1576.16,-17.78,1656.35,-17.37,26.73,0.14,606,24.0,310,8.0,295,16.0,1,0.0,51.16,-0.73,2026-04-29,P,8,209.0
292,-45,Thisisnotasmile,GB,1575.74,-15.71,1652.34,-16.29,25.53,-0.19,537,36.0,291,15.0,243,21.0,3,0.0,54.19,-0.9,2026-05-17,P,2,171.0
-,-,Meowthfish,TW,1575.7,-3.33,1726.52,0.0,50.27,1.11,165,0.0,87,0.0,78,0.0,0,0.0,52.73,0.0,2023-06-04,M,3,-
293,-23,Dovi,PL,1575.55,0.64,1667.48,-0.23,30.64,-0.29,297,18.0,173,9.0,122,9.0,2,0.0,58.25,-0.53,2026-04-29,G,2,200.0
-,-,lfrantisek,FI,1575.45,-3.77,1711.02,0.0,45.19,1.26,171,0.0,102,0.0,67,0.0,2,0.0,59.65,0.0,2025-05-01,G,4,514.0
294,24,daggsea,CN,1575.38,24.07,1683.44,13.79,36.02,-3.43,129,24.0,75,15.0,54,9.0,0,0.0,58.14,1.0,2026-05-02,-,0,304.0
295,-44,Buldozer_bga,-,1575.37,-13.21,1669.29,-14.57,31.31,-0.45,219,18.0,128,3.0,89,14.0,2,1.0,58.45,-3.74,2026-04-26,-,0,166.0
-,-,CarloPedersoli,-,1575.01,-2.99,1740.79,0.0,55.26,1.0,60,0.0,40,0.0,20,0.0,0,0.0,66.67,0.0,2024-09-04,G,4,987.0
296,-30,barda,PT,1574.94,-4.32,1695.1,0.0,40.05,1.44,225,0.0,145,0.0,79,0.0,1,0.0,64.44,0.0,2025-07-19,-,0,638.0
297,-32,Mark0n,HR,1574.82,-5.34,1672.96,0.0,32.71,1.78,303,0.0,164,0.0,131,0.0,8,0.0,54.13,0.0,2025-11-30,G,7,186.0
298,-34,guppyfry,US,1574.78,-6.09,1657.76,-5.67,27.66,0.14,390,21.0,214,9.0,170,12.0,6,0.0,54.87,-0.69,2026-04-20,G,2,332.0
299,-53,LT.Stuntovic,-,1574.71,-16.77,1669.07,-19.43,31.45,-0.89,291,24.0,164,13.0,126,11.0,1,0.0,56.36,-0.19,2026-05-07,G,12,274.0
300,-55,Limubai,-,1574.47,-17.28,1773.09,-32.25,66.21,-4.99,36,6.0,24,3.0,12,3.0,0,0.0,66.67,-3.33,2026-03-11,-,0,757.0
301,-34,Ralf-TtA,DE,1573.58,-3.07,1657.9,-5.6,28.11,-0.84,372,30.0,208,15.0,161,15.0,3,0.0,55.91,-0.52,2026-05-07,G,4,314.0
302,-6,Aftheiss,US,1573.31,15.43,1668.56,9.87,31.75,-1.86,165,24.0,97,13.0,67,11.0,1,0.0,58.79,-0.78,2026-05-08,-,0,408.0
303,28,kenchan,HK,1573.23,27.62,1658.03,30.45,28.27,0.94,378,12.0,189,12.0,188,0.0,1,0.0,50.0,1.64,2026-04-29,G,8,170.0
304,-43,SimTubez,AU,1573.16,-8.45,1678.14,-10.3,34.99,-0.62,240,12.0,150,5.0,89,7.0,1,0.0,62.5,-1.1,2026-05-02,G,2,420.0
305,55,Shmu,-,1573.11,42.99,1760.78,3.46,62.56,-13.18,42,12.0,29,7.0,13,5.0,0,0.0,69.05,-4.28,2026-05-04,-,0,578.0
306,30,Silvester,-,1572.93,30.13,1769.61,-30.83,65.56,-20.32,42,18.0,32,12.0,10,6.0,0,0.0,76.19,-7.14,2026-05-12,-,0,-
-,-,Snorky,-,1572.85,-2.96,1739.95,0.0,55.7,0.99,96,0.0,68,0.0,28,0.0,0,0.0,70.83,0.0,2023-06-04,-,0,-
307,-119,pote,TN,1572.78,-49.52,1690.42,-53.28,39.21,-1.25,150,12.0,93,2.0,57,10.0,0,0.0,62.0,-3.94,2026-04-29,G,2,1262.0
308,-25,DadboBaggins,US,1572.37,5.78,1659.58,5.66,29.07,-0.04,303,21.0,168,15.0,133,6.0,2,0.0,55.45,1.19,2026-04-21,G,3,178.0
309,-107,dnomn8r,-,1572.01,-41.4,1768.92,-62.9,65.64,-7.17,36,6.0,25,1.0,10,5.0,1,0.0,69.44,-10.56,2026-03-21,-,0,578.0
310,584,DarKStyle,-,1571.85,307.84,1758.02,164.51,62.05,-47.77,42,30.0,30,23.0,11,6.0,1,1.0,71.43,13.1,2026-05-08,-,0,-
-,-,LaoHuang,CN,1571.53,-4.11,1711.94,0.0,46.8,1.37,225,0.0,100,0.0,122,0.0,3,0.0,44.44,0.0,2023-11-15,M,3,-
-,-,ScoliopusB,-,1571.07,-3.53,1710.69,0.0,46.54,1.18,192,0.0,109,0.0,80,0.0,3,0.0,56.77,0.0,2024-03-03,P,2,-
-,-,Rasmulde,-,1570.51,-3.27,1720.76,0.0,50.08,1.09,138,0.0,77,0.0,61,0.0,0,0.0,55.8,0.0,2024-07-01,P,8,-
311,-86,AxelKlaar,-,1570.18,-28.76,1736.35,-50.86,55.39,-7.37,60,12.0,40,4.0,20,8.0,0,0.0,66.67,-8.33,2026-04-24,-,0,448.0
312,-9,JimmyLin,TW,1570.02,13.92,1649.17,13.86,26.38,-0.02,567,30.0,271,19.0,290,11.0,6,0.0,47.8,0.87,2026-05-06,M,2,152.0
313,39,redyredy123,-,1569.55,35.73,1704.09,26.73,44.85,-3.0,87,12.0,50,8.0,36,4.0,1,0.0,57.47,1.47,2026-05-07,-,0,635.0
314,263,kevinsbane,-,1569.15,157.31,1799.83,56.28,76.9,-33.68,24,12.0,17,8.0,7,4.0,0,0.0,70.83,-4.17,2026-05-01,-,0,-
315,unretired,mc_esher,-,1569.09,-0.36,1740.52,-21.89,57.14,-7.18,87,15.0,53,11.0,32,4.0,2,0.0,60.92,2.59,2026-04-16,P,6,-
-,-,MastermindZeta,-,1568.85,-1.76,1847.86,0.0,93.0,0.59,24,0.0,19,0.0,5,0.0,0,0.0,79.17,0.0,2023-03-01,-,0,-
316,-41,GoblinMatron,-,1568.07,-1.41,1676.72,-7.77,36.21,-2.12,141,18.0,81,7.0,59,11.0,1,0.0,57.45,-2.71,2026-05-02,-,0,192.0
317,-46,Shadowiscool500,US,1567.46,-6.26,1656.93,-4.64,29.82,0.54,381,12.0,191,5.0,187,7.0,3,0.0,50.13,-0.28,2026-04-24,G,2,116.0
318,176,GrandHedgehog,RU,1567.22,111.9,1725.14,88.01,52.64,-7.96,66,12.0,46,11.0,20,1.0,0,0.0,69.7,4.89,2026-04-12,-,0,-
319,16,Garghiii,IT,1566.3,23.42,1658.67,21.85,30.79,-0.52,201,18.0,116,12.0,84,6.0,1,0.0,57.71,0.88,2026-04-27,-,0,359.0
-,-,chogaling,-,1566.28,-2.53,1764.34,0.0,66.02,0.84,72,0.0,42,0.0,30,0.0,0,0.0,58.33,0.0,2021-03-02,M,2,-
320,55,HeirOfValyria,-,1566.0,44.34,1702.86,35.55,45.62,-2.93,90,12.0,47,9.0,40,3.0,3,0.0,52.22,3.5,2026-04-30,P,14,190.0
321,-30,danebed,IT,1565.96,5.56,1666.46,8.22,33.5,0.89,348,6.0,183,5.0,161,1.0,4,0.0,52.59,0.54,2026-03-05,P,10,289.0
-,-,Dinnser,-,1565.43,-2.24,1785.29,0.0,73.29,0.75,48,0.0,35,0.0,13,0.0,0,0.0,72.92,0.0,2021-12-05,-,0,-
322,268,northlynx,DE,1565.23,159.29,1795.63,48.9,76.8,-36.8,24,12.0,20,8.0,4,4.0,0,0.0,83.33,-16.67,2026-04-29,-,0,-
323,-47,Hardco,CA,1564.55,-4.64,1672.8,0.0,36.08,1.55,297,0.0,153,0.0,143,0.0,1,0.0,51.52,0.0,2025-11-23,M,1,791.0
324,-46,BradSwan,US,1563.48,-4.63,1673.44,0.0,36.65,1.54,183,0.0,99,0.0,82,0.0,2,0.0,54.1,0.0,2025-11-17,G,14,548.0
325,-46,Panthera,PL,1563.38,-4.18,1644.49,-4.39,27.04,-0.07,426,24.0,250,11.0,172,13.0,4,0.0,58.69,-0.76,2026-05-02,-,0,255.0
326,30,Kor,BE,1562.7,30.94,1683.8,17.61,40.37,-4.44,108,18.0,60,11.0,48,7.0,0,0.0,55.56,1.12,2026-04-24,-,0,251.0
-,-,Goldan,-,1562.63,-2.99,1732.19,0.0,56.52,1.0,96,0.0,60,0.0,36,0.0,0,0.0,62.5,0.0,2022-09-04,G,10,-
327,-17,LordMichael,DE,1562.1,8.13,1652.84,8.23,30.25,0.03,249,18.0,134,11.0,113,7.0,2,0.0,53.82,0.57,2026-04-16,G,8,233.0
328,-21,LeoM,IT,1561.21,6.26,1647.02,6.2,28.6,-0.02,354,24.0,194,16.0,158,8.0,2,0.0,54.8,0.86,2026-05-04,-,0,245.0
329,-40,Haxxorn,SE,1561.16,0.16,1638.22,0.01,25.69,-0.05,504,30.0,286,17.0,217,13.0,1,0.0,56.75,0.0,2026-05-16,G,10,286.0
330,-26,Durloc,US,1560.99,5.05,1648.67,3.17,29.23,-0.63,282,24.0,158,13.0,122,11.0,2,0.0,56.03,-0.17,2026-04-23,-,0,345.0
-,-,V0jta,CZ,1559.74,-3.59,1700.51,0.0,46.92,1.2,168,0.0,87,0.0,79,0.0,2,0.0,51.79,0.0,2023-11-15,G,16,-
331,-83,Kloef,-,1559.67,-31.1,1730.6,-56.11,56.98,-8.34,54,12.0,33,5.0,21,7.0,0,0.0,61.11,-5.56,2026-04-28,-,0,922.0
-,-,cpp,-,1559.55,-3.83,1686.04,0.0,42.16,1.28,228,0.0,124,0.0,103,0.0,1,0.0,54.39,0.0,2024-09-04,G,12,-
332,58,mrcy,HU,1559.54,47.45,1685.99,21.69,42.15,-8.59,90,24.0,55,13.0,35,11.0,0,0.0,61.11,-2.53,2026-05-01,-,0,726.0
333,-45,PacificKonradin,-,1559.08,-2.33,1769.64,0.0,70.19,0.78,39,0.0,28,0.0,9,0.0,2,0.0,71.79,0.0,2025-09-23,-,0,711.0
334,-137,mezerrrrr,US,1559.04,-58.06,1795.25,-86.61,78.73,-9.52,36,6.0,25,2.0,11,4.0,0,0.0,69.44,-7.23,2026-03-01,-,0,662.0
-,-,Andrew_Davidson,-,1558.65,-4.24,1676.64,0.0,39.33,1.41,258,0.0,159,0.0,98,0.0,1,0.0,61.63,0.0,2025-05-02,-,0,684.0
335,-101,InfiniteZest,-,1558.58,-37.55,1652.4,-35.45,31.27,0.7,348,12.0,198,3.0,150,9.0,0,0.0,56.9,-1.14,2026-04-18,G,4,344.0
-,-,Runawaaayyy,CH,1558.49,-3.53,1697.37,0.0,46.29,1.18,165,0.0,97,0.0,68,0.0,0,0.0,58.79,0.0,2024-04-04,G,2,-
-,-,busti,BE,1558.02,-3.08,1733.89,0.0,58.62,1.03,75,0.0,50,0.0,25,0.0,0,0.0,66.67,0.0,2023-09-14,-,0,-
336,-25,virvett,BR,1555.87,2.04,1646.33,-1.31,30.15,-1.12,291,24.0,163,12.0,126,12.0,2,0.0,56.01,-0.54,2026-05-12,G,2,164.0
337,297,lhrljr,SG,1555.87,166.57,1756.56,112.59,66.9,-17.99,36,12.0,26,11.0,10,1.0,0,0.0,72.22,9.72,2026-04-29,-,0,852.0
-,-,chrroom,-,1555.77,-2.72,1739.34,0.0,61.19,0.91,96,0.0,56,0.0,37,0.0,3,0.0,58.33,0.0,2022-03-06,P,2,-
-,-,ArtPlay,FR,1555.76,-2.93,1725.22,0.0,56.49,0.98,90,0.0,55,0.0,34,0.0,1,0.0,61.11,0.0,2023-11-15,P,4,-
338,7,JensIV,DE,1555.6,19.3,1657.4,14.3,33.93,-1.67,159,18.0,88,11.0,69,7.0,2,0.0,55.35,0.74,2026-04-21,G,1,158.0
339,-24,bcnoexceptions,US,1554.24,1.29,1639.26,0.46,28.34,-0.28,486,24.0,264,13.0,215,11.0,7,0.0,54.32,-0.01,2026-05-02,G,4,273.0
340,-91,Naleenae,BE,1553.87,-36.71,1722.95,-48.32,56.36,-3.87,54,6.0,31,0.0,23,6.0,0,0.0,57.41,-7.17,2026-03-05,-,0,757.0
341,58,arthurlam90,-,1553.83,45.15,1688.23,37.12,44.8,-2.68,84,12.0,58,12.0,25,0.0,1,0.0,69.05,5.16,2026-04-16,-,0,389.0
-,-,xRen1101,LT,1553.22,-2.36,1762.7,0.0,69.83,0.79,57,0.0,38,0.0,18,0.0,1,0.0,66.67,0.0,2023-03-01,P,4,-
-,-,jerre8,-,1552.73,-1.52,1874.14,0.0,107.14,0.51,18,0.0,16,0.0,2,0.0,0,0.0,88.89,0.0,2024-04-04,-,0,-
342,-45,ChosenWizard,-,1552.64,-5.0,1652.85,0.0,33.4,1.67,342,0.0,187,0.0,148,0.0,7,0.0,54.68,0.0,2026-01-14,G,12,177.0
343,-27,dougthonus,US,1552.54,0.13,1653.94,3.25,33.8,1.04,327,6.0,185,5.0,142,1.0,0,0.0,56.57,0.5,2026-04-17,G,6,362.0
-,-,ugglor,-,1552.3,-5.0,1665.98,0.0,37.89,1.67,339,0.0,196,0.0,139,0.0,4,0.0,57.82,0.0,2025-03-01,G,2,757.0
344,-22,MoreHat,US,1552.22,2.65,1679.56,-5.83,42.45,-2.83,93,12.0,49,5.0,43,7.0,1,0.0,52.69,-1.63,2026-04-30,-,0,670.0
-,-,JohnnyD144,-,1551.99,-2.08,1789.51,0.0,79.18,0.69,36,0.0,31,0.0,5,0.0,0,0.0,86.11,0.0,2022-03-06,-,0,-
345,59,Jelen117,-,1551.58,45.18,1711.56,36.07,53.33,-3.04,57,6.0,36,5.0,20,1.0,1,0.0,63.16,2.38,2026-05-15,-,0,-
346,-19,buttoxide,SG,1551.57,3.58,1677.04,2.19,41.82,-0.46,108,6.0,74,4.0,34,2.0,0,0.0,68.52,-0.11,2026-03-10,-,0,681.0
347,-18,Thronx,DE,1550.91,3.45,1645.01,7.11,31.37,1.22,414,6.0,237,5.0,174,1.0,3,0.0,57.25,0.39,2026-03-08,G,4,396.0
348,-39,ThomRun974,FR,1550.51,-3.73,1648.66,-3.48,32.72,0.08,333,12.0,164,5.0,167,6.0,2,1.0,49.25,-0.28,2026-05-02,G,6,543.0
-,-,syras,-,1549.89,-1.79,1824.7,0.0,91.61,0.6,24,0.0,19,0.0,5,0.0,0,0.0,79.17,0.0,2024-07-01,-,0,254.0
349,-8,rabalder,NO,1549.55,11.19,1686.48,7.85,45.64,-1.11,105,6.0,70,4.0,35,2.0,0,0.0,66.67,0.0,2026-03-07,-,0,383.0
350,-63,ben0728,KR,1549.05,-12.92,1652.66,-16.11,34.54,-1.06,192,15.0,93,4.0,98,11.0,1,0.0,48.44,-1.84,2026-04-26,-,0,19.0
-,-,Winston11tw,-,1548.96,-2.66,1732.87,0.0,61.3,0.89,84,0.0,49,0.0,35,0.0,0,0.0,58.33,0.0,2021-12-05,P,4,-
-,-,GrafZahl,DE,1548.84,-2.11,1786.75,0.0,79.3,0.7,54,0.0,44,0.0,9,0.0,1,0.0,81.48,0.0,2025-04-27,-,0,872.0
351,-5,gamblerch,CL,1548.82,12.66,1651.83,8.81,34.34,-1.28,165,18.0,91,11.0,73,7.0,1,0.0,55.15,0.73,2026-05-17,-,0,306.0
352,153,Shergar,GB,1548.79,97.69,1734.51,62.05,61.91,-11.88,42,12.0,27,10.0,13,2.0,2,0.0,64.29,7.62,2026-05-01,-,0,757.0
-,-,Diluvian,-,1548.75,-2.58,1740.62,0.0,63.96,0.86,60,0.0,44,0.0,16,0.0,0,0.0,73.33,0.0,2022-09-04,-,0,-
353,-60,Terence,-,1548.39,-10.58,1628.28,-10.14,26.63,0.15,498,24.0,266,7.0,229,17.0,3,0.0,53.41,-1.23,2026-05-03,G,6,235.0
354,-82,KenoshaKid,-,1548.08,-25.14,1652.49,-26.79,34.8,-0.55,234,12.0,142,2.0,90,10.0,2,0.0,60.68,-2.38,2026-04-11,-,0,261.0
355,9,norbetk,PL,1547.69,20.72,1686.27,7.43,46.19,-4.43,72,12.0,43,6.0,28,6.0,1,0.0,59.72,-1.95,2026-04-23,-,0,742.0
356,1,LuckyAnesa,-,1547.49,16.02,1686.29,12.13,46.27,-1.3,120,6.0,72,4.0,47,2.0,1,0.0,60.0,0.35,2026-03-01,-,0,271.0
357,-34,matinghiasi,-,1547.39,-2.08,1786.71,0.0,79.77,0.69,30,0.0,21,0.0,9,0.0,0,0.0,70.0,0.0,2026-01-11,-,0,440.0
358,83,Paolol65,FR,1547.1,60.65,1784.53,26.6,79.14,-11.35,30,6.0,26,5.0,4,1.0,0,0.0,86.67,-0.83,2026-03-09,-,0,1271.0
359,-58,DarthVaderDLotS,-,1546.72,-10.26,1638.73,-10.92,30.67,-0.22,384,18.0,203,7.0,178,11.0,3,0.0,52.86,-0.69,2026-04-17,M,2,277.0
-,-,Asbestos,US,1546.61,-4.35,1664.06,0.0,39.15,1.45,258,0.0,144,0.0,110,0.0,4,0.0,55.81,0.0,2025-03-08,G,8,695.0
360,306,cyb3k,-,1546.3,170.67,1774.34,74.37,76.01,-32.1,24,12.0,16,8.0,8,4.0,0,0.0,66.67,0.0,2026-05-13,-,0,-
361,-17,fugg,US,1546.27,9.37,1643.89,9.62,32.54,0.08,249,12.0,122,6.0,126,6.0,1,0.0,49.0,0.05,2026-04-23,G,2,473.0
-,-,G_7,-,1545.96,-3.24,1703.23,0.0,52.42,1.08,132,0.0,71,0.0,60,0.0,1,0.0,53.79,0.0,2023-02-05,G,12,-
362,62,sillysheep,HK,1545.05,45.36,1695.29,29.06,50.08,-5.43,72,12.0,45,7.0,27,5.0,0,0.0,62.5,-0.83,2026-04-26,G,6,757.0
363,-12,Attrill20,GB,1545.03,10.52,1629.09,11.3,28.02,0.26,426,18.0,249,11.0,175,7.0,2,0.0,58.45,0.12,2026-04-23,-,0,329.0
-,-,JohnFreshKennedy,DE,1544.84,-3.68,1681.64,0.0,45.6,1.23,147,0.0,80,0.0,66,0.0,1,0.0,54.42,0.0,2024-07-01,G,10,-
-,-,hihihiji,HK,1544.73,-2.67,1730.2,0.0,61.82,0.89,108,0.0,53,0.0,52,0.0,3,0.0,49.07,0.0,2022-03-06,M,1,-
364,28,hypodg,IT,1543.77,32.88,1631.53,31.81,29.25,-0.36,393,24.0,211,20.0,179,4.0,3,0.0,53.69,1.93,2026-05-04,-,0,359.0
365,-40,zbert,DE,1543.74,-4.94,1648.47,0.0,34.91,1.65,291,0.0,164,0.0,126,0.0,1,0.0,56.36,0.0,2025-07-15,G,2,295.0
366,81,FlyGon,-,1543.68,59.63,1711.79,16.61,56.04,-14.34,54,18.0,41,13.0,13,5.0,0,0.0,75.93,-1.85,2026-04-12,-,0,1243.0
367,-48,rcia,ES,1542.93,-8.3,1631.74,-7.53,29.6,0.26,429,18.0,235,11.0,189,7.0,5,0.0,54.78,0.28,2026-04-19,G,16,502.0
368,-74,baodalanxin,CN,1542.88,-15.43,1623.81,-15.0,26.98,0.14,429,24.0,215,9.0,212,15.0,2,0.0,50.12,-0.74,2026-04-21,G,2,248.0
-,-,buste,-,1542.45,-3.91,1672.65,0.0,43.4,1.3,258,0.0,137,0.0,121,0.0,0,0.0,53.1,0.0,2024-06-02,G,14,-
-,-,Barnstormer,-,1542.12,-3.32,1694.37,0.0,50.75,1.11,120,0.0,78,0.0,42,0.0,0,0.0,65.0,0.0,2024-07-01,-,0,-
369,-52,Medgar,-,1541.16,-10.78,1639.92,-13.42,32.92,-0.88,204,18.0,122,6.0,80,12.0,2,0.0,59.8,-2.57,2026-04-20,-,0,398.0
370,146,sergilicious,-,1540.84,94.7,1804.08,35.32,87.75,-19.79,21,9.0,18,8.0,3,1.0,0,0.0,85.71,2.38,2026-04-23,-,0,-
371,-50,MrFigu,-,1540.81,-9.75,1714.79,-20.04,57.99,-3.43,54,6.0,35,3.0,19,3.0,0,0.0,64.81,-1.86,2026-03-03,-,0,198.0
-,-,mlhibou,US,1540.73,-2.09,1775.37,0.0,78.21,0.7,36,0.0,23,0.0,13,0.0,0,0.0,63.89,0.0,2020-12-06,GM,1,-
372,-46,gabev,US,1540.51,-7.58,1656.49,-12.57,38.66,-1.66,108,12.0,60,4.0,47,8.0,1,0.0,55.56,-2.77,2026-05-01,-,0,349.0
373,-31,Kristin,-,1540.47,2.72,1701.94,-18.45,53.82,-7.06,72,12.0,48,6.0,24,6.0,0,0.0,66.67,-3.33,2026-05-07,-,0,578.0
374,-41,Sergeeeee,GB,1540.44,-4.39,1617.22,-4.56,25.59,-0.06,468,30.0,262,13.0,204,16.0,2,1.0,55.98,-0.87,2026-04-23,G,2,234.0
-,-,MugiwaraNoLofwyr,-,1539.19,-2.89,1709.46,0.0,56.76,0.96,120,0.0,63,0.0,57,0.0,0,0.0,52.5,0.0,2022-03-06,P,6,-
-,-,Dunedain,US,1538.98,-4.04,1667.89,0.0,42.97,1.35,204,0.0,104,0.0,99,0.0,1,0.0,50.98,0.0,2024-06-02,G,12,-
375,-55,vodka,CZ,1538.65,-12.55,1623.31,-13.05,28.22,-0.17,396,24.0,211,11.0,183,13.0,2,0.0,53.28,-0.48,2026-05-13,G,4,228.0
376,2,jhamra,DE,1538.08,17.64,1684.07,1.75,48.66,-5.3,78,12.0,47,6.0,31,6.0,0,0.0,60.26,-1.86,2026-05-05,-,0,372.0
377,-15,Jiffy,HK,1537.98,8.89,1691.9,1.34,51.31,-2.52,60,6.0,34,3.0,25,3.0,1,0.0,56.67,-0.74,2026-05-04,-,0,351.0
378,-28,Amorin,ES,1537.72,3.15,1631.29,2.7,31.19,-0.15,372,18.0,190,6.0,181,12.0,1,0.0,51.08,-0.9,2026-04-30,-,0,212.0
379,-31,pessen,-,1537.59,2.01,1691.07,-5.29,51.16,-2.44,69,6.0,41,3.0,28,3.0,0,0.0,59.42,-0.9,2026-03-04,-,0,549.0
380,-42,Fayebian,-,1537.26,-2.88,1712.63,0.0,58.46,0.96,78,0.0,50,0.0,28,0.0,0,0.0,64.1,0.0,2025-06-24,G,2,398.0
381,14,Tharkis,-,1537.04,27.33,1670.86,18.18,44.61,-3.05,123,12.0,63,6.0,59,6.0,1,0.0,51.22,-0.13,2026-05-01,P,2,1060.0
-,-,HealingAura,-,1536.96,-3.12,1696.04,0.0,53.03,1.04,72,0.0,45,0.0,27,0.0,0,0.0,62.5,0.0,2025-03-07,-,0,757.0
-,-,laozhang,-,1536.43,-3.5,1682.52,0.0,48.7,1.17,138,0.0,74,0.0,61,0.0,3,0.0,53.62,0.0,2023-11-15,G,2,-
382,-35,RoxasVen,IT,1535.42,-0.17,1627.28,-1.86,30.62,-0.56,288,18.0,160,8.0,127,10.0,1,0.0,55.56,-0.74,2026-05-02,G,2,217.0
-,-,wallimaendu,-,1535.41,-2.96,1707.15,0.0,57.25,0.99,108,0.0,59,0.0,48,0.0,1,0.0,54.63,0.0,2022-06-05,G,8,-
-,-,Berfner,SE,1535.19,-3.55,1679.18,0.0,48.0,1.18,99,0.0,55,0.0,44,0.0,0,0.0,55.56,0.0,2025-03-01,-,0,757.0
383,-6,Bulten,-,1534.91,14.07,1658.21,8.18,41.1,-1.96,138,12.0,84,7.0,54,5.0,0,0.0,60.87,-0.24,2026-04-30,G,1,294.0
384,-1,Agnsild,NO,1534.89,16.77,1648.78,13.53,37.97,-1.08,141,12.0,77,8.0,63,4.0,1,0.0,54.61,1.12,2026-05-05,-,0,269.0
385,-4,Selya,-,1534.16,14.51,1641.23,9.62,35.69,-1.63,153,18.0,93,10.0,56,8.0,4,0.0,60.78,-0.7,2026-05-05,-,0,426.0
386,-87,Pieroz88,-,1533.91,-23.54,1673.07,-36.89,46.39,-4.45,75,12.0,43,3.0,31,9.0,1,0.0,57.33,-6.16,2026-04-23,-,0,296.0
387,63,SwaulgustusCaesar,-,1533.86,51.22,1770.8,-58.18,78.98,-36.47,24,12.0,15,6.0,9,6.0,0,0.0,62.5,-12.5,2026-05-04,-,0,-
388,68,JSauve,-,1533.3,54.24,1691.72,31.48,52.8,-7.59,66,12.0,43,9.0,23,3.0,0,0.0,65.15,2.19,2026-05-12,-,0,662.0
-,-,Finglove,-,1533.03,-4.1,1659.61,0.0,42.19,1.37,234,0.0,140,0.0,94,0.0,0,0.0,59.83,0.0,2024-09-04,G,2,-
-,-,Dr.Ampelmann,-,1531.74,-2.82,1707.64,0.0,58.63,0.94,72,0.0,53,0.0,19,0.0,0,0.0,73.61,0.0,2023-11-15,-,0,-
389,4,Darain,SG,1530.65,19.9,1666.75,4.14,45.37,-5.25,72,15.0,45,8.0,27,7.0,0,0.0,62.5,-2.41,2026-04-15,-,0,630.0
390,163,Trond79,-,1530.4,106.54,1687.34,53.75,52.31,-17.6,57,24.0,42,17.0,15,7.0,0,0.0,73.68,-2.08,2026-04-25,-,0,1262.0
391,-33,BuWu,DE,1530.12,-1.02,1620.79,-5.87,30.22,-1.62,189,30.0,109,17.0,79,13.0,1,0.0,57.67,-0.19,2026-05-03,-,0,371.0
392,-79,AdiQue,PL,1529.83,-23.58,1621.16,-23.33,30.44,0.08,303,18.0,153,8.0,149,10.0,1,0.0,50.5,-0.38,2026-04-22,P,4,293.0
393,74,nanoprince,-,1529.82,58.9,1683.02,40.76,51.07,-6.05,63,12.0,39,9.0,24,3.0,0,0.0,61.9,3.08,2026-05-01,-,0,382.0
394,16,Castigar,-,1529.69,26.25,1670.31,15.72,46.87,-3.51,132,12.0,73,8.0,59,4.0,0,0.0,55.3,1.13,2026-05-01,-,0,-
-,-,AlbertoMariani91,-,1529.68,-2.71,1713.07,0.0,61.13,0.9,78,0.0,51,0.0,25,0.0,2,0.0,65.38,0.0,2023-04-16,G,2,-
395,35,haimke,-,1529.45,31.79,1608.35,29.74,26.3,-0.68,477,36.0,256,25.0,215,11.0,6,0.0,53.67,1.29,2026-05-01,G,4,261.0
396,-5,JJsDad,-,1529.41,18.43,1749.43,-8.43,73.34,-8.95,30,6.0,21,3.0,8,3.0,1,0.0,70.0,-5.0,2026-03-01,-,0,989.0
397,-31,henrymerrivale,IT,1529.11,2.63,1610.39,4.3,27.09,0.56,516,18.0,270,8.0,243,10.0,3,0.0,52.33,-0.28,2026-05-01,P,4,242.0
398,-43,Klakla92th,-,1529.05,-4.44,1643.4,0.0,38.12,1.48,297,0.0,166,0.0,130,0.0,1,0.0,55.89,0.0,2025-12-22,G,4,989.0
399,296,wolfcub41,-,1528.88,169.94,1763.35,77.11,78.16,-30.95,24,12.0,16,9.0,8,3.0,0,0.0,66.67,8.34,2026-05-07,-,0,-
400,-76,milanmar,-,1528.55,-20.27,1671.99,-24.31,47.81,-1.34,90,6.0,53,0.0,36,6.0,1,0.0,58.89,-4.21,2026-03-02,-,0,662.0
401,-48,Daemon3142,GB,1528.36,-5.34,1608.65,-5.32,26.76,0.01,480,24.0,260,12.0,215,11.0,5,1.0,54.17,-0.22,2026-04-27,-,0,301.0
402,-39,AntoineBx,FR,1528.23,0.05,1642.11,-14.6,37.96,-4.88,102,24.0,65,10.0,37,14.0,0,0.0,63.73,-6.78,2026-04-28,-,0,794.0
-,-,vermiliondk,-,1527.84,-1.93,1782.21,0.0,84.79,0.64,24,0.0,14,0.0,10,0.0,0,0.0,58.33,0.0,2024-07-15,-,0,-
-,-,HentaiLover69,US,1527.65,-4.36,1641.02,0.0,37.79,1.45,276,0.0,148,0.0,128,0.0,0,0.0,53.62,0.0,2025-05-07,-,0,910.0
-,-,claxic,-,1527.64,-3.1,1689.36,0.0,53.9,1.03,96,0.0,62,0.0,33,0.0,1,0.0,64.58,0.0,2024-07-01,-,0,-
403,-69,vagrantil,AU,1527.22,-17.09,1664.02,-39.21,45.6,-7.38,75,18.0,43,7.0,32,11.0,0,0.0,57.33,-5.83,2026-05-01,-,0,264.0
-,-,tbat,-,1526.83,-3.46,1673.47,0.0,48.88,1.15,168,0.0,100,0.0,68,0.0,0,0.0,59.52,0.0,2023-09-03,G,4,-
-,-,ZRoronoaZ,CZ,1526.41,-4.02,1650.03,0.0,41.21,1.34,177,0.0,100,0.0,76,0.0,1,0.0,56.5,0.0,2025-03-08,-,0,939.0
404,-19,AndriiN,DE,1526.31,10.68,1634.08,6.91,35.92,-1.26,147,15.0,83,6.0,62,8.0,2,1.0,56.46,-1.87,2026-05-05,-,0,197.0
405,-33,aaaaa,JP,1526.29,2.94,1615.06,3.01,29.59,0.02,366,18.0,190,12.0,176,6.0,0,0.0,51.91,0.76,2026-04-27,G,2,546.0
-,-,deluks917,US,1525.99,-3.57,1675.36,0.0,49.79,1.19,162,0.0,73,0.0,88,0.0,1,0.0,45.06,0.0,2024-02-23,GM,1,-
-,-,carygug,-,1525.47,-2.47,1723.47,0.0,66.0,0.82,60,0.0,41,0.0,19,0.0,0,0.0,68.33,0.0,2022-03-06,-,0,-
-,-,Clayton,-,1525.41,-2.8,1700.9,0.0,58.49,0.93,84,0.0,52,0.0,32,0.0,0,0.0,61.9,0.0,2022-09-04,-,0,-
-,-,Khar,CZ,1525.06,-3.3,1676.33,0.0,50.43,1.1,120,0.0,75,0.0,45,0.0,0,0.0,62.5,0.0,2023-09-03,-,0,-
406,-32,khyung,US,1524.82,1.94,1618.79,3.02,31.32,0.36,354,12.0,200,8.0,154,4.0,0,0.0,56.5,0.36,2026-04-16,G,4,466.0
407,-23,Fleepa0,ES,1524.47,7.67,1618.72,9.09,31.42,0.47,375,12.0,202,6.0,169,6.0,4,0.0,53.87,-0.12,2026-04-20,-,0,316.0
408,-68,Aaronwebber,-,1523.93,-15.06,1608.77,-15.13,28.28,-0.02,423,24.0,213,13.0,210,11.0,0,0.0,50.35,0.22,2026-04-20,P,4,249.0
-,-,PTactician,-,1523.89,-3.47,1686.79,0.0,54.3,1.16,114,0.0,62,0.0,48,0.0,4,0.0,54.39,0.0,2023-11-15,G,6,-
409,251,Pavnco,-,1523.75,146.11,1758.43,26.27,78.23,-39.95,24,12.0,14,6.0,10,6.0,0,0.0,58.33,-8.34,2026-05-17,-,0,-
410,-73,Ddafaith,CZ,1523.32,-18.02,1598.49,-17.33,25.06,0.23,516,30.0,245,11.0,264,19.0,7,0.0,47.48,-0.67,2026-05-15,G,8,238.0
411,43,FunkcniPC,-,1522.98,42.32,1677.75,23.82,51.59,-6.17,63,12.0,38,8.0,25,4.0,0,0.0,60.32,1.5,2026-05-10,-,0,872.0
-,-,Snuske,DK,1522.11,-1.81,1792.41,0.0,90.1,0.6,21,0.0,15,0.0,6,0.0,0,0.0,71.43,0.0,2023-06-04,P,4,-
412,-33,Mul,CA,1521.88,1.7,1609.5,2.49,29.21,0.26,345,18.0,193,11.0,152,7.0,0,0.0,55.94,0.28,2026-04-15,-,0,319.0
413,-45,McLovinsBlueberry,-,1521.23,-3.8,1651.44,0.0,43.4,1.27,108,0.0,61,0.0,46,0.0,1,0.0,56.48,0.0,2025-07-26,-,0,720.0
-,-,Robster,NL,1520.63,-4.54,1640.52,0.0,39.96,1.51,297,0.0,173,0.0,123,0.0,1,0.0,58.25,0.0,2025-03-08,G,10,647.0
414,-53,ABQ,HR,1520.23,-9.54,1614.11,-11.04,31.29,-0.5,306,18.0,163,5.0,141,13.0,2,0.0,53.27,-1.59,2026-04-22,G,4,461.0
-,-,Birnenschorsch,-,1519.7,-1.97,1768.55,0.0,82.95,0.66,24,0.0,17,0.0,7,0.0,0,0.0,70.83,0.0,2024-07-01,-,0,-
415,-72,Crowther,-,1519.42,-17.79,1679.1,-39.27,53.23,-7.16,66,12.0,39,4.0,27,8.0,0,0.0,59.09,-5.72,2026-05-05,G,6,563.0
416,new,FrenkDeTank,NL,1518.95,1068.95,1838.17,338.17,106.4,106.4,12,12.0,12,12.0,0,0.0,0,0.0,100.0,100.0,2026-04-15,-,0,-
417,9,Zaij,-,1518.91,20.1,1610.04,19.97,30.38,-0.04,393,18.0,208,15.0,185,3.0,0,0.0,52.93,1.46,2026-04-22,G,2,329.0
418,-9,Kuter,PL,1518.77,14.59,1605.94,13.44,29.06,-0.38,390,24.0,228,16.0,158,8.0,4,0.0,58.46,0.54,2026-04-25,-,0,369.0
419,-39,booyakasha,-,1518.45,-1.5,1714.59,-23.23,65.38,-7.24,36,6.0,22,2.0,14,4.0,0,0.0,61.11,-5.56,2026-03-04,-,0,662.0
420,-49,Die12,IT,1518.36,-5.12,1623.25,0.0,34.96,1.71,297,0.0,165,0.0,128,0.0,4,0.0,55.56,0.0,2026-01-02,-,0,352.0
-,-,vanishadow,CN,1518.12,-2.01,1762.66,0.0,81.52,0.67,30,0.0,23,0.0,7,0.0,0,0.0,76.67,0.0,2023-03-01,-,0,88.0
-,-,Elwen,-,1517.24,-2.33,1728.99,0.0,70.58,0.78,60,0.0,42,0.0,17,0.0,1,0.0,70.0,0.0,2021-06-02,-,0,-
-,-,Radorf,-,1517.14,-3.14,1673.47,0.0,52.11,1.05,120,0.0,65,0.0,55,0.0,0,0.0,54.17,0.0,2023-11-15,M,1,-
421,-23,HopeForLuck,DE,1516.94,8.15,1608.73,7.37,30.6,-0.26,234,18.0,137,13.0,97,5.0,0,0.0,58.55,1.14,2026-04-27,-,0,377.0
-,-,Haubentaucherwelpe,-,1516.54,-3.04,1678.94,0.0,54.14,1.01,90,0.0,55,0.0,34,0.0,1,0.0,61.11,0.0,2025-03-05,-,0,805.0
422,-63,rap2,HK,1516.32,-14.21,1606.08,-12.5,29.92,0.57,333,12.0,159,3.0,171,9.0,3,0.0,47.75,-0.85,2026-04-27,G,6,202.0
423,-36,danilius,IT,1516.17,1.93,1640.41,1.71,41.41,-0.07,207,6.0,102,4.0,105,2.0,0,0.0,49.28,0.52,2026-03-05,P,2,327.0
-,-,vivimaster,IT,1515.97,-3.81,1649.0,0.0,44.34,1.27,198,0.0,121,0.0,77,0.0,0,0.0,61.11,0.0,2025-05-03,-,0,729.0
424,-70,TheKrunk,-,1515.77,-17.76,1645.47,-36.68,43.23,-6.31,90,24.0,56,12.0,33,12.0,1,0.0,62.22,-4.45,2026-04-30,-,0,757.0
-,-,lukaszt,-,1515.46,-1.71,1804.99,0.0,96.51,0.57,48,0.0,41,0.0,6,0.0,1,0.0,85.42,0.0,2023-04-16,M,1,-
-,-,Nucrus,-,1515.44,-1.78,1790.44,0.0,91.66,0.59,24,0.0,18,0.0,6,0.0,0,0.0,75.0,0.0,2024-07-01,-,0,-
-,-,lukejones82,-,1515.28,-2.05,1755.75,0.0,80.16,0.68,24,0.0,16,0.0,8,0.0,0,0.0,66.67,0.0,2025-04-14,-,0,729.0
425,32,IVE,-,1514.61,36.21,1695.71,20.46,60.37,-5.25,42,6.0,23,4.0,18,2.0,1,0.0,54.76,1.98,2026-03-04,-,0,480.0
426,-141,Flower4,-,1514.18,-50.44,1717.69,-102.52,67.84,-17.36,39,12.0,26,4.0,13,8.0,0,0.0,66.67,-14.81,2026-05-06,-,0,931.0
427,-62,Borgmo,DE,1514.14,-12.62,1621.6,-10.42,35.82,0.73,204,6.0,108,0.0,93,6.0,3,0.0,52.94,-1.61,2026-03-14,G,2,410.0
428,new,W1TCH0R,-,1513.97,1063.97,1834.09,334.09,106.71,106.71,12,12.0,12,12.0,0,0.0,0,0.0,100.0,100.0,2026-04-21,-,0,-
429,7,sodalppargkppakee,-,1513.46,24.76,1648.91,14.59,45.15,-3.39,81,12.0,48,7.0,32,5.0,1,0.0,59.26,-0.16,2026-05-03,-,0,422.0
-,-,Bejn,-,1513.02,-2.57,1703.91,0.0,63.63,0.86,60,0.0,37,0.0,22,0.0,1,0.0,61.67,0.0,2022-09-04,-,0,-
-,-,Bonisagius,-,1512.33,-2.71,1697.71,0.0,61.79,0.9,72,0.0,42,0.0,28,0.0,2,0.0,58.33,0.0,2022-03-06,-,0,-
430,-63,Oleksandr,UA,1512.27,-13.21,1640.59,-22.21,42.77,-3.0,93,12.0,52,4.0,41,8.0,0,0.0,55.91,-3.35,2026-04-23,-,0,337.0
431,-37,Spoobill,-,1511.56,1.23,1604.03,-1.92,30.82,-1.05,282,24.0,170,13.0,108,11.0,4,0.0,60.28,-0.57,2026-05-03,-,0,350.0
432,-27,Tim248,-,1510.86,5.26,1704.21,-39.71,64.45,-14.99,48,12.0,34,3.0,14,9.0,0,0.0,70.83,-15.28,2026-05-03,-,0,863.0
-,-,HavardG,-,1510.59,-3.58,1651.57,0.0,46.99,1.19,126,0.0,72,0.0,54,0.0,0,0.0,57.14,0.0,2024-07-01,-,0,-
433,-31,Borman,-,1510.47,3.59,1683.7,-4.66,57.74,-2.75,60,6.0,42,4.0,18,2.0,0,0.0,70.0,-0.37,2026-03-18,-,0,805.0
-,-,dudzik,-,1510.11,-2.77,1687.52,0.0,59.13,0.92,96,0.0,52,0.0,44,0.0,0,0.0,54.17,0.0,2022-03-06,G,4,-
434,-65,MrGekz,PL,1509.93,-14.54,1615.1,-18.69,35.06,-1.38,294,18.0,159,9.0,134,8.0,1,1.0,54.08,-0.27,2026-04-22,G,4,267.0
-,-,Shivian,NL,1509.7,-3.58,1647.87,0.0,46.06,1.19,180,0.0,98,0.0,79,0.0,3,0.0,54.44,0.0,2023-11-15,-,0,-
435,-62,happyboykt,KR,1509.65,-13.28,1608.51,-9.43,32.95,1.28,336,3.0,176,0.0,159,2.0,1,1.0,52.38,-0.47,2026-03-15,G,2,436.0
436,-47,Arkadiussus,PL,1508.97,-4.68,1588.41,-5.83,26.48,-0.38,327,30.0,190,14.0,135,16.0,2,0.0,58.1,-1.16,2026-05-03,-,0,269.0
-,-,Miklos,HU,1508.8,-4.65,1629.53,0.0,40.25,1.55,213,0.0,122,0.0,90,0.0,1,0.0,57.28,0.0,2024-10-01,-,0,1245.0
-,-,Rychlik,CZ,1508.5,-1.68,1799.99,0.0,97.17,0.56,18,0.0,12,0.0,6,0.0,0,0.0,66.67,0.0,2024-04-04,-,0,-
437,-25,JoshyWiggins,GB,1507.82,4.87,1590.57,6.57,27.58,0.57,390,18.0,216,13.0,171,5.0,3,0.0,55.38,0.81,2026-04-25,G,4,346.0
438,-42,Balan,CN,1507.74,-1.51,1832.92,0.0,108.39,0.5,12,0.0,11,0.0,1,0.0,0,0.0,91.67,0.0,2025-07-25,-,0,1051.0
439,-12,GangwonTeacher,-,1506.16,7.86,1663.54,2.14,52.46,-1.91,63,6.0,33,2.0,30,4.0,0,0.0,52.38,-2.01,2026-03-06,-,0,711.0
440,-43,smollov,NL,1506.12,-2.72,1687.15,0.0,60.34,0.91,54,0.0,34,0.0,20,0.0,0,0.0,62.96,0.0,2025-09-16,-,0,920.0
441,-41,Bidenbaum,-,1505.67,-1.7,1793.75,0.0,96.02,0.57,30,0.0,25,0.0,5,0.0,0,0.0,83.33,0.0,2025-08-23,-,0,522.0
442,-39,Ricicle,-,1504.96,-1.5,1596.96,-0.26,30.67,0.41,387,12.0,186,5.0,197,7.0,4,0.0,48.06,-0.21,2026-04-27,P,4,442.0
443,-14,Mike1313,RU,1504.95,7.1,1581.98,7.37,25.68,0.09,447,30.0,224,15.0,219,15.0,4,0.0,50.11,-0.01,2026-05-08,-,0,229.0
-,-,chenstix,-,1504.83,-3.29,1659.1,0.0,51.42,1.1,132,0.0,65,0.0,67,0.0,0,0.0,49.24,0.0,2023-03-01,G,6,-
-,-,Rimuel,-,1504.61,-2.97,1672.46,0.0,55.95,0.99,96,0.0,63,0.0,33,0.0,0,0.0,65.62,0.0,2024-06-02,-,0,-
-,-,Montanor,-,1504.28,-1.81,1776.1,0.0,90.61,0.6,36,0.0,31,0.0,5,0.0,0,0.0,86.11,0.0,2022-09-04,-,0,-
-,-,MoonlitShadow,-,1503.31,-3.58,1642.74,0.0,46.48,1.19,120,0.0,78,0.0,41,0.0,1,0.0,65.0,0.0,2025-01-27,-,0,237.0
-,-,Tandeta,PL,1503.2,-2.31,1716.44,0.0,71.08,0.77,60,0.0,36,0.0,24,0.0,0,0.0,60.0,0.0,2021-06-02,G,4,695.0
-,-,Tshemmp,DE,1502.83,-3.22,1656.66,0.0,51.28,1.07,84,0.0,53,0.0,31,0.0,0,0.0,63.1,0.0,2024-07-01,-,0,-
444,-38,devilchn,-,1502.65,-2.94,1670.96,0.0,56.1,0.98,60,0.0,38,0.0,22,0.0,0,0.0,63.33,0.0,2025-07-28,-,0,496.0
-,-,riccccc,-,1502.35,-4.15,1625.73,0.0,41.13,1.38,186,0.0,105,0.0,78,0.0,3,0.0,56.45,0.0,2025-05-05,G,2,659.0
445,-195,Leeech,FI,1502.34,-88.1,1704.9,-124.55,67.52,-12.15,42,12.0,28,4.0,13,7.0,1,1.0,66.67,-13.33,2026-05-01,-,0,805.0
-,-,goeroezeboe,-,1502.34,-2.14,1735.67,0.0,77.78,0.71,48,0.0,32,0.0,16,0.0,0,0.0,66.67,0.0,2021-03-02,G,2,-
446,-27,MarekP,CZ,1501.87,0.58,1602.68,2.95,33.6,0.79,291,6.0,147,3.0,142,3.0,2,0.0,50.52,-0.01,2026-03-11,G,6,423.0
447,-39,kwojtasz,US,1500.91,-3.56,1638.74,0.0,45.94,1.19,144,0.0,85,0.0,55,0.0,4,0.0,59.03,0.0,2026-01-25,-,0,989.0
448,-72,Radvan,SK,1500.8,-20.66,1587.47,-22.37,28.89,-0.57,276,24.0,145,6.0,130,18.0,1,0.0,52.54,-2.62,2026-04-23,-,0,348.0
449,-36,Nostradamus5321,-,1499.77,-3.12,1659.08,0.0,53.1,1.04,75,0.0,48,0.0,27,0.0,0,0.0,64.0,0.0,2025-12-01,-,0,403.0
-,-,CrystalPete420,-,1499.37,-2.5,1696.75,0.0,65.79,0.83,60,0.0,34,0.0,25,0.0,1,0.0,56.67,0.0,2021-12-05,-,0,989.0
450,10,gaitimes,-,1498.97,22.2,1658.93,13.39,53.32,-2.94,57,6.0,35,3.0,21,2.0,1,1.0,61.4,-1.35,2026-04-29,-,0,783.0
451,-14,exender,-,1498.59,10.47,1702.49,-12.19,67.97,-7.56,36,6.0,23,3.0,13,3.0,0,0.0,63.89,-2.78,2026-03-01,-,0,872.0
452,-27,comant,RU,1497.29,-2.28,1577.73,-1.78,26.82,0.17,468,24.0,257,13.0,208,11.0,3,0.0,54.91,-0.04,2026-05-04,-,0,267.0
-,-,GregP,US,1496.97,-3.38,1645.23,0.0,49.42,1.13,216,0.0,98,0.0,118,0.0,0,0.0,45.37,0.0,2023-03-01,P,6,-
-,-,Dragonheard4,-,1496.94,-2.67,1682.43,0.0,61.83,0.89,51,0.0,36,0.0,15,0.0,0,0.0,70.59,0.0,2024-10-13,-,0,-
-,-,madagelo,-,1496.85,-2.27,1716.38,0.0,73.18,0.76,48,0.0,30,0.0,18,0.0,0,0.0,62.5,0.0,2021-06-02,G,2,-
-,-,Octavian,US,1496.81,-4.69,1609.04,0.0,37.41,1.56,348,0.0,168,0.0,177,0.0,3,0.0,48.28,0.0,2025-04-22,M,1,375.0
453,-38,Bobisko,CZ,1496.68,-5.61,1587.5,-4.17,30.27,0.48,294,12.0,165,6.0,126,6.0,3,0.0,56.12,-0.26,2026-04-28,G,2,384.0
454,-68,Tasku,FI,1496.61,-17.87,1619.46,-39.29,40.95,-7.14,90,24.0,47,7.0,42,17.0,1,0.0,52.22,-8.39,2026-04-25,-,0,561.0
-,-,Allmrak,-,1496.13,-1.67,1789.7,0.0,97.86,0.56,24,0.0,19,0.0,5,0.0,0,0.0,79.17,0.0,2020-03-22,-,0,-
455,-38,Loveschack,DK,1495.97,-5.9,1590.24,0.0,31.42,1.97,384,0.0,217,0.0,164,0.0,3,0.0,56.51,0.0,2026-01-18,-,0,310.0
456,-23,Mephist,LT,1495.79,1.85,1584.6,0.1,29.6,-0.58,231,24.0,117,13.0,113,10.0,1,1.0,50.65,0.41,2026-04-27,-,0,241.0
457,-39,McNulty,US,1495.7,-6.12,1592.38,-3.33,32.23,0.93,312,6.0,152,3.0,157,3.0,3,0.0,48.72,0.03,2026-04-30,-,0,340.0
-,-,Elin,US,1495.59,-3.12,1658.34,0.0,54.25,1.04,120,0.0,70,0.0,50,0.0,0,0.0,58.33,0.0,2022-12-04,-,0,-
-,-,follik,LV,1495.4,-3.32,1645.73,0.0,50.11,1.11,111,0.0,62,0.0,48,0.0,1,0.0,55.86,0.0,2023-11-15,G,2,-
458,323,Depp,CA,1495.22,176.77,1663.85,97.23,56.21,-26.51,57,24.0,39,17.0,18,7.0,0,0.0,68.42,1.75,2026-04-20,-,0,1245.0
459,-36,EmiratesOfHacan,-,1495.2,-4.68,1602.12,0.0,35.64,1.56,264,0.0,156,0.0,107,0.0,1,0.0,59.09,0.0,2026-01-04,-,0,786.0
-,-,sdzy,-,1495.18,-3.15,1653.31,0.0,52.71,1.05,69,0.0,35,0.0,34,0.0,0,0.0,50.72,0.0,2025-06-19,-,0,321.0
-,-,toadstool,-,1494.66,-2.49,1693.53,0.0,66.29,0.83,48,0.0,33,0.0,14,0.0,1,0.0,68.75,0.0,2023-03-01,-,0,-
-,-,jazzbaek,-,1494.0,-1.74,1776.32,0.0,94.11,0.58,24,0.0,16,0.0,8,0.0,0,0.0,66.67,0.0,2021-03-02,-,0,-
-,-,Vlaada,CZ,1493.96,-1.35,1857.19,0.0,121.08,0.45,12,0.0,9,0.0,2,0.0,1,0.0,75.0,0.0,2020-06-28,G,2,-
-,-,jkmushy,-,1493.71,-2.35,1703.74,0.0,70.01,0.78,60,0.0,36,0.0,24,0.0,0,0.0,60.0,0.0,2020-12-06,P,8,-
-,-,Olivyon,-,1492.69,-1.26,1881.49,0.0,129.6,0.42,12,0.0,12,0.0,0,0.0,0,0.0,100.0,0.0,2020-09-27,-,0,-
460,-29,Donni,DE,1492.66,-4.53,1601.85,0.0,36.4,1.51,222,0.0,130,0.0,91,0.0,1,0.0,58.56,0.0,2025-06-24,-,0,253.0
-,-,CoxCz,CZ,1492.35,-3.99,1618.48,0.0,42.04,1.33,156,0.0,92,0.0,64,0.0,0,0.0,58.97,0.0,2025-03-01,G,4,872.0
461,-41,OM_Para,-,1492.26,-8.8,1710.98,-33.5,72.91,-8.23,30,6.0,22,3.0,8,3.0,0,0.0,73.33,-5.84,2026-03-01,-,0,1118.0
462,-48,CloneFish,NL,1491.78,-10.77,1574.69,-8.9,27.64,0.62,468,18.0,248,9.0,216,9.0,4,0.0,52.99,-0.12,2026-05-04,-,0,338.0
463,-35,qhung49,VN,1491.76,-6.1,1594.24,-6.15,34.16,-0.02,414,12.0,203,3.0,200,9.0,11,0.0,49.03,-0.72,2026-04-23,M,2,473.0
464,-18,jonzewiespike,DE,1491.21,6.79,1598.29,8.03,35.69,0.41,153,6.0,85,4.0,67,2.0,1,0.0,55.56,0.46,2026-04-22,-,0,310.0
-,-,K1N9,-,1490.98,-2.05,1732.59,0.0,80.54,0.68,24,0.0,16,0.0,8,0.0,0,0.0,66.67,0.0,2025-04-15,-,0,729.0
465,5,martinxjames,-,1490.41,21.26,1593.12,13.67,34.24,-2.53,147,24.0,83,17.0,64,7.0,0,0.0,56.46,2.8,2026-05-05,-,0,336.0
466,-27,schwam,US,1490.22,2.39,1574.64,-0.11,28.14,-0.83,375,30.0,187,13.0,185,17.0,3,0.0,49.87,-0.56,2026-05-01,-,0,278.0
467,-46,LordHomeOffice,DE,1490.03,-10.98,1577.85,-12.89,29.27,-0.64,273,24.0,140,11.0,133,13.0,0,0.0,51.28,-0.53,2026-04-23,G,2,576.0
-,-,MikeyLear,-,1489.61,-2.67,1673.35,0.0,61.25,0.89,48,0.0,28,0.0,20,0.0,0,0.0,58.33,0.0,2025-03-05,-,0,478.0
468,-46,kuzmich,US,1489.51,-11.36,1596.12,-9.19,35.54,0.72,264,6.0,147,1.0,117,5.0,0,0.0,55.68,-0.91,2026-03-03,G,4,520.0
-,-,HomerJr,US,1489.33,-3.98,1614.22,0.0,41.63,1.33,246,0.0,126,0.0,118,0.0,2,0.0,51.22,0.0,2025-03-01,G,8,805.0
469,-34,SvenSvift,AT,1489.04,-2.18,1715.1,0.0,75.35,0.73,30,0.0,19,0.0,11,0.0,0,0.0,63.33,0.0,2026-01-19,-,0,757.0
470,-36,laozhou,-,1488.91,-3.75,1759.72,-67.71,90.27,-21.32,18,6.0,13,2.0,5,4.0,0,0.0,72.22,-19.45,2026-03-08,-,0,-
-,-,ShiLin,-,1488.75,-2.35,1699.38,0.0,70.21,0.78,48,0.0,32,0.0,16,0.0,0,0.0,66.67,0.0,2022-09-04,-,0,-
-,-,NikeBarbachiara,IT,1488.15,-3.81,1617.96,0.0,43.27,1.27,192,0.0,106,0.0,85,0.0,1,0.0,55.21,0.0,2024-07-01,-,0,-
471,-31,Lammoth,DE,1488.11,1.14,1566.28,2.47,26.06,0.45,483,24.0,279,14.0,199,10.0,5,0.0,57.76,0.03,2026-05-02,-,0,423.0
-,-,Benni,-,1487.75,-3.4,1633.45,0.0,48.57,1.13,144,0.0,75,0.0,68,0.0,1,0.0,52.08,0.0,2023-09-03,G,2,-
472,30,santhosh163,-,1487.38,34.58,1667.93,3.41,60.18,-10.39,42,12.0,25,7.0,17,5.0,0,0.0,59.52,-0.48,2026-05-04,-,0,783.0
473,-12,tronnemann,NO,1486.87,11.07,1569.13,10.95,27.42,-0.04,345,24.0,180,14.0,162,9.0,3,1.0,52.17,0.46,2026-04-22,-,0,333.0
-,-,Elpiereo,-,1486.56,-2.2,1710.28,0.0,74.57,0.73,36,0.0,23,0.0,13,0.0,0,0.0,63.89,0.0,2025-03-04,-,0,757.0
-,-,Lonzo,DE,1486.37,-1.77,1763.65,0.0,92.42,0.59,21,0.0,16,0.0,5,0.0,0,0.0,76.19,0.0,2023-04-16,G,2,-
-,-,Thrune,-,1486.0,-3.15,1642.81,0.0,52.27,1.05,132,0.0,81,0.0,50,0.0,1,0.0,61.36,0.0,2023-03-01,-,0,-
-,-,Rivarama,-,1485.97,-3.32,1639.38,0.0,51.14,1.11,141,0.0,76,0.0,65,0.0,0,0.0,53.9,0.0,2023-11-15,G,2,-
474,-86,lol1,-,1485.85,-27.94,1654.26,-37.13,56.14,-3.07,60,6.0,34,2.0,26,4.0,0,0.0,56.67,-2.59,2026-03-13,-,0,365.0
-,-,Bravo,-,1485.57,-1.98,1733.98,0.0,82.8,0.66,30,0.0,23,0.0,7,0.0,0,0.0,76.67,0.0,2025-01-10,-,0,989.0
475,-13,MattM,-,1485.4,9.84,1620.74,8.85,45.11,-0.33,108,6.0,61,2.0,46,4.0,1,0.0,56.48,-1.36,2026-03-01,-,0,1245.0
476,-23,Tony117,IT,1485.38,4.15,1579.34,7.04,31.32,0.96,264,12.0,136,10.0,126,2.0,2,0.0,51.52,1.52,2026-04-25,-,0,362.0
-,-,FooledTwice,-,1485.32,-4.24,1604.71,0.0,39.8,1.41,180,0.0,102,0.0,77,0.0,1,0.0,56.67,0.0,2025-04-19,G,2,622.0
477,236,DieKrake89,-,1484.89,134.82,1643.75,92.68,52.96,-14.05,57,18.0,35,15.0,20,3.0,2,0.0,61.4,10.12,2026-04-28,G,2,-
-,-,Fingerzam,-,1484.23,-1.95,1735.52,0.0,83.76,0.65,24,0.0,17,0.0,7,0.0,0,0.0,70.83,0.0,2024-07-01,-,0,-
-,-,otis,-,1483.48,-2.02,1726.12,0.0,80.88,0.67,24,0.0,15,0.0,9,0.0,0,0.0,62.5,0.0,2025-04-14,-,0,578.0
478,-40,Rumbleman,US,1483.37,-4.49,1596.71,0.0,37.78,1.5,282,0.0,134,0.0,146,0.0,2,0.0,47.52,0.0,2025-11-30,G,8,638.0
479,-195,Pudroe,-,1482.9,-82.81,1720.64,-124.9,79.25,-14.03,24,6.0,16,0.0,8,6.0,0,0.0,66.67,-22.22,2026-04-30,-,0,1259.0
480,-4,Daniii,-,1482.77,17.07,1574.85,16.18,30.7,-0.3,318,18.0,160,14.0,152,4.0,6,0.0,50.31,1.64,2026-04-27,G,4,189.0
-,-,Galinlik,-,1482.36,-2.12,1719.79,0.0,79.14,0.71,36,0.0,21,0.0,14,0.0,1,0.0,58.33,0.0,2023-06-06,-,0,-
481,-16,wartin,SK,1482.21,9.09,1566.51,11.06,28.1,0.66,558,18.0,257,14.0,296,4.0,5,0.0,46.06,1.06,2026-04-22,P,2,275.0
482,-38,VampireD,HK,1481.8,-3.01,1646.89,0.0,55.03,1.0,63,0.0,40,0.0,23,0.0,0,0.0,63.49,0.0,2025-12-15,-,0,219.0
-,-,Bierfuizl,-,1481.66,-2.24,1704.84,0.0,74.39,0.75,48,0.0,33,0.0,15,0.0,0,0.0,68.75,0.0,2021-09-05,G,2,-
483,63,Cooper,US,1481.16,52.96,1586.68,36.14,35.17,-5.61,135,36.0,71,21.0,63,15.0,1,0.0,52.59,2.08,2026-05-03,-,0,755.0
484,236,Canifex,-,1481.06,134.37,1718.63,22.8,79.19,-37.19,24,12.0,16,7.0,8,5.0,0,0.0,66.67,-8.33,2026-05-03,-,0,-
-,-,Xxchaking,-,1480.96,-2.39,1686.36,0.0,68.47,0.8,48,0.0,32,0.0,16,0.0,0,0.0,66.67,0.0,2022-03-06,-,0,-
485,156,ImmoDoP,-,1480.93,94.41,1724.87,-41.75,81.32,-45.38,24,12.0,16,5.0,8,7.0,0,0.0,66.67,-25.0,2026-05-02,-,0,-
486,50,boonio88,PL,1480.53,46.51,1657.98,12.65,59.15,-11.29,42,12.0,22,5.0,19,7.0,1,0.0,52.38,-4.29,2026-04-23,-,0,939.0
-,-,CrushU,-,1480.49,-3.48,1624.79,0.0,48.1,1.16,165,0.0,81,0.0,80,0.0,4,0.0,49.09,0.0,2025-02-09,G,2,-
-,-,Alexo,-,1480.38,-3.47,1625.84,0.0,48.49,1.16,120,0.0,71,0.0,48,0.0,1,0.0,59.17,0.0,2025-01-17,-,0,1181.0
487,-38,maciek,PL,1480.19,-2.87,1563.15,-1.0,27.65,0.62,474,18.0,253,10.0,218,7.0,3,1.0,53.38,0.09,2026-04-21,-,0,281.0
488,-56,ChunkySam,US,1479.35,-16.87,1628.94,-22.94,49.86,-2.02,75,6.0,48,2.0,27,4.0,0,0.0,64.0,-2.67,2026-04-20,-,0,1106.0
489,-41,Wolar,CZ,1479.16,-4.66,1591.47,0.0,37.44,1.55,198,0.0,110,0.0,86,0.0,2,0.0,55.56,0.0,2025-07-22,-,0,282.0
-,-,Ondra,-,1478.49,-2.43,1680.44,0.0,67.32,0.81,60,0.0,31,0.0,27,0.0,2,0.0,51.67,0.0,2021-06-02,G,8,-
490,28,irule,-,1478.36,32.34,1569.55,28.79,30.4,-1.18,192,24.0,109,18.0,83,6.0,0,0.0,56.77,2.6,2026-04-30,-,0,457.0
-,-,Callumf,AU,1478.29,-2.73,1658.68,0.0,60.13,0.91,72,0.0,41,0.0,29,0.0,2,0.0,56.94,0.0,2022-09-04,-,0,-
491,21,andykr,GB,1477.71,30.83,1563.67,27.57,28.65,-1.09,222,30.0,122,22.0,99,8.0,1,0.0,54.95,2.87,2026-05-02,-,0,442.0
-,-,Horsard,-,1477.22,-2.37,1688.53,0.0,70.44,0.79,51,0.0,28,0.0,23,0.0,0,0.0,54.9,0.0,2025-02-20,-,0,729.0
492,132,humanmoves,-,1477.15,84.56,1611.86,73.68,44.9,-3.63,81,12.0,49,12.0,32,0.0,0,0.0,60.49,6.87,2026-04-23,-,0,454.0
-,-,Mathies,-,1476.7,-3.05,1645.06,0.0,56.12,1.02,102,0.0,55,0.0,46,0.0,1,0.0,53.92,0.0,2023-01-15,G,4,-
493,-86,TribunX,DE,1476.52,-28.24,1556.53,-27.82,26.67,0.14,438,24.0,216,5.0,217,19.0,5,0.0,49.32,-1.65,2026-05-07,-,0,286.0
494,25,BlueCardinal,-,1476.28,30.51,1613.95,18.34,45.89,-4.06,75,12.0,44,7.0,31,5.0,0,0.0,58.67,-0.06,2026-04-24,-,0,1067.0
-,-,DJLAODIE,CN,1476.21,-2.98,1641.6,0.0,55.13,0.99,63,0.0,27,0.0,34,0.0,2,0.0,42.86,0.0,2025-06-12,-,0,340.0
495,-209,poikai2,-,1476.19,-85.98,1760.39,-220.3,94.73,-44.77,24,12.0,16,5.0,8,7.0,0,0.0,66.67,-25.0,2026-04-22,-,0,-
496,-44,Rolls.Royal,DE,1475.72,-5.68,1583.0,-14.95,35.76,-3.09,141,24.0,76,12.0,64,12.0,1,0.0,53.9,-0.8,2026-05-03,-,0,226.0
498,-39,kopu,-,1475.5,-2.45,1677.03,0.0,67.18,0.82,48,0.0,37,0.0,11,0.0,0,0.0,77.08,0.0,2025-10-02,-,0,937.0
497,35,Metil,-,1475.5,38.2,1623.01,34.26,49.17,-1.31,75,6.0,43,5.0,30,0.0,2,1.0,57.33,2.26,2026-03-06,-,0,939.0
499,1,spaceport,-,1475.39,22.4,1609.91,15.45,44.84,-2.32,90,9.0,50,6.0,39,3.0,1,0.0,55.56,1.24,2026-03-18,-,0,444.0
500,-42,Proteus,-,1474.91,-3.06,1562.7,-4.77,29.26,-0.57,309,24.0,160,12.0,147,12.0,2,0.0,51.78,-0.15,2026-05-05,-,0,426.0
-,-,Enki,-,1474.49,-1.85,1739.22,0.0,88.24,0.62,24,0.0,18,0.0,6,0.0,0,0.0,75.0,0.0,2024-07-01,-,0,-
-,-,FFAZ,HK,1473.83,-4.57,1596.48,0.0,40.88,1.52,195,0.0,109,0.0,83,0.0,3,0.0,55.9,0.0,2024-10-01,P,2,-
-,-,Damien.X,-,1473.67,-1.7,1761.54,0.0,95.96,0.57,18,0.0,14,0.0,4,0.0,0,0.0,77.78,0.0,2025-03-01,-,0,805.0
-,-,sorpy,KR,1473.63,-4.22,1596.68,0.0,41.02,1.41,147,0.0,85,0.0,61,0.0,1,0.0,57.82,0.0,2025-03-02,-,0,794.0
-,-,DarthPsyonic,-,1473.51,-2.83,1646.72,0.0,57.74,0.94,96,0.0,49,0.0,46,0.0,1,0.0,51.04,0.0,2022-06-05,P,4,-
-,-,EvilBen,GB,1473.37,-1.68,1764.52,0.0,97.05,0.56,18,0.0,12,0.0,6,0.0,0,0.0,66.67,0.0,2023-04-16,-,0,-
-,-,_sleepwalker,-,1472.11,-3.91,1600.0,0.0,42.63,1.3,150,0.0,89,0.0,60,0.0,1,0.0,59.33,0.0,2025-03-11,-,0,805.0
501,-56,sttailtw,-,1472.1,-12.53,1553.03,-11.79,26.97,0.25,444,24.0,215,5.0,227,19.0,2,0.0,48.42,-1.58,2026-05-03,-,0,419.0
-,-,Eatoreded,-,1471.35,-3.26,1628.71,0.0,52.45,1.09,132,0.0,73,0.0,58,0.0,1,0.0,55.3,0.0,2023-03-01,-,0,-
502,-38,jokerchai,-,1470.91,-3.45,1614.88,0.0,47.99,1.15,126,0.0,73,0.0,53,0.0,0,0.0,57.94,0.0,2026-01-18,-,0,-
503,-10,Mario86,IT,1470.64,14.74,1605.29,11.78,44.88,-0.99,126,6.0,68,4.0,57,2.0,1,0.0,53.97,0.64,2026-03-08,G,4,346.0
504,7,BemuthBambai,DE,1470.61,21.54,1612.55,18.53,47.31,-1.0,90,6.0,49,4.0,40,2.0,1,0.0,54.44,0.87,2026-03-10,-,0,616.0
505,304,Aekk,-,1470.6,167.46,1746.31,104.98,91.9,-20.83,18,6.0,11,4.0,7,2.0,0,0.0,61.11,2.78,2026-03-04,-,0,-
506,-64,pepikos,NL,1470.25,-15.88,1619.39,-19.47,49.72,-1.2,78,6.0,38,0.0,38,6.0,2,0.0,48.72,-4.06,2026-03-13,-,0,805.0
507,35,RiteInUrEye,CA,1469.66,38.81,1619.36,22.53,49.9,-5.43,90,12.0,55,7.0,35,5.0,0,0.0,61.11,-0.43,2026-05-10,-,0,-
-,-,Kelume,-,1469.31,-2.2,1692.08,0.0,74.26,0.73,48,0.0,29,0.0,18,0.0,1,0.0,60.42,0.0,2021-06-02,G,2,-
-,-,Woodmouth,NO,1469.22,-3.08,1630.96,0.0,53.91,1.03,93,0.0,49,0.0,44,0.0,0,0.0,52.69,0.0,2023-11-15,-,0,-
-,-,CPC_CHAIRMAN,-,1469.03,-3.47,1618.61,0.0,49.86,1.16,102,0.0,58,0.0,44,0.0,0,0.0,56.86,0.0,2024-07-15,-,0,-
-,-,Jordanian,NL,1468.9,-2.43,1671.51,0.0,67.54,0.81,72,0.0,46,0.0,26,0.0,0,0.0,63.89,0.0,2022-03-06,-,0,-
-,-,Sune,-,1468.27,-1.49,1797.53,0.0,109.75,0.5,24,0.0,19,0.0,5,0.0,0,0.0,79.17,0.0,2020-09-27,-,0,-
508,-35,Prautim,-,1467.79,0.62,1606.53,-11.79,46.25,-4.14,90,12.0,40,4.0,49,8.0,1,0.0,44.44,-1.71,2026-05-12,-,0,729.0
-,-,Gobos,ET,1467.46,-3.04,1632.25,0.0,54.93,1.01,120,0.0,67,0.0,53,0.0,0,0.0,55.83,0.0,2022-09-04,-,0,-
509,-1,BirdOfPreyyy,RU,1467.35,17.04,1603.54,6.63,45.4,-3.47,93,12.0,52,7.0,40,5.0,1,0.0,55.91,0.35,2026-04-20,-,0,210.0
510,130,ElTanque35,IT,1467.04,80.32,1605.76,65.48,46.24,-4.95,81,18.0,46,15.0,34,2.0,1,1.0,56.79,7.58,2026-04-29,-,0,805.0
-,-,ranch99,US,1467.04,-3.24,1622.91,0.0,51.96,1.08,120,0.0,63,0.0,53,0.0,4,0.0,52.5,0.0,2025-04-23,GM,1,578.0
-,-,keizerCarel,-,1466.92,-2.56,1662.16,0.0,65.08,0.85,42,0.0,29,0.0,13,0.0,0,0.0,69.05,0.0,2025-03-01,-,0,684.0
-,-,jcc,-,1466.43,-2.85,1644.84,0.0,59.47,0.95,96,0.0,63,0.0,32,0.0,1,0.0,65.62,0.0,2022-09-04,-,0,-
511,-12,Gandy,-,1466.39,13.18,1593.01,5.0,42.21,-2.73,93,12.0,48,7.0,45,5.0,0,0.0,51.61,0.99,2026-04-24,-,0,555.0
-,-,lukewong,-,1466.0,-2.17,1691.97,0.0,75.33,0.72,36,0.0,27,0.0,9,0.0,0,0.0,75.0,0.0,2022-03-06,-,0,-
-,-,Pripek,FR,1465.84,-2.89,1635.8,0.0,56.66,0.96,84,0.0,53,0.0,31,0.0,0,0.0,63.1,0.0,2024-04-04,-,0,-
512,-14,Teraspena,FI,1465.41,11.81,1558.67,12.95,31.09,0.38,384,12.0,194,9.0,189,3.0,1,0.0,50.52,0.79,2026-04-24,-,0,634.0
-,-,fielmann,EE,1465.13,-2.68,1648.99,0.0,61.29,0.89,75,0.0,46,0.0,29,0.0,0,0.0,61.33,0.0,2023-03-01,G,2,-
-,-,Traumatan,DE,1464.98,-2.96,1638.46,0.0,57.83,0.99,78,0.0,42,0.0,35,0.0,1,0.0,53.85,0.0,2024-11-21,-,0,1287.0
-,-,Siccarius,US,1464.9,-3.52,1605.43,0.0,46.84,1.17,138,0.0,78,0.0,60,0.0,0,0.0,56.52,0.0,2024-06-02,P,2,-
-,-,Xovion,-,1464.77,-2.37,1671.86,0.0,69.03,0.79,72,0.0,47,0.0,23,0.0,2,0.0,65.28,0.0,2021-09-05,-,0,-
513,-32,Sarek,DE,1464.74,0.37,1551.7,0.88,28.99,0.17,357,18.0,181,10.0,176,8.0,0,0.0,50.7,0.26,2026-04-30,-,0,255.0
-,-,CabalSociety,-,1464.54,-2.54,1660.1,0.0,65.19,0.85,72,0.0,51,0.0,21,0.0,0,0.0,70.83,0.0,2023-03-01,-,0,-
514,0,NapoleonB,PL,1464.07,17.88,1618.01,1.23,51.31,-5.55,72,12.0,37,4.0,35,8.0,0,0.0,51.39,-3.61,2026-05-02,-,0,989.0
515,-60,refs,NO,1463.93,-15.67,1593.71,-24.84,43.26,-3.06,87,12.0,46,3.0,41,9.0,0,0.0,52.87,-4.46,2026-05-06,-,0,394.0
-,-,Ferguse72,-,1463.75,-1.58,1774.61,0.0,103.62,0.53,18,0.0,16,0.0,2,0.0,0,0.0,88.89,0.0,2024-04-04,-,0,-
516,-42,seviech,-,1463.26,-3.56,1549.33,-1.17,28.69,0.8,426,12.0,220,6.0,203,6.0,3,0.0,51.64,-0.05,2026-04-16,-,0,406.0
517,-40,mugumagu,-,1463.13,-2.17,1691.87,0.0,76.25,0.72,30,0.0,19,0.0,11,0.0,0,0.0,63.33,0.0,2026-01-08,-,0,805.0
518,-34,DanielEss,-,1462.79,0.23,1731.9,-52.14,89.7,-17.46,18,6.0,13,3.0,4,3.0,1,0.0,72.22,-11.11,2026-03-01,-,0,-
-,-,Woodenman,-,1462.72,-3.59,1605.33,0.0,47.54,1.2,204,0.0,90,0.0,114,0.0,0,0.0,44.12,0.0,2024-03-03,P,4,-
519,-29,yliu386,AU,1462.7,5.69,1624.86,-18.98,54.05,-8.23,60,12.0,31,4.0,29,8.0,0,0.0,51.67,-4.58,2026-05-12,-,0,529.0
520,-77,Cat12,CN,1462.14,-23.27,1555.76,-24.55,31.21,-0.43,243,18.0,126,4.0,116,14.0,1,0.0,51.85,-2.37,2026-05-05,-,0,338.0
521,-43,NoswordKnight,CN,1462.02,-3.21,1619.71,0.0,52.57,1.07,72,0.0,40,0.0,32,0.0,0,0.0,55.56,0.0,2025-12-01,-,0,805.0
522,-121,Ilidur,-,1461.57,-45.51,1640.46,-58.28,59.63,-4.26,48,6.0,26,0.0,21,6.0,1,0.0,54.17,-7.73,2026-03-05,-,0,805.0
-,-,cookieben,-,1461.44,-2.3,1677.3,0.0,71.95,0.77,48,0.0,31,0.0,17,0.0,0,0.0,64.58,0.0,2021-09-05,G,2,-
523,-41,SaMatra,-,1461.08,-3.05,1622.67,0.0,53.86,1.02,57,0.0,28,0.0,28,0.0,1,0.0,49.12,0.0,2026-01-27,-,0,1278.0
-,-,yood,-,1460.83,-2.5,1658.04,0.0,65.74,0.83,60,0.0,31,0.0,28,0.0,1,0.0,51.67,0.0,2021-12-05,G,2,-
-,-,GoodSentinel,-,1460.76,-2.82,1634.67,0.0,57.97,0.94,84,0.0,52,0.0,32,0.0,0,0.0,61.9,0.0,2022-12-04,-,0,-
-,-,modjoaq,-,1460.7,-2.58,1653.01,0.0,64.11,0.86,60,0.0,35,0.0,25,0.0,0,0.0,58.33,0.0,2022-06-05,-,0,-
-,-,zalarg,-,1460.56,-3.27,1614.02,0.0,51.15,1.09,84,0.0,48,0.0,36,0.0,0,0.0,57.14,0.0,2024-09-04,-,0,-
-,-,markino,-,1460.46,-2.38,1668.24,0.0,69.26,0.79,60,0.0,32,0.0,28,0.0,0,0.0,53.33,0.0,2021-03-02,G,6,-
524,341,xy-y,-,1460.05,180.85,1734.85,108.36,91.6,-24.16,18,6.0,12,5.0,6,1.0,0,0.0,66.67,8.34,2026-03-03,-,0,-
-,-,Jii77,-,1460.0,-2.79,1636.73,0.0,58.91,0.93,96,0.0,50,0.0,46,0.0,0,0.0,52.08,0.0,2022-03-06,G,4,-
525,-45,Krayze,GB,1459.59,-4.96,1575.99,0.0,38.8,1.65,141,0.0,78,0.0,56,0.0,7,0.0,55.32,0.0,2025-12-01,-,0,300.0
-,-,Stobek,-,1459.57,-3.01,1623.33,0.0,54.59,1.0,84,0.0,50,0.0,33,0.0,1,0.0,59.52,0.0,2024-04-04,-,0,-
-,-,ttaf,-,1459.54,-1.49,1787.58,0.0,109.35,0.5,12,0.0,12,0.0,0,0.0,0,0.0,100.0,0.0,2022-12-04,-,0,-
526,-39,TheElk,US,1458.57,-0.99,1546.17,-0.75,29.2,0.08,363,18.0,187,11.0,175,7.0,1,0.0,51.52,0.51,2026-04-24,-,0,289.0
527,2,LukeHeinz57,-,1458.5,19.92,1639.11,-12.72,60.2,-10.88,48,12.0,30,6.0,18,6.0,0,0.0,62.5,-4.17,2026-05-12,-,0,-
-,-,Torzelan,-,1458.4,-2.38,1664.86,0.0,68.82,0.79,42,0.0,29,0.0,12,0.0,1,0.0,69.05,0.0,2023-04-16,-,0,-
528,-24,Herdeksunek,CZ,1457.68,6.51,1543.99,6.93,28.77,0.14,279,18.0,138,11.0,141,7.0,0,0.0,49.46,0.8,2026-04-29,-,0,362.0
529,-28,Nicks,CA,1457.6,4.77,1557.42,4.75,33.27,-0.01,318,12.0,153,8.0,161,4.0,4,0.0,48.11,0.72,2026-04-19,-,0,630.0
-,-,Szumo,-,1457.57,-2.14,1691.56,0.0,78.0,0.71,48,0.0,30,0.0,18,0.0,0,0.0,62.5,0.0,2021-06-02,G,2,-
-,-,Aquir,-,1457.2,-1.94,1710.41,0.0,84.4,0.65,54,0.0,35,0.0,17,0.0,2,0.0,64.81,0.0,2018-10-07,-,0,-
-,-,hannes10001,-,1456.86,-2.39,1661.49,0.0,68.21,0.8,60,0.0,34,0.0,26,0.0,0,0.0,56.67,0.0,2021-06-02,-,0,-
530,-62,nerficya,US,1456.55,-14.12,1568.1,-24.17,37.18,-3.35,111,24.0,44,10.0,66,14.0,1,0.0,39.64,0.56,2026-04-22,-,0,157.0
-,-,MickeyStein,-,1456.42,-3.58,1598.63,0.0,47.4,1.19,117,0.0,70,0.0,47,0.0,0,0.0,59.83,0.0,2024-09-04,-,0,-
531,-65,Bergen,NO,1456.42,-15.0,1540.4,-13.36,27.99,0.55,477,18.0,251,7.0,221,11.0,5,0.0,52.62,-0.54,2026-04-26,G,6,386.0
532,-44,CardinalBadger,-,1456.23,-2.59,1646.26,0.0,63.35,0.86,48,0.0,29,0.0,19,0.0,0,0.0,60.42,0.0,2026-01-08,-,0,872.0
533,unretired,wombats111,-,1456.22,-38.99,1641.92,-50.77,61.9,-3.93,72,12.0,37,7.0,34,5.0,1,0.0,51.39,1.39,2026-04-15,G,4,-
534,-48,migoet,BE,1455.76,-4.26,1537.47,-2.23,27.24,0.68,474,18.0,239,8.0,234,10.0,1,0.0,50.42,-0.24,2026-04-20,-,0,378.0
535,-15,Thomi,-,1455.46,11.23,1554.66,8.24,33.07,-1.0,270,18.0,130,10.0,135,7.0,5,1.0,48.15,0.53,2026-04-28,-,0,725.0
536,-57,tkornai,HU,1455.42,-9.55,1614.0,-17.7,52.86,-2.72,84,6.0,55,2.0,29,4.0,0,0.0,65.48,-2.47,2026-05-07,-,0,-
537,-22,JohnyT,SK,1454.67,8.52,1567.63,-0.18,37.65,-2.9,123,24.0,67,13.0,56,11.0,0,0.0,54.47,-0.08,2026-04-28,-,0,522.0
-,-,cs2376jr,US,1454.41,-2.0,1700.09,0.0,81.89,0.67,24,0.0,16,0.0,8,0.0,0,0.0,66.67,0.0,2025-04-24,-,0,729.0
538,-63,Kejml,CZ,1454.04,-12.05,1546.88,-10.55,30.95,0.5,402,12.0,198,4.0,201,7.0,3,1.0,49.25,-0.49,2026-04-21,G,6,259.0
-,-,Alessannr,-,1453.61,-3.9,1580.92,0.0,42.44,1.3,192,0.0,101,0.0,91,0.0,0,0.0,52.6,0.0,2024-09-04,-,0,-
-,-,BureRF,-,1452.8,-3.23,1605.94,0.0,51.05,1.08,84,0.0,42,0.0,41,0.0,1,0.0,50.0,0.0,2025-03-01,-,0,687.0
-,-,elracha,PT,1452.79,-3.3,1603.43,0.0,50.21,1.1,171,0.0,102,0.0,68,0.0,1,0.0,59.65,0.0,2023-06-04,-,0,-
-,-,Decolonization,JP,1452.79,-2.24,1671.83,0.0,73.01,0.75,48,0.0,31,0.0,17,0.0,0,0.0,64.58,0.0,2023-03-01,G,6,-
539,-50,Iosefvs,-,1452.64,-4.58,1560.76,0.0,36.04,1.53,324,0.0,165,0.0,155,0.0,4,0.0,50.93,0.0,2026-01-05,-,0,681.0
-,-,DukeAtreides,-,1452.26,-3.27,1605.02,0.0,50.92,1.09,120,0.0,63,0.0,55,0.0,2,0.0,52.5,0.0,2024-07-15,-,0,-
-,-,HotShot53,-,1452.22,-1.76,1731.83,0.0,93.2,0.59,18,0.0,12,0.0,6,0.0,0,0.0,66.67,0.0,2025-03-20,-,0,872.0
-,-,Taeybae,-,1451.93,-1.8,1724.3,0.0,90.79,0.6,18,0.0,11,0.0,7,0.0,0,0.0,61.11,0.0,2025-03-01,-,0,757.0
540,-34,Csannerud,NO,1451.7,1.02,1533.51,2.85,27.27,0.61,438,18.0,236,11.0,200,7.0,2,0.0,53.88,0.31,2026-04-20,-,0,394.0
541,-50,Twistor,FI,1451.63,-4.85,1577.19,-6.45,41.85,-0.53,93,6.0,59,2.0,33,3.0,1,1.0,63.44,-2.08,2026-03-12,-,0,679.0
542,-46,Daru,PL,1451.46,-3.5,1592.25,0.0,46.93,1.17,72,0.0,45,0.0,27,0.0,0,0.0,62.5,0.0,2026-01-28,-,0,751.0
543,-51,GunKer,-,1451.19,-4.78,1563.43,0.0,37.41,1.59,258,0.0,127,0.0,128,0.0,3,0.0,49.22,0.0,2025-07-28,G,2,224.0
544,107,chobodrone,-,1451.17,69.25,1686.15,-40.35,78.33,-36.53,24,12.0,14,5.0,10,7.0,0,0.0,58.33,-16.67,2026-05-03,-,0,-
545,-50,NRoy,US,1450.84,-4.46,1564.34,0.0,37.83,1.49,129,0.0,73,0.0,55,0.0,1,0.0,56.59,0.0,2026-02-14,-,0,616.0
-,-,Vaalna,-,1450.38,-1.25,1843.34,0.0,130.99,0.42,12,0.0,11,0.0,1,0.0,0,0.0,91.67,0.0,2024-02-23,-,0,-
546,-75,Paoloco,-,1449.68,-18.69,1548.52,-18.61,32.94,0.03,318,12.0,169,4.0,149,8.0,0,0.0,53.14,-0.78,2026-04-17,G,2,552.0
-,-,Cadrach,-,1449.38,-2.92,1620.24,0.0,56.95,0.97,108,0.0,55,0.0,52,0.0,1,0.0,50.93,0.0,2022-06-05,G,4,-
547,-44,petki,-,1449.26,-2.64,1639.03,0.0,63.26,0.88,72,0.0,46,0.0,26,0.0,0,0.0,63.89,0.0,2026-01-20,-,0,-
548,163,Banderjax,-,1449.26,98.09,1637.74,51.54,62.83,-15.52,36,12.0,25,9.0,11,3.0,0,0.0,69.44,2.77,2026-04-28,-,0,1271.0
-,-,Asaf,IL,1448.83,-3.42,1597.65,0.0,49.61,1.14,105,0.0,59,0.0,46,0.0,0,0.0,56.19,0.0,2024-04-04,-,0,-
549,-52,Bookhouseboy,NO,1448.74,-5.99,1537.48,-6.14,29.58,-0.05,375,18.0,193,6.0,179,12.0,3,0.0,51.47,-0.91,2026-04-27,-,0,456.0
-,-,Arcee,-,1447.96,-1.66,1742.79,0.0,98.28,0.55,30,0.0,22,0.0,8,0.0,0,0.0,73.33,0.0,2023-03-01,M,2,184.0
-,-,Biancus,IT,1447.91,-3.53,1589.96,0.0,47.35,1.18,129,0.0,67,0.0,61,0.0,1,0.0,51.94,0.0,2025-03-10,-,0,805.0
550,-9,theussner79,DE,1446.94,15.94,1528.85,17.5,27.3,0.52,414,18.0,196,13.0,211,5.0,7,0.0,47.34,1.13,2026-04-20,-,0,356.0
551,-68,opatulony,PL,1446.51,-17.25,1541.11,-16.09,31.53,0.39,324,12.0,165,4.0,157,8.0,2,0.0,50.93,-0.67,2026-04-25,-,0,368.0
-,-,Vienneau,-,1446.28,-2.08,1681.97,0.0,78.57,0.69,48,0.0,30,0.0,18,0.0,0,0.0,62.5,0.0,2019-12-30,-,0,-
552,-42,shiro0405,JP,1446.03,-3.23,1600.01,0.0,51.33,1.08,69,0.0,37,0.0,30,0.0,2,0.0,53.62,0.0,2026-01-16,-,0,939.0
553,-44,jSan,-,1445.92,-4.26,1565.15,0.0,39.74,1.42,174,0.0,90,0.0,84,0.0,0,0.0,51.72,0.0,2025-07-12,-,0,343.0
554,241,Loscy,-,1445.58,134.8,1661.39,106.15,71.94,-9.55,30,6.0,19,6.0,11,0.0,0,0.0,63.33,9.16,2026-03-02,-,0,-
-,-,Alfredbob,-,1445.28,-1.94,1698.57,0.0,84.43,0.65,36,0.0,24,0.0,11,0.0,1,0.0,66.67,0.0,2020-12-06,-,0,-
555,-29,timaeus,-,1444.91,5.17,1651.06,-10.52,68.72,-5.23,48,6.0,26,1.0,21,5.0,1,0.0,54.17,-5.35,2026-03-05,-,0,-
-,-,ChinaWanping,-,1444.85,-1.74,1726.63,0.0,93.93,0.58,24,0.0,20,0.0,4,0.0,0,0.0,83.33,0.0,2021-09-05,-,0,-
556,255,Hotti180,DE,1444.39,141.67,1607.3,89.97,54.3,-17.23,60,24.0,31,16.0,29,8.0,0,0.0,51.67,10.0,2026-05-12,-,0,-
557,-44,Antigua,HU,1444.27,-2.41,1641.11,-20.97,65.61,-6.19,36,6.0,21,3.0,15,3.0,0,0.0,58.33,-1.67,2026-03-12,-,0,757.0
-,-,NyaLala,-,1444.15,-2.0,1689.41,0.0,81.75,0.67,36,0.0,21,0.0,15,0.0,0,0.0,58.33,0.0,2020-12-06,-,0,-
558,8,Alfonsillo,-,1443.92,26.01,1576.59,17.56,44.23,-2.82,87,12.0,47,9.0,38,3.0,2,0.0,54.02,3.35,2026-04-20,-,0,1067.0
-,-,Fapoleon,-,1443.84,-2.95,1616.57,0.0,57.58,0.98,72,0.0,46,0.0,26,0.0,0,0.0,63.89,0.0,2024-07-01,-,0,-
559,91,Minik,-,1443.73,61.73,1645.59,39.57,67.29,-7.39,36,6.0,20,4.0,16,2.0,0,0.0,55.56,2.23,2026-03-02,-,0,872.0
560,-39,PyBel,ES,1443.67,0.35,1569.99,-0.82,42.11,-0.39,177,6.0,90,2.0,86,4.0,1,0.0,50.85,-0.61,2026-03-02,G,2,729.0
-,-,KrwawyPysio,-,1443.24,-1.85,1708.62,0.0,88.46,0.62,24,0.0,15,0.0,9,0.0,0,0.0,62.5,0.0,2024-07-01,-,0,-
-,-,Pirigin,-,1442.98,-1.94,1696.11,0.0,84.38,0.65,24,0.0,17,0.0,6,0.0,1,0.0,70.83,0.0,2024-04-04,-,0,-
561,26,Azerbaperro,-,1442.85,34.62,1656.85,8.28,71.33,-8.78,30,6.0,19,4.0,11,2.0,0,0.0,63.33,0.83,2026-03-12,-,0,989.0
-,-,Bullya,-,1442.57,-3.28,1593.24,0.0,50.22,1.09,147,0.0,83,0.0,61,0.0,3,0.0,56.46,0.0,2023-06-04,-,0,-
562,-32,stefano-prof,-,1442.35,3.89,1550.89,1.8,36.18,-0.7,228,12.0,119,6.0,107,6.0,2,0.0,52.19,-0.12,2026-04-20,G,2,1057.0
563,39,Stedam,-,1441.96,39.82,1656.79,17.31,71.61,-7.5,36,6.0,24,4.0,12,2.0,0,0.0,66.67,0.0,2026-03-05,-,0,939.0
-,-,colonize_N,-,1441.44,-1.87,1702.94,0.0,87.17,0.62,36,0.0,24,0.0,12,0.0,0,0.0,66.67,0.0,2020-12-06,-,0,-
-,-,gnoliy,-,1441.01,-2.25,1660.18,0.0,73.06,0.75,48,0.0,27,0.0,21,0.0,0,0.0,56.25,0.0,2021-03-02,P,2,-
-,-,KindFortress,-,1440.95,-4.08,1567.26,0.0,42.1,1.36,210,0.0,115,0.0,92,0.0,3,0.0,54.76,0.0,2024-11-19,-,0,1287.0
-,-,Honigbaer,DE,1440.88,-3.88,1573.34,0.0,44.15,1.29,195,0.0,112,0.0,80,0.0,3,0.0,57.44,0.0,2024-06-02,-,0,-
-,-,Tanario,DK,1439.3,-3.11,1602.7,0.0,54.47,1.04,78,0.0,48,0.0,30,0.0,0,0.0,61.54,0.0,2024-07-01,-,0,-
-,-,PiotrekB,-,1438.66,-4.0,1563.53,0.0,41.62,1.33,216,0.0,120,0.0,95,0.0,1,0.0,55.56,0.0,2025-01-28,-,0,1280.0
-,-,Fane,BE,1438.41,-3.07,1601.94,0.0,54.51,1.02,156,0.0,94,0.0,61,0.0,1,0.0,60.26,0.0,2023-03-01,P,2,-
564,253,vito,-,1438.34,140.67,1665.62,44.97,75.76,-31.9,24,12.0,15,7.0,9,5.0,0,0.0,62.5,-4.17,2026-04-24,-,0,-
565,-18,Deschain,-,1437.79,10.16,1569.72,8.24,43.98,-0.64,126,6.0,66,3.0,60,3.0,0,0.0,52.38,-0.12,2026-03-01,P,2,-
566,255,Michcio,-,1437.22,142.18,1592.24,84.39,51.67,-19.26,60,24.0,37,17.0,23,7.0,0,0.0,61.67,6.11,2026-04-22,-,0,1241.0
-,-,Snatser,-,1436.78,-3.44,1581.52,0.0,48.25,1.15,126,0.0,75,0.0,51,0.0,0,0.0,59.52,0.0,2024-09-04,-,0,1054.0
567,-39,JoopHuizinga,-,1435.65,-2.96,1553.45,-19.49,39.26,-5.51,111,24.0,59,11.0,51,13.0,1,0.0,53.15,-2.02,2026-04-24,-,0,852.0
-,-,Amitke,IL,1435.48,-2.91,1604.65,0.0,56.39,0.97,69,0.0,36,0.0,33,0.0,0,0.0,52.17,0.0,2024-06-16,-,0,-
-,-,TheBiggerE,-,1435.48,-2.56,1628.77,0.0,64.43,0.85,72,0.0,43,0.0,28,0.0,1,0.0,59.72,0.0,2021-12-05,-,0,-
568,-3,Bull3,-,1435.3,17.13,1619.65,-21.43,61.45,-12.85,42,12.0,23,4.0,19,8.0,0,0.0,54.76,-8.57,2026-04-26,-,0,805.0
569,95,J0hnny_Utah7,CA,1435.12,59.27,1607.49,34.35,57.46,-8.31,57,12.0,34,6.0,23,6.0,0,0.0,59.65,-2.57,2026-05-05,-,0,989.0
570,-101,woodabooga,-,1434.94,-34.79,1560.3,-47.55,41.79,-4.26,93,18.0,46,3.0,47,15.0,0,0.0,49.46,-7.87,2026-05-06,-,0,543.0
571,3,larshb,DK,1434.68,22.37,1522.36,21.3,29.23,-0.36,333,24.0,162,17.0,168,7.0,3,0.0,48.65,1.72,2026-04-25,G,2,372.0
572,-41,Kermit19,-,1434.64,-3.22,1565.3,-5.49,43.55,-0.76,99,6.0,53,3.0,46,3.0,0,0.0,53.54,-0.22,2026-04-25,-,0,403.0
573,-56,Kaczas,PL,1434.58,-11.55,1576.71,-15.0,47.38,-1.15,90,6.0,50,1.0,40,5.0,0,0.0,55.56,-2.77,2026-03-01,-,0,536.0
574,1,justinkejs,-,1433.28,20.99,1553.35,17.27,40.02,-1.24,171,12.0,92,6.0,78,6.0,1,0.0,53.8,-0.29,2026-05-03,G,6,805.0
-,-,Black8,-,1433.12,-2.31,1645.57,0.0,70.82,0.77,42,0.0,23,0.0,19,0.0,0,0.0,54.76,0.0,2024-04-04,-,0,-
-,-,Olivier000,FR,1433.02,-4.59,1548.79,0.0,38.59,1.53,267,0.0,125,0.0,141,0.0,1,0.0,46.82,0.0,2025-02-12,-,0,805.0
575,-30,Captn4wesome,DE,1432.97,4.65,1532.75,1.48,33.26,-1.06,183,18.0,88,7.0,94,11.0,1,0.0,48.09,-1.0,2026-05-02,-,0,387.0
-,-,Ado,-,1432.96,-2.92,1609.34,0.0,58.79,0.97,108,0.0,54,0.0,54,0.0,0,0.0,50.0,0.0,2022-03-06,G,2,1245.0
-,-,Krzesimyr,-,1432.89,-1.17,1849.63,0.0,138.91,0.39,12,0.0,11,0.0,1,0.0,0,0.0,91.67,0.0,2020-09-27,G,2,-
-,-,LadyWhale,-,1432.58,-2.52,1627.93,0.0,65.12,0.84,72,0.0,37,0.0,33,0.0,2,0.0,51.39,0.0,2023-03-01,-,0,-
576,-125,Hysen,GB,1432.52,-49.73,1537.16,-52.57,34.88,-0.95,156,15.0,81,0.0,73,14.0,2,1.0,51.92,-5.53,2026-04-16,-,0,261.0
-,-,Talbatross,-,1432.24,-3.57,1571.52,0.0,46.43,1.19,156,0.0,85,0.0,70,0.0,1,0.0,54.49,0.0,2024-04-04,-,0,-
577,9,SKJaCaRD,FR,1431.61,23.23,1524.82,21.26,31.07,-0.65,201,18.0,103,12.0,98,6.0,0,0.0,51.24,1.51,2026-04-28,-,0,432.0
578,-41,Pshemo,-,1431.36,-2.46,1529.65,-4.95,32.76,-0.83,207,18.0,102,8.0,104,9.0,1,1.0,49.28,-0.46,2026-04-13,-,0,305.0
579,-20,Cresspahl,US,1431.27,10.86,1528.22,11.02,32.32,0.05,177,12.0,94,8.0,83,4.0,0,0.0,53.11,0.99,2026-05-03,-,0,355.0
-,-,MrMacacavoy,-,1431.14,-1.48,1762.11,0.0,110.32,0.49,12,0.0,8,0.0,4,0.0,0,0.0,66.67,0.0,2023-03-01,-,0,-
580,53,rizor,-,1430.86,41.5,1660.4,2.29,76.52,-13.07,30,6.0,19,3.0,11,3.0,0,0.0,63.33,-3.34,2026-03-04,-,0,989.0
581,-3,deandedean,-,1430.82,19.02,1645.05,-8.44,71.41,-9.15,30,6.0,19,3.0,11,3.0,0,0.0,63.33,-3.34,2026-03-01,-,0,989.0
582,74,Bromios,US,1430.6,51.86,1610.16,40.48,59.85,-3.79,54,6.0,33,4.0,21,2.0,0,0.0,61.11,0.69,2026-03-01,-,0,989.0
583,-59,MBlueMan,CA,1430.6,-10.49,1530.64,-8.11,33.35,0.79,276,6.0,134,1.0,141,5.0,1,0.0,48.55,-0.71,2026-04-28,-,0,463.0
584,-45,creamyalfredo,-,1430.38,-2.55,1624.14,0.0,64.58,0.85,36,0.0,25,0.0,11,0.0,0,0.0,69.44,0.0,2026-01-09,-,0,937.0
585,-63,Tuty,SK,1430.29,-12.21,1529.82,-11.78,33.18,0.14,318,12.0,161,2.0,153,10.0,4,0.0,50.63,-1.33,2026-04-21,-,0,652.0
-,-,mpilb,-,1430.22,-1.56,1743.91,0.0,104.56,0.52,24,0.0,16,0.0,8,0.0,0,0.0,66.67,0.0,2020-09-27,-,0,-
-,-,Guarddoesntsurrender,-,1430.14,-1.44,1770.63,0.0,113.5,0.48,12,0.0,12,0.0,0,0.0,0,0.0,100.0,0.0,2022-09-04,-,0,-
586,-48,nattee,TH,1429.87,-3.14,1522.84,-2.42,30.99,0.24,369,12.0,176,6.0,192,6.0,1,0.0,47.7,0.08,2026-04-22,-,0,429.0
587,96,llsgnm,-,1429.82,64.13,1581.72,46.54,50.63,-5.86,60,12.0,38,10.0,22,2.0,0,0.0,63.33,5.0,2026-04-23,-,0,488.0
588,-45,Michal_Kossakowski,-,1429.62,-0.39,1561.02,-8.96,43.8,-2.86,87,12.0,48,5.0,38,7.0,1,0.0,55.17,-2.16,2026-04-21,-,0,416.0
589,78,SchutterNL,-,1429.29,54.88,1688.74,-2.3,86.48,-19.06,18,6.0,12,3.0,6,3.0,0,0.0,66.67,-8.33,2026-03-10,-,0,-
590,-50,Pants101,-,1429.08,-2.25,1647.03,0.0,72.65,0.75,30,0.0,18,0.0,11,0.0,1,0.0,60.0,0.0,2026-01-21,-,0,872.0
591,71,Victory7,CA,1428.81,52.14,1578.47,22.85,49.88,-9.76,69,18.0,40,8.0,28,10.0,1,0.0,57.97,-4.78,2026-04-29,-,0,872.0
592,-57,Diogenes,AU,1428.66,-5.98,1507.9,-4.71,26.41,0.42,492,24.0,249,13.0,237,11.0,6,0.0,50.61,0.18,2026-05-13,-,0,326.0
593,-1,IpaStian,NO,1428.65,23.6,1517.83,21.37,29.73,-0.74,243,24.0,120,14.0,121,10.0,2,0.0,49.38,0.98,2026-04-29,-,0,487.0
594,-69,Cleveman,DE,1428.62,-11.76,1509.43,-10.18,26.94,0.53,492,18.0,229,7.0,259,11.0,4,0.0,46.54,-0.3,2026-04-30,-,0,317.0
-,-,Vanilla,-,1428.28,-2.57,1620.08,0.0,63.93,0.86,48,0.0,26,0.0,22,0.0,0,0.0,54.17,0.0,2024-09-04,-,0,-
-,-,PedrinhoPT,-,1428.08,-1.63,1729.03,0.0,100.32,0.54,18,0.0,14,0.0,4,0.0,0,0.0,77.78,0.0,2024-04-04,-,0,-
-,-,Biadko,-,1427.87,-2.7,1610.53,0.0,60.89,0.9,84,0.0,50,0.0,34,0.0,0,0.0,59.52,0.0,2022-03-06,-,0,-
595,-23,Carbon14,-,1427.42,14.35,1512.82,15.15,28.47,0.27,402,18.0,205,13.0,194,5.0,3,0.0,51.0,1.0,2026-05-05,-,0,361.0
-,-,Rockoccodrillo,-,1427.01,-4.09,1547.95,0.0,40.31,1.36,180,0.0,93,0.0,86,0.0,1,0.0,51.67,0.0,2025-03-01,-,0,859.0
596,-7,blackwave,CN,1426.76,19.88,1598.97,-4.29,57.4,-8.06,48,12.0,28,7.0,20,5.0,0,0.0,58.33,0.0,2026-04-24,-,0,655.0
597,unretired,Owen1982,-,1426.63,-17.06,1578.4,-28.14,50.59,-3.69,108,12.0,65,6.0,43,6.0,0,0.0,60.19,-1.27,2026-04-22,-,0,-
599,-5,Legoman,CA,1426.17,21.29,1554.72,5.58,42.85,-5.24,84,18.0,42,10.0,41,7.0,1,1.0,50.0,1.52,2026-04-23,-,0,473.0
598,-48,ZioKhan,IT,1426.17,0.33,1503.41,1.63,25.75,0.43,441,24.0,218,11.0,220,13.0,3,0.0,49.43,-0.21,2026-04-30,-,0,378.0
600,16,Alistxi,-,1426.02,30.29,1591.6,9.01,55.19,-7.09,60,12.0,28,4.0,32,8.0,0,0.0,46.67,-3.33,2026-05-10,-,0,1287.0
601,-41,Ti-Guy_Latour,-,1425.7,5.59,1525.14,5.24,33.15,-0.12,276,12.0,146,7.0,127,4.0,3,1.0,52.9,0.25,2026-04-19,-,0,849.0
-,-,Louaym,-,1425.17,-3.28,1578.36,0.0,51.06,1.09,120,0.0,67,0.0,53,0.0,0,0.0,55.83,0.0,2023-09-03,G,2,-
-,-,Chungdiddly,-,1425.02,-2.1,1658.55,0.0,77.84,0.7,36,0.0,24,0.0,12,0.0,0,0.0,66.67,0.0,2021-12-05,-,0,-
-,-,Mads,-,1424.75,-3.82,1556.85,0.0,44.03,1.27,159,0.0,82,0.0,74,0.0,3,0.0,51.57,0.0,2024-10-13,-,0,-
602,-68,methak,FR,1424.58,-11.02,1529.98,-12.81,35.14,-0.6,159,12.0,81,4.0,78,8.0,0,0.0,50.94,-1.44,2026-04-23,-,0,622.0
603,-76,Gerti,DE,1424.28,-14.48,1611.02,-31.04,62.25,-5.52,48,6.0,27,2.0,21,4.0,0,0.0,56.25,-3.27,2026-03-09,-,0,939.0
-,-,Circadia,-,1423.93,-1.4,1774.86,0.0,116.98,0.47,24,0.0,21,0.0,3,0.0,0,0.0,87.5,0.0,2019-02-10,-,0,-
604,131,Stefan665,-,1423.49,83.99,1589.09,50.66,55.2,-11.11,66,18.0,37,13.0,29,5.0,0,0.0,56.06,6.06,2026-04-12,-,0,1287.0
605,-54,deleted_user_8840806,-,1423.42,-1.93,1678.05,0.0,84.88,0.64,21,0.0,13,0.0,8,0.0,0,0.0,61.9,0.0,2025-10-08,-,0,-
-,-,UnknownMight,-,1423.41,-1.6,1729.84,0.0,102.14,0.53,24,0.0,17,0.0,7,0.0,0,0.0,70.83,0.0,2020-09-27,-,0,-
606,-37,nkbobo,IT,1423.18,9.25,1517.66,9.98,31.49,0.24,324,12.0,169,8.0,155,4.0,0,0.0,52.16,0.56,2026-05-03,-,0,461.0
-,-,HonestSi,-,1423.04,-2.83,1596.4,0.0,57.79,0.94,108,0.0,55,0.0,52,0.0,1,0.0,50.93,0.0,2022-06-05,-,0,-
-,-,macike,-,1422.41,-2.8,1600.75,0.0,59.44,0.93,84,0.0,48,0.0,36,0.0,0,0.0,57.14,0.0,2022-09-04,-,0,-
607,13,CRocky,-,1422.2,28.47,1529.59,14.14,35.8,-4.78,126,30.0,67,17.0,57,13.0,2,0.0,53.17,1.09,2026-05-06,-,0,622.0
-,-,Arccos,GR,1421.97,-3.5,1571.09,0.0,49.71,1.17,234,0.0,104,0.0,127,0.0,3,0.0,44.44,0.0,2023-04-11,P,4,-
-,-,Fblthp,-,1420.57,-1.89,1680.16,0.0,86.53,0.63,24,0.0,17,0.0,7,0.0,0,0.0,70.83,0.0,2023-03-01,-,0,-
-,-,samtheman,-,1420.35,-2.69,1608.17,0.0,62.61,0.9,84,0.0,41,0.0,42,0.0,1,0.0,48.81,0.0,2021-12-05,-,0,-
-,-,drzewko,PL,1420.06,-3.31,1573.07,0.0,51.01,1.1,150,0.0,72,0.0,76,0.0,2,0.0,48.0,0.0,2023-04-16,-,0,-
608,-50,boogy5,LT,1419.89,-1.79,1507.27,-1.61,29.13,0.06,354,18.0,171,9.0,174,9.0,9,0.0,48.31,0.1,2026-05-07,-,0,473.0
609,-41,SteffenViisdom,-,1419.59,3.51,1626.47,-22.64,68.96,-8.72,36,6.0,18,2.0,18,4.0,0,0.0,50.0,-3.33,2026-03-04,-,0,872.0
-,-,figs,-,1419.14,-1.77,1695.12,0.0,91.99,0.59,18,0.0,12,0.0,6,0.0,0,0.0,66.67,0.0,2025-03-01,-,0,872.0
-,-,trieshard,-,1418.85,-2.86,1595.8,0.0,58.98,0.95,84,0.0,52,0.0,30,0.0,2,0.0,61.9,0.0,2022-12-04,-,0,-
610,-54,ElDiabloAzul,US,1418.29,-4.1,1542.85,0.0,41.52,1.37,219,0.0,112,0.0,105,0.0,2,0.0,51.14,0.0,2026-02-03,-,0,-
-,-,Saerleon,-,1418.02,-2.53,1614.0,0.0,65.33,0.84,84,0.0,39,0.0,44,0.0,1,0.0,46.43,0.0,2021-03-02,M,2,-
-,-,potpath,TH,1417.9,-2.21,1640.6,0.0,74.24,0.74,36,0.0,24,0.0,12,0.0,0,0.0,66.67,0.0,2024-02-25,-,0,-
-,-,peracottari,-,1417.89,-3.23,1572.8,0.0,51.64,1.08,174,0.0,93,0.0,79,0.0,2,0.0,53.45,0.0,2023-01-15,-,0,-
-,-,arixe,-,1417.84,-1.59,1724.89,0.0,102.35,0.53,24,0.0,18,0.0,6,0.0,0,0.0,75.0,0.0,2020-12-06,-,0,-
-,-,gpeter63,-,1417.64,-3.68,1552.92,0.0,45.09,1.23,168,0.0,87,0.0,80,0.0,1,0.0,51.79,0.0,2024-06-02,-,0,-
611,-67,micropip,-,1417.53,-11.52,1500.34,-9.18,27.6,0.78,462,18.0,226,6.0,234,12.0,2,0.0,48.92,-0.63,2026-04-20,-,0,555.0
612,66,docpain,-,1417.51,47.93,1673.14,-4.6,85.21,-17.51,18,6.0,13,3.0,5,3.0,0,0.0,72.22,-11.11,2026-03-01,-,0,-
613,-52,Ekdezel,-,1417.39,-2.61,1498.97,-1.37,27.19,0.41,438,18.0,208,9.0,227,9.0,3,0.0,47.49,0.11,2026-04-30,-,0,429.0
-,-,jessjia,-,1417.2,-1.17,1835.5,0.0,139.44,0.39,12,0.0,11,0.0,1,0.0,0,0.0,91.67,0.0,2020-09-27,-,0,-
614,-60,tnawrocki,US,1416.4,-7.02,1519.4,-17.11,34.33,-3.36,138,30.0,62,7.0,75,23.0,1,0.0,44.93,-6.0,2026-04-26,-,0,280.0
615,-58,joehammerman,US,1415.95,-6.32,1512.7,-3.05,32.25,1.09,279,6.0,133,2.0,145,4.0,1,0.0,47.67,-0.32,2026-03-19,-,0,418.0
-,-,Kojtic,-,1415.78,-2.56,1609.1,0.0,64.44,0.85,48,0.0,28,0.0,20,0.0,0,0.0,58.33,0.0,2024-09-01,-,0,-
616,-52,redantx,-,1415.66,-2.9,1588.06,0.0,57.47,0.97,54,0.0,32,0.0,22,0.0,0,0.0,59.26,0.0,2026-01-17,-,0,598.0
617,-54,chris223,-,1414.72,-4.14,1494.87,-3.44,26.72,0.24,474,24.0,227,10.0,239,14.0,8,0.0,47.89,-0.33,2026-04-19,-,0,505.0
618,27,Rob13,BR,1414.6,29.88,1517.75,20.88,34.38,-3.0,132,24.0,70,15.0,60,9.0,2,0.0,53.03,2.1,2026-05-02,-,0,598.0
-,-,DjesusHChrist,-,1414.41,-1.3,1791.24,0.0,125.61,0.43,12,0.0,9,0.0,3,0.0,0,0.0,75.0,0.0,2020-12-06,-,0,-
619,259,makoleon,-,1414.1,142.82,1691.74,72.25,92.55,-23.52,18,6.0,11,4.0,7,2.0,0,0.0,61.11,2.78,2026-03-01,-,0,-
620,-71,chefung,-,1413.92,-11.93,1507.14,-10.16,31.08,0.59,291,12.0,139,2.0,151,10.0,1,0.0,47.77,-1.33,2026-05-05,-,0,303.0
621,-24,RobertdeSable,-,1413.83,9.8,1511.22,10.35,32.46,0.18,288,12.0,147,8.0,140,4.0,1,0.0,51.04,0.68,2026-04-11,G,6,565.0
-,-,Balquaz,NO,1413.83,-3.64,1552.95,0.0,46.38,1.21,144,0.0,85,0.0,59,0.0,0,0.0,59.03,0.0,2024-06-02,-,0,-
622,-89,N4F,-,1413.05,-24.24,1555.79,-25.21,47.58,-0.33,90,6.0,51,3.0,39,3.0,0,0.0,56.67,-0.47,2026-05-19,-,0,746.0
623,-56,Evron,-,1412.58,-3.83,1543.03,0.0,43.48,1.28,99,0.0,56,0.0,42,0.0,1,0.0,56.57,0.0,2026-01-23,-,0,677.0
624,-43,nicg,US,1412.3,1.37,1537.86,0.21,41.85,-0.39,105,6.0,51,2.0,53,4.0,1,0.0,48.57,-0.92,2026-05-03,-,0,802.0
-,-,Intriguing,-,1412.09,-2.23,1635.49,0.0,74.46,0.74,60,0.0,37,0.0,23,0.0,0,0.0,61.67,0.0,2021-03-02,-,0,-
-,-,Grotaron,-,1411.72,-1.39,1765.16,0.0,117.81,0.46,12,0.0,10,0.0,2,0.0,0,0.0,83.33,0.0,2020-12-06,-,0,-
-,-,Abenteurer86,-,1411.33,-3.77,1545.3,0.0,44.65,1.26,201,0.0,110,0.0,90,0.0,1,0.0,54.73,0.0,2024-04-04,-,0,-
625,21,LeBonus,CA,1411.23,26.91,1553.06,22.28,47.28,-1.54,69,6.0,36,5.0,33,1.0,0,0.0,52.17,2.96,2026-04-27,-,0,622.0
626,67,kingslayer90,-,1411.19,51.52,1629.77,27.25,72.86,-8.09,36,6.0,23,3.0,13,3.0,0,0.0,63.89,-2.78,2026-03-01,-,0,805.0
627,357,paradigm72,-,1410.93,205.64,1657.75,118.92,82.28,-28.91,24,12.0,12,6.0,12,6.0,0,0.0,50.0,0.0,2026-05-12,-,0,-
628,-35,aivin,PL,1410.68,5.66,1563.97,-0.82,51.1,-2.16,69,6.0,36,3.0,33,3.0,0,0.0,52.17,-0.21,2026-03-14,-,0,352.0
-,-,DALUM,-,1410.53,-1.78,1685.98,0.0,91.81,0.59,24,0.0,15,0.0,8,0.0,1,0.0,62.5,0.0,2021-03-02,-,0,-
629,-58,Masterchief,-,1410.01,-3.56,1556.42,0.0,48.8,1.19,111,0.0,57,0.0,53,0.0,1,0.0,51.35,0.0,2025-08-07,-,0,644.0
-,-,HLDM,-,1409.95,-1.76,1688.6,0.0,92.88,0.59,18,0.0,10,0.0,8,0.0,0,0.0,55.56,0.0,2024-07-01,-,0,-
-,-,maumastoks,LT,1409.84,-3.92,1542.44,0.0,44.2,1.31,204,0.0,103,0.0,100,0.0,1,0.0,50.49,0.0,2025-04-05,G,2,711.0
-,-,hinghenry,-,1409.83,-1.66,1705.17,0.0,98.45,0.55,24,0.0,18,0.0,6,0.0,0,0.0,75.0,0.0,2020-09-27,-,0,-
630,-46,Bathman,CL,1409.44,-0.44,1502.93,-4.76,31.16,-1.44,183,24.0,91,11.0,91,13.0,1,0.0,49.73,-0.58,2026-04-21,-,0,412.0
631,-48,silverpaun,-,1408.77,-1.43,1751.14,0.0,114.12,0.48,12,0.0,8,0.0,4,0.0,0,0.0,66.67,0.0,2026-01-14,-,0,-
632,-84,Boardello,GB,1408.2,-18.64,1493.44,-15.88,28.41,0.92,375,12.0,175,2.0,195,10.0,5,0.0,46.67,-0.99,2026-04-15,-,0,432.0
633,-78,ulkupayaya,-,1408.08,-14.79,1590.04,-30.18,60.65,-5.13,42,6.0,17,1.0,23,5.0,2,0.0,40.48,-3.96,2026-03-19,-,0,578.0
-,-,XDoge,-,1407.84,-2.51,1604.4,0.0,65.52,0.84,84,0.0,40,0.0,43,0.0,1,0.0,47.62,0.0,2021-06-02,P,4,-
634,-61,Noash,US,1407.81,-4.51,1519.53,0.0,37.24,1.5,309,0.0,161,0.0,148,0.0,0,0.0,52.1,0.0,2026-01-12,-,0,611.0
-,-,miniexot,-,1407.76,-3.02,1573.07,0.0,55.1,1.01,126,0.0,66,0.0,60,0.0,0,0.0,52.38,0.0,2023-01-15,P,4,-
635,-44,GregoryD,PL,1407.63,2.28,1501.9,3.46,31.42,0.39,456,12.0,214,7.0,240,5.0,2,0.0,46.93,0.31,2026-04-22,P,2,522.0
-,-,alibengoeroe,-,1407.27,-2.83,1582.67,0.0,58.47,0.94,96,0.0,53,0.0,42,0.0,1,0.0,55.21,0.0,2024-04-04,-,0,-
636,188,lutzifer,-,1406.35,111.89,1676.64,42.67,90.1,-23.07,18,6.0,12,4.0,6,2.0,0,0.0,66.67,0.0,2026-03-01,-,0,-
-,-,LordBC,AU,1406.17,-2.22,1627.42,0.0,73.75,0.74,42,0.0,26,0.0,15,0.0,1,0.0,61.9,0.0,2025-03-06,-,0,872.0
637,-36,JamesH,GR,1406.0,3.5,1531.24,2.24,41.75,-0.42,177,6.0,82,3.0,92,3.0,3,0.0,46.33,0.13,2026-03-04,-,0,805.0
638,-30,shohei,JP,1405.79,6.76,1502.11,4.82,32.11,-0.65,300,18.0,141,10.0,157,8.0,2,0.0,47.0,0.55,2026-04-12,-,0,536.0
639,-63,Ioannis3,GR,1405.2,-6.99,1483.73,-5.08,26.18,0.64,507,24.0,226,9.0,277,15.0,4,0.0,44.58,-0.35,2026-05-04,-,0,342.0
640,-28,Brett13,-,1405.1,7.07,1599.57,-10.2,64.82,-5.76,36,6.0,22,3.0,14,3.0,0,0.0,61.11,-2.22,2026-03-11,-,0,872.0
641,-41,A-Raw,-,1403.64,0.5,1623.84,-32.16,73.4,-10.89,30,6.0,15,2.0,15,4.0,0,0.0,50.0,-4.17,2026-03-04,-,0,989.0
-,-,default01,-,1403.58,-2.34,1614.15,0.0,70.19,0.78,60,0.0,40,0.0,19,0.0,1,0.0,66.67,0.0,2022-03-06,-,0,-
-,-,mafiasco,-,1403.19,-2.98,1570.52,0.0,55.77,0.99,108,0.0,53,0.0,54,0.0,1,0.0,49.07,0.0,2023-03-01,-,0,-
642,121,Tasso,-,1402.77,75.37,1544.94,51.06,47.39,-8.1,66,18.0,37,13.0,28,5.0,1,0.0,56.06,6.06,2026-04-23,-,0,1178.0
-,-,gigilamoroso,-,1402.67,-3.66,1544.75,0.0,47.36,1.22,168,0.0,79,0.0,87,0.0,2,0.0,47.02,0.0,2024-07-01,-,0,-
643,-32,ClaudiusMaurelius,-,1402.64,4.39,1669.0,-56.14,88.78,-20.18,18,6.0,12,2.0,6,4.0,0,0.0,66.67,-16.66,2026-03-04,-,0,-
644,-48,Montu,US,1401.84,-2.75,1583.43,0.0,60.53,0.92,48,0.0,32,0.0,16,0.0,0,0.0,66.67,0.0,2025-10-31,-,0,596.0
-,-,IirionClaus,-,1401.8,-1.9,1659.63,0.0,85.94,0.63,36,0.0,22,0.0,14,0.0,0,0.0,61.11,0.0,2020-06-14,P,2,-
-,-,DanWins,-,1401.7,-3.71,1535.14,0.0,44.48,1.24,150,0.0,75,0.0,72,0.0,3,0.0,50.0,0.0,2024-12-12,G,2,-
-,-,icantdrawanime,-,1401.29,-2.39,1606.61,0.0,68.44,0.8,60,0.0,38,0.0,22,0.0,0,0.0,63.33,0.0,2022-03-06,-,0,-
-,-,Varthos,-,1401.0,-2.6,1594.02,0.0,64.34,0.87,84,0.0,46,0.0,37,0.0,1,0.0,54.76,0.0,2021-12-05,-,0,-
645,-63,EnozamaIV,DE,1400.99,-9.54,1518.13,-20.74,39.05,-3.73,111,24.0,56,11.0,54,13.0,1,0.0,50.45,-1.27,2026-04-26,-,0,369.0
646,-7,Dubz,-,1400.67,12.64,1503.14,8.11,34.16,-1.51,183,18.0,90,10.0,92,8.0,1,0.0,49.18,0.7,2026-04-27,-,0,602.0
647,-62,Strawer_1982,IT,1400.48,-8.5,1496.47,-7.78,32.0,0.24,243,12.0,119,5.0,123,7.0,1,0.0,48.97,-0.38,2026-04-23,-,0,517.0
648,245,pavelceska,-,1400.1,135.54,1620.11,28.49,73.34,-35.68,30,18.0,19,12.0,10,6.0,1,0.0,63.33,5.0,2026-04-23,-,0,1372.0
-,-,BillyPilgrim,-,1399.87,-2.75,1582.24,0.0,60.79,0.92,108,0.0,59,0.0,48,0.0,1,0.0,54.63,0.0,2025-01-13,-,0,989.0
-,-,holyknife,-,1399.86,-2.49,1596.85,0.0,65.66,0.83,60,0.0,35,0.0,25,0.0,0,0.0,58.33,0.0,2022-06-05,-,0,-
-,-,sbauer9,-,1399.66,-1.85,1664.24,0.0,88.19,0.62,36,0.0,24,0.0,12,0.0,0,0.0,66.67,0.0,2019-05-12,-,0,-
-,-,RabidRabbit,US,1399.6,-3.11,1562.68,0.0,54.36,1.04,111,0.0,62,0.0,48,0.0,1,0.0,55.86,0.0,2023-03-01,-,0,-
649,-61,Froggy42,DE,1399.5,-8.66,1480.07,-8.34,26.86,0.11,432,24.0,210,9.0,220,15.0,2,0.0,48.61,-0.65,2026-04-25,-,0,527.0
-,-,BlueRay,-,1399.38,-2.33,1616.19,0.0,72.27,0.78,48,0.0,22,0.0,26,0.0,0,0.0,45.83,0.0,2021-06-02,G,4,-
-,-,Giga,IT,1399.36,-3.69,1535.18,0.0,45.28,1.23,150,0.0,76,0.0,72,0.0,2,0.0,50.67,0.0,2024-10-13,G,4,-
-,-,lleviadon,-,1399.32,-2.68,1585.65,0.0,62.11,0.89,108,0.0,53,0.0,52,0.0,3,0.0,49.07,0.0,2021-06-02,G,6,-
-,-,WowaduHek,-,1398.82,-1.13,1833.65,0.0,144.94,0.38,6,0.0,6,0.0,0,0.0,0,0.0,100.0,0.0,2024-12-12,-,0,318.0
650,-41,Tomtomparking,FR,1398.46,-0.49,1480.57,-0.81,27.37,-0.11,468,24.0,208,11.0,254,13.0,6,0.0,44.44,0.07,2026-04-23,-,0,308.0
-,-,AxelG,-,1398.39,-2.78,1576.81,0.0,59.47,0.93,84,0.0,47,0.0,36,0.0,1,0.0,55.95,0.0,2022-12-04,-,0,-
651,-52,Gabriele,IT,1398.34,-5.5,1493.08,0.0,31.58,1.83,303,0.0,144,0.0,157,0.0,2,0.0,47.52,0.0,2026-01-14,-,0,314.0
-,-,Etherealz,CA,1398.14,-5.08,1511.66,0.0,37.84,1.69,333,0.0,163,0.0,167,0.0,3,0.0,48.95,0.0,2025-01-29,-,0,511.0
652,-180,NozoEli,-,1398.12,-69.55,1669.05,-128.95,90.31,-19.8,18,6.0,10,1.0,6,5.0,2,0.0,55.56,-19.44,2026-03-05,-,0,-
653,-83,matst379,SE,1398.02,-15.79,1483.76,-13.08,28.58,0.9,288,12.0,140,2.0,146,9.0,2,1.0,48.61,-1.39,2026-04-18,-,0,438.0
-,-,Archer1629,TW,1397.9,-2.05,1637.41,0.0,79.84,0.68,27,0.0,18,0.0,9,0.0,0,0.0,66.67,0.0,2025-02-16,-,0,-
654,5,RiRu,LV,1397.71,19.24,1479.67,18.11,27.32,-0.38,282,30.0,128,15.0,151,15.0,3,0.0,45.39,0.55,2026-05-02,-,0,331.0
-,-,BubbaOFC,-,1396.56,-3.21,1556.59,0.0,53.34,1.07,138,0.0,63,0.0,75,0.0,0,0.0,45.65,0.0,2023-01-15,-,0,-
-,-,Bigwellow,NL,1396.4,-3.97,1524.9,0.0,42.83,1.32,132,0.0,70,0.0,61,0.0,1,0.0,53.03,0.0,2025-04-24,-,0,468.0
-,-,ConquistadorColumbus,-,1396.06,-4.01,1521.54,0.0,41.83,1.34,240,0.0,118,0.0,118,0.0,4,0.0,49.17,0.0,2024-09-04,-,0,-
-,-,BastionvonRaven,-,1395.82,-2.77,1580.06,0.0,61.41,0.92,90,0.0,49,0.0,40,0.0,1,0.0,54.44,0.0,2023-04-16,-,0,-
-,-,Deepthought,PT,1395.76,-2.51,1591.7,0.0,65.31,0.84,66,0.0,40,0.0,26,0.0,0,0.0,60.61,0.0,2023-01-15,G,2,-
655,-23,sorecats,ID,1395.69,5.96,1479.9,8.05,28.07,0.7,444,18.0,203,11.0,237,7.0,4,0.0,45.72,0.65,2026-04-26,-,0,552.0
-,-,Basse,-,1395.33,-1.65,1692.57,0.0,99.08,0.55,24,0.0,16,0.0,8,0.0,0,0.0,66.67,0.0,2020-03-29,-,0,-
656,43,Adi65,-,1395.29,37.64,1634.76,-64.83,79.82,-34.16,24,12.0,14,4.0,10,8.0,0,0.0,58.33,-25.0,2026-05-01,-,0,-
657,-51,czaurel,-,1394.87,-4.87,1500.88,0.0,35.33,1.62,258,0.0,118,0.0,136,0.0,4,0.0,45.74,0.0,2025-12-01,-,0,529.0
658,-53,Lodon,NL,1394.76,-5.53,1494.25,0.0,33.16,1.84,306,0.0,144,0.0,158,0.0,4,0.0,47.06,0.0,2026-02-01,-,0,546.0
659,-136,vbogoev,BG,1394.68,-46.48,1484.66,-46.76,29.99,-0.09,225,18.0,104,1.0,120,17.0,1,0.0,46.22,-3.54,2026-05-03,-,0,375.0
660,14,Imiter,PL,1393.93,22.89,1528.78,19.64,44.95,-1.08,87,6.0,44,5.0,41,1.0,2,0.0,50.57,2.42,2026-05-02,-,0,522.0
-,-,JeremyBrokaw,US,1393.11,-2.53,1592.29,0.0,66.39,0.84,72,0.0,30,0.0,42,0.0,0,0.0,41.67,0.0,2021-09-05,P,2,-
661,-109,sergraim,-,1393.07,-30.89,1487.68,-28.46,31.54,0.81,321,12.0,155,1.0,161,11.0,5,0.0,48.29,-1.55,2026-04-15,-,0,334.0
-,-,Dr.Hummsfred,-,1392.95,-2.18,1618.55,0.0,75.2,0.73,48,0.0,25,0.0,23,0.0,0,0.0,52.08,0.0,2021-03-02,G,4,-
-,-,_pupu_,-,1392.61,-2.27,1608.8,0.0,72.06,0.76,36,0.0,19,0.0,17,0.0,0,0.0,52.78,0.0,2023-03-01,-,0,-
662,-67,t-k-421,US,1392.24,-12.38,1477.88,-13.07,28.55,-0.23,279,24.0,134,11.0,145,13.0,0,0.0,48.03,-0.21,2026-04-25,-,0,284.0
663,21,Asperins,LV,1392.22,26.89,1478.97,27.28,28.91,0.13,228,18.0,110,14.0,117,4.0,1,0.0,48.25,2.54,2026-05-05,-,0,469.0
664,-12,Aardwolf44,-,1392.12,11.42,1518.32,10.73,42.07,-0.23,222,6.0,106,4.0,115,2.0,1,0.0,47.75,0.53,2026-03-01,G,2,989.0
665,unretired,Sophia,-,1391.85,-42.68,1537.6,-51.49,48.58,-2.94,168,12.0,81,4.0,86,8.0,1,0.0,48.21,-1.15,2026-04-24,-,0,-
666,-53,brumynut,AU,1391.42,-6.11,1479.34,-3.87,29.31,0.75,438,12.0,200,5.0,232,6.0,6,1.0,45.66,-0.11,2026-04-28,-,0,459.0
667,-44,Drk,IT,1391.37,-1.48,1483.34,-2.17,30.66,-0.23,297,18.0,139,8.0,157,10.0,1,0.0,46.8,-0.15,2026-04-23,-,0,648.0
668,-26,Geegs,-,1391.27,5.77,1512.02,5.87,40.25,0.03,252,6.0,125,3.0,125,3.0,2,0.0,49.6,0.01,2026-03-02,-,0,867.0
669,-51,KEIL,PL,1391.01,-3.21,1474.55,-3.5,27.85,-0.1,408,24.0,190,10.0,217,14.0,1,0.0,46.57,-0.31,2026-04-27,-,0,541.0
-,-,wep,-,1390.77,-1.61,1695.19,0.0,101.47,0.54,24,0.0,17,0.0,7,0.0,0,0.0,70.83,0.0,2020-06-28,P,2,-
670,-34,Largos,-,1390.59,1.97,1476.86,2.32,28.76,0.11,399,18.0,183,8.0,212,10.0,4,0.0,45.86,-0.07,2026-05-02,-,0,480.0
-,-,Rajasands,-,1390.5,-2.38,1596.69,0.0,68.73,0.79,39,0.0,21,0.0,17,0.0,1,0.0,53.85,0.0,2025-03-13,-,0,868.0
671,-56,Kelern,-,1390.49,-6.12,1484.33,-7.78,31.28,-0.55,204,18.0,92,7.0,109,11.0,3,0.0,45.1,-0.6,2026-04-24,-,0,357.0
-,-,Henstein,-,1390.38,-1.91,1650.52,0.0,86.71,0.64,30,0.0,15,0.0,15,0.0,0,0.0,50.0,0.0,2024-07-01,-,0,-
672,-58,Tyrtaios,DE,1390.36,-7.07,1495.08,-16.42,34.91,-3.12,132,24.0,62,10.0,70,14.0,0,0.0,46.97,-1.18,2026-05-02,-,0,505.0
-,-,ycl,-,1390.34,-1.96,1644.73,0.0,84.8,0.65,24,0.0,12,0.0,12,0.0,0,0.0,50.0,0.0,2025-03-05,-,0,757.0
-,-,Enthusio,-,1390.03,-2.24,1614.64,0.0,74.87,0.75,48,0.0,28,0.0,19,0.0,1,0.0,58.33,0.0,2021-06-02,-,0,-
673,-56,Kaiserschmarrn,-,1389.82,-5.15,1500.61,0.0,36.93,1.72,249,0.0,108,0.0,139,0.0,2,0.0,43.37,0.0,2026-01-19,G,8,407.0
674,-21,albinsix,FR,1389.63,9.17,1477.48,11.39,29.28,0.74,528,12.0,231,8.0,294,4.0,3,0.0,43.75,0.53,2026-04-16,-,0,517.0
675,27,Sawell,-,1389.31,33.73,1588.71,12.83,66.47,-6.97,42,6.0,22,4.0,19,2.0,1,0.0,52.38,2.38,2026-03-07,G,2,-
676,50,pdx,-,1389.27,45.85,1524.81,37.02,45.18,-2.94,81,12.0,36,7.0,44,5.0,1,0.0,44.44,2.41,2026-04-28,-,0,479.0
-,-,BeetleJuice,CZ,1389.25,-2.62,1578.37,0.0,63.04,0.87,51,0.0,29,0.0,22,0.0,0,0.0,56.86,0.0,2024-09-01,-,0,-
-,-,flo3,-,1389.25,-1.82,1658.9,0.0,89.88,0.61,18,0.0,12,0.0,6,0.0,0,0.0,66.67,0.0,2025-03-01,-,0,939.0
-,-,Don_bronzo,-,1389.19,-1.44,1731.15,0.0,113.99,0.48,24,0.0,17,0.0,7,0.0,0,0.0,70.83,0.0,2023-02-05,-,0,-
-,-,cal21,-,1389.08,-2.83,1562.92,0.0,57.95,0.94,108,0.0,60,0.0,47,0.0,1,0.0,55.56,0.0,2022-09-04,G,2,-
677,-34,Parcival,IT,1389.0,3.77,1511.37,-7.45,40.79,-3.74,108,18.0,59,8.0,48,10.0,1,0.0,54.63,-2.04,2026-04-28,-,0,455.0
678,-43,Adrianobf,BR,1388.54,-0.31,1481.22,0.97,30.89,0.43,354,12.0,167,6.0,183,6.0,4,0.0,47.18,0.1,2026-04-16,-,0,514.0
-,-,florian629,-,1388.54,-2.14,1618.39,0.0,76.62,0.71,30,0.0,15,0.0,14,0.0,1,0.0,50.0,0.0,2025-01-07,-,0,989.0
679,-53,Mensha,-,1388.53,-3.2,1520.01,-11.85,43.83,-2.88,87,12.0,42,3.0,44,9.0,1,0.0,48.28,-3.72,2026-04-22,-,0,805.0
680,-23,Wennejoekel,NL,1388.42,9.82,1504.23,9.78,38.6,-0.01,150,6.0,72,3.0,75,2.0,3,1.0,48.0,0.08,2026-04-27,G,2,381.0
-,-,kentropy,-,1387.88,-2.46,1587.62,0.0,66.58,0.82,60,0.0,32,0.0,28,0.0,0,0.0,53.33,0.0,2021-12-05,-,0,-
681,-59,Netrom,-,1387.86,-5.11,1489.78,-6.42,33.98,-0.44,174,12.0,85,5.0,87,7.0,2,0.0,48.85,-0.53,2026-04-22,-,0,389.0
682,-61,GerwinW,-,1387.8,-5.69,1502.49,-14.91,38.23,-3.07,114,18.0,60,7.0,52,11.0,2,0.0,52.63,-2.58,2026-04-25,-,0,700.0
683,-58,Frygian,-,1387.58,-4.43,1501.27,0.0,37.9,1.48,135,0.0,68,0.0,67,0.0,0,0.0,50.37,0.0,2026-01-17,-,0,562.0
684,-53,NateH,-,1387.49,-2.28,1603.63,0.0,72.05,0.76,30,0.0,15,0.0,15,0.0,0,0.0,50.0,0.0,2026-01-17,-,0,729.0
685,-47,Sirkopczyk,-,1387.44,-0.59,1652.32,-56.89,88.29,-18.77,18,6.0,11,2.0,7,4.0,0,0.0,61.11,-13.89,2026-03-08,-,0,-
686,-67,vendogs,RU,1387.32,-6.61,1474.17,0.0,28.95,2.2,378,0.0,177,0.0,200,0.0,1,0.0,46.83,0.0,2026-02-05,-,0,275.0
687,-108,Darek79,-,1387.32,-24.1,1507.67,-34.92,40.12,-3.61,120,18.0,54,6.0,65,11.0,1,1.0,45.0,-2.06,2026-04-21,-,0,922.0
688,35,MichalJar,-,1387.22,41.58,1590.58,19.39,67.79,-7.39,36,6.0,21,3.0,15,3.0,0,0.0,58.33,-1.67,2026-03-17,-,0,1388.0
-,-,JakubUhlir,CZ,1386.75,-4.28,1512.42,0.0,41.89,1.43,228,0.0,117,0.0,107,0.0,4,0.0,51.32,0.0,2024-10-01,-,0,-
-,-,sTeVej,-,1386.54,-1.69,1677.29,0.0,96.92,0.56,18,0.0,11,0.0,7,0.0,0,0.0,61.11,0.0,2023-04-16,-,0,-
689,-91,Desgenais,CZ,1386.43,-17.48,1467.04,-16.38,26.87,0.37,441,24.0,212,7.0,227,17.0,2,0.0,48.07,-1.09,2026-04-26,-,0,388.0
690,47,icepick_mn,-,1385.77,48.32,1530.12,43.15,48.12,-1.73,75,6.0,36,6.0,38,0.0,1,0.0,48.0,4.52,2026-05-01,-,0,635.0
691,-61,kaeptnblaubaer,DE,1385.75,-4.65,1467.22,-4.77,27.16,-0.04,390,24.0,181,10.0,207,14.0,2,0.0,46.41,-0.31,2026-04-20,-,0,358.0
692,298,Impr,-,1384.7,185.45,1604.03,76.59,73.11,-36.29,27,15.0,14,8.0,13,7.0,0,0.0,51.85,1.85,2026-05-06,-,0,1381.0
693,-28,OrionAlpha,-,1384.69,8.97,1465.92,9.64,27.08,0.22,492,24.0,217,12.0,268,12.0,7,0.0,44.11,0.31,2026-05-07,-,0,512.0
694,-23,StarLakeGuy,-,1384.16,11.86,1577.99,-8.15,64.61,-6.67,36,6.0,19,2.0,17,4.0,0,0.0,52.78,-3.89,2026-03-05,-,0,805.0
-,-,YSun,-,1383.92,-3.31,1532.62,0.0,49.56,1.1,138,0.0,74,0.0,64,0.0,0,0.0,53.62,0.0,2024-04-04,-,0,-
-,-,danodan,-,1383.66,-2.33,1596.18,0.0,70.84,0.78,60,0.0,36,0.0,24,0.0,0,0.0,60.0,0.0,2021-09-05,-,0,-
695,-34,LhuCaS,ES,1383.51,6.54,1476.54,8.83,31.01,0.76,366,12.0,175,8.0,189,4.0,2,0.0,47.81,0.63,2026-05-08,-,0,448.0
-,-,Johannes_n94,-,1383.21,-1.48,1713.95,0.0,110.25,0.49,18,0.0,15,0.0,3,0.0,0,0.0,83.33,0.0,2023-01-15,-,0,-
696,-24,javimb89,ES,1383.17,11.78,1463.18,11.18,26.67,-0.2,321,30.0,151,16.0,166,14.0,4,0.0,47.04,0.65,2026-05-16,-,0,446.0
-,-,dayorbyte,-,1383.16,-2.06,1621.13,0.0,79.32,0.69,48,0.0,22,0.0,26,0.0,0,0.0,45.83,0.0,2020-09-27,P,4,-
-,-,theChony,MX,1382.97,-3.81,1521.18,0.0,46.07,1.27,267,0.0,121,0.0,145,0.0,1,0.0,45.32,0.0,2024-04-04,G,4,-
-,-,Aksan,-,1382.58,-2.42,1586.27,0.0,67.9,0.81,42,0.0,26,0.0,16,0.0,0,0.0,61.9,0.0,2023-12-03,-,0,-
-,-,gustn_toh,-,1382.37,-2.61,1570.15,0.0,62.59,0.87,84,0.0,43,0.0,40,0.0,1,0.0,51.19,0.0,2021-12-05,G,2,-
-,-,Wiles,-,1382.21,-1.1,1825.31,0.0,147.7,0.37,12,0.0,11,0.0,1,0.0,0,0.0,91.67,0.0,2020-09-27,-,0,-
-,-,FlyingDutchman,NL,1381.98,-2.1,1616.96,0.0,78.33,0.7,66,0.0,34,0.0,32,0.0,0,0.0,51.52,0.0,2019-02-17,-,0,-
-,-,jskunsa,-,1381.89,-2.3,1597.42,0.0,71.85,0.77,48,0.0,22,0.0,26,0.0,0,0.0,45.83,0.0,2021-06-02,-,0,-
-,-,jezevec_lesni,-,1381.88,-2.24,1603.13,0.0,73.75,0.75,48,0.0,27,0.0,20,0.0,1,0.0,56.25,0.0,2021-03-02,G,2,-
697,123,bryanckh,SG,1381.68,86.09,1585.06,-44.01,67.79,-43.37,36,24.0,18,11.0,18,13.0,0,0.0,50.0,-8.33,2026-04-25,-,0,1262.0
-,-,Unternehmer,-,1381.65,-1.09,1829.14,0.0,149.16,0.36,12,0.0,10,0.0,1,0.0,1,0.0,83.33,0.0,2018-10-14,-,0,-
-,-,ttaimmortal,-,1380.15,-1.86,1643.64,0.0,87.83,0.62,24,0.0,12,0.0,12,0.0,0,0.0,50.0,0.0,2021-09-05,-,0,-
698,-51,Nevic,-,1379.99,-3.54,1519.23,0.0,46.41,1.18,108,0.0,49,0.0,57,0.0,2,0.0,45.37,0.0,2025-12-28,G,2,499.0
699,59,Kivok,-,1379.71,50.28,1652.37,-16.83,90.89,-22.37,18,6.0,10,3.0,8,3.0,0,0.0,55.56,-2.77,2026-03-01,-,0,-
-,-,SteelKitten,-,1379.58,-2.13,1609.93,0.0,76.78,0.71,36,0.0,23,0.0,13,0.0,0,0.0,63.89,0.0,2021-12-05,-,0,-
-,-,Pat_the_Cat,-,1379.44,-1.51,1703.86,0.0,108.14,0.5,18,0.0,13,0.0,5,0.0,0,0.0,72.22,0.0,2024-07-01,-,0,-
700,-46,Cristiancordeu,AR,1379.37,-0.23,1466.78,3.54,29.14,1.26,426,6.0,200,4.0,222,2.0,4,0.0,46.95,0.28,2026-04-22,-,0,496.0
701,-46,collace,-,1379.16,0.17,1507.84,-13.57,42.89,-4.58,84,18.0,43,5.0,41,13.0,0,0.0,51.19,-6.39,2026-04-21,-,0,989.0
702,-74,extrmn8r,-,1379.07,-12.03,1573.82,-53.15,64.92,-13.71,42,12.0,19,4.0,23,8.0,0,0.0,45.24,-4.76,2026-04-30,-,0,805.0
703,-7,yhw,-,1378.95,20.27,1546.33,11.12,55.79,-3.05,57,6.0,32,3.0,25,3.0,0,0.0,56.14,-0.72,2026-03-05,-,0,939.0
-,-,DGMvado,-,1378.82,-2.31,1593.14,0.0,71.44,0.77,36,0.0,16,0.0,20,0.0,0,0.0,44.44,0.0,2024-07-01,-,0,-
704,232,Maximus1992,-,1378.54,144.62,1652.88,87.81,91.45,-18.94,18,6.0,11,4.0,7,2.0,0,0.0,61.11,2.78,2026-03-02,-,0,-
-,-,RootNegative,-,1378.33,-1.86,1641.95,0.0,87.87,0.62,24,0.0,18,0.0,6,0.0,0,0.0,75.0,0.0,2022-09-04,-,0,-
-,-,Chixx,SE,1378.18,-1.54,1696.34,0.0,106.05,0.51,15,0.0,10,0.0,5,0.0,0,0.0,66.67,0.0,2023-03-01,-,0,-
705,-78,Crs,GB,1377.93,-13.38,1456.67,-12.85,26.25,0.18,450,30.0,198,7.0,248,22.0,4,1.0,44.0,-1.48,2026-04-25,-,0,463.0
706,-62,Seppel,-,1377.88,-7.27,1546.97,-11.24,56.37,-1.32,54,3.0,31,1.0,23,2.0,0,0.0,57.41,-1.41,2026-03-15,-,0,750.0
707,-104,baggioka,HU,1377.87,-23.55,1469.41,-25.92,30.51,-0.79,273,24.0,113,6.0,160,18.0,0,0.0,41.39,-1.58,2026-05-05,-,0,420.0
-,-,Cleeve,-,1377.48,-1.69,1666.65,0.0,96.39,0.56,24,0.0,17,0.0,5,0.0,2,0.0,70.83,0.0,2021-06-02,-,0,-
-,-,copesettic,US,1377.42,-3.23,1533.11,0.0,51.9,1.08,123,0.0,62,0.0,59,0.0,2,0.0,50.41,0.0,2023-06-04,-,0,-
-,-,Mikeski,-,1377.09,-2.08,1612.88,0.0,78.6,0.69,30,0.0,19,0.0,11,0.0,0,0.0,63.33,0.0,2025-03-13,-,0,939.0
708,137,Patelavache,-,1376.9,93.19,1593.1,24.73,72.06,-22.82,36,12.0,21,5.0,15,7.0,0,0.0,58.33,-8.34,2026-04-29,-,0,1118.0
-,-,Steak,-,1376.44,-2.29,1591.47,0.0,71.68,0.76,36,0.0,25,0.0,11,0.0,0,0.0,69.44,0.0,2023-12-03,-,0,-
-,-,Zathio,US,1376.41,-3.92,1504.58,0.0,42.72,1.31,147,0.0,67,0.0,78,0.0,2,0.0,45.58,0.0,2025-01-06,-,0,989.0
-,-,Ryk_Longspear,-,1376.31,-2.36,1583.47,0.0,69.05,0.79,48,0.0,28,0.0,20,0.0,0,0.0,58.33,0.0,2022-03-06,-,0,-
709,70,Bizniouf,-,1375.96,56.41,1498.86,37.37,40.97,-6.35,99,24.0,49,12.0,50,12.0,0,0.0,49.49,0.16,2026-05-04,-,0,451.0
-,-,pdp01,-,1375.93,-2.39,1581.52,0.0,68.53,0.8,60,0.0,34,0.0,26,0.0,0,0.0,56.67,0.0,2021-09-05,-,0,-
710,-30,Rasputin,-,1375.78,6.44,1459.07,7.95,27.76,0.5,393,18.0,176,11.0,213,7.0,4,0.0,44.78,0.78,2026-05-01,-,0,403.0
711,-4,Covid_19,-,1375.72,22.15,1556.69,12.29,60.33,-3.29,48,6.0,27,2.0,21,4.0,0,0.0,56.25,-3.27,2026-03-03,-,0,-
-,-,Milah,-,1374.71,-2.52,1569.93,0.0,65.07,0.84,60,0.0,32,0.0,27,0.0,1,0.0,53.33,0.0,2022-03-06,-,0,-
712,-6,EvgenyRazinkov,-,1374.51,20.85,1578.74,-3.35,68.08,-8.07,36,6.0,20,3.0,15,3.0,1,0.0,55.56,-1.11,2026-03-12,-,0,872.0
-,-,Levia,-,1374.27,-3.23,1528.59,0.0,51.44,1.08,87,0.0,48,0.0,39,0.0,0,0.0,55.17,0.0,2025-01-02,-,0,989.0
-,-,wirymen,PL,1374.22,-3.47,1519.78,0.0,48.52,1.16,126,0.0,64,0.0,60,0.0,2,0.0,50.79,0.0,2024-07-01,-,0,-
713,-76,Biggi86,-,1374.16,-14.06,1495.33,-14.82,40.39,-0.26,129,6.0,70,2.0,59,4.0,0,0.0,54.26,-1.02,2026-04-29,-,0,1067.0
714,-110,Urist,-,1373.77,-26.97,1534.06,-36.19,53.43,-3.07,57,6.0,31,1.0,26,5.0,0,0.0,54.39,-4.43,2026-04-27,-,0,798.0
-,-,fathotdog,-,1373.74,-2.25,1593.61,0.0,73.29,0.75,48,0.0,21,0.0,27,0.0,0,0.0,43.75,0.0,2021-06-02,-,0,-
-,-,JeroenSchreurs,BE,1373.28,-4.11,1497.18,0.0,41.3,1.37,225,0.0,111,0.0,112,0.0,2,0.0,49.33,0.0,2024-10-01,G,2,-
715,-135,broskiumenyiora,US,1373.11,-38.21,1516.3,-42.76,47.73,-1.52,84,6.0,43,0.0,41,6.0,0,0.0,51.19,-3.94,2026-03-07,-,0,697.0
716,-68,firlefanzer,-,1372.97,-10.44,1457.94,-12.79,28.33,-0.78,246,30.0,112,8.0,134,22.0,0,0.0,45.53,-2.62,2026-05-13,-,0,414.0
-,-,itsPG,-,1372.91,-4.07,1495.74,0.0,40.94,1.36,264,0.0,127,0.0,134,0.0,3,0.0,48.11,0.0,2025-01-14,-,0,1067.0
-,-,jamiu5,-,1372.56,-2.56,1566.2,0.0,64.54,0.85,126,0.0,52,0.0,74,0.0,0,0.0,41.27,0.0,2020-06-28,P,2,-
717,-59,Vi15So17,DE,1372.09,-6.4,1456.9,-5.65,28.27,0.25,312,18.0,140,7.0,167,11.0,5,0.0,44.87,-0.37,2026-04-27,-,0,365.0
718,-48,srapi,-,1371.81,-2.06,1612.3,0.0,80.16,0.69,24,0.0,14,0.0,10,0.0,0,0.0,58.33,0.0,2025-12-01,-,0,872.0
-,-,Ramonster,NL,1371.79,-3.91,1499.75,0.0,42.65,1.3,183,0.0,96,0.0,86,0.0,1,0.0,52.46,0.0,2024-09-04,-,0,-
719,-56,Purplegoo,-,1370.78,-5.51,1459.03,-4.28,29.42,0.41,450,18.0,200,7.0,246,11.0,4,0.0,44.44,-0.24,2026-04-23,-,0,389.0
-,-,osterangen,-,1370.53,-3.4,1523.43,0.0,50.97,1.13,162,0.0,83,0.0,76,0.0,3,0.0,51.23,0.0,2023-07-15,-,0,-
-,-,onerija,-,1370.3,-1.64,1669.68,0.0,99.79,0.55,24,0.0,18,0.0,6,0.0,0,0.0,75.0,0.0,2021-03-02,-,0,-
720,new,Quasar_Enderas,-,1369.98,919.98,1707.43,207.43,112.48,112.48,12,12.0,11,11.0,1,1.0,0,0.0,91.67,91.67,2026-04-16,-,0,-
721,-72,Peaceminusone,-,1369.58,-13.01,1492.93,-19.47,41.12,-2.15,204,12.0,98,4.0,106,8.0,0,0.0,48.04,-0.92,2026-04-25,G,2,921.0
722,11,NoelFerrer,-,1369.54,29.21,1636.81,-12.88,89.09,-14.03,18,6.0,10,1.0,8,5.0,0,0.0,55.56,-19.44,2026-03-13,-,0,-
-,-,Serena,AT,1369.37,-2.43,1571.23,0.0,67.29,0.81,39,0.0,19,0.0,19,0.0,1,0.0,48.72,0.0,2025-03-13,-,0,621.0
723,-50,noobgo,-,1368.83,-2.5,1481.93,-1.67,37.7,0.28,231,6.0,107,2.0,121,4.0,3,0.0,46.32,-0.35,2026-03-03,-,0,1287.0
-,-,T3RR4,-,1368.62,-2.31,1587.34,0.0,72.91,0.77,48,0.0,26,0.0,22,0.0,0,0.0,54.17,0.0,2021-09-05,-,0,-
-,-,SteveMB55,-,1368.5,-2.63,1555.37,0.0,62.29,0.88,72,0.0,42,0.0,30,0.0,0,0.0,58.33,0.0,2022-09-04,-,0,-
724,-33,taltal,-,1367.93,7.96,1484.19,4.4,38.75,-1.19,123,12.0,52,4.0,68,8.0,3,0.0,42.28,-0.96,2026-04-29,-,0,536.0
725,-50,MarcoM,-,1367.65,-2.91,1537.51,0.0,56.62,0.97,60,0.0,32,0.0,28,0.0,0,0.0,53.33,0.0,2026-01-10,-,0,504.0
726,41,ShPini,-,1367.59,43.29,1599.37,-65.07,77.26,-36.12,24,12.0,11,4.0,13,8.0,0,0.0,45.83,-12.5,2026-05-01,-,0,-
-,-,Yuit,-,1367.46,-3.1,1529.15,0.0,53.89,1.03,120,0.0,65,0.0,55,0.0,0,0.0,54.17,0.0,2023-02-05,-,0,-
727,-51,samgreco,JP,1367.45,-2.79,1546.23,0.0,59.59,0.93,54,0.0,25,0.0,29,0.0,0,0.0,46.3,0.0,2026-01-15,-,0,989.0
728,17,Jochabeth,-,1367.34,33.77,1472.71,28.9,35.12,-1.62,159,18.0,73,12.0,85,6.0,1,0.0,45.91,2.65,2026-04-18,-,0,452.0
-,-,Shobalk,US,1366.5,-3.46,1508.69,0.0,47.4,1.15,180,0.0,93,0.0,86,0.0,1,0.0,51.67,0.0,2023-12-03,-,0,-
729,-48,Numsy71,-,1366.46,-2.19,1590.85,0.0,74.8,0.73,30,0.0,16,0.0,14,0.0,0,0.0,53.33,0.0,2026-01-15,-,0,717.0
730,-53,Peperinni,-,1366.28,-3.59,1503.51,0.0,45.74,1.2,84,0.0,41,0.0,43,0.0,0,0.0,48.81,0.0,2026-01-19,-,0,910.0
731,-62,MechJayTi2,-,1366.19,-7.9,1473.33,-14.03,35.71,-2.04,135,18.0,69,6.0,66,12.0,0,0.0,51.11,-2.74,2026-04-22,-,0,705.0
732,-125,FrancoisFerdinand,-,1365.73,-33.36,1476.76,-36.73,37.01,-1.12,168,12.0,87,1.0,78,11.0,3,0.0,51.79,-3.34,2026-04-28,-,0,842.0
-,-,AdrianosMaximus,-,1365.53,-3.42,1509.58,0.0,48.02,1.14,120,0.0,60,0.0,60,0.0,0,0.0,50.0,0.0,2024-07-01,-,0,-
-,-,Isaca10,-,1365.3,-2.84,1538.86,0.0,57.85,0.95,84,0.0,46,0.0,36,0.0,2,0.0,54.76,0.0,2023-09-03,-,0,-
733,79,Voidray,-,1365.27,64.85,1537.8,49.5,57.51,-5.11,63,12.0,23,5.0,39,7.0,1,0.0,36.51,1.22,2026-04-30,-,0,872.0
-,-,Tmer,-,1364.98,-1.87,1627.33,0.0,87.45,0.62,24,0.0,16,0.0,8,0.0,0,0.0,66.67,0.0,2025-03-04,-,0,754.0
-,-,Nealio,NL,1364.44,-2.83,1539.47,0.0,58.34,0.94,63,0.0,33,0.0,29,0.0,1,0.0,52.38,0.0,2024-09-01,-,0,-
-,-,Straanger,-,1363.96,-1.82,1632.9,0.0,89.65,0.61,24,0.0,13,0.0,11,0.0,0,0.0,54.17,0.0,2021-06-02,-,0,-
-,-,wenyu0007,-,1363.72,-1.27,1748.26,0.0,128.18,0.42,12,0.0,10,0.0,2,0.0,0,0.0,83.33,0.0,2021-06-02,-,0,-
-,-,Kenvi,PL,1363.45,-3.79,1495.26,0.0,43.94,1.26,153,0.0,73,0.0,79,0.0,1,0.0,47.71,0.0,2024-10-01,-,0,-
-,-,arnbold,-,1363.08,-1.87,1626.49,0.0,87.8,0.62,24,0.0,17,0.0,7,0.0,0,0.0,70.83,0.0,2023-06-04,-,0,-
-,-,Lemth,-,1362.85,-2.45,1567.65,0.0,68.27,0.82,60,0.0,33,0.0,27,0.0,0,0.0,55.0,0.0,2022-03-06,-,0,-
734,-52,Garban7,-,1362.3,-6.29,1449.17,-6.37,28.96,-0.03,390,18.0,190,7.0,199,11.0,1,0.0,48.72,-0.47,2026-05-03,-,0,541.0
-,-,Neptian,-,1362.01,-1.45,1700.4,0.0,112.8,0.48,12,0.0,9,0.0,3,0.0,0,0.0,75.0,0.0,2024-04-04,-,0,-
-,-,Boogeli,NL,1361.67,-2.24,1582.33,0.0,73.55,0.75,30,0.0,16,0.0,14,0.0,0,0.0,53.33,0.0,2024-06-16,-,0,-
735,-49,Spriteule,DE,1361.64,-2.96,1529.33,0.0,55.9,0.99,60,0.0,30,0.0,29,0.0,1,0.0,50.0,0.0,2026-01-21,-,0,872.0
-,-,DVDripXvid,-,1361.31,-2.06,1601.79,0.0,80.16,0.69,24,0.0,12,0.0,12,0.0,0,0.0,50.0,0.0,2025-04-18,-,0,729.0
-,-,Mrzout,-,1361.27,-3.19,1522.79,0.0,53.84,1.06,126,0.0,68,0.0,58,0.0,0,0.0,53.97,0.0,2025-03-01,-,0,805.0
-,-,Ptarr,-,1361.14,-2.44,1563.04,0.0,67.3,0.81,54,0.0,30,0.0,24,0.0,0,0.0,55.56,0.0,2023-01-15,-,0,-
736,-33,Happykitten,-,1360.51,4.99,1475.59,3.39,38.36,-0.53,150,12.0,78,8.0,69,4.0,3,0.0,52.0,1.28,2026-04-20,-,0,1184.0
737,-47,luigino71,IT,1359.59,-0.78,1440.9,1.03,27.11,0.6,492,18.0,215,9.0,277,9.0,0,0.0,43.7,0.24,2026-04-29,-,0,334.0
-,-,jmw,-,1359.22,-3.78,1491.12,0.0,43.97,1.26,186,0.0,95,0.0,87,0.0,4,0.0,51.08,0.0,2024-06-02,-,0,-
-,-,dannymcbride,-,1359.21,-2.03,1601.56,0.0,80.78,0.68,27,0.0,16,0.0,11,0.0,0,0.0,59.26,0.0,2025-01-09,-,0,868.0
-,-,Raq82,-,1359.19,-1.59,1668.46,0.0,103.09,0.53,18,0.0,11,0.0,7,0.0,0,0.0,61.11,0.0,2024-02-23,-,0,-
-,-,Henader,PL,1359.09,-2.9,1529.55,0.0,56.82,0.97,96,0.0,51,0.0,45,0.0,0,0.0,53.12,0.0,2023-03-01,-,0,-
-,-,ALEKYD,-,1358.92,-2.08,1594.72,0.0,78.6,0.69,36,0.0,25,0.0,11,0.0,0,0.0,69.44,0.0,2021-12-05,-,0,-
-,-,lppl,-,1358.61,-2.44,1563.32,0.0,68.24,0.81,66,0.0,34,0.0,30,0.0,2,0.0,51.52,0.0,2024-02-23,-,0,-
-,-,Pelej,PL,1358.0,-2.37,1565.31,0.0,69.1,0.79,42,0.0,22,0.0,20,0.0,0,0.0,52.38,0.0,2024-09-01,-,0,-
-,-,BedrockLP,-,1357.34,-1.88,1618.57,0.0,87.08,0.63,24,0.0,14,0.0,10,0.0,0,0.0,58.33,0.0,2024-04-04,-,0,-
-,-,Ranior,US,1357.29,-1.62,1660.47,0.0,101.06,0.54,18,0.0,11,0.0,6,0.0,1,0.0,61.11,0.0,2025-03-04,-,0,872.0
738,-49,skab12,-,1357.19,-3.37,1453.35,-5.78,32.05,-0.8,240,18.0,99,7.0,140,11.0,1,0.0,41.25,-0.19,2026-04-22,-,0,446.0
-,-,Neron,-,1356.93,-2.05,1595.7,0.0,79.59,0.68,36,0.0,22,0.0,14,0.0,0,0.0,61.11,0.0,2021-06-02,-,0,-
739,-52,mahawirasd,ID,1356.78,-5.84,1445.9,0.0,29.71,1.95,390,0.0,174,0.0,209,0.0,7,0.0,44.62,0.0,2026-01-05,-,0,435.0
740,-8,Gurhuntar,-,1356.37,15.09,1526.05,6.57,56.56,-2.84,54,6.0,28,2.0,26,4.0,0,0.0,51.85,-2.32,2026-03-04,-,0,872.0
741,-56,petrau77,FI,1356.02,-9.29,1438.43,-6.95,27.47,0.78,540,18.0,234,8.0,304,10.0,2,0.0,43.33,0.03,2026-04-29,P,2,365.0
-,-,Diabloz,-,1355.85,-2.75,1537.4,0.0,60.52,0.92,72,0.0,38,0.0,34,0.0,0,0.0,52.78,0.0,2023-03-01,-,0,-
-,-,meleke,-,1355.69,-1.64,1654.08,0.0,99.46,0.55,18,0.0,11,0.0,7,0.0,0,0.0,61.11,0.0,2024-04-04,-,0,-
-,-,CrAzian18,-,1355.23,-2.2,1579.16,0.0,74.64,0.73,33,0.0,19,0.0,14,0.0,0,0.0,57.58,0.0,2025-03-01,-,0,939.0
742,new,amadeo,-,1355.19,905.19,1703.42,203.42,116.08,116.08,12,12.0,11,11.0,1,1.0,0,0.0,91.67,91.67,2026-04-26,-,0,-
-,-,torstenk,-,1354.99,-2.62,1542.85,0.0,62.62,0.87,48,0.0,28,0.0,20,0.0,0,0.0,58.33,0.0,2025-02-02,-,0,1284.0
743,-42,Keyadoria,-,1354.1,-2.09,1588.75,0.0,78.22,0.7,24,0.0,15,0.0,9,0.0,0,0.0,62.5,0.0,2026-01-12,-,0,1067.0
744,5,SeanHandley,-,1354.08,22.93,1447.54,18.28,31.15,-1.55,186,24.0,82,14.0,104,10.0,0,0.0,44.09,2.11,2026-05-16,-,0,494.0
-,-,orlin614,-,1354.04,-1.87,1616.59,0.0,87.52,0.62,24,0.0,17,0.0,7,0.0,0,0.0,70.83,0.0,2023-09-03,-,0,-
745,-53,Francesco1812,IT,1353.41,-6.55,1434.88,-6.52,27.16,0.01,384,24.0,173,10.0,210,14.0,1,0.0,45.05,-0.23,2026-04-22,-,0,509.0
746,109,Raffaelus,-,1353.29,71.08,1581.26,34.34,75.99,-12.25,30,6.0,18,4.0,12,2.0,0,0.0,60.0,1.67,2026-03-07,-,0,1067.0
-,-,Liosan,-,1353.26,-2.61,1541.8,0.0,62.85,0.87,84,0.0,52,0.0,32,0.0,0,0.0,61.9,0.0,2022-09-04,-,0,-
-,-,Reinuvader,HU,1351.86,-3.58,1492.82,0.0,46.99,1.19,159,0.0,78,0.0,80,0.0,1,0.0,49.06,0.0,2025-01-21,-,0,1388.0
-,-,Serenicus,-,1351.1,-1.69,1640.14,0.0,96.34,0.56,18,0.0,10,0.0,8,0.0,0,0.0,55.56,0.0,2025-03-05,-,0,872.0
747,-38,greyshade,-,1351.08,-0.48,1448.26,2.69,32.39,1.06,306,6.0,132,2.0,173,4.0,1,0.0,43.14,-0.19,2026-03-13,-,0,494.0
-,-,Adrian-2909,-,1350.38,-1.25,1742.18,0.0,130.6,0.42,12,0.0,12,0.0,0,0.0,0,0.0,100.0,0.0,2022-03-06,-,0,-
-,-,5calpel,GB,1349.45,-3.8,1478.29,0.0,42.95,1.27,201,0.0,98,0.0,102,0.0,1,0.0,48.76,0.0,2024-06-02,-,0,-
748,-51,Prashanth,-,1349.44,-9.03,1462.46,-12.32,37.68,-1.1,117,12.0,53,3.0,63,9.0,1,0.0,45.3,-2.32,2026-04-30,-,0,393.0
749,-45,DonRaphon,-,1349.17,-6.28,1444.63,0.0,31.82,2.09,384,0.0,173,0.0,206,0.0,5,0.0,45.05,0.0,2025-12-01,-,0,412.0
750,-31,zackg,US,1349.12,2.35,1437.87,2.48,29.58,0.04,333,18.0,141,8.0,192,10.0,0,0.0,42.34,0.12,2026-04-23,-,0,466.0
-,-,Raze27,-,1349.12,-2.84,1525.09,0.0,58.66,0.95,87,0.0,44,0.0,41,0.0,2,0.0,50.57,0.0,2024-02-23,-,0,-
751,-43,etJake,US,1349.05,-2.96,1517.44,0.0,56.13,0.99,60,0.0,32,0.0,28,0.0,0,0.0,53.33,0.0,2026-01-12,-,0,578.0
752,83,mowangfeng,-,1349.01,59.28,1549.71,37.53,66.9,-7.25,33,6.0,18,4.0,15,2.0,0,0.0,54.55,2.7,2026-03-03,-,0,1375.0
-,-,Ananasantti,FI,1348.42,-3.93,1479.18,0.0,43.59,1.31,261,0.0,124,0.0,137,0.0,0,0.0,47.51,0.0,2024-04-04,-,0,-
753,27,Limdul1988,CZ,1348.23,29.06,1457.15,24.32,36.31,-1.58,150,18.0,63,10.0,81,8.0,6,0.0,42.0,1.85,2026-04-16,-,0,707.0
754,-66,Pulpecja,PL,1348.03,-12.87,1428.43,-13.31,26.8,-0.15,315,30.0,144,9.0,170,20.0,1,1.0,45.71,-1.66,2026-04-28,-,0,488.0
755,0,sausagesky,-,1347.96,17.75,1517.31,6.14,56.45,-3.87,54,6.0,26,3.0,28,3.0,0,0.0,48.15,0.23,2026-05-05,-,0,1067.0
-,-,Akio,-,1347.89,-2.21,1571.77,0.0,74.63,0.74,60,0.0,31,0.0,28,0.0,1,0.0,51.67,0.0,2020-09-27,-,0,-
-,-,shezbot,-,1347.82,-2.51,1543.3,0.0,65.16,0.84,72,0.0,42,0.0,30,0.0,0,0.0,58.33,0.0,2021-12-05,-,0,-
756,-44,DayWeed,-,1347.73,-2.91,1518.79,0.0,57.02,0.97,60,0.0,39,0.0,21,0.0,0,0.0,65.0,0.0,2025-10-22,-,0,620.0
757,114,Giledon,-,1347.7,71.64,1547.56,51.78,66.62,-6.62,36,6.0,19,5.0,17,1.0,0,0.0,52.78,6.11,2026-03-05,-,0,729.0
-,-,PiftaIsItYou,-,1347.57,-2.71,1530.7,0.0,61.05,0.9,96,0.0,54,0.0,41,0.0,1,0.0,56.25,0.0,2023-06-04,G,2,-
-,-,Elucron,-,1347.47,-1.17,1765.01,0.0,139.18,0.39,12,0.0,10,0.0,2,0.0,0,0.0,83.33,0.0,2020-06-28,-,0,-
758,225,SafeT,-,1347.14,139.91,1617.96,83.77,90.27,-18.71,18,6.0,9,4.0,9,2.0,0,0.0,50.0,8.33,2026-03-05,-,0,-
759,-31,giannisoad,IT,1347.05,4.34,1442.16,5.26,31.7,0.31,315,12.0,139,6.0,176,6.0,0,0.0,44.13,0.24,2026-04-17,-,0,429.0
-,-,Kripa,FI,1346.75,-3.06,1507.63,0.0,53.63,1.02,99,0.0,51,0.0,48,0.0,0,0.0,51.52,0.0,2023-06-04,-,0,-
760,-45,Linsage,-,1346.21,-2.54,1540.44,0.0,64.74,0.85,45,0.0,22,0.0,23,0.0,0,0.0,48.89,0.0,2026-01-13,-,0,757.0
761,-14,Rackare,SE,1345.41,13.69,1552.13,2.39,68.91,-3.77,36,6.0,17,1.0,19,5.0,0,0.0,47.22,-6.11,2026-03-05,-,0,805.0
762,-45,runningnemo,-,1344.94,-2.67,1530.04,0.0,61.7,0.89,45,0.0,26,0.0,19,0.0,0,0.0,57.78,0.0,2026-01-07,-,0,939.0
-,-,deleted_user_9880390,-,1344.91,-1.33,1713.78,0.0,122.96,0.44,12,0.0,10,0.0,2,0.0,0,0.0,83.33,0.0,2024-03-03,-,0,-
763,-13,KubikD,-,1344.83,13.9,1479.32,11.48,44.83,-0.81,87,6.0,45,4.0,41,2.0,1,0.0,51.72,1.1,2026-04-22,-,0,529.0
-,-,Pika07,-,1344.65,-2.26,1563.49,0.0,72.94,0.75,33,0.0,18,0.0,15,0.0,0,0.0,54.55,0.0,2025-03-07,-,0,872.0
764,11,Otto_von_Bismarck,-,1344.48,23.33,1541.25,6.86,65.59,-5.49,36,6.0,17,2.0,19,4.0,0,0.0,47.22,-2.78,2026-03-01,-,0,939.0
-,-,Sotinche,-,1344.46,-3.09,1505.18,0.0,53.57,1.03,114,0.0,54,0.0,60,0.0,0,0.0,47.37,0.0,2023-02-05,-,0,-
-,-,Xsn,PL,1344.24,-2.31,1559.07,0.0,71.61,0.77,39,0.0,20,0.0,19,0.0,0,0.0,51.28,0.0,2025-01-12,-,0,640.0
765,-25,powerbigoud,-,1344.08,7.37,1426.56,9.25,27.49,0.63,444,18.0,191,10.0,248,8.0,5,0.0,43.02,0.53,2026-05-05,-,0,469.0
-,-,Dedengkot,-,1344.04,-2.76,1525.84,0.0,60.6,0.92,78,0.0,43,0.0,34,0.0,1,0.0,55.13,0.0,2023-12-03,-,0,-
-,-,jabroney,AU,1343.96,-2.22,1564.87,0.0,73.64,0.74,48,0.0,30,0.0,18,0.0,0,0.0,62.5,0.0,2022-03-06,-,0,-
766,181,HumusAmongUs,-,1343.85,117.13,1625.38,47.05,93.84,-23.36,18,6.0,11,3.0,7,3.0,0,0.0,61.11,-5.56,2026-03-01,-,0,-
-,-,darkstar75,IT,1343.8,-3.27,1500.49,0.0,52.23,1.09,153,0.0,75,0.0,78,0.0,0,0.0,49.02,0.0,2023-02-05,-,0,-
767,-6,gulper,-,1343.6,15.54,1461.74,7.59,39.38,-2.65,144,18.0,64,11.0,78,7.0,2,0.0,44.44,2.38,2026-04-29,-,0,645.0
768,76,tue2k,-,1343.25,59.34,1617.61,3.18,91.45,-18.72,18,6.0,10,4.0,8,2.0,0,0.0,55.56,5.56,2026-03-09,-,0,-
-,-,GokuBC,PL,1343.21,-3.85,1471.89,0.0,42.89,1.28,162,0.0,72,0.0,87,0.0,3,0.0,44.44,0.0,2024-09-04,-,0,-
-,-,varro,-,1342.77,-1.85,1607.89,0.0,88.37,0.62,36,0.0,21,0.0,14,0.0,1,0.0,58.33,0.0,2019-12-30,-,0,-
769,-45,Kvist,DK,1342.33,-2.61,1531.35,0.0,63.01,0.87,42,0.0,21,0.0,21,0.0,0,0.0,50.0,0.0,2026-01-07,-,0,1287.0
770,-65,Dzsabo,HU,1342.29,-12.17,1431.22,-14.83,29.64,-0.89,204,24.0,86,8.0,116,15.0,2,1.0,42.16,-1.17,2026-05-13,-,0,423.0
-,-,eLGi,-,1342.24,-2.34,1552.66,0.0,70.14,0.78,48,0.0,25,0.0,22,0.0,1,0.0,52.08,0.0,2022-03-06,-,0,-
771,-77,Taeveren,-,1342.06,-17.23,1433.61,-21.71,30.52,-1.49,183,27.0,75,7.0,106,19.0,2,1.0,40.98,-2.61,2026-04-18,-,0,409.0
-,-,dulbbong,-,1341.84,-2.03,1586.68,0.0,81.61,0.68,30,0.0,16,0.0,13,0.0,1,0.0,53.33,0.0,2025-01-11,-,0,989.0
-,-,Pack,-,1341.74,-1.64,1639.97,0.0,99.41,0.55,18,0.0,10,0.0,8,0.0,0,0.0,55.56,0.0,2024-04-04,-,0,-
772,-50,StefanGreatFirst,PL,1341.73,-3.94,1469.76,0.0,42.67,1.31,120,0.0,60,0.0,58,0.0,2,0.0,50.0,0.0,2026-01-14,-,0,1067.0
-,-,orangeextract,-,1341.42,-2.73,1522.02,0.0,60.2,0.91,84,0.0,45,0.0,37,0.0,2,0.0,53.57,0.0,2022-09-04,-,0,-
773,new,MysteriousWizard,-,1340.32,890.32,1693.18,193.18,117.62,117.62,12,12.0,10,10.0,2,2.0,0,0.0,83.33,83.33,2026-04-22,-,0,-
774,10,michasz,-,1340.3,23.75,1443.34,15.75,34.35,-2.67,138,24.0,67,12.0,71,12.0,0,0.0,48.55,0.3,2026-05-02,-,0,605.0
-,-,SKM,-,1339.98,-2.55,1532.34,0.0,64.12,0.85,48,0.0,25,0.0,23,0.0,0,0.0,52.08,0.0,2023-09-03,-,0,-
-,-,Redgood,-,1339.86,-1.71,1627.31,0.0,95.82,0.57,18,0.0,10,0.0,6,0.0,2,0.0,55.56,0.0,2025-03-12,-,0,805.0
775,-96,Maharaj_JD,-,1339.85,-29.51,1504.94,-38.93,55.03,-3.14,60,6.0,28,0.0,32,6.0,0,0.0,46.67,-5.18,2026-03-02,-,0,271.0
776,-51,RedMadMike,PL,1339.32,-4.58,1449.0,0.0,36.56,1.53,147,0.0,62,0.0,84,0.0,1,0.0,42.18,0.0,2026-02-05,-,0,416.0
777,-47,grace,-,1339.15,-2.9,1509.79,0.0,56.88,0.97,72,0.0,40,0.0,31,0.0,1,0.0,55.56,0.0,2025-07-26,-,0,1172.0
778,-27,tanman,-,1339.14,8.79,1436.5,9.15,32.45,0.12,345,12.0,151,6.0,188,5.0,6,1.0,43.77,0.23,2026-04-22,-,0,570.0
-,-,Aksiom,-,1338.96,-2.74,1523.96,0.0,61.67,0.91,84,0.0,41,0.0,42,0.0,1,0.0,48.81,0.0,2022-03-06,-,0,-
-,-,Epikoros,-,1338.48,-1.76,1617.04,0.0,92.85,0.59,18,0.0,8,0.0,10,0.0,0,0.0,44.44,0.0,2023-04-16,-,0,-
779,-27,dmhalford,IT,1338.35,8.05,1434.38,8.54,32.01,0.16,330,12.0,145,6.0,183,6.0,2,0.0,43.94,0.23,2026-05-02,-,0,700.0
-,-,Redder,-,1337.59,-1.11,1780.4,0.0,147.6,0.37,6,0.0,5,0.0,1,0.0,0,0.0,83.33,0.0,2023-01-15,-,0,-
-,-,cardboard,-,1336.97,-1.46,1671.67,0.0,111.57,0.49,12,0.0,7,0.0,5,0.0,0,0.0,58.33,0.0,2025-01-07,-,0,989.0
780,-10,Mejdzr,CZ,1336.16,12.45,1427.32,14.62,30.39,0.72,429,12.0,189,7.0,233,5.0,7,0.0,44.06,0.41,2026-04-17,G,2,536.0
781,-21,Ratsia,FI,1336.09,7.08,1451.87,7.13,38.59,0.02,123,6.0,56,3.0,67,3.0,0,0.0,45.53,0.23,2026-04-27,-,0,802.0
-,-,Major.Tom,SE,1336.02,-1.42,1680.03,0.0,114.67,0.47,12,0.0,9,0.0,3,0.0,0,0.0,75.0,0.0,2024-09-01,-,0,-
782,-44,Cowzapper,-,1335.87,-1.42,1680.99,0.0,115.04,0.47,12,0.0,9,0.0,3,0.0,0,0.0,75.0,0.0,2026-01-14,-,0,-
783,-49,SerBaldur,-,1335.55,-4.65,1447.55,0.0,37.33,1.55,246,0.0,110,0.0,136,0.0,0,0.0,44.72,0.0,2026-01-16,-,0,865.0
-,-,gyova,-,1335.17,-2.25,1553.62,0.0,72.82,0.75,48,0.0,19,0.0,28,0.0,1,0.0,39.58,0.0,2021-06-02,P,2,-
-,-,Karpik,PL,1334.78,-3.02,1498.97,0.0,54.73,1.01,108,0.0,52,0.0,56,0.0,0,0.0,48.15,0.0,2022-12-04,-,0,-
784,-48,Synchro,BD,1334.69,-2.92,1507.04,0.0,57.45,0.97,48,0.0,23,0.0,25,0.0,0,0.0,47.92,0.0,2026-02-05,-,0,728.0
785,-44,themightyboost,-,1334.68,-1.77,1612.08,0.0,92.47,0.59,24,0.0,15,0.0,7,0.0,2,0.0,62.5,0.0,2026-01-10,-,0,-
-,-,Cruul,-,1333.99,-2.77,1510.23,0.0,58.75,0.92,96,0.0,47,0.0,48,0.0,1,0.0,48.96,0.0,2022-06-05,-,0,-
-,-,Slavica,HR,1333.95,-3.17,1492.52,0.0,52.86,1.06,78,0.0,32,0.0,44,0.0,2,0.0,41.03,0.0,2025-03-30,-,0,595.0
786,-47,Piter3000,PL,1333.81,-3.33,1488.35,0.0,51.51,1.11,102,0.0,44,0.0,57,0.0,1,0.0,43.14,0.0,2025-12-01,-,0,-
-,-,Saucisse,-,1333.71,-2.59,1530.12,0.0,65.47,0.86,60,0.0,35,0.0,24,0.0,1,0.0,58.33,0.0,2023-11-15,-,0,-
-,-,beecu,-,1333.43,-1.58,1643.46,0.0,103.34,0.53,18,0.0,11,0.0,7,0.0,0,0.0,61.11,0.0,2024-04-04,-,0,-
787,-87,Krex,-,1333.36,-23.42,1513.56,-95.4,60.07,-23.99,42,18.0,22,5.0,20,13.0,0,0.0,52.38,-18.45,2026-04-13,-,0,-
-,-,CainsAngel,-,1333.19,-1.73,1615.85,0.0,94.22,0.58,24,0.0,14,0.0,10,0.0,0,0.0,58.33,0.0,2025-01-19,-,0,989.0
788,-45,stshow123,-,1332.61,-1.59,1641.15,0.0,102.85,0.53,12,0.0,9,0.0,3,0.0,0,0.0,75.0,0.0,2025-10-10,-,0,1245.0
789,-68,aoe2champ,-,1332.4,-14.03,1432.5,-17.69,33.37,-1.22,153,18.0,73,5.0,80,13.0,0,0.0,47.71,-2.66,2026-04-19,-,0,690.0
790,40,FiveGee,-,1332.06,39.55,1458.98,32.15,42.31,-2.47,96,12.0,44,8.0,52,4.0,0,0.0,45.83,2.97,2026-04-23,-,0,607.0
-,-,roodBF,-,1331.96,-2.22,1552.33,0.0,73.46,0.74,42,0.0,18,0.0,24,0.0,0,0.0,42.86,0.0,2023-07-18,-,0,-
-,-,Pluppo,-,1331.83,-2.36,1541.01,0.0,69.73,0.79,72,0.0,40,0.0,32,0.0,0,0.0,55.56,0.0,2021-09-05,-,0,-
-,-,Luckcats,FR,1331.71,-2.2,1554.57,0.0,74.28,0.73,42,0.0,26,0.0,16,0.0,0,0.0,61.9,0.0,2023-09-03,-,0,-
-,-,DrWhom,-,1331.66,-2.49,1529.42,0.0,65.92,0.83,60,0.0,31,0.0,29,0.0,0,0.0,51.67,0.0,2022-03-06,-,0,1178.0
791,27,pandaczar,-,1331.53,34.44,1507.15,23.5,58.54,-3.65,48,6.0,24,3.0,24,3.0,0,0.0,50.0,0.0,2026-03-08,-,0,939.0
792,-44,Vyzvejkanec,-,1330.86,-0.5,1500.88,-12.57,56.68,-4.03,51,6.0,23,2.0,28,4.0,0,0.0,45.1,-1.57,2026-03-20,-,0,939.0
-,-,Darkksun,-,1330.16,-2.13,1562.12,0.0,77.32,0.71,30,0.0,14,0.0,16,0.0,0,0.0,46.67,0.0,2024-07-01,-,0,-
-,-,DoNotCopy,-,1330.02,-2.42,1532.06,0.0,67.35,0.81,60,0.0,33,0.0,27,0.0,0,0.0,55.0,0.0,2022-03-06,-,0,-
-,-,HansBugge,NO,1329.19,-4.27,1448.09,0.0,39.63,1.42,186,0.0,98,0.0,86,0.0,2,0.0,52.69,0.0,2025-04-30,-,0,700.0
793,-47,Repick,-,1329.17,-3.09,1491.05,0.0,53.96,1.03,66,0.0,33,0.0,33,0.0,0,0.0,50.0,0.0,2026-01-16,-,0,989.0
794,-84,salvor7,CA,1329.16,-22.29,1476.58,-28.29,49.14,-2.0,75,6.0,41,1.0,31,5.0,3,0.0,54.67,-3.3,2026-05-02,-,0,1067.0
795,-1,lcesar34,-,1328.71,15.76,1530.53,-6.58,67.27,-7.45,42,6.0,22,2.0,20,4.0,0,0.0,52.38,-3.18,2026-03-10,-,0,-
796,new,xYotsuba,-,1328.68,878.68,1676.92,176.92,116.08,116.08,12,12.0,10,10.0,2,2.0,0,0.0,83.33,83.33,2026-04-26,-,0,-
797,-168,Smilzo,-,1328.59,-62.45,1525.08,-109.7,65.5,-15.75,36,12.0,15,1.0,20,10.0,1,1.0,41.67,-16.66,2026-05-04,-,0,989.0
-,-,BoBo1983,-,1328.59,-1.46,1665.08,0.0,112.17,0.49,24,0.0,17,0.0,7,0.0,0,0.0,70.83,0.0,2020-09-27,-,0,-
-,-,Bluebird503,-,1328.52,-2.52,1523.04,0.0,64.84,0.84,54,0.0,29,0.0,24,0.0,1,0.0,53.7,0.0,2023-02-05,-,0,-
-,-,Grobyl,FR,1328.49,-3.29,1493.54,0.0,55.02,1.1,138,0.0,71,0.0,65,0.0,2,0.0,51.45,0.0,2023-02-05,-,0,-
798,-67,Melon6688,CA,1328.4,-13.42,1411.31,-12.96,27.64,0.16,462,24.0,195,8.0,262,16.0,5,0.0,42.21,-0.48,2026-04-27,-,0,742.0
799,-34,RoboKay314,US,1328.38,1.46,1416.76,2.08,29.46,0.21,318,18.0,138,8.0,178,10.0,2,0.0,43.4,0.07,2026-05-05,-,0,486.0
-,-,Nigma,RU,1328.33,-2.55,1523.84,0.0,65.17,0.85,63,0.0,29,0.0,34,0.0,0,0.0,46.03,0.0,2023-03-01,-,0,-
800,-43,Yavuial,-,1328.19,-1.45,1665.53,0.0,112.45,0.48,15,0.0,10,0.0,5,0.0,0,0.0,66.67,0.0,2026-01-06,-,0,-
801,-3,mikemast,-,1327.9,19.1,1507.32,8.38,59.81,-3.57,45,6.0,21,2.0,24,4.0,0,0.0,46.67,-2.05,2026-03-09,-,0,488.0
-,-,Maukka,-,1327.89,-3.56,1470.54,0.0,47.55,1.19,186,0.0,87,0.0,97,0.0,2,0.0,46.77,0.0,2024-04-04,-,0,-
-,-,superginger,-,1327.86,-3.21,1484.34,0.0,52.16,1.07,147,0.0,63,0.0,83,0.0,1,0.0,42.86,0.0,2023-03-01,-,0,-
-,-,PatLes5Couronnes,-,1327.6,-2.04,1569.93,0.0,80.78,0.68,36,0.0,13,0.0,20,0.0,3,0.0,36.11,0.0,2025-04-25,-,0,578.0
-,-,HeartBreakKid,US,1327.36,-2.86,1503.33,0.0,58.65,0.95,90,0.0,40,0.0,49,0.0,1,0.0,44.44,0.0,2024-07-01,-,0,-
-,-,tolong,-,1326.95,-1.78,1601.68,0.0,91.58,0.59,24,0.0,14,0.0,10,0.0,0,0.0,58.33,0.0,2021-06-02,-,0,-
-,-,Tyristan,-,1326.87,-1.88,1587.81,0.0,86.98,0.63,24,0.0,13,0.0,11,0.0,0,0.0,54.17,0.0,2024-07-01,-,0,1388.0
-,-,jsjsj,AU,1326.83,-3.02,1493.84,0.0,55.67,1.01,84,0.0,41,0.0,39,0.0,4,0.0,48.81,0.0,2024-10-01,-,0,-
802,-75,TAOxEagle,US,1326.8,-16.54,1447.28,-16.57,40.16,-0.01,204,6.0,88,0.0,112,6.0,4,0.0,43.14,-1.3,2026-03-14,-,0,662.0
-,-,thelittlejim,-,1326.3,-3.83,1461.39,0.0,45.03,1.28,189,0.0,83,0.0,103,0.0,3,0.0,43.92,0.0,2024-03-03,-,0,-
-,-,BrentC,-,1325.92,-1.81,1600.33,0.0,91.47,0.6,36,0.0,20,0.0,16,0.0,0,0.0,55.56,0.0,2019-12-30,-,0,-
803,-29,TheYoungDutch,US,1325.91,4.55,1440.32,1.2,38.14,-1.12,141,12.0,65,4.0,73,8.0,3,0.0,46.1,-1.19,2026-05-03,-,0,640.0
804,-45,Martin2021,-,1325.87,-3.25,1477.09,0.0,50.41,1.08,78,0.0,38,0.0,40,0.0,0,0.0,48.72,0.0,2025-08-02,-,0,753.0
805,-87,Dvd75,IT,1325.74,-21.74,1415.95,-22.41,30.07,-0.22,357,18.0,158,4.0,199,14.0,0,0.0,44.26,-1.17,2026-04-26,-,0,609.0
-,-,Schallers3000,DE,1324.82,-4.41,1450.6,0.0,41.93,1.47,279,0.0,116,0.0,161,0.0,2,0.0,41.58,0.0,2024-10-01,G,4,-
-,-,Nuzzoloo95,-,1324.62,-1.96,1577.45,0.0,84.27,0.65,24,0.0,12,0.0,12,0.0,0,0.0,50.0,0.0,2024-07-01,-,0,-
-,-,ssacz,PL,1324.59,-2.12,1556.82,0.0,77.41,0.71,36,0.0,22,0.0,14,0.0,0,0.0,61.11,0.0,2024-04-04,-,0,-
-,-,Gwindor,-,1324.26,-2.82,1498.05,0.0,57.93,0.94,90,0.0,43,0.0,47,0.0,0,0.0,47.78,0.0,2023-12-03,-,0,-
806,-24,KidCanuck,-,1323.96,6.04,1580.27,-49.6,85.44,-18.55,18,6.0,10,2.0,8,4.0,0,0.0,55.56,-11.11,2026-03-10,-,0,-
-,-,Toudi,-,1323.86,-2.43,1526.84,0.0,67.66,0.81,48,0.0,24,0.0,23,0.0,1,0.0,50.0,0.0,2022-12-04,-,0,-
807,-41,tiffelvet,-,1323.71,-2.95,1491.29,0.0,55.86,0.98,63,0.0,31,0.0,32,0.0,0,0.0,49.21,0.0,2026-01-15,-,0,560.0
-,-,Joalm,-,1323.7,-2.62,1513.65,0.0,63.31,0.87,72,0.0,38,0.0,34,0.0,0,0.0,52.78,0.0,2022-09-04,-,0,-
-,-,Andregby,-,1323.68,-1.24,1719.99,0.0,132.1,0.41,12,0.0,11,0.0,1,0.0,0,0.0,91.67,0.0,2021-06-02,-,0,-
808,-54,Pompeius12,-,1323.0,-7.23,1594.16,-74.47,90.39,-22.41,18,6.0,10,2.0,8,4.0,0,0.0,55.56,-11.11,2026-03-10,-,0,-
809,-141,Emerson6Motorcar,-,1322.95,-51.45,1583.16,-110.83,86.74,-19.79,18,6.0,9,1.0,9,5.0,0,0.0,50.0,-16.67,2026-03-17,-,0,-
-,-,LeonardoDaVinci016,-,1322.82,-2.48,1520.55,0.0,65.91,0.83,45,0.0,23,0.0,22,0.0,0,0.0,51.11,0.0,2025-05-22,-,0,872.0
-,-,Rzheng4,-,1322.77,-1.75,1603.19,0.0,93.48,0.58,18,0.0,11,0.0,7,0.0,0,0.0,61.11,0.0,2025-03-07,-,0,805.0
-,-,bedtimeformonkeys,-,1322.35,-1.36,1682.52,0.0,120.06,0.45,12,0.0,7,0.0,5,0.0,0,0.0,58.33,0.0,2023-03-01,-,0,-
810,-39,bltoby,-,1322.19,-1.44,1662.1,0.0,113.3,0.48,12,0.0,8,0.0,4,0.0,0,0.0,66.67,0.0,2026-01-20,-,0,-
-,-,swiftchan,-,1322.18,-1.14,1751.45,0.0,143.09,0.38,12,0.0,10,0.0,2,0.0,0,0.0,83.33,0.0,2020-06-28,-,0,-
811,-43,Alebv,-,1322.01,-2.28,1537.85,0.0,71.95,0.76,30,0.0,16,0.0,14,0.0,0,0.0,53.33,0.0,2026-01-15,-,0,939.0
812,-50,Jappa,NL,1321.86,-5.66,1416.47,0.0,31.54,1.89,231,0.0,87,0.0,144,0.0,0,0.0,37.66,0.0,2026-01-19,G,4,313.0
813,160,Caveman90,-,1321.72,107.39,1589.7,52.37,89.33,-18.34,18,6.0,10,4.0,8,2.0,0,0.0,55.56,5.56,2026-03-05,-,0,-
-,-,Gardir,-,1321.6,-2.96,1494.64,0.0,57.68,0.99,108,0.0,53,0.0,54,0.0,1,0.0,49.07,0.0,2024-04-04,G,6,-
814,-7,Waaaaaa,-,1321.51,17.45,1583.61,-25.64,87.37,-14.36,18,6.0,10,2.0,8,4.0,0,0.0,55.56,-11.11,2026-03-15,-,0,-
815,-62,J-Dawg,-,1321.27,-9.02,1520.28,-25.09,66.34,-5.36,36,6.0,14,1.0,21,5.0,1,0.0,38.89,-4.44,2026-03-10,-,0,805.0
-,-,Palace,-,1320.66,-2.36,1529.59,0.0,69.64,0.79,42,0.0,16,0.0,26,0.0,0,0.0,38.1,0.0,2025-03-08,-,0,757.0
-,-,Robson_Ponte,-,1320.59,-2.91,1491.87,0.0,57.09,0.97,81,0.0,41,0.0,40,0.0,0,0.0,50.62,0.0,2024-04-04,-,0,-
816,-43,rem_Abaddon,-,1320.11,-1.94,1573.5,0.0,84.46,0.65,24,0.0,14,0.0,9,0.0,1,0.0,58.33,0.0,2026-01-12,-,0,1067.0
817,-26,monkeyml,-,1319.66,5.38,1432.54,1.67,37.63,-1.24,171,12.0,75,5.0,96,7.0,0,0.0,43.86,-0.17,2026-05-03,-,0,640.0
-,-,raymebeats,-,1319.59,-1.42,1664.8,0.0,115.07,0.47,12,0.0,11,0.0,1,0.0,0,0.0,91.67,0.0,2024-03-03,-,0,-
-,-,spectronz,-,1319.4,-2.28,1535.1,0.0,71.9,0.76,48,0.0,23,0.0,25,0.0,0,0.0,47.92,0.0,2021-12-05,-,0,-
818,-42,baralex,-,1319.01,-2.14,1548.54,0.0,76.51,0.71,30,0.0,13,0.0,17,0.0,0,0.0,43.33,0.0,2026-01-13,-,0,872.0
819,-42,JohnDavie,-,1318.82,-2.25,1537.68,0.0,72.95,0.75,30,0.0,13,0.0,17,0.0,0,0.0,43.33,0.0,2026-01-15,-,0,939.0
-,-,Tafareeeeel,-,1318.72,-2.04,1558.89,0.0,80.06,0.68,36,0.0,20,0.0,16,0.0,0,0.0,55.56,0.0,2022-03-06,-,0,-
-,-,Luthenoor,-,1318.66,-1.66,1617.14,0.0,99.49,0.55,24,0.0,15,0.0,9,0.0,0,0.0,62.5,0.0,2021-06-02,-,0,-
820,-210,honne,-,1318.6,-80.23,1544.27,-114.28,75.23,-11.35,30,6.0,16,0.0,14,6.0,0,0.0,53.33,-13.34,2026-03-09,-,0,989.0
821,-43,Luludumm,-,1318.59,-2.09,1553.46,0.0,78.29,0.7,24,0.0,12,0.0,11,0.0,1,0.0,50.0,0.0,2025-12-01,-,0,805.0
-,-,joofajnvyber,-,1318.32,-2.65,1505.19,0.0,62.29,0.88,84,0.0,34,0.0,50,0.0,0,0.0,40.48,0.0,2021-12-05,-,0,-
-,-,Maciej,-,1318.29,-1.47,1653.51,0.0,111.74,0.49,12,0.0,8,0.0,4,0.0,0,0.0,66.67,0.0,2024-04-04,-,0,-
822,-124,Sapiocek,-,1318.29,-39.72,1437.31,-43.89,39.67,-1.39,165,12.0,75,0.0,89,12.0,1,0.0,45.45,-3.57,2026-05-03,G,2,796.0
-,-,Gustavus_Adolphus,-,1318.01,-1.74,1599.88,0.0,93.96,0.58,18,0.0,10,0.0,8,0.0,0,0.0,55.56,0.0,2025-03-07,-,0,939.0
-,-,AkisProg,GR,1317.89,-3.16,1473.86,0.0,51.99,1.05,150,0.0,68,0.0,81,0.0,1,0.0,45.33,0.0,2023-04-11,-,0,-
823,25,SirDaan,-,1317.86,34.66,1585.53,-20.78,89.22,-18.48,18,6.0,10,2.0,8,4.0,0,0.0,55.56,-11.11,2026-03-02,-,0,-
-,-,Hellomruppercut,-,1317.82,-2.94,1486.61,0.0,56.26,0.98,102,0.0,48,0.0,53,0.0,1,0.0,47.06,0.0,2023-01-15,-,0,-
824,259,Faeyon,-,1317.78,190.91,1548.24,32.55,76.82,-52.79,36,18.0,16,11.0,19,7.0,1,0.0,44.44,16.66,2026-04-23,-,0,-
825,-109,loMucho,-,1316.74,-31.06,1495.23,-89.47,59.5,-19.47,48,18.0,23,4.0,25,14.0,0,0.0,47.92,-15.41,2026-04-29,-,0,-
826,-84,tysat,-,1316.74,-18.35,1430.19,-17.74,37.82,0.2,225,6.0,96,0.0,127,6.0,2,0.0,42.67,-1.17,2026-04-27,-,0,522.0
-,-,joniboni,-,1316.57,-1.66,1611.7,0.0,98.38,0.55,18,0.0,10,0.0,8,0.0,0,0.0,55.56,0.0,2024-04-04,-,0,786.0
-,-,Fall87,-,1316.12,-2.54,1508.61,0.0,64.16,0.85,72,0.0,37,0.0,34,0.0,1,0.0,51.39,0.0,2022-03-06,-,0,-
827,-35,Monik,LT,1315.72,2.26,1395.09,3.15,26.46,0.3,567,24.0,238,12.0,327,12.0,2,0.0,41.98,0.36,2026-04-29,-,0,500.0
-,-,likkle1,GB,1315.59,-2.34,1527.83,0.0,70.75,0.78,45,0.0,21,0.0,24,0.0,0,0.0,46.67,0.0,2024-04-04,-,0,-
-,-,RogueMeeple,-,1314.83,-2.64,1501.21,0.0,62.13,0.88,84,0.0,46,0.0,37,0.0,1,0.0,54.76,0.0,2022-03-06,-,0,-
828,-45,ZwzwNzw,CN,1314.79,-2.09,1550.91,0.0,78.71,0.7,24,0.0,10,0.0,13,0.0,1,0.0,41.67,0.0,2025-09-23,-,0,746.0
-,-,DanReyLop,-,1314.68,-1.77,1592.36,0.0,92.56,0.59,18,0.0,12,0.0,6,0.0,0,0.0,66.67,0.0,2025-03-01,-,0,939.0
-,-,Sweaty-Pie,-,1314.64,-3.09,1474.86,0.0,53.41,1.03,168,0.0,69,0.0,98,0.0,1,0.0,41.07,0.0,2022-12-04,G,2,-
829,-43,JakPut,-,1313.93,-2.0,1559.43,0.0,81.83,0.67,30,0.0,17,0.0,13,0.0,0,0.0,56.67,0.0,2026-01-16,-,0,872.0
830,-45,King.I.T.North,-,1313.91,-2.44,1515.92,0.0,67.34,0.81,57,0.0,24,0.0,33,0.0,0,0.0,42.11,0.0,2025-08-13,-,0,865.0
-,-,borostar,-,1313.54,-1.91,1571.23,0.0,85.9,0.64,24,0.0,9,0.0,15,0.0,0,0.0,37.5,0.0,2023-06-06,-,0,1388.0
-,-,Evilc,-,1313.07,-1.51,1637.26,0.0,108.06,0.5,12,0.0,7,0.0,5,0.0,0,0.0,58.33,0.0,2023-03-01,-,0,-
-,-,szaibot,-,1313.0,-2.49,1515.41,0.0,67.47,0.83,72,0.0,33,0.0,39,0.0,0,0.0,45.83,0.0,2021-09-05,-,0,-
-,-,Rockdrigo,-,1312.72,-1.63,1613.05,0.0,100.11,0.54,24,0.0,16,0.0,8,0.0,0,0.0,66.67,0.0,2020-09-27,-,0,-
-,-,Makt,-,1312.68,-1.85,1576.97,0.0,88.1,0.62,18,0.0,9,0.0,9,0.0,0,0.0,50.0,0.0,2025-03-10,-,0,872.0
-,-,Valsim,-,1312.42,-2.28,1528.84,0.0,72.14,0.76,36,0.0,18,0.0,18,0.0,0,0.0,50.0,0.0,2025-03-06,-,0,939.0
-,-,Redgarex,-,1312.15,-1.17,1729.38,0.0,139.08,0.39,12,0.0,10,0.0,2,0.0,0,0.0,83.33,0.0,2020-09-27,-,0,-
-,-,Charcutero,-,1312.09,-3.06,1472.32,0.0,53.41,1.02,90,0.0,41,0.0,48,0.0,1,0.0,45.56,0.0,2024-09-04,-,0,-
831,-41,Nopeasuoli,FI,1311.95,-2.77,1490.11,0.0,59.39,0.92,45,0.0,24,0.0,21,0.0,0,0.0,53.33,0.0,2026-01-12,-,0,845.0
-,-,ConorS,US,1311.94,-1.66,1606.94,0.0,98.33,0.55,18,0.0,12,0.0,6,0.0,0,0.0,66.67,0.0,2024-04-04,-,0,-
832,-44,Zazabuzao,-,1311.17,-3.74,1443.19,0.0,44.01,1.25,114,0.0,50,0.0,63,0.0,1,0.0,43.86,0.0,2025-10-07,-,0,1116.0
833,-46,Joppur,SE,1310.32,-5.16,1412.26,0.0,33.98,1.72,288,0.0,114,0.0,172,0.0,2,0.0,39.58,0.0,2025-12-01,-,0,396.0
-,-,skanadron,-,1309.77,-2.64,1499.29,0.0,63.17,0.88,84,0.0,37,0.0,46,0.0,1,0.0,44.05,0.0,2021-12-05,-,0,-
-,-,Tenebrane,-,1309.75,-2.12,1541.13,0.0,77.12,0.71,30,0.0,16,0.0,14,0.0,0,0.0,53.33,0.0,2025-01-15,-,0,1067.0
-,-,pabula,PL,1309.68,-3.92,1441.82,0.0,44.05,1.31,213,0.0,97,0.0,116,0.0,0,0.0,45.54,0.0,2024-10-01,-,0,-
-,-,T-dawg,US,1309.01,-1.95,1560.11,0.0,83.7,0.65,21,0.0,13,0.0,8,0.0,0,0.0,61.9,0.0,2025-02-16,-,0,-
-,-,Uslo,UA,1308.04,-1.9,1566.39,0.0,86.12,0.63,24,0.0,14,0.0,8,0.0,2,0.0,58.33,0.0,2022-09-04,-,0,-
-,-,Exurbitantus,-,1307.63,-1.93,1564.72,0.0,85.69,0.64,30,0.0,15,0.0,15,0.0,0,0.0,50.0,0.0,2023-04-16,-,0,-
-,-,Non-SlimJim,-,1307.56,-2.53,1505.14,0.0,65.86,0.84,72,0.0,33,0.0,39,0.0,0,0.0,45.83,0.0,2021-09-05,-,0,-
-,-,Emiliano,IT,1307.44,-3.25,1465.06,0.0,52.54,1.08,144,0.0,66,0.0,76,0.0,2,0.0,45.83,0.0,2024-04-04,-,0,-
-,-,NagyGL,-,1307.39,-1.52,1629.43,0.0,107.35,0.51,24,0.0,15,0.0,8,0.0,1,0.0,62.5,0.0,2019-12-30,-,0,-
-,-,demainlesdauphins,-,1307.34,-2.95,1478.58,0.0,57.08,0.98,72,0.0,32,0.0,40,0.0,0,0.0,44.44,0.0,2025-04-12,-,0,681.0
-,-,LinhVu,-,1307.22,-2.7,1489.33,0.0,60.7,0.9,57,0.0,27,0.0,30,0.0,0,0.0,47.37,0.0,2025-01-07,-,0,989.0
834,-62,Brickmarck,-,1307.07,-15.12,1435.6,-30.19,42.84,-5.02,90,18.0,40,4.0,48,13.0,2,1.0,44.44,-5.56,2026-04-17,-,0,1067.0
835,-79,ginociccio,-,1306.95,-22.71,1500.51,-41.35,64.52,-6.22,36,6.0,16,1.0,20,5.0,0,0.0,44.44,-5.56,2026-03-05,-,0,939.0
-,-,Garghi,IT,1306.28,-2.4,1511.55,0.0,68.42,0.8,39,0.0,24,0.0,14,0.0,1,0.0,61.54,0.0,2024-02-25,-,0,-
-,-,terroirista,-,1306.27,-1.82,1575.78,0.0,89.84,0.61,36,0.0,22,0.0,14,0.0,0,0.0,61.11,0.0,2020-06-28,G,2,-
-,-,TheMorat,-,1306.17,-1.49,1633.82,0.0,109.22,0.5,12,0.0,6,0.0,6,0.0,0,0.0,50.0,0.0,2023-03-01,-,0,-
836,-37,homura,-,1305.89,-1.88,1568.24,0.0,87.45,0.63,24,0.0,11,0.0,9,0.0,4,0.0,45.83,0.0,2025-12-01,-,0,-
-,-,Menno,-,1305.48,-3.72,1444.48,0.0,46.33,1.24,174,0.0,70,0.0,102,0.0,2,0.0,40.23,0.0,2024-07-01,G,2,-
-,-,Khashir,-,1305.39,-1.71,1591.54,0.0,95.38,0.57,24,0.0,16,0.0,8,0.0,0,0.0,66.67,0.0,2021-09-05,-,0,-
-,-,Kelric,-,1305.29,-2.71,1490.09,0.0,61.6,0.9,84,0.0,37,0.0,42,0.0,5,0.0,44.05,0.0,2023-06-06,-,0,-
837,25,kngoswg,-,1305.22,25.31,1503.61,3.63,66.13,-7.23,36,6.0,17,3.0,19,3.0,0,0.0,47.22,0.55,2026-03-01,-,0,780.0
-,-,maffoffo,-,1305.11,-2.34,1515.27,0.0,70.05,0.78,36,0.0,20,0.0,16,0.0,0,0.0,55.56,0.0,2025-04-22,-,0,798.0
-,-,Blackbolt53,-,1305.05,-1.68,1598.16,0.0,97.7,0.56,18,0.0,10,0.0,8,0.0,0,0.0,55.56,0.0,2024-04-04,-,0,-
-,-,pororo2,-,1304.87,-2.48,1503.59,0.0,66.24,0.83,72,0.0,37,0.0,35,0.0,0,0.0,51.39,0.0,2021-12-05,-,0,-
838,-42,Jolli,-,1304.58,-4.37,1399.43,-5.76,31.62,-0.47,195,18.0,81,6.0,112,12.0,2,0.0,41.54,-0.83,2026-05-07,-,0,500.0
839,18,z0pfel,DE,1304.51,23.24,1413.82,11.43,36.44,-3.94,123,24.0,51,11.0,72,13.0,0,0.0,41.46,1.06,2026-05-03,-,0,709.0
840,-34,Mockingbird5,GB,1304.26,-0.23,1398.3,-0.7,31.35,-0.16,246,18.0,99,6.0,144,12.0,3,0.0,40.24,-0.55,2026-04-30,-,0,411.0
841,-112,Kayser,-,1303.61,-38.51,1519.32,-67.69,71.9,-9.72,36,6.0,20,1.0,16,5.0,0,0.0,55.56,-7.77,2026-03-03,-,0,872.0
-,-,Rabus,DE,1303.6,-3.27,1453.13,0.0,49.84,1.09,108,0.0,56,0.0,51,0.0,1,0.0,51.85,0.0,2024-04-04,-,0,-
-,-,M-L-E,GR,1303.47,-2.69,1487.39,0.0,61.31,0.9,72,0.0,30,0.0,41,0.0,1,0.0,41.67,0.0,2025-04-17,-,0,572.0
842,40,FollowerOfCicero,-,1302.56,31.77,1570.86,-31.44,89.43,-21.07,18,6.0,8,2.0,10,4.0,0,0.0,44.44,-5.56,2026-03-25,-,0,-
843,192,MoxNox,-,1302.47,137.9,1538.4,34.26,78.64,-34.55,36,12.0,13,6.0,21,5.0,2,1.0,36.11,6.94,2026-04-21,-,0,1262.0
844,-41,Gabilou,-,1302.41,-2.93,1470.94,0.0,56.18,0.98,57,0.0,29,0.0,28,0.0,0,0.0,50.88,0.0,2026-01-21,-,0,720.0
-,-,zook,-,1302.29,-1.9,1560.11,0.0,85.94,0.63,36,0.0,19,0.0,17,0.0,0,0.0,52.78,0.0,2020-09-27,P,4,-
-,-,bzburnin,-,1301.89,-4.87,1409.56,0.0,35.89,1.62,411,0.0,153,0.0,251,0.0,7,0.0,37.23,0.0,2025-05-09,G,6,707.0
845,-43,eaguirre,-,1301.74,-4.68,1413.57,0.0,37.28,1.56,240,0.0,114,0.0,123,0.0,3,0.0,47.5,0.0,2025-11-24,-,0,1181.0
-,-,Thantalus,-,1301.67,-2.2,1527.51,0.0,75.28,0.73,42,0.0,20,0.0,22,0.0,0,0.0,47.62,0.0,2023-04-16,-,0,-
846,-82,Mitchum,IT,1301.62,-25.54,1393.82,-28.86,30.73,-1.11,207,24.0,89,5.0,117,19.0,1,0.0,43.0,-2.9,2026-04-23,-,0,491.0
-,-,Kleopatra,-,1301.03,-1.99,1547.66,0.0,82.21,0.66,36,0.0,19,0.0,16,0.0,1,0.0,52.78,0.0,2021-03-02,-,0,-
847,-103,Skatanic,-,1300.98,-32.8,1508.41,-54.68,69.14,-7.3,36,6.0,17,0.0,19,6.0,0,0.0,47.22,-9.45,2026-03-03,-,0,872.0
848,-9,Schedar,-,1300.76,15.02,1423.72,15.38,40.98,0.12,156,6.0,57,3.0,95,3.0,4,0.0,36.54,0.54,2026-03-02,-,0,836.0
-,-,Backburner,LB,1300.74,-2.78,1480.28,0.0,59.84,0.93,90,0.0,42,0.0,48,0.0,0,0.0,46.67,0.0,2024-04-04,-,0,-
849,-60,HolyOutlaw,US,1300.64,-14.26,1422.79,-15.19,40.72,-0.31,120,6.0,54,2.0,66,4.0,0,0.0,45.0,-0.61,2026-04-29,-,0,572.0
850,-28,oleKanin,NO,1300.4,5.45,1424.13,4.54,41.24,-0.3,126,6.0,54,4.0,70,2.0,2,0.0,42.86,1.19,2026-04-25,-,0,469.0
-,-,Vandal,-,1300.04,-2.23,1520.31,0.0,73.42,0.74,36,0.0,14,0.0,22,0.0,0,0.0,38.89,0.0,2024-07-01,-,0,-
-,-,Marassi,BR,1299.57,-2.65,1484.59,0.0,61.67,0.88,69,0.0,30,0.0,38,0.0,1,0.0,43.48,0.0,2023-02-05,-,0,-
-,-,272194996,-,1299.38,-2.08,1544.73,0.0,81.78,0.69,36,0.0,21,0.0,15,0.0,0,0.0,58.33,0.0,2021-12-05,-,0,-
-,-,markosalaplaya,-,1298.86,-3.23,1453.4,0.0,51.51,1.08,156,0.0,73,0.0,82,0.0,1,0.0,46.79,0.0,2024-09-01,G,2,1374.0
-,-,Silmegil,-,1298.84,-1.44,1639.11,0.0,113.42,0.48,18,0.0,13,0.0,5,0.0,0,0.0,72.22,0.0,2023-01-15,-,0,-
851,new,quirrell,-,1298.41,848.41,1618.54,118.54,106.71,106.71,12,12.0,8,8.0,4,4.0,0,0.0,66.67,66.67,2026-04-23,-,0,-
-,-,TEPBEP,-,1298.18,-2.67,1484.36,0.0,62.06,0.89,54,0.0,29,0.0,25,0.0,0,0.0,53.7,0.0,2024-04-04,-,0,-
-,-,Z-man,-,1298.17,-1.69,1588.68,0.0,96.84,0.56,18,0.0,11,0.0,7,0.0,0,0.0,61.11,0.0,2025-03-06,-,0,805.0
-,-,CountFab,-,1298.15,-1.58,1608.9,0.0,103.58,0.53,18,0.0,11,0.0,7,0.0,0,0.0,61.11,0.0,2025-03-13,-,0,872.0
852,-55,Polldrake,-,1297.4,-11.4,1434.42,-15.32,45.67,-1.31,87,6.0,33,2.0,53,4.0,1,0.0,37.93,-0.34,2026-05-03,-,0,485.0
853,27,HRG,-,1297.33,26.1,1392.21,27.38,31.63,0.43,237,12.0,94,9.0,141,3.0,2,0.0,39.66,1.88,2026-04-28,-,0,517.0
-,-,Diaz,-,1297.2,-1.68,1589.4,0.0,97.4,0.56,18,0.0,7,0.0,11,0.0,0,0.0,38.89,0.0,2024-07-01,-,0,-
854,-40,Hashlerka,-,1297.19,-1.62,1600.33,0.0,101.05,0.54,24,0.0,11,0.0,13,0.0,0,0.0,45.83,0.0,2026-01-14,-,0,653.0
855,-1,GamesClaw,-,1297.02,14.75,1452.33,6.97,51.77,-2.59,57,6.0,29,3.0,28,3.0,0,0.0,50.88,-0.1,2026-04-21,-,0,805.0
-,-,fli_pao,-,1296.91,-3.45,1443.39,0.0,48.83,1.15,114,0.0,54,0.0,59,0.0,1,0.0,47.37,0.0,2025-01-16,-,0,716.0
856,-43,Likas11,CZ,1296.75,-2.89,1469.46,0.0,57.57,0.96,63,0.0,23,0.0,40,0.0,0,0.0,36.51,0.0,2026-01-14,-,0,609.0
857,-24,akira215,US,1296.71,6.3,1384.37,10.62,29.22,1.44,408,6.0,159,5.0,245,1.0,4,0.0,38.97,0.66,2026-05-06,-,0,457.0
-,-,Pablito,-,1296.45,-3.32,1449.63,0.0,51.06,1.11,156,0.0,71,0.0,84,0.0,1,0.0,45.51,0.0,2023-06-04,-,0,-
-,-,gaute,-,1296.24,-1.08,1750.4,0.0,151.39,0.36,12,0.0,10,0.0,2,0.0,0,0.0,83.33,0.0,2018-10-14,-,0,-
-,-,Amstrid,-,1296.03,-2.36,1507.16,0.0,70.38,0.79,51,0.0,27,0.0,23,0.0,1,0.0,52.94,0.0,2023-01-15,-,0,-
-,-,Scurvydraco,-,1295.93,-1.87,1558.43,0.0,87.5,0.62,24,0.0,14,0.0,10,0.0,0,0.0,58.33,0.0,2025-04-22,-,0,1388.0
-,-,DHYellow,-,1295.92,-1.75,1577.06,0.0,93.71,0.58,36,0.0,20,0.0,16,0.0,0,0.0,55.56,0.0,2020-09-27,-,0,-
-,-,LaDfBC,-,1295.6,-2.0,1541.06,0.0,81.82,0.67,24,0.0,11,0.0,13,0.0,0,0.0,45.83,0.0,2025-04-19,-,0,729.0
858,-65,longapple,-,1295.28,-18.0,1569.27,-88.45,91.33,-23.48,18,6.0,8,1.0,10,5.0,0,0.0,44.44,-13.89,2026-03-01,-,0,-
859,29,Wolfdragons,-,1294.72,28.06,1465.27,17.88,56.85,-3.39,45,6.0,21,3.0,24,3.0,0,0.0,46.67,0.52,2026-05-02,-,0,-
860,-41,MeteorisVulcanus,NL,1294.16,-2.89,1464.82,0.0,56.89,0.96,54,0.0,25,0.0,29,0.0,0,0.0,46.3,0.0,2026-01-16,-,0,572.0
-,-,TepSloan,-,1293.93,-3.04,1456.78,0.0,54.28,1.01,108,0.0,58,0.0,50,0.0,0,0.0,53.7,0.0,2023-06-04,-,0,-
-,-,lorrico,-,1293.56,-1.14,1722.11,0.0,142.85,0.38,12,0.0,10,0.0,2,0.0,0,0.0,83.33,0.0,2020-09-27,-,0,-
-,-,Vascostamartins,-,1293.38,-2.94,1468.05,0.0,58.23,0.98,96,0.0,45,0.0,50,0.0,1,0.0,46.88,0.0,2023-09-03,-,0,-
861,-45,Minde,NO,1293.35,-4.85,1401.9,0.0,36.18,1.62,204,0.0,79,0.0,123,0.0,2,0.0,38.73,0.0,2026-01-17,-,0,742.0
862,-16,EugeneB,-,1293.27,9.63,1426.77,6.7,44.5,-0.98,87,6.0,37,4.0,50,2.0,0,0.0,42.53,1.79,2026-05-06,-,0,529.0
863,81,Sathran,-,1292.53,63.78,1571.46,-12.66,92.98,-25.48,18,6.0,11,3.0,7,3.0,0,0.0,61.11,-5.56,2026-03-14,-,0,-
-,-,Engelpopengel,-,1292.35,-2.52,1489.44,0.0,65.7,0.84,60,0.0,29,0.0,31,0.0,0,0.0,48.33,0.0,2022-03-06,-,0,-
864,-3,Drizzt84,-,1291.87,11.56,1390.05,11.92,32.73,0.12,267,12.0,94,6.0,172,6.0,1,0.0,35.21,0.7,2026-04-21,-,0,659.0
-,-,TheOTHERZadok,-,1291.19,-2.62,1480.5,0.0,63.1,0.87,84,0.0,44,0.0,40,0.0,0,0.0,52.38,0.0,2021-12-05,-,0,-
-,-,Cragheart,DK,1291.16,-3.06,1456.43,0.0,55.09,1.02,105,0.0,47,0.0,58,0.0,0,0.0,44.76,0.0,2023-02-05,-,0,-
-,-,Pastuino,-,1291.02,-1.15,1715.03,0.0,141.34,0.38,12,0.0,10,0.0,2,0.0,0,0.0,83.33,0.0,2019-12-22,-,0,-
865,33,Puren94,-,1290.82,30.33,1499.54,11.78,69.57,-6.18,42,6.0,22,2.0,20,4.0,0,0.0,52.38,-3.18,2026-03-25,-,0,1287.0
-,-,KapitanTom,CZ,1290.3,-2.8,1466.47,0.0,58.72,0.93,63,0.0,25,0.0,36,0.0,2,0.0,39.68,0.0,2025-01-15,-,0,852.0
-,-,wylaryzel,AT,1289.98,-2.91,1461.81,0.0,57.28,0.97,90,0.0,48,0.0,42,0.0,0,0.0,53.33,0.0,2023-06-04,-,0,-
866,-38,Bonobours,FR,1289.91,-4.04,1413.34,0.0,41.14,1.35,105,0.0,48,0.0,57,0.0,0,0.0,45.71,0.0,2026-01-21,-,0,679.0
867,-38,Wiktor,-,1289.31,-4.46,1408.74,-15.31,39.81,-3.62,114,21.0,49,6.0,65,15.0,0,0.0,42.98,-3.26,2026-04-23,-,0,414.0
868,-21,kev5047,GB,1289.1,5.48,1406.59,-3.87,39.16,-3.12,129,18.0,55,6.0,73,12.0,1,0.0,42.64,-1.5,2026-04-24,-,0,565.0
869,-68,TeriyakiJaccuzi,US,1289.04,-17.57,1376.57,-14.85,29.18,0.9,426,12.0,155,1.0,268,10.0,3,1.0,36.38,-0.82,2026-04-26,-,0,502.0
-,-,Pandaiga,-,1288.58,-1.51,1612.98,0.0,108.13,0.5,24,0.0,14,0.0,10,0.0,0,0.0,58.33,0.0,2018-09-30,-,0,-
870,-38,Doddus,IT,1288.47,-2.74,1467.67,0.0,59.73,0.91,60,0.0,32,0.0,28,0.0,0,0.0,53.33,0.0,2025-07-21,-,0,1388.0
-,-,Brandon12129,US,1288.44,-3.3,1446.29,0.0,52.62,1.1,132,0.0,55,0.0,73,0.0,4,0.0,41.67,0.0,2023-12-03,-,0,-
-,-,fas723,-,1288.27,-1.64,1586.41,0.0,99.38,0.55,18,0.0,9,0.0,8,0.0,1,0.0,50.0,0.0,2024-04-04,-,0,-
871,-35,ekatar,-,1287.25,-2.11,1520.52,0.0,77.76,0.7,24,0.0,10,0.0,14,0.0,0,0.0,41.67,0.0,2026-01-16,-,0,989.0
872,-62,Exile,-,1287.03,-16.11,1377.4,-17.42,30.13,-0.44,333,24.0,138,5.0,192,19.0,3,0.0,41.44,-1.6,2026-04-26,-,0,600.0
873,-20,Lohmann,-,1286.89,4.44,1494.63,-18.28,69.25,-7.57,30,6.0,17,2.0,12,4.0,1,0.0,56.67,-5.83,2026-03-01,-,0,1118.0
-,-,Benici,-,1285.83,-1.38,1641.39,0.0,118.52,0.46,12,0.0,8,0.0,4,0.0,0,0.0,66.67,0.0,2024-04-04,-,0,-
-,-,Goodgame111,-,1285.77,-1.68,1578.35,0.0,97.53,0.56,18,0.0,12,0.0,6,0.0,0,0.0,66.67,0.0,2023-04-11,-,0,-
874,-47,Vinny6060,-,1285.34,-8.9,1382.02,-8.1,32.23,0.27,303,12.0,122,3.0,178,9.0,3,0.0,40.26,-0.63,2026-04-24,-,0,872.0
-,-,pilalla,-,1285.23,-1.88,1548.13,0.0,87.63,0.63,36,0.0,20,0.0,16,0.0,0,0.0,55.56,0.0,2020-12-06,-,0,-
-,-,Essios,-,1284.83,-1.89,1547.81,0.0,87.66,0.63,36,0.0,17,0.0,19,0.0,0,0.0,47.22,0.0,2021-03-02,-,0,-
-,-,thomas.h.hoff,NO,1284.79,-4.09,1408.21,0.0,41.14,1.36,174,0.0,73,0.0,101,0.0,0,0.0,41.95,0.0,2025-01-27,-,0,690.0
875,-38,mikey1nt,-,1284.09,-3.07,1445.92,0.0,53.95,1.02,66,0.0,27,0.0,39,0.0,0,0.0,40.91,0.0,2025-12-01,-,0,1067.0
876,-53,Dumnac,FR,1283.97,-10.56,1377.1,-10.49,31.04,0.02,219,18.0,84,6.0,135,12.0,0,0.0,38.36,-0.45,2026-04-26,-,0,611.0
877,-28,gego,-,1283.86,0.79,1435.5,-2.24,50.55,-1.01,72,6.0,30,1.0,42,5.0,0,0.0,41.67,-2.27,2026-03-03,-,0,872.0
878,13,QAS,-,1283.7,18.51,1546.57,-38.93,87.63,-19.15,18,6.0,9,2.0,9,4.0,0,0.0,50.0,-8.33,2026-03-05,-,0,-
879,40,jandaron,TR,1283.67,42.39,1419.31,41.24,45.21,-0.38,84,6.0,38,5.0,46,1.0,0,0.0,45.24,2.93,2026-03-20,-,0,1280.0
-,-,luiza,-,1283.67,-2.21,1507.92,0.0,74.75,0.74,48,0.0,27,0.0,21,0.0,0,0.0,56.25,0.0,2021-12-05,-,0,-
-,-,M.T,-,1283.66,-2.71,1465.55,0.0,60.63,0.9,48,0.0,23,0.0,24,0.0,1,0.0,47.92,0.0,2025-04-02,-,0,469.0
-,-,pablocg,-,1283.55,-1.48,1613.86,0.0,110.1,0.49,12,0.0,8,0.0,4,0.0,0,0.0,66.67,0.0,2024-04-04,-,0,-
880,-38,RougeEconomist,-,1283.44,-1.5,1610.18,0.0,108.91,0.5,12,0.0,7,0.0,5,0.0,0,0.0,58.33,0.0,2026-01-27,-,0,-
-,-,stripe999,GB,1283.19,-3.68,1419.7,0.0,45.5,1.23,201,0.0,86,0.0,114,0.0,1,0.0,42.79,0.0,2024-04-04,-,0,-
-,-,Sheik-Yerbouti,-,1282.93,-3.07,1442.96,0.0,53.34,1.02,120,0.0,60,0.0,60,0.0,0,0.0,50.0,0.0,2023-09-03,-,0,-
881,5,ksfga,-,1282.84,15.19,1469.96,-28.29,62.37,-14.49,36,12.0,17,4.0,19,8.0,0,0.0,47.22,-6.95,2026-04-16,-,0,872.0
882,-3,Dienekes,-,1282.82,11.59,1368.12,13.06,28.43,0.49,477,18.0,173,9.0,298,9.0,6,0.0,36.27,0.54,2026-04-29,-,0,533.0
883,-40,DonutRapist,-,1282.77,-2.16,1510.43,0.0,75.89,0.72,30,0.0,12,0.0,18,0.0,0,0.0,40.0,0.0,2026-01-08,-,0,729.0
884,-59,Rick80,-,1282.72,-11.72,1407.58,-13.22,41.62,-0.5,105,6.0,47,2.0,57,4.0,1,0.0,44.76,-0.69,2026-04-26,-,0,618.0
-,-,BlaueElise,-,1282.38,-3.89,1417.37,0.0,44.99,1.3,183,0.0,72,0.0,105,0.0,6,0.0,39.34,0.0,2024-11-29,-,0,1287.0
-,-,dontatum,-,1281.99,-2.27,1498.67,0.0,72.23,0.76,60,0.0,30,0.0,30,0.0,0,0.0,50.0,0.0,2021-09-05,-,0,-
-,-,seyedempire,-,1281.72,-1.65,1584.19,0.0,100.82,0.55,18,0.0,11,0.0,7,0.0,0,0.0,61.11,0.0,2025-03-15,-,0,939.0
-,-,berpdreyfuss,-,1281.54,-3.17,1437.2,0.0,51.89,1.06,144,0.0,61,0.0,83,0.0,0,0.0,42.36,0.0,2023-03-01,-,0,-
885,-70,Chriiiss,FR,1281.44,-16.98,1379.37,-15.03,32.64,0.65,315,12.0,130,3.0,183,9.0,2,0.0,41.27,-0.64,2026-05-04,-,0,445.0
-,-,chisuru,-,1281.27,-1.87,1544.49,0.0,87.74,0.62,24,0.0,11,0.0,12,0.0,1,0.0,45.83,0.0,2024-04-04,-,0,-
-,-,kwarrend,US,1281.19,-1.72,1566.62,0.0,95.14,0.57,24,0.0,12,0.0,11,0.0,1,0.0,50.0,0.0,2023-03-01,-,0,-
-,-,Dario5,-,1281.17,-1.53,1600.58,0.0,106.47,0.51,24,0.0,15,0.0,9,0.0,0,0.0,62.5,0.0,2019-02-17,-,0,-
-,-,Boerpopoer,-,1280.91,-2.49,1481.1,0.0,66.73,0.83,60,0.0,31,0.0,29,0.0,0,0.0,51.67,0.0,2022-03-06,-,0,-
886,-36,mobeza,-,1280.84,-2.04,1521.21,0.0,80.13,0.68,24,0.0,14,0.0,10,0.0,0,0.0,58.33,0.0,2026-01-13,-,0,1067.0
-,-,Korn73,-,1280.77,-1.14,1711.64,0.0,143.62,0.38,12,0.0,10,0.0,2,0.0,0,0.0,83.33,0.0,2019-12-29,-,0,-
887,-56,Jmstoic,-,1280.52,-10.99,1396.01,-19.74,38.5,-2.92,177,18.0,66,4.0,106,14.0,5,0.0,37.29,-1.7,2026-04-21,-,0,1244.0
888,-48,weed14,SG,1280.34,-5.31,1384.03,0.0,34.56,1.77,327,0.0,138,0.0,189,0.0,0,0.0,42.2,0.0,2025-11-22,-,0,932.0
889,-84,LeSauvage,BE,1280.26,-24.78,1370.7,-22.22,30.15,0.85,393,12.0,151,0.0,242,12.0,0,0.0,38.42,-1.21,2026-04-13,-,0,565.0
890,-7,Torneedo,-,1280.21,10.55,1385.01,9.71,34.93,-0.28,177,12.0,62,5.0,114,7.0,1,0.0,35.03,0.48,2026-05-01,-,0,922.0
-,-,1977dragon,-,1279.9,-2.0,1525.4,0.0,81.84,0.67,24,0.0,12,0.0,12,0.0,0,0.0,50.0,0.0,2024-09-04,-,0,1388.0
891,-91,KMMAL,-,1279.72,-27.38,1442.65,-73.91,54.31,-15.51,54,18.0,26,5.0,28,13.0,0,0.0,48.15,-10.18,2026-04-30,-,0,-
-,-,Corrsarz,-,1279.65,-1.11,1719.43,0.0,146.59,0.37,12,0.0,9,0.0,3,0.0,0,0.0,75.0,0.0,2020-06-28,-,0,-
892,-41,AsKier,PL,1279.41,-3.43,1423.75,0.0,48.11,1.14,93,0.0,44,0.0,49,0.0,0,0.0,47.31,0.0,2026-01-08,-,0,655.0
893,-33,oPPer,-,1279.23,-1.49,1607.32,0.0,109.36,0.5,12,0.0,7,0.0,5,0.0,0,0.0,58.33,0.0,2026-01-04,-,0,-
894,-38,Norgaimen,-,1279.17,-2.67,1463.64,0.0,61.49,0.89,66,0.0,32,0.0,34,0.0,0,0.0,48.48,0.0,2026-01-16,-,0,-
895,-37,Rhand,-,1279.06,-2.18,1503.98,0.0,74.97,0.73,30,0.0,14,0.0,16,0.0,0,0.0,46.67,0.0,2026-01-08,-,0,939.0
896,-37,Kecso,-,1279.06,-1.86,1542.98,0.0,87.98,0.62,24,0.0,15,0.0,9,0.0,0,0.0,62.5,0.0,2026-01-14,-,0,1118.0
-,-,jogkongTW,-,1278.96,-3.71,1410.92,0.0,43.99,1.24,198,0.0,89,0.0,108,0.0,1,0.0,44.95,0.0,2024-06-02,-,0,-
-,-,Chubecca,IT,1278.89,-2.89,1450.24,0.0,57.12,0.96,84,0.0,40,0.0,44,0.0,0,0.0,47.62,0.0,2023-06-04,-,0,-
897,105,Mammaklaskern,-,1278.54,89.98,1436.52,53.67,52.66,-12.1,54,18.0,26,10.0,28,8.0,0,0.0,48.15,3.71,2026-05-07,-,0,1375.0
898,121,Wonski,-,1278.49,101.14,1559.32,37.15,93.61,-21.33,18,6.0,11,3.0,7,3.0,0,0.0,61.11,-5.56,2026-03-07,-,0,-
-,-,Suo,-,1278.45,-2.37,1485.52,0.0,69.02,0.79,72,0.0,33,0.0,38,0.0,1,0.0,45.83,0.0,2021-03-02,G,2,-
899,-36,Tleilaxx,-,1278.1,-1.46,1614.53,0.0,112.14,0.49,12,0.0,7,0.0,5,0.0,0,0.0,58.33,0.0,2026-01-08,-,0,-
-,-,joaoleal2,-,1278.04,-2.56,1471.42,0.0,64.46,0.85,84,0.0,35,0.0,48,0.0,1,0.0,41.67,0.0,2021-09-05,-,0,-
900,-66,kabel2,DE,1277.23,-12.57,1387.24,-10.55,36.67,0.68,177,6.0,68,0.0,108,6.0,1,0.0,38.42,-1.35,2026-03-02,-,0,563.0
901,-33,Quokka,FR,1277.18,-1.79,1409.78,-4.61,44.2,-0.94,102,6.0,38,2.0,64,4.0,0,0.0,37.25,-0.25,2026-04-26,-,0,614.0
902,-35,sjgardner3,-,1277.02,-2.03,1518.31,0.0,80.43,0.68,30,0.0,15,0.0,15,0.0,0,0.0,50.0,0.0,2026-01-27,-,0,1184.0
-,-,hwang,-,1276.74,-1.38,1632.17,0.0,118.47,0.46,12,0.0,7,0.0,5,0.0,0,0.0,58.33,0.0,2023-03-01,-,0,-
-,-,KachnickaxD,-,1276.58,-2.09,1512.49,0.0,78.64,0.7,36,0.0,16,0.0,20,0.0,0,0.0,44.44,0.0,2021-12-05,-,0,-
-,-,FranszKO,-,1276.4,-1.96,1526.79,0.0,83.46,0.65,36,0.0,18,0.0,17,0.0,1,0.0,50.0,0.0,2021-03-02,-,0,-
-,-,Gbro,-,1276.04,-1.75,1557.15,0.0,93.7,0.58,24,0.0,11,0.0,13,0.0,0,0.0,45.83,0.0,2023-03-01,G,2,-
-,-,Iwego,-,1275.65,-1.9,1533.13,0.0,85.83,0.63,24,0.0,11,0.0,13,0.0,0,0.0,45.83,0.0,2024-07-01,-,0,-
-,-,exfret,-,1275.45,-1.78,1552.63,0.0,92.39,0.59,36,0.0,22,0.0,14,0.0,0,0.0,61.11,0.0,2020-03-29,-,0,-
903,-39,Korsus,IT,1275.44,-3.78,1406.04,0.0,43.53,1.26,120,0.0,49,0.0,70,0.0,1,0.0,40.83,0.0,2026-01-12,-,0,926.0
-,-,TERMINATORDESTROYER,-,1275.15,-1.21,1678.72,0.0,134.52,0.4,12,0.0,9,0.0,3,0.0,0,0.0,75.0,0.0,2020-09-27,-,0,-
-,-,Ampersandy,-,1274.82,-2.23,1495.18,0.0,73.46,0.74,60,0.0,35,0.0,25,0.0,0,0.0,58.33,0.0,2021-09-05,-,0,-
-,-,CRISPYBABY,-,1274.79,-1.68,1567.5,0.0,97.57,0.56,18,0.0,11,0.0,7,0.0,0,0.0,61.11,0.0,2024-04-04,-,0,-
904,-35,Chrono_,-,1274.73,-3.37,1421.34,0.0,48.87,1.12,78,0.0,34,0.0,44,0.0,0,0.0,43.59,0.0,2026-01-09,-,0,534.0
905,-79,Jume,ES,1274.12,-20.28,1363.66,-22.29,29.85,-0.67,234,24.0,92,5.0,140,19.0,2,0.0,39.32,-2.11,2026-04-25,-,0,496.0
906,-34,KYO,-,1273.56,-2.25,1492.36,0.0,72.93,0.75,36,0.0,16,0.0,20,0.0,0,0.0,44.44,0.0,2026-01-22,-,0,939.0
907,-34,fridaK,-,1273.31,-2.13,1503.72,0.0,76.8,0.71,30,0.0,14,0.0,16,0.0,0,0.0,46.67,0.0,2026-01-18,-,0,939.0
908,-70,J-dog,GB,1273.17,-13.12,1361.59,-13.31,29.47,-0.06,387,24.0,141,5.0,245,19.0,1,0.0,36.43,-1.04,2026-04-22,-,0,593.0
909,-39,Ragnard,-,1273.16,-4.66,1383.35,0.0,36.73,1.55,255,0.0,97,0.0,156,0.0,2,0.0,38.04,0.0,2026-01-10,-,0,700.0
-,-,clickk,-,1272.77,-1.81,1543.81,0.0,90.35,0.6,18,0.0,6,0.0,11,0.0,1,0.0,33.33,0.0,2025-03-05,-,0,939.0
-,-,KristianMedK,-,1272.52,-2.33,1484.84,0.0,70.78,0.78,60,0.0,32,0.0,27,0.0,1,0.0,53.33,0.0,2021-09-05,-,0,-
-,-,deleted_user_9275835,-,1272.29,-1.68,1563.82,0.0,97.18,0.56,18,0.0,12,0.0,6,0.0,0,0.0,66.67,0.0,2024-11-25,-,0,1287.0
-,-,dim,-,1272.23,-2.03,1514.06,0.0,80.61,0.68,30,0.0,14,0.0,16,0.0,0,0.0,46.67,0.0,2025-01-12,-,0,842.0
-,-,InquisitorEisenhorn,US,1272.21,-2.47,1475.21,0.0,67.67,0.82,48,0.0,25,0.0,22,0.0,1,0.0,52.08,0.0,2022-12-04,-,0,-
-,-,sam4sam4sam,-,1271.85,-1.44,1612.01,0.0,113.38,0.48,12,0.0,9,0.0,3,0.0,0,0.0,75.0,0.0,2023-06-04,-,0,1421.0
-,-,DaemonCleaner,NO,1271.71,-1.71,1559.17,0.0,95.82,0.57,30,0.0,17,0.0,13,0.0,0,0.0,56.67,0.0,2023-01-15,-,0,-
-,-,adibendot,-,1271.59,-2.41,1475.25,0.0,67.89,0.8,60,0.0,30,0.0,29,0.0,1,0.0,50.0,0.0,2022-03-06,-,0,-
-,-,layze23,US,1271.0,-2.59,1462.76,0.0,63.92,0.86,60,0.0,29,0.0,29,0.0,2,0.0,48.33,0.0,2024-06-16,-,0,-
910,-33,Beewiz,-,1270.7,-1.79,1544.85,0.0,91.38,0.6,18,0.0,9,0.0,9,0.0,0,0.0,50.0,0.0,2026-01-13,-,0,1287.0
911,170,juzze,-,1270.59,143.5,1546.97,74.21,92.13,-23.09,18,6.0,9,4.0,9,2.0,0,0.0,50.0,8.33,2026-03-05,-,0,-
912,138,Gosho,-,1270.39,121.31,1549.01,51.59,92.87,-23.24,18,6.0,9,3.0,9,3.0,0,0.0,50.0,0.0,2026-03-08,-,0,-
-,-,srfdevotee,US,1270.39,-1.05,1735.22,0.0,154.94,0.35,6,0.0,4,0.0,2,0.0,0,0.0,66.67,0.0,2024-12-04,-,0,1287.0
913,-37,Nevadar,-,1270.21,-2.75,1449.79,0.0,59.86,0.92,48,0.0,22,0.0,26,0.0,0,0.0,45.83,0.0,2025-07-22,-,0,791.0
-,-,JuanitosCZ,-,1269.48,-2.56,1462.23,0.0,64.25,0.85,72,0.0,36,0.0,34,0.0,2,0.0,50.0,0.0,2022-06-05,-,0,-
-,-,GWax11,-,1269.27,-2.72,1450.08,0.0,60.27,0.91,78,0.0,35,0.0,43,0.0,0,0.0,44.87,0.0,2023-01-15,-,0,-
-,-,Hornedraccoon,-,1269.09,-2.36,1478.24,0.0,69.72,0.79,45,0.0,22,0.0,22,0.0,1,0.0,48.89,0.0,2024-10-13,-,0,-
-,-,Valec,-,1269.03,-2.92,1440.06,0.0,57.01,0.97,75,0.0,33,0.0,42,0.0,0,0.0,44.0,0.0,2024-10-13,-,0,-
-,-,Olympia,-,1268.75,-1.48,1599.86,0.0,110.37,0.49,12,0.0,7,0.0,5,0.0,0,0.0,58.33,0.0,2025-01-07,-,0,989.0
914,-33,mahlerian_shadow,US,1268.73,-2.38,1389.58,-3.19,40.28,-0.27,120,6.0,53,2.0,66,4.0,1,0.0,44.17,-0.57,2026-04-24,-,0,549.0
-,-,thenobleknave,-,1268.62,-1.38,1623.46,0.0,118.28,0.46,12,0.0,6,0.0,6,0.0,0,0.0,50.0,0.0,2020-06-28,G,2,-
-,-,Foujou,-,1268.44,-1.3,1644.5,0.0,125.35,0.43,12,0.0,8,0.0,4,0.0,0,0.0,66.67,0.0,2024-02-23,-,0,-
-,-,lordzorath,-,1268.28,-1.83,1535.9,0.0,89.21,0.61,36,0.0,19,0.0,16,0.0,1,0.0,52.78,0.0,2020-12-06,-,0,-
915,-2,Chris10,DE,1267.82,20.71,1392.37,10.97,41.52,-3.25,102,18.0,41,9.0,60,9.0,1,0.0,40.2,2.1,2026-04-22,-,0,473.0
-,-,But,-,1267.62,-3.08,1427.59,0.0,53.32,1.03,99,0.0,45,0.0,54,0.0,0,0.0,45.45,0.0,2025-01-14,-,0,1184.0
916,-32,qige,-,1267.46,-2.18,1493.03,0.0,75.19,0.73,30,0.0,13,0.0,16,0.0,1,0.0,43.33,0.0,2026-01-10,-,0,918.0
917,101,McNeil,DK,1266.88,89.2,1453.09,80.88,62.07,-2.77,54,6.0,22,5.0,32,1.0,0,0.0,40.74,5.32,2026-03-11,-,0,726.0
918,-44,MaxBoomer,DK,1266.3,-9.05,1410.23,-13.49,47.98,-1.48,90,6.0,36,1.0,54,5.0,0,0.0,40.0,-1.67,2026-05-05,-,0,-
-,-,Sheepstealer,-,1265.84,-1.61,1570.58,0.0,101.58,0.54,18,0.0,12,0.0,6,0.0,0,0.0,66.67,0.0,2024-04-04,-,0,-
-,-,Enas,-,1264.57,-2.15,1494.21,0.0,76.54,0.72,36,0.0,17,0.0,19,0.0,0,0.0,47.22,0.0,2025-03-03,-,0,836.0
919,68,Ivan04,-,1264.55,62.23,1438.0,32.41,57.82,-9.94,54,12.0,26,6.0,28,6.0,0,0.0,48.15,0.53,2026-04-12,-,0,1065.0
-,-,awh1979,-,1264.35,-2.72,1448.18,0.0,61.27,0.91,72,0.0,33,0.0,39,0.0,0,0.0,45.83,0.0,2023-03-01,-,0,-
920,-30,Wolfric,-,1264.06,-1.26,1654.1,0.0,130.01,0.42,12,0.0,6,0.0,6,0.0,0,0.0,50.0,0.0,2026-01-18,-,0,-
921,-36,bambi4,GB,1263.64,-4.14,1383.33,0.0,39.9,1.38,150,0.0,59,0.0,91,0.0,0,0.0,39.33,0.0,2025-12-01,-,0,675.0
-,-,Heyitstheasian,-,1263.36,-1.19,1673.49,0.0,136.71,0.4,12,0.0,9,0.0,3,0.0,0,0.0,75.0,0.0,2020-09-27,-,0,-
922,new,rustylantern,-,1262.36,812.36,1615.23,115.23,117.62,117.62,12,12.0,9,9.0,3,3.0,0,0.0,75.0,75.0,2026-05-04,-,0,-
-,-,Hokingfai,HK,1262.33,-3.34,1416.25,0.0,51.31,1.11,135,0.0,57,0.0,76,0.0,2,0.0,42.22,0.0,2024-02-25,-,0,-
923,-82,TTTTTT,-,1262.24,-23.06,1520.67,-75.34,86.14,-17.43,18,6.0,8,1.0,9,4.0,1,1.0,44.44,-13.89,2026-03-04,-,0,-
-,-,Scar_702,-,1261.47,-1.37,1618.79,0.0,119.11,0.46,12,0.0,8,0.0,4,0.0,0,0.0,66.67,0.0,2024-06-02,-,0,-
924,-21,Bedrich_H,-,1261.47,5.75,1360.42,6.88,32.98,0.38,252,12.0,91,7.0,159,5.0,2,0.0,36.11,1.11,2026-04-16,-,0,602.0
925,-10,xeveli,CZ,1260.16,14.0,1363.56,14.38,34.46,0.13,213,12.0,78,5.0,135,7.0,0,0.0,36.62,0.3,2026-04-06,-,0,687.0
-,-,RobinTheDragon,-,1259.84,-2.25,1478.84,0.0,73.0,0.75,36,0.0,18,0.0,18,0.0,0,0.0,50.0,0.0,2025-01-16,-,0,1067.0
-,-,Keffo,-,1259.54,-2.92,1427.06,0.0,55.84,0.97,114,0.0,47,0.0,64,0.0,3,0.0,41.23,0.0,2023-01-15,-,0,-
926,-18,metternich,IT,1259.32,6.69,1348.39,7.28,29.69,0.2,408,18.0,156,7.0,249,11.0,3,0.0,38.24,0.03,2026-04-29,-,0,615.0
927,-75,Claudius74,CA,1258.79,-23.74,1343.24,-23.23,28.15,0.17,408,24.0,156,3.0,250,21.0,2,0.0,38.24,-1.6,2026-04-22,-,0,558.0
928,-29,Cimone,IT,1258.33,-1.43,1601.87,0.0,114.51,0.48,12,0.0,7,0.0,5,0.0,0,0.0,58.33,0.0,2026-01-14,-,0,-
929,-160,Bigsbyben,-,1258.33,-65.93,1556.77,-148.04,99.48,-27.37,18,6.0,9,1.0,9,5.0,0,0.0,50.0,-16.67,2026-03-07,-,0,-
-,-,hhahanext,-,1258.22,-1.77,1537.17,0.0,92.98,0.59,18,0.0,8,0.0,10,0.0,0,0.0,44.44,0.0,2025-03-06,-,0,939.0
-,-,Azazelek,-,1258.2,-1.6,1563.8,0.0,101.87,0.53,18,0.0,8,0.0,10,0.0,0,0.0,44.44,0.0,2024-04-04,-,0,-
930,-25,backspace,-,1257.15,1.69,1415.25,-6.51,52.7,-2.73,60,6.0,25,2.0,34,4.0,1,0.0,41.67,-0.92,2026-04-25,-,0,1259.0
931,-31,Tomboy,-,1257.01,-1.38,1611.41,0.0,118.14,0.46,12,0.0,7,0.0,5,0.0,0,0.0,58.33,0.0,2026-01-17,-,0,-
-,-,RickLoftson,CA,1256.43,-1.76,1535.07,0.0,92.88,0.59,24,0.0,12,0.0,12,0.0,0,0.0,50.0,0.0,2022-03-06,-,0,-
932,-35,Buiz,DK,1256.33,-4.53,1371.51,0.0,38.39,1.51,258,0.0,104,0.0,153,0.0,1,0.0,40.31,0.0,2026-01-08,-,0,788.0
933,9,Jaja,CZ,1256.11,26.18,1405.51,23.64,49.8,-0.85,102,6.0,41,3.0,60,3.0,1,0.0,40.2,0.62,2026-03-07,-,0,1062.0
-,-,Horazon,-,1255.86,-1.26,1644.97,0.0,129.7,0.42,12,0.0,10,0.0,2,0.0,0,0.0,83.33,0.0,2021-03-02,-,0,-
-,-,Dugy,-,1255.6,-3.33,1408.42,0.0,50.94,1.11,168,0.0,70,0.0,96,0.0,2,0.0,41.67,0.0,2023-06-04,-,0,-
-,-,Fysh,-,1255.51,-2.13,1488.36,0.0,77.62,0.71,36,0.0,17,0.0,19,0.0,0,0.0,47.22,0.0,2021-12-05,-,0,-
-,-,Rossonerix10x,-,1255.48,-4.17,1378.15,0.0,40.89,1.39,213,0.0,87,0.0,124,0.0,2,0.0,40.85,0.0,2025-01-16,-,0,1184.0
934,-47,Fullynice,-,1255.43,-11.95,1339.7,-10.47,28.09,0.49,423,18.0,153,4.0,269,14.0,1,0.0,36.17,-0.62,2026-04-28,-,0,508.0
936,113,Gympanse,-,1255.28,106.09,1450.53,66.65,65.08,-13.15,36,12.0,16,6.0,20,6.0,0,0.0,44.44,2.77,2026-04-16,-,0,-
935,127,Jaan,-,1255.28,115.21,1531.93,65.64,92.22,-16.53,18,6.0,10,4.0,8,2.0,0,0.0,55.56,5.56,2026-03-09,-,0,-
-,-,Elron,-,1255.1,-1.34,1619.94,0.0,121.62,0.45,12,0.0,7,0.0,5,0.0,0,0.0,58.33,0.0,2020-12-06,-,0,-
-,-,claybirds,-,1254.49,-2.08,1495.01,0.0,80.17,0.69,48,0.0,25,0.0,22,0.0,1,0.0,52.08,0.0,2021-03-02,-,0,-
-,-,Stinus,-,1254.13,-1.47,1586.67,0.0,110.85,0.49,12,0.0,8,0.0,4,0.0,0,0.0,66.67,0.0,2024-06-02,-,0,-
937,-33,Satanislav,-,1254.07,-1.45,1590.78,0.0,112.24,0.48,12,0.0,6,0.0,6,0.0,0,0.0,50.0,0.0,2026-01-08,-,0,-
-,-,Mikael.S,-,1254.03,-1.79,1528.26,0.0,91.41,0.6,18,0.0,9,0.0,8,0.0,1,0.0,50.0,0.0,2025-03-01,-,0,939.0
938,14,Kartek,-,1253.61,28.3,1413.94,-3.74,53.44,-10.68,60,18.0,27,7.0,33,11.0,0,0.0,45.0,-2.62,2026-04-21,-,0,861.0
-,-,HeM99,-,1252.83,-1.56,1567.97,0.0,105.04,0.52,12,0.0,5,0.0,6,0.0,1,0.0,41.67,0.0,2025-01-19,-,0,989.0
-,-,bobis,-,1252.52,-1.64,1550.89,0.0,99.46,0.55,18,0.0,11,0.0,7,0.0,0,0.0,61.11,0.0,2023-07-15,-,0,-
-,-,CerseiShade,-,1252.16,-1.99,1500.48,0.0,82.77,0.66,36,0.0,15,0.0,21,0.0,0,0.0,41.67,0.0,2020-03-30,-,0,-
939,-50,peppe76,-,1251.48,-14.36,1341.54,-13.81,30.02,0.18,408,18.0,142,2.0,261,15.0,5,1.0,34.8,-1.1,2026-04-27,-,0,640.0
-,-,LSF,-,1251.08,-1.24,1647.38,0.0,132.1,0.41,12,0.0,9,0.0,3,0.0,0,0.0,75.0,0.0,2020-09-27,-,0,-
940,-39,JohnnyMac,-,1250.79,-7.22,1339.05,-6.01,29.42,0.4,432,18.0,164,7.0,259,11.0,9,0.0,37.96,0.04,2026-05-08,-,0,512.0
941,-39,daices,US,1250.66,-5.99,1359.25,0.0,36.2,2.0,336,0.0,134,0.0,194,0.0,8,0.0,39.88,0.0,2025-10-13,G,2,648.0
942,-35,C3POsMidriff,-,1250.61,-2.62,1441.35,0.0,63.58,0.87,48,0.0,21,0.0,27,0.0,0,0.0,43.75,0.0,2026-01-08,G,2,426.0
-,-,Styku,-,1250.53,-1.59,1559.34,0.0,102.94,0.53,24,0.0,13,0.0,11,0.0,0,0.0,54.17,0.0,2019-12-22,-,0,-
943,-33,NedNutt,-,1250.49,-1.42,1595.11,0.0,114.88,0.47,12,0.0,8,0.0,4,0.0,0,0.0,66.67,0.0,2026-01-23,-,0,-
-,-,JTazz01,-,1249.91,-2.44,1451.64,0.0,67.24,0.81,60,0.0,29,0.0,31,0.0,0,0.0,48.33,0.0,2022-03-06,-,0,-
944,-35,botenmaru82,-,1249.82,-2.36,1458.77,0.0,69.65,0.79,42,0.0,19,0.0,21,0.0,2,0.0,45.24,0.0,2025-12-01,-,0,872.0
-,-,stanel,RO,1249.8,-3.07,1411.33,0.0,53.84,1.02,153,0.0,63,0.0,90,0.0,0,0.0,41.18,0.0,2023-02-05,G,4,-
945,-31,Sirovec,HR,1249.51,2.73,1337.8,2.12,29.43,-0.2,414,24.0,145,8.0,267,16.0,2,0.0,35.02,-0.11,2026-04-28,-,0,543.0
-,-,Psynergist,-,1249.05,-1.96,1499.98,0.0,83.64,0.65,24,0.0,9,0.0,15,0.0,0,0.0,37.5,0.0,2024-07-01,-,0,-
946,0,Czarny,-,1248.7,21.91,1518.55,-45.68,89.95,-22.53,18,6.0,10,2.0,8,4.0,0,0.0,55.56,-11.11,2026-03-01,-,0,-
-,-,Jerry_Kacmar,-,1248.09,-1.89,1510.1,0.0,87.34,0.63,36,0.0,18,0.0,18,0.0,0,0.0,50.0,0.0,2020-12-06,-,0,-
947,29,jmcj,-,1247.51,34.61,1426.06,14.34,59.52,-6.76,48,12.0,20,3.0,27,9.0,1,0.0,41.67,-5.55,2026-04-23,-,0,1258.0
-,-,orangeblood,-,1247.34,-1.43,1590.94,0.0,114.53,0.48,24,0.0,15,0.0,9,0.0,0,0.0,62.5,0.0,2020-09-27,-,0,-
-,-,pootify,-,1247.31,-1.51,1572.66,0.0,108.45,0.5,12,0.0,7,0.0,5,0.0,0,0.0,58.33,0.0,2025-01-13,-,0,1067.0
-,-,Viler,-,1247.22,-2.91,1417.61,0.0,56.8,0.97,90,0.0,37,0.0,53,0.0,0,0.0,41.11,0.0,2024-03-03,-,0,-
948,220,AlkashRusanovskiy,-,1247.17,213.74,1502.09,107.64,84.97,-35.37,36,12.0,11,6.0,25,6.0,0,0.0,30.56,9.73,2026-05-01,-,0,-
949,23,Sale,-,1247.13,32.54,1544.0,-34.33,98.95,-22.29,18,6.0,8,3.0,10,3.0,0,0.0,44.44,2.77,2026-03-09,-,0,-
-,-,Nomisbo,-,1247.11,-1.15,1671.73,0.0,141.54,0.38,12,0.0,10,0.0,2,0.0,0,0.0,83.33,0.0,2021-03-02,-,0,-
950,-39,ClaridadNocturna,ES,1247.06,-2.35,1349.54,-2.32,34.16,0.01,255,12.0,87,3.0,168,9.0,0,0.0,34.12,-0.45,2026-05-04,-,0,700.0
951,-20,abobey,ES,1245.94,9.38,1335.43,10.05,29.83,0.22,408,18.0,139,8.0,265,10.0,4,0.0,34.07,0.48,2026-04-23,-,0,534.0
-,-,casual_umami,AT,1245.93,-1.45,1583.85,0.0,112.64,0.48,12,0.0,6,0.0,6,0.0,0,0.0,50.0,0.0,2023-12-03,-,0,-
952,-24,vgiannog,-,1245.85,8.11,1382.67,4.74,45.61,-1.13,81,6.0,34,3.0,46,3.0,1,0.0,41.98,0.65,2026-04-29,-,0,602.0
-,-,Tsachi,-,1245.72,-1.73,1530.34,0.0,94.87,0.58,18,0.0,6,0.0,12,0.0,0,0.0,33.33,0.0,2023-04-16,-,0,-
953,8,Zero_1627,-,1245.4,26.42,1464.12,-0.57,72.9,-8.99,30,6.0,13,2.0,17,4.0,0,0.0,43.33,-2.5,2026-03-02,-,0,989.0
-,-,Drannoc,-,1245.39,-2.1,1481.61,0.0,78.74,0.7,48,0.0,21,0.0,26,0.0,1,0.0,43.75,0.0,2021-06-02,-,0,-
-,-,MrTriangle,-,1245.22,-2.26,1468.11,0.0,74.29,0.75,36,0.0,18,0.0,18,0.0,0,0.0,50.0,0.0,2024-09-04,-,0,-
-,-,Grassman,-,1245.0,-3.03,1408.48,0.0,54.49,1.01,117,0.0,52,0.0,65,0.0,0,0.0,44.44,0.0,2023-02-05,-,0,-
954,-42,BerdBlond,-,1244.76,-3.82,1374.03,0.0,43.09,1.27,114,0.0,51,0.0,62,0.0,1,0.0,44.74,0.0,2026-01-19,-,0,836.0
-,-,SuwalaT,-,1244.71,-2.94,1411.79,0.0,55.69,0.98,144,0.0,60,0.0,83,0.0,1,0.0,41.67,0.0,2023-09-03,G,2,-
-,-,Grandnewby,-,1244.46,-2.21,1467.08,0.0,74.21,0.74,36,0.0,17,0.0,19,0.0,0,0.0,47.22,0.0,2025-04-30,-,0,849.0
-,-,tongtong,-,1244.28,-1.97,1493.83,0.0,83.18,0.66,24,0.0,11,0.0,13,0.0,0,0.0,45.83,0.0,2025-01-13,-,0,1118.0
-,-,Crygen,-,1244.23,-1.95,1496.62,0.0,84.13,0.65,36,0.0,14,0.0,22,0.0,0,0.0,38.89,0.0,2020-12-06,-,0,-
-,-,fu1luo,-,1244.04,-2.07,1480.73,0.0,78.9,0.69,30,0.0,10,0.0,18,0.0,2,0.0,33.33,0.0,2024-02-25,-,0,-
955,-35,KTown,-,1243.73,2.8,1369.35,1.37,41.87,-0.47,105,6.0,38,3.0,66,3.0,1,0.0,36.19,0.84,2026-05-08,-,0,589.0
-,-,Devius,-,1243.49,-1.68,1535.38,0.0,97.3,0.56,18,0.0,6,0.0,12,0.0,0,0.0,33.33,0.0,2024-07-01,-,0,-
-,-,Gladue,-,1243.32,-1.42,1588.94,0.0,115.21,0.47,12,0.0,6,0.0,6,0.0,0,0.0,50.0,0.0,2023-03-01,-,0,-
956,-8,Shiffdog,-,1242.87,16.81,1355.5,9.92,37.54,-2.3,123,18.0,43,7.0,79,11.0,1,0.0,34.96,0.67,2026-05-03,-,0,520.0
-,-,fraction,-,1242.15,-2.91,1412.06,0.0,56.64,0.97,114,0.0,45,0.0,68,0.0,1,0.0,39.47,0.0,2024-04-04,-,0,-
957,-40,mooscolly,AU,1241.92,-0.44,1352.65,0.22,36.91,0.22,216,6.0,81,3.0,132,3.0,3,0.0,37.5,0.36,2026-04-27,-,0,720.0
-,-,Irishdomer08,-,1241.83,-2.73,1424.19,0.0,60.79,0.91,144,0.0,60,0.0,82,0.0,2,0.0,41.67,0.0,2021-09-05,G,4,-
-,-,Bahul,-,1241.25,-1.69,1531.86,0.0,96.87,0.56,18,0.0,9,0.0,7,0.0,2,0.0,50.0,0.0,2024-04-04,-,0,-
958,-42,sbaro,-,1241.2,-4.36,1359.13,0.0,39.31,1.45,150,0.0,59,0.0,89,0.0,2,0.0,39.33,0.0,2025-10-25,-,0,578.0
-,-,Petardillo,-,1241.17,-1.62,1542.67,0.0,100.5,0.54,18,0.0,12,0.0,6,0.0,0,0.0,66.67,0.0,2024-04-04,-,0,-
-,-,Megatron,GB,1240.29,-2.96,1407.48,0.0,55.73,0.99,96,0.0,42,0.0,53,0.0,1,0.0,43.75,0.0,2024-04-04,-,0,1262.0
-,-,GedoMazo,-,1239.82,-1.42,1583.63,0.0,114.6,0.47,12,0.0,5,0.0,7,0.0,0,0.0,41.67,0.0,2024-04-04,-,0,-
959,-155,Jobjobsdone,-,1239.78,-65.44,1459.74,-89.05,73.32,-7.87,30,6.0,12,0.0,18,6.0,0,0.0,40.0,-10.0,2026-03-18,-,0,-
-,-,eugeneg,-,1239.14,-2.65,1425.93,0.0,62.26,0.88,84,0.0,42,0.0,42,0.0,0,0.0,50.0,0.0,2022-06-05,-,0,-
960,-42,Francis88,-,1238.44,-3.89,1367.06,0.0,42.87,1.3,117,0.0,45,0.0,72,0.0,0,0.0,38.46,0.0,2025-10-16,-,0,611.0
-,-,feanorek,-,1238.1,-1.33,1607.04,0.0,122.98,0.44,12,0.0,7,0.0,5,0.0,0,0.0,58.33,0.0,2020-09-27,-,0,-
-,-,footjoy39,-,1238.08,-1.48,1569.97,0.0,110.63,0.49,12,0.0,8,0.0,4,0.0,0,0.0,66.67,0.0,2025-01-17,-,0,1067.0
-,-,Arnekin,-,1237.78,-2.06,1479.25,0.0,80.49,0.69,42,0.0,21,0.0,19,0.0,2,0.0,50.0,0.0,2024-12-03,G,2,1287.0
-,-,DocFleischmann,-,1237.78,-1.45,1574.66,0.0,112.29,0.48,12,0.0,5,0.0,6,0.0,1,0.0,41.67,0.0,2024-04-04,-,0,-
-,-,master176281,DE,1237.36,-3.11,1397.77,0.0,53.47,1.04,165,0.0,71,0.0,94,0.0,0,0.0,43.03,0.0,2023-02-05,-,0,-
-,-,Hendra,-,1237.27,-2.47,1436.9,0.0,66.54,0.82,60,0.0,27,0.0,31,0.0,2,0.0,45.0,0.0,2023-12-03,-,0,-
-,-,Oslot,-,1237.26,-2.3,1452.46,0.0,71.73,0.77,54,0.0,29,0.0,25,0.0,0,0.0,53.7,0.0,2023-01-15,-,0,-
-,-,ZacDeMundo,CA,1237.21,-3.55,1377.69,0.0,46.83,1.18,147,0.0,55,0.0,91,0.0,1,0.0,37.41,0.0,2024-09-04,-,0,-
961,-36,Deremfi,-,1237.09,-2.41,1442.09,0.0,68.33,0.8,60,0.0,25,0.0,35,0.0,0,0.0,41.67,0.0,2026-01-08,-,0,-
962,unretired,wisteria,MO,1236.78,19.84,1370.74,13.98,44.65,-1.95,180,12.0,70,6.0,104,6.0,6,0.0,38.89,0.79,2026-05-08,-,0,1388.0
-,-,Hamtes,CZ,1236.78,-2.65,1421.89,0.0,61.7,0.88,54,0.0,19,0.0,33,0.0,2,0.0,35.19,0.0,2023-12-03,-,0,-
963,-37,SullyWully,-,1236.69,-2.43,1439.05,0.0,67.45,0.81,45,0.0,20,0.0,23,0.0,2,0.0,44.44,0.0,2026-01-18,-,0,783.0
964,-41,sms18004,-,1236.44,-3.2,1392.51,0.0,52.02,1.07,108,0.0,41,0.0,64,0.0,3,0.0,37.96,0.0,2026-01-22,-,0,801.0
-,-,alienchick,-,1235.86,-2.03,1478.6,0.0,80.91,0.68,36,0.0,16,0.0,20,0.0,0,0.0,44.44,0.0,2021-06-02,-,0,-
965,-41,kwerra,-,1235.45,-4.07,1359.55,0.0,41.37,1.36,183,0.0,70,0.0,110,0.0,3,0.0,38.25,0.0,2026-01-11,-,0,1118.0
-,-,Entername,-,1235.13,-1.76,1514.75,0.0,93.21,0.59,18,0.0,6,0.0,12,0.0,0,0.0,33.33,0.0,2025-03-10,-,0,939.0
-,-,shockway,-,1234.95,-2.92,1409.23,0.0,58.09,0.97,108,0.0,46,0.0,61,0.0,1,0.0,42.59,0.0,2022-09-04,-,0,-
-,-,satur,-,1234.94,-1.48,1565.69,0.0,110.25,0.49,12,0.0,5,0.0,7,0.0,0,0.0,41.67,0.0,2024-04-04,-,0,-
966,-34,EdWARlock,-,1234.93,-1.49,1563.44,0.0,109.5,0.5,12,0.0,5,0.0,6,0.0,1,0.0,41.67,0.0,2026-01-25,-,0,-
967,-38,Opi,-,1234.63,-2.06,1472.67,0.0,79.35,0.69,24,0.0,9,0.0,14,0.0,1,0.0,37.5,0.0,2026-01-16,-,0,989.0
-,-,Bummelmuhkuh,-,1234.3,-1.25,1624.62,0.0,130.11,0.42,12,0.0,10,0.0,2,0.0,0,0.0,83.33,0.0,2021-03-02,-,0,-
968,-41,trojanrabbit,-,1234.22,-3.62,1371.67,0.0,45.81,1.21,120,0.0,52,0.0,68,0.0,0,0.0,43.33,0.0,2026-01-19,-,0,1269.0
969,-77,GetGot,-,1233.07,-31.56,1493.38,-84.18,86.77,-17.54,18,6.0,7,0.0,11,6.0,0,0.0,38.89,-19.44,2026-03-01,-,0,-
-,-,Mouette,-,1232.54,-2.56,1426.71,0.0,64.72,0.85,57,0.0,22,0.0,34,0.0,1,0.0,38.6,0.0,2024-10-13,-,0,-
-,-,Davidmel,IL,1232.37,-3.81,1363.89,0.0,43.84,1.27,234,0.0,88,0.0,142,0.0,4,0.0,37.61,0.0,2024-09-01,-,0,-
-,-,Crazybastard77,-,1232.07,-1.27,1616.08,0.0,128.01,0.42,12,0.0,6,0.0,5,0.0,1,0.0,50.0,0.0,2020-09-27,-,0,-
-,-,DonStino,BE,1232.04,-3.63,1367.73,0.0,45.23,1.21,153,0.0,53,0.0,97,0.0,3,0.0,34.64,0.0,2024-10-01,-,0,1388.0
-,-,Eira,-,1232.04,-2.26,1449.13,0.0,72.36,0.75,48,0.0,26,0.0,22,0.0,0,0.0,54.17,0.0,2022-03-06,-,0,-
-,-,MistWalker,-,1231.68,-1.9,1491.62,0.0,86.65,0.63,36,0.0,17,0.0,17,0.0,2,0.0,47.22,0.0,2019-12-30,-,0,-
970,184,Modiarty,-,1230.85,179.25,1513.78,112.61,94.31,-22.21,18,6.0,8,4.0,10,2.0,0,0.0,44.44,11.11,2026-03-07,-,0,-
-,-,SayNoToGreen,-,1230.74,-1.99,1477.59,0.0,82.28,0.66,36,0.0,19,0.0,17,0.0,0,0.0,52.78,0.0,2021-06-02,-,0,-
971,-36,kalev,-,1229.91,-4.27,1349.86,0.0,39.98,1.42,117,0.0,46,0.0,71,0.0,0,0.0,39.32,0.0,2025-11-04,-,0,576.0
-,-,RooK666,-,1229.71,-1.33,1597.37,0.0,122.55,0.44,12,0.0,9,0.0,3,0.0,0,0.0,75.0,0.0,2021-09-05,-,0,-
972,-33,snowjotunn,-,1229.58,-1.39,1581.63,0.0,117.35,0.46,12,0.0,7,0.0,5,0.0,0,0.0,58.33,0.0,2026-01-14,-,0,-
973,-35,rstrack,-,1229.53,-2.6,1409.51,-17.56,59.99,-4.99,48,6.0,19,2.0,27,4.0,2,0.0,39.58,-0.9,2026-03-01,-,0,1287.0
-,-,jamieIsMyNamie,-,1229.45,-2.39,1435.87,0.0,68.8,0.8,72,0.0,35,0.0,37,0.0,0,0.0,48.61,0.0,2021-06-02,-,0,-
-,-,yojimbo79,PL,1229.22,-2.33,1440.02,0.0,70.27,0.78,48,0.0,26,0.0,22,0.0,0,0.0,54.17,0.0,2022-09-04,-,0,-
-,-,Massi1971,-,1229.19,-2.08,1468.78,0.0,79.86,0.69,48,0.0,21,0.0,27,0.0,0,0.0,43.75,0.0,2021-03-02,-,0,-
974,-68,N0rBeer,-,1229.09,-25.0,1431.88,-40.81,67.6,-5.27,36,6.0,15,0.0,20,6.0,1,0.0,41.67,-8.33,2026-03-05,-,0,939.0
-,-,Paul.,-,1229.02,-1.42,1573.62,0.0,114.87,0.47,12,0.0,5,0.0,7,0.0,0,0.0,41.67,0.0,2023-03-01,-,0,-
-,-,RolldUpTrips,-,1228.53,-1.91,1485.95,0.0,85.81,0.64,48,0.0,25,0.0,23,0.0,0,0.0,52.08,0.0,2019-05-19,-,0,-
975,-34,SolPanda,-,1228.37,-1.89,1488.25,0.0,86.62,0.63,24,0.0,10,0.0,14,0.0,0,0.0,41.67,0.0,2026-01-12,-,0,1184.0
-,-,Don_B,-,1228.3,-1.21,1633.49,0.0,135.07,0.4,12,0.0,10,0.0,2,0.0,0,0.0,83.33,0.0,2021-06-02,-,0,-
-,-,Schmitztopher,-,1227.41,-1.92,1483.3,0.0,85.3,0.64,36,0.0,17,0.0,19,0.0,0,0.0,47.22,0.0,2020-06-28,G,2,-
-,-,snowcrush,SG,1227.39,-2.68,1416.9,0.0,63.17,0.89,72,0.0,31,0.0,41,0.0,0,0.0,43.06,0.0,2022-09-04,-,0,-
-,-,Manish05,-,1227.25,-2.34,1441.82,0.0,71.52,0.78,72,0.0,34,0.0,37,0.0,1,0.0,47.22,0.0,2021-03-02,G,2,-
-,-,rslyzc,-,1226.52,-1.62,1529.5,0.0,101.0,0.54,18,0.0,9,0.0,9,0.0,0,0.0,50.0,0.0,2024-04-04,-,0,-
976,-36,alcardonac,-,1226.33,-4.29,1345.65,0.0,39.77,1.43,192,0.0,70,0.0,120,0.0,2,0.0,36.46,0.0,2025-07-21,-,0,788.0
-,-,Bendor,-,1225.66,-2.44,1428.86,0.0,67.73,0.81,72,0.0,31,0.0,41,0.0,0,0.0,43.06,0.0,2021-09-05,-,0,-
-,-,NillisLukins,-,1225.53,-1.61,1529.22,0.0,101.23,0.54,24,0.0,15,0.0,9,0.0,0,0.0,62.5,0.0,2020-06-28,-,0,-
-,-,Mariac,-,1225.3,-1.13,1656.55,0.0,143.75,0.38,6,0.0,3,0.0,3,0.0,0,0.0,50.0,0.0,2024-12-15,-,0,-
-,-,laimas123,-,1225.29,-2.03,1467.36,0.0,80.69,0.68,48,0.0,22,0.0,26,0.0,0,0.0,45.83,0.0,2021-03-02,-,0,-
977,-34,Cyrus_j2s,-,1225.12,-3.79,1357.41,0.0,44.1,1.26,162,0.0,63,0.0,99,0.0,0,0.0,38.89,0.0,2026-01-09,-,0,872.0
-,-,Runje,-,1224.6,-1.59,1532.59,0.0,102.66,0.53,24,0.0,13,0.0,10,0.0,1,0.0,54.17,0.0,2020-12-06,-,0,-
978,-103,RuslanP,-,1224.16,-50.11,1507.25,-128.27,94.36,-26.05,18,6.0,8,0.0,10,6.0,0,0.0,44.44,-22.23,2026-03-01,-,0,-
-,-,Izmar,-,1224.16,-1.37,1581.81,0.0,119.22,0.46,12,0.0,9,0.0,2,0.0,1,0.0,75.0,0.0,2021-06-02,-,0,-
979,-57,luckrider,DE,1224.05,-16.02,1342.52,-15.86,39.49,0.05,144,6.0,49,1.0,92,5.0,3,0.0,34.03,-0.75,2026-05-08,-,0,432.0
980,-29,Nimnaros,-,1223.97,-1.5,1550.55,0.0,108.86,0.5,12,0.0,8,0.0,4,0.0,0,0.0,66.67,0.0,2026-01-25,-,0,-
981,-32,Tuisku,-,1223.6,-2.33,1435.77,0.0,70.72,0.78,36,0.0,16,0.0,20,0.0,0,0.0,44.44,0.0,2026-01-10,-,0,989.0
982,-37,JakubZGandalfova,-,1223.55,-3.4,1370.37,0.0,48.94,1.13,84,0.0,39,0.0,45,0.0,0,0.0,46.43,0.0,2026-01-16,-,0,802.0
-,-,fygarslayer,-,1223.19,-2.1,1456.21,0.0,77.67,0.7,48,0.0,21,0.0,27,0.0,0,0.0,43.75,0.0,2021-03-02,-,0,-
983,-269,vuffe,-,1223.04,-126.59,1501.69,-186.24,92.88,-19.88,18,6.0,9,0.0,9,6.0,0,0.0,50.0,-25.0,2026-03-05,-,0,-
-,-,icarium_jag,-,1222.82,-2.55,1416.06,0.0,64.41,0.85,84,0.0,37,0.0,46,0.0,1,0.0,44.05,0.0,2021-12-05,-,0,-
984,-50,Ulyssess,IT,1222.35,-12.9,1317.82,-11.32,31.82,0.53,312,12.0,109,3.0,200,9.0,3,0.0,34.94,-0.39,2026-04-25,-,0,491.0
985,-32,Bulb,-,1221.99,-2.77,1404.43,0.0,60.81,0.92,57,0.0,22,0.0,35,0.0,0,0.0,38.6,0.0,2025-12-01,-,0,835.0
-,-,josqvin,-,1221.84,-1.57,1534.84,0.0,104.33,0.52,24,0.0,15,0.0,9,0.0,0,0.0,62.5,0.0,2020-03-29,-,0,-
986,-36,Suddoman,-,1221.83,-3.88,1329.81,-12.57,35.99,-2.9,129,24.0,48,6.0,79,18.0,2,0.0,37.21,-2.79,2026-05-16,-,0,932.0
-,-,piopapero,-,1221.73,-1.85,1486.98,0.0,88.42,0.62,36,0.0,19,0.0,17,0.0,0,0.0,52.78,0.0,2021-03-02,-,0,-
987,19,Cromlech,-,1221.51,35.57,1344.16,25.01,40.88,-3.52,111,18.0,41,8.0,69,10.0,1,0.0,36.94,1.46,2026-05-01,-,0,705.0
-,-,uday,PL,1221.41,-3.21,1376.46,0.0,51.68,1.07,78,0.0,30,0.0,47,0.0,1,0.0,38.46,0.0,2025-04-01,-,0,872.0
988,-33,Zzharg,-,1221.34,-1.5,1547.34,0.0,108.67,0.5,12,0.0,5,0.0,7,0.0,0,0.0,41.67,0.0,2026-01-24,-,0,-
989,-32,razorsedger,-,1220.24,-2.23,1440.67,0.0,73.48,0.74,30,0.0,14,0.0,16,0.0,0,0.0,46.67,0.0,2026-01-18,-,0,939.0
-,-,Caracalla,-,1219.72,-3.65,1359.93,0.0,46.74,1.22,129,0.0,50,0.0,78,0.0,1,0.0,38.76,0.0,2024-11-11,-,0,1170.0
-,-,wicaksonoadi,-,1219.67,-1.8,1492.51,0.0,90.95,0.6,24,0.0,13,0.0,11,0.0,0,0.0,54.17,0.0,2021-06-02,-,0,-
990,-9,olawaco,-,1219.66,10.77,1367.34,9.82,49.23,-0.32,72,3.0,31,2.0,41,1.0,0,0.0,43.06,1.03,2026-03-18,-,0,1118.0
991,17,Andreyko2003,-,1219.59,34.16,1370.46,28.42,50.29,-1.91,75,6.0,25,4.0,49,2.0,1,0.0,33.33,2.9,2026-04-29,-,0,661.0
992,-38,FabioBE81,-,1219.27,-4.29,1339.23,0.0,39.99,1.43,162,0.0,56,0.0,106,0.0,0,0.0,34.57,0.0,2026-01-17,-,0,718.0
-,-,Fler,-,1219.07,-1.51,1545.91,0.0,108.95,0.5,24,0.0,12,0.0,12,0.0,0,0.0,50.0,0.0,2020-09-27,-,0,-
-,-,karatox,-,1217.54,-3.98,1347.66,0.0,43.37,1.33,198,0.0,81,0.0,114,0.0,3,0.0,40.91,0.0,2024-10-01,-,0,-
993,-72,KorXo,ES,1217.15,-23.28,1320.61,-20.5,34.49,0.93,360,6.0,130,0.0,217,6.0,13,0.0,36.11,-0.61,2026-05-15,G,2,596.0
994,-36,Kruch,DE,1216.95,-3.97,1307.33,-2.77,30.13,0.4,396,18.0,141,6.0,247,12.0,8,0.0,35.61,-0.1,2026-05-05,-,0,697.0
995,3,CuJ,-,1216.75,24.76,1330.27,20.35,37.84,-1.47,135,15.0,49,7.0,85,8.0,1,0.0,36.3,1.3,2026-04-28,-,0,690.0
-,-,Grandmaster_Max,-,1216.16,-1.85,1481.15,0.0,88.33,0.62,36,0.0,20,0.0,15,0.0,1,0.0,55.56,0.0,2020-12-06,-,0,-
-,-,MGdesmadre,-,1216.16,-2.62,1403.76,0.0,62.53,0.87,96,0.0,45,0.0,51,0.0,0,0.0,46.88,0.0,2022-03-06,-,0,-
996,-32,DerIch86,-,1216.02,-1.82,1486.0,0.0,89.99,0.61,24,0.0,11,0.0,13,0.0,0,0.0,45.83,0.0,2026-01-12,-,0,872.0
997,-34,AdumbusPrime,CA,1215.92,-2.24,1435.49,0.0,73.19,0.75,30,0.0,10,0.0,20,0.0,0,0.0,33.33,0.0,2026-01-19,-,0,527.0
-,-,BTA,-,1215.79,-3.12,1375.61,0.0,53.27,1.04,129,0.0,44,0.0,84,0.0,1,0.0,34.11,0.0,2023-02-05,-,0,-
-,-,g.threepwood,-,1215.77,-2.2,1439.91,0.0,74.71,0.73,60,0.0,29,0.0,30,0.0,1,0.0,48.33,0.0,2021-06-02,-,0,-
-,-,Midyat,-,1215.45,-2.15,1446.25,0.0,76.93,0.72,30,0.0,11,0.0,19,0.0,0,0.0,36.67,0.0,2025-01-08,-,0,989.0
998,-36,MajorGaz,-,1215.27,-3.28,1366.14,0.0,50.29,1.09,156,0.0,62,0.0,94,0.0,0,0.0,39.74,0.0,2026-01-14,-,0,-
-,-,norkle,-,1215.14,-2.74,1397.37,0.0,60.74,0.91,174,0.0,58,0.0,113,0.0,3,0.0,33.33,0.0,2021-06-02,-,0,-
999,-33,Igelkotten,-,1215.06,-2.65,1402.15,0.0,62.36,0.88,48,0.0,19,0.0,28,0.0,1,0.0,39.58,0.0,2026-01-02,-,0,687.0
-,-,Splitx,-,1215.05,-1.77,1491.97,0.0,92.31,0.59,36,0.0,23,0.0,13,0.0,0,0.0,63.89,0.0,2021-03-02,-,0,-
-,-,Chul,-,1214.85,-2.37,1424.78,0.0,69.98,0.79,84,0.0,28,0.0,53,0.0,3,0.0,33.33,0.0,2020-12-06,G,2,-
1000,-104,Adysian,-,1214.58,-46.32,1511.44,-97.21,98.95,-16.96,18,6.0,9,2.0,9,4.0,0,0.0,50.0,-8.33,2026-03-03,-,0,-
1001,-33,Jived,IT,1214.49,-2.68,1398.94,0.0,61.48,0.89,48,0.0,21,0.0,26,0.0,1,0.0,43.75,0.0,2026-01-05,-,0,841.0
1002,-42,PacoHolliday,-,1214.13,-6.36,1310.91,-7.58,32.26,-0.41,243,18.0,83,5.0,160,13.0,0,0.0,34.16,-0.51,2026-05-09,-,0,505.0
-,-,Xxyu,CN,1213.94,-2.19,1453.5,0.0,79.86,0.73,42,0.0,24,0.0,18,0.0,0,0.0,57.14,0.0,2025-01-28,-,0,845.0
1003,-38,Helen-the-great,-,1213.93,-3.8,1347.44,0.0,44.5,1.27,153,0.0,61,0.0,89,0.0,3,0.0,39.87,0.0,2026-01-28,-,0,572.0
1004,-24,2da6,-,1213.36,4.15,1354.62,-0.5,47.09,-1.55,87,6.0,34,3.0,52,3.0,1,0.0,39.08,0.81,2026-04-23,-,0,939.0
1005,-35,Aramirezm,-,1213.3,-1.37,1571.7,0.0,119.47,0.46,12,0.0,5,0.0,5,0.0,2,0.0,41.67,0.0,2026-01-10,-,0,-
1006,-35,MadNut86,-,1212.76,-1.86,1476.86,0.0,88.03,0.62,24,0.0,11,0.0,13,0.0,0,0.0,45.83,0.0,2026-01-09,-,0,1067.0
1007,-33,Leoneed.P87,-,1212.26,-1.55,1528.51,0.0,105.42,0.52,12,0.0,7,0.0,5,0.0,0,0.0,58.33,0.0,2026-01-07,-,0,-
-,-,Ankaru,-,1212.05,-2.03,1455.12,0.0,81.02,0.68,33,0.0,14,0.0,19,0.0,0,0.0,42.42,0.0,2025-01-15,-,0,1067.0
-,-,Polysics,-,1211.83,-1.35,1573.24,0.0,120.47,0.45,12,0.0,6,0.0,6,0.0,0,0.0,50.0,0.0,2020-12-06,-,0,-
-,-,JDN115,CA,1211.24,-2.52,1409.84,0.0,66.2,0.84,54,0.0,21,0.0,33,0.0,0,0.0,38.89,0.0,2023-12-03,-,0,-
-,-,MinSane,-,1211.19,-1.74,1494.38,0.0,94.4,0.58,24,0.0,14,0.0,10,0.0,0,0.0,58.33,0.0,2021-09-05,-,0,-
-,-,Abby1991,-,1210.55,-1.79,1485.08,0.0,91.51,0.6,24,0.0,12,0.0,10,0.0,2,0.0,50.0,0.0,2022-03-06,-,0,-
-,-,FeedmeHR,-,1209.97,-1.33,1579.2,0.0,123.08,0.44,12,0.0,8,0.0,4,0.0,0,0.0,66.67,0.0,2020-06-28,-,0,-
-,-,venansula,-,1209.91,-3.37,1356.07,0.0,48.72,1.12,219,0.0,82,0.0,132,0.0,5,0.0,37.44,0.0,2023-12-03,-,0,-
1008,-29,InGodWeTrust,-,1209.44,-1.51,1534.2,0.0,108.25,0.5,12,0.0,4,0.0,8,0.0,0,0.0,33.33,0.0,2026-01-20,-,0,-
-,-,Kwang202,-,1209.25,-3.19,1364.45,0.0,51.74,1.06,132,0.0,58,0.0,74,0.0,0,0.0,43.94,0.0,2024-06-16,-,0,-
-,-,Jaack,-,1209.08,-2.39,1416.88,0.0,69.27,0.8,60,0.0,29,0.0,29,0.0,2,0.0,48.33,0.0,2021-12-05,-,0,-
1009,-34,DeZet,-,1208.25,-4.87,1312.85,0.0,34.87,1.62,267,0.0,85,0.0,170,0.0,12,0.0,31.84,0.0,2025-11-30,-,0,697.0
1010,-144,hein,-,1208.14,-70.99,1501.56,-154.99,97.81,-28.0,18,6.0,9,0.0,9,6.0,0,0.0,50.0,-25.0,2026-03-02,-,0,-
-,-,Tukhachevsky,-,1208.07,-2.35,1418.72,0.0,70.22,0.78,36,0.0,14,0.0,22,0.0,0,0.0,38.89,0.0,2024-06-16,-,0,-
-,-,joelo,-,1207.71,-1.84,1473.17,0.0,88.49,0.61,36,0.0,16,0.0,20,0.0,0,0.0,44.44,0.0,2020-12-06,-,0,-
1011,-52,Jesaphi,-,1207.58,-13.17,1298.67,-12.68,30.36,0.17,369,18.0,130,3.0,236,15.0,3,0.0,35.23,-0.95,2026-05-15,-,0,536.0
-,-,scrambled,-,1207.42,-2.34,1417.05,0.0,69.88,0.78,72,0.0,37,0.0,35,0.0,0,0.0,51.39,0.0,2021-09-05,-,0,-
1012,-35,NovusIgnis,US,1207.4,-4.39,1329.12,0.0,40.57,1.46,183,0.0,69,0.0,113,0.0,1,0.0,37.7,0.0,2025-07-15,-,0,985.0
-,-,Stu12,-,1207.34,-1.51,1531.45,0.0,108.04,0.5,24,0.0,14,0.0,10,0.0,0,0.0,58.33,0.0,2019-12-30,-,0,-
-,-,Klapaucjusz,PL,1206.51,-1.11,1646.28,0.0,146.59,0.37,12,0.0,8,0.0,4,0.0,0,0.0,66.67,0.0,2020-06-14,-,0,-
-,-,P-Funk,-,1206.48,-2.35,1415.53,0.0,69.68,0.78,48,0.0,23,0.0,23,0.0,2,0.0,47.92,0.0,2022-09-04,-,0,-
-,-,KKluigi,-,1206.21,-3.45,1359.75,0.0,51.18,1.15,138,0.0,55,0.0,82,0.0,1,0.0,39.86,0.0,2023-12-03,-,0,-
1013,42,Redders,-,1206.21,60.29,1532.84,-22.15,108.88,-27.48,18,6.0,13,4.0,5,2.0,0,0.0,72.22,-2.78,2026-05-08,-,0,-
1014,43,saiggo16,ES,1206.08,61.23,1352.4,50.52,48.77,-3.57,147,12.0,52,7.0,93,5.0,2,0.0,35.37,2.04,2026-04-26,-,0,-
1015,315,ThePerceptiveGamer,-,1206.01,589.74,1585.07,428.91,126.36,-53.61,9,6.0,6,6.0,3,0.0,0,0.0,66.67,66.67,2026-04-22,-,0,845.0
-,-,majortom111,-,1205.88,-3.07,1368.83,0.0,54.32,1.02,144,0.0,55,0.0,87,0.0,2,0.0,38.19,0.0,2023-03-01,-,0,-
1016,-34,kemal,-,1205.85,-1.93,1462.23,0.0,85.46,0.64,24,0.0,12,0.0,12,0.0,0,0.0,50.0,0.0,2026-01-05,-,0,1184.0
-,-,Djurre,-,1205.35,-1.82,1475.35,0.0,90.0,0.61,24,0.0,11,0.0,13,0.0,0,0.0,45.83,0.0,2022-03-06,-,0,-
1017,new,Akametsu,-,1205.26,755.26,1530.29,30.29,108.34,108.34,12,12.0,7,7.0,5,5.0,0,0.0,58.33,58.33,2026-04-24,-,0,-
-,-,Luitheone,-,1205.0,-2.34,1413.35,0.0,69.45,0.78,102,0.0,43,0.0,59,0.0,0,0.0,42.16,0.0,2020-06-28,-,0,-
-,-,PostupRed,-,1204.56,-2.36,1415.48,0.0,70.31,0.79,60,0.0,20,0.0,40,0.0,0,0.0,33.33,0.0,2021-09-05,-,0,-
-,-,donperizoma,-,1204.36,-1.8,1477.7,0.0,91.11,0.6,18,0.0,8,0.0,10,0.0,0,0.0,44.44,0.0,2025-03-01,-,0,939.0
-,-,dburstin,-,1204.19,-1.66,1500.34,0.0,98.72,0.55,18,0.0,9,0.0,9,0.0,0,0.0,50.0,0.0,2025-03-01,-,0,939.0
1018,-62,Bonneville22,-,1203.95,-18.74,1329.87,-19.49,41.97,-0.25,99,6.0,39,2.0,57,4.0,3,0.0,39.39,-0.39,2026-04-27,-,0,836.0
1019,58,Micha501,-,1203.92,74.68,1443.07,56.26,79.72,-6.14,27,3.0,12,3.0,14,0.0,1,0.0,44.44,6.94,2026-04-29,-,0,1118.0
-,-,Andreasp88,-,1203.91,-2.14,1432.63,0.0,76.24,0.71,36,0.0,14,0.0,22,0.0,0,0.0,38.89,0.0,2024-04-04,-,0,-
-,-,kaiwanxiaola,TW,1203.12,-1.95,1455.45,0.0,84.11,0.65,24,0.0,7,0.0,17,0.0,0,0.0,29.17,0.0,2023-04-16,-,0,-
-,-,Lynnir,-,1203.01,-2.05,1443.56,0.0,80.18,0.68,36,0.0,19,0.0,17,0.0,0,0.0,52.78,0.0,2021-06-02,-,0,-
-,-,jratana1,-,1203.0,-1.41,1551.97,0.0,116.32,0.47,15,0.0,9,0.0,6,0.0,0,0.0,60.0,0.0,2024-10-13,-,0,-
-,-,dejwut,-,1202.89,-1.31,1577.39,0.0,124.83,0.44,12,0.0,8,0.0,4,0.0,0,0.0,66.67,0.0,2024-02-23,-,0,-
-,-,Cope,-,1202.78,-1.94,1461.61,0.0,86.28,0.65,36,0.0,19,0.0,17,0.0,0,0.0,52.78,0.0,2021-03-02,-,0,-
-,-,Onlineguy,-,1202.74,-2.19,1427.28,0.0,74.85,0.73,42,0.0,15,0.0,27,0.0,0,0.0,35.71,0.0,2024-07-01,-,0,-
-,-,TonyMc1961,-,1202.67,-2.03,1444.4,0.0,80.58,0.68,48,0.0,19,0.0,29,0.0,0,0.0,39.58,0.0,2020-12-06,-,0,-
-,-,8bitMeeple,-,1202.6,-3.04,1369.31,0.0,55.57,1.01,126,0.0,55,0.0,71,0.0,0,0.0,43.65,0.0,2023-01-15,-,0,-
1020,-90,saZmer,-,1201.83,-34.75,1444.93,-127.55,81.03,-30.93,24,12.0,8,2.0,16,10.0,0,0.0,33.33,-16.67,2026-04-30,-,0,-
1021,-52,LadyValaria,US,1201.61,-14.87,1313.36,-11.81,37.25,1.02,168,3.0,68,0.0,98,3.0,2,0.0,40.48,-0.73,2026-03-25,-,0,780.0
1022,-36,SargeGunz,-,1201.6,-1.74,1482.48,0.0,93.63,0.58,18,0.0,9,0.0,9,0.0,0,0.0,50.0,0.0,2026-01-20,-,0,-
-,-,Fivec,-,1201.4,-1.64,1501.5,0.0,100.03,0.55,24,0.0,12,0.0,12,0.0,0,0.0,50.0,0.0,2020-06-28,G,2,-
1023,164,Dakeyras,-,1201.35,193.0,1500.57,86.64,99.74,-35.45,15,6.0,10,5.0,5,1.0,0,0.0,66.67,11.11,2026-04-23,-,0,-
-,-,LacekCZ,-,1200.8,-1.7,1493.91,0.0,97.71,0.57,24,0.0,11,0.0,12,0.0,1,0.0,45.83,0.0,2020-09-27,G,2,-
1024,-39,Partyshank,-,1200.61,-4.36,1314.33,0.0,37.91,1.45,261,0.0,95,0.0,165,0.0,1,0.0,36.4,0.0,2025-09-23,-,0,589.0
-,-,holmesiv,-,1199.97,-1.25,1592.42,0.0,130.82,0.42,12,0.0,9,0.0,3,0.0,0,0.0,75.0,0.0,2021-03-02,-,0,-
-,-,AHoppy,-,1199.82,-1.47,1532.86,0.0,111.01,0.49,24,0.0,14,0.0,10,0.0,0,0.0,58.33,0.0,2020-09-27,-,0,-
-,-,Metz63,-,1199.66,-2.35,1409.77,0.0,70.04,0.78,42,0.0,12,0.0,30,0.0,0,0.0,28.57,0.0,2025-03-08,-,0,939.0
-,-,Kaiba0710,-,1199.61,-1.86,1464.17,0.0,88.19,0.62,24,0.0,11,0.0,12,0.0,1,0.0,45.83,0.0,2021-12-05,-,0,-
1025,-47,Vegeta4791,-,1199.58,-11.5,1290.34,-13.27,30.25,-0.59,303,24.0,99,5.0,203,19.0,1,0.0,32.67,-1.02,2026-05-19,-,0,648.0
-,-,KingPerun,-,1199.29,-2.35,1408.61,0.0,69.77,0.78,39,0.0,20,0.0,19,0.0,0,0.0,51.28,0.0,2025-01-08,-,0,1184.0
1026,18,Foxxx,-,1199.25,43.32,1432.02,16.29,77.59,-9.01,30,6.0,12,2.0,18,4.0,0,0.0,40.0,-1.67,2026-03-04,-,0,-
1027,-39,KTMatthews,CA,1199.18,-3.07,1361.79,0.0,54.2,1.02,78,0.0,27,0.0,50,0.0,1,0.0,34.62,0.0,2026-01-19,-,0,674.0
-,-,Sprox,-,1198.94,-1.65,1494.98,0.0,98.68,0.55,18,0.0,9,0.0,9,0.0,0,0.0,50.0,0.0,2024-04-04,-,0,-
1028,-61,Franzy,-,1198.89,-18.72,1315.59,-18.59,38.9,0.04,219,6.0,80,0.0,138,6.0,1,0.0,36.53,-1.03,2026-05-06,-,0,746.0
-,-,Yunseok,-,1198.31,-2.02,1443.61,0.0,81.77,0.67,30,0.0,13,0.0,17,0.0,0,0.0,43.33,0.0,2024-04-04,-,0,-
-,-,Bushel,-,1198.2,-3.02,1365.16,0.0,55.65,1.01,114,0.0,45,0.0,68,0.0,1,0.0,39.47,0.0,2024-02-23,-,0,-
-,-,goldeneyeonline,DE,1197.94,-2.97,1364.16,0.0,55.41,0.99,132,0.0,54,0.0,75,0.0,3,0.0,40.91,0.0,2022-12-04,-,0,-
-,-,Droopy999,-,1197.71,-2.51,1393.53,0.0,65.28,0.84,84,0.0,41,0.0,43,0.0,0,0.0,48.81,0.0,2022-03-06,-,0,-
-,-,Yambomb,-,1197.35,-1.93,1454.67,0.0,85.78,0.64,36,0.0,19,0.0,17,0.0,0,0.0,52.78,0.0,2021-03-02,-,0,-
1029,-40,SnowGolem,-,1197.24,-4.9,1302.16,0.0,34.97,1.63,300,0.0,91,0.0,205,0.0,4,0.0,30.33,0.0,2026-01-05,-,0,630.0
-,-,joshthefunkdoc,-,1197.18,-1.61,1501.4,0.0,101.41,0.54,24,0.0,14,0.0,10,0.0,0,0.0,58.33,0.0,2020-06-14,-,0,-
-,-,TopDog,-,1196.68,-1.75,1476.99,0.0,93.44,0.58,18,0.0,9,0.0,9,0.0,0,0.0,50.0,0.0,2025-03-07,-,0,939.0
-,-,campsbayrich,-,1196.59,-2.74,1376.13,0.0,59.85,0.91,96,0.0,39,0.0,55,0.0,2,0.0,40.62,0.0,2022-06-05,-,0,-
-,-,Cuna_General,-,1196.56,-1.6,1501.95,0.0,101.8,0.53,24,0.0,12,0.0,12,0.0,0,0.0,50.0,0.0,2020-12-06,-,0,-
-,-,vomisa,-,1196.36,-2.55,1389.59,0.0,64.41,0.85,72,0.0,36,0.0,36,0.0,0,0.0,50.0,0.0,2022-06-05,-,0,-
1030,-93,Chenese,-,1195.54,-36.6,1408.81,-62.96,71.09,-8.79,30,6.0,12,0.0,18,6.0,0,0.0,40.0,-10.0,2026-03-02,-,0,1118.0
-,-,cheekysausage,-,1195.35,-1.68,1487.74,0.0,97.46,0.56,24,0.0,11,0.0,13,0.0,0,0.0,45.83,0.0,2021-06-02,-,0,-
1031,-38,Brumkalinka,-,1194.74,-1.93,1448.76,0.0,84.68,0.64,27,0.0,11,0.0,14,0.0,2,0.0,40.74,0.0,2025-12-01,-,0,1067.0
-,-,Prince2B,-,1194.54,-1.5,1521.44,0.0,108.97,0.5,12,0.0,5,0.0,7,0.0,0,0.0,41.67,0.0,2025-01-10,-,0,989.0
1032,-40,TaoTeo,IT,1194.42,-4.33,1314.99,0.0,40.19,1.44,303,0.0,104,0.0,199,0.0,0,0.0,34.32,0.0,2025-12-01,-,0,1118.0
-,-,Elendil,-,1194.39,-3.16,1352.71,0.0,52.77,1.05,126,0.0,54,0.0,70,0.0,2,0.0,42.86,0.0,2024-09-04,-,0,-
1033,-39,Hampsink,-,1194.07,-2.35,1403.44,0.0,69.79,0.78,39,0.0,16,0.0,23,0.0,0,0.0,41.03,0.0,2025-12-01,-,0,863.0
1034,74,Olunia,-,1193.75,85.86,1378.57,23.67,61.61,-20.73,51,18.0,23,8.0,28,10.0,0,0.0,45.1,-0.35,2026-04-27,-,0,1416.0
-,-,MySAK,-,1193.62,-2.43,1404.1,0.0,70.16,0.81,60,0.0,23,0.0,35,0.0,2,0.0,38.33,0.0,2021-09-05,-,0,-
-,-,Kermitoos,-,1193.62,-1.4,1544.49,0.0,116.96,0.47,12,0.0,6,0.0,6,0.0,0,0.0,50.0,0.0,2025-01-10,-,0,989.0
-,-,mazir,-,1193.55,-3.2,1348.92,0.0,51.79,1.07,90,0.0,33,0.0,57,0.0,0,0.0,36.67,0.0,2024-09-04,-,0,-
-,-,grantfive,-,1193.54,-1.78,1469.19,0.0,91.88,0.59,24,0.0,12,0.0,12,0.0,0,0.0,50.0,0.0,2022-03-06,-,0,-
1035,-44,mindphaser,CA,1193.15,-5.75,1291.91,0.0,32.92,1.92,453,0.0,149,0.0,299,0.0,5,0.0,32.89,0.0,2026-02-02,G,2,630.0
1036,-39,Camy,-,1192.34,-1.51,1516.98,0.0,108.21,0.5,12,0.0,8,0.0,4,0.0,0,0.0,66.67,0.0,2026-01-05,-,0,-
-,-,Tugger,-,1192.15,-1.83,1462.51,0.0,90.12,0.61,36,0.0,18,0.0,18,0.0,0,0.0,50.0,0.0,2020-12-06,-,0,-
-,-,draxius,-,1191.91,-1.79,1465.54,0.0,91.21,0.6,24,0.0,10,0.0,14,0.0,0,0.0,41.67,0.0,2024-04-04,-,0,-
-,-,Alnur,-,1191.48,-1.41,1538.55,0.0,115.69,0.47,12,0.0,5,0.0,7,0.0,0,0.0,41.67,0.0,2023-03-01,-,0,-
-,-,Bsquared,-,1191.07,-1.21,1596.69,0.0,135.21,0.4,12,0.0,8,0.0,3,0.0,1,0.0,66.67,0.0,2021-03-02,-,0,-
1037,-41,Abuceb,-,1190.86,-3.34,1339.04,0.0,49.4,1.11,81,0.0,31,0.0,49,0.0,1,0.0,38.27,0.0,2025-11-30,-,0,849.0
-,-,dylyla,-,1190.1,-1.74,1472.07,0.0,93.99,0.58,24,0.0,13,0.0,11,0.0,0,0.0,54.17,0.0,2021-03-02,-,0,-
-,-,Goth444,-,1190.03,-1.17,1608.96,0.0,139.64,0.39,12,0.0,7,0.0,5,0.0,0,0.0,58.33,0.0,2024-02-23,-,0,-
1038,-43,Gr33ny,-,1189.66,-5.53,1280.05,-5.08,30.13,0.15,378,18.0,124,4.0,249,14.0,5,0.0,32.8,-0.53,2026-04-26,-,0,600.0
-,-,Riences,-,1189.53,-2.13,1420.41,0.0,76.96,0.71,48,0.0,20,0.0,27,0.0,1,0.0,41.67,0.0,2021-12-05,-,0,-
-,-,Lennart,-,1189.14,-1.99,1435.53,0.0,82.13,0.66,42,0.0,15,0.0,27,0.0,0,0.0,35.71,0.0,2024-04-04,-,0,-
-,-,est,-,1188.97,-1.44,1529.4,0.0,113.48,0.48,12,0.0,7,0.0,5,0.0,0,0.0,58.33,0.0,2021-12-05,-,0,-
-,-,thaes,-,1188.62,-2.1,1422.27,0.0,77.88,0.7,36,0.0,21,0.0,15,0.0,0,0.0,58.33,0.0,2022-06-05,-,0,-
1039,13,Wombelbat,-,1188.17,40.46,1317.41,35.61,43.08,-1.61,159,12.0,55,6.0,101,6.0,3,0.0,34.59,1.26,2026-04-22,-,0,1375.0
-,-,oldmutant,-,1187.94,-3.09,1348.08,0.0,53.38,1.03,132,0.0,48,0.0,84,0.0,0,0.0,36.36,0.0,2023-03-01,-,0,-
-,-,Galten,-,1187.58,-1.37,1545.6,0.0,119.34,0.46,12,0.0,6,0.0,6,0.0,0,0.0,50.0,0.0,2024-02-23,-,0,-
1040,-40,Voras,-,1187.42,-2.05,1426.8,0.0,79.79,0.68,24,0.0,10,0.0,14,0.0,0,0.0,41.67,0.0,2026-01-17,-,0,989.0
-,-,plaZer,-,1187.34,-2.04,1429.56,0.0,80.74,0.68,60,0.0,24,0.0,36,0.0,0,0.0,40.0,0.0,2023-01-15,-,0,-
1041,-40,Garhett,-,1187.25,-2.08,1423.76,0.0,78.83,0.69,24,0.0,10,0.0,14,0.0,0,0.0,41.67,0.0,2025-12-01,-,0,939.0
1042,-39,Gubbstyv,-,1186.82,-1.51,1512.03,0.0,108.4,0.5,12,0.0,5,0.0,7,0.0,0,0.0,41.67,0.0,2026-01-18,-,0,-
-,-,Roksis,-,1186.56,-2.92,1359.2,0.0,57.55,0.97,114,0.0,43,0.0,71,0.0,0,0.0,37.72,0.0,2023-01-15,G,2,-
1043,-44,Kozzilla,-,1186.52,-3.37,1335.12,0.0,49.54,1.12,102,0.0,37,0.0,64,0.0,1,0.0,36.27,0.0,2026-01-14,-,0,670.0
-,-,TomTom69,-,1186.45,-1.76,1465.48,0.0,93.01,0.59,24,0.0,12,0.0,12,0.0,0,0.0,50.0,0.0,2021-03-02,-,0,-
-,-,Nikauw,-,1185.76,-1.64,1484.66,0.0,99.63,0.55,18,0.0,8,0.0,10,0.0,0,0.0,44.44,0.0,2024-04-04,-,0,-
1044,-18,vratia,-,1185.58,12.68,1278.83,10.53,31.08,-0.72,243,24.0,74,10.0,168,14.0,1,0.0,30.45,1.23,2026-05-19,-,0,859.0
-,-,Bora_Horsa_Gobuchul,-,1185.46,-1.9,1445.09,0.0,86.54,0.63,27,0.0,12,0.0,15,0.0,0,0.0,44.44,0.0,2025-01-09,-,0,1118.0
-,-,Vali1590,-,1185.27,-1.86,1449.14,0.0,87.95,0.62,18,0.0,6,0.0,12,0.0,0,0.0,33.33,0.0,2025-03-01,-,0,939.0
-,-,nexpyru,-,1185.26,-2.96,1351.56,0.0,55.43,0.99,102,0.0,41,0.0,60,0.0,1,0.0,40.2,0.0,2023-07-15,-,0,-
1045,-41,KeNMansters,-,1185.1,-1.44,1525.67,0.0,113.52,0.48,12,0.0,7,0.0,5,0.0,0,0.0,58.33,0.0,2026-01-09,-,0,-
1046,74,rrobby,IT,1184.78,87.29,1406.81,14.68,74.01,-24.2,36,12.0,11,4.0,25,8.0,0,0.0,30.56,1.39,2026-04-29,-,0,1287.0
-,-,EnterWrexer,-,1184.08,-1.24,1577.87,0.0,131.26,0.41,12,0.0,9,0.0,3,0.0,0,0.0,75.0,0.0,2020-12-06,-,0,-
1047,-40,Perrary,-,1183.65,-2.14,1412.99,0.0,76.45,0.71,24,0.0,11,0.0,13,0.0,0,0.0,45.83,0.0,2026-01-16,-,0,989.0
-,-,wabatt,-,1183.39,-1.77,1463.13,0.0,93.24,0.59,24,0.0,9,0.0,14,0.0,1,0.0,37.5,0.0,2020-09-27,G,2,-
-,-,Kestutelis,-,1183.06,-1.8,1455.48,0.0,90.81,0.6,24,0.0,9,0.0,15,0.0,0,0.0,37.5,0.0,2025-01-24,-,0,989.0
1048,-153,kacavenda,-,1182.96,-80.84,1465.89,-147.1,94.31,-22.09,18,6.0,9,1.0,9,5.0,0,0.0,50.0,-16.67,2026-03-01,-,0,-
-,-,Vitezslack,-,1182.52,-2.18,1411.93,0.0,76.47,0.73,45,0.0,17,0.0,26,0.0,2,0.0,37.78,0.0,2021-09-05,-,0,-
-,-,Joetaptaco,-,1181.92,-2.47,1380.9,0.0,66.33,0.82,60,0.0,24,0.0,36,0.0,0,0.0,40.0,0.0,2022-03-06,-,0,-
-,-,Medicus,-,1181.86,-2.3,1395.55,0.0,71.23,0.77,42,0.0,12,0.0,30,0.0,0,0.0,28.57,0.0,2025-03-04,-,0,939.0
-,-,Left-fire-egg,-,1181.69,-1.38,1536.95,0.0,118.42,0.46,15,0.0,9,0.0,6,0.0,0,0.0,60.0,0.0,2024-10-13,-,0,-
-,-,Maxart,-,1181.18,-2.39,1388.41,0.0,69.08,0.8,60,0.0,23,0.0,37,0.0,0,0.0,38.33,0.0,2021-12-05,-,0,-
-,-,origamifan,-,1181.08,-2.55,1373.74,0.0,64.22,0.85,84,0.0,38,0.0,45,0.0,1,0.0,45.24,0.0,2021-12-05,-,0,-
-,-,GustavEdman,-,1181.0,-2.16,1409.68,0.0,76.23,0.72,60,0.0,24,0.0,36,0.0,0,0.0,40.0,0.0,2021-06-02,-,0,-
-,-,Alyx,-,1180.55,-1.93,1439.65,0.0,86.37,0.64,36,0.0,17,0.0,18,0.0,1,0.0,47.22,0.0,2021-03-02,-,0,-
-,-,MetaWiz,-,1180.52,-2.68,1365.87,0.0,61.78,0.89,90,0.0,41,0.0,49,0.0,0,0.0,45.56,0.0,2023-01-15,-,0,-
-,-,TimtheGreat,-,1180.15,-1.49,1509.1,0.0,109.65,0.5,24,0.0,13,0.0,11,0.0,0,0.0,54.17,0.0,2020-09-27,-,0,-
1049,-40,ThomasM,-,1180.1,-5.12,1296.23,-7.45,38.71,-0.78,168,12.0,48,2.0,118,10.0,2,0.0,28.57,-0.92,2026-04-18,-,0,918.0
-,-,DrewTheBold,-,1180.05,-1.92,1436.91,0.0,85.62,0.64,36,0.0,16,0.0,20,0.0,0,0.0,44.44,0.0,2021-03-02,-,0,-
-,-,sleepytown,US,1179.93,-2.45,1379.73,0.0,66.6,0.82,54,0.0,26,0.0,28,0.0,0,0.0,48.15,0.0,2023-02-05,-,0,-
1050,-39,LudoH,-,1179.86,-2.14,1408.8,0.0,76.31,0.71,30,0.0,9,0.0,21,0.0,0,0.0,30.0,0.0,2026-01-13,-,0,872.0
1051,-39,UNICOKRATOS,-,1179.7,-2.02,1423.2,0.0,81.17,0.67,30,0.0,15,0.0,15,0.0,0,0.0,50.0,0.0,2026-01-09,-,0,939.0
-,-,quartersmostly,-,1179.27,-1.46,1515.69,0.0,112.14,0.49,12,0.0,6,0.0,6,0.0,0,0.0,50.0,0.0,2025-01-15,-,0,989.0
-,-,yesod,-,1179.18,-2.09,1418.74,0.0,79.85,0.7,36,0.0,15,0.0,21,0.0,0,0.0,41.67,0.0,2021-12-05,-,0,-
1052,-47,Larsusvonundzu,-,1178.89,-7.05,1297.3,-16.49,39.47,-3.15,114,18.0,39,4.0,75,14.0,0,0.0,34.21,-2.25,2026-04-22,-,0,746.0
-,-,The_Law,ZA,1178.77,-4.55,1297.62,0.0,39.62,1.52,270,0.0,82,0.0,187,0.0,1,0.0,30.37,0.0,2025-04-29,-,0,778.0
1053,-120,Rebel_Rebs,-,1178.74,-57.12,1363.4,-74.0,61.56,-5.63,36,6.0,15,0.0,20,6.0,1,0.0,41.67,-8.33,2026-04-29,-,0,836.0
-,-,aimo,CN,1178.39,-1.1,1623.56,0.0,148.39,0.37,6,0.0,4,0.0,2,0.0,0,0.0,66.67,0.0,2023-07-15,-,0,-
-,-,JBloodski,-,1178.35,-1.79,1453.0,0.0,91.55,0.6,18,0.0,6,0.0,12,0.0,0,0.0,33.33,0.0,2025-03-04,-,0,939.0
1054,89,Madivar,-,1178.24,105.03,1415.76,83.42,79.18,-7.2,30,6.0,12,4.0,18,2.0,0,0.0,40.0,6.67,2026-03-03,-,0,1067.0
-,-,DDD_D,-,1177.93,-1.49,1507.12,0.0,109.73,0.5,12,0.0,5,0.0,7,0.0,0,0.0,41.67,0.0,2024-12-31,-,0,989.0
1055,-40,datboidankjuice,-,1177.74,-1.42,1523.4,0.0,115.22,0.47,12,0.0,6,0.0,6,0.0,0,0.0,50.0,0.0,2026-01-16,-,0,-
-,-,Shadez22,-,1177.49,-2.03,1418.74,0.0,80.42,0.68,48,0.0,18,0.0,30,0.0,0,0.0,37.5,0.0,2020-12-06,-,0,-
1056,-42,colepiechotta,-,1177.2,-2.01,1421.4,0.0,81.4,0.67,24,0.0,8,0.0,16,0.0,0,0.0,33.33,0.0,2026-01-09,-,0,989.0
-,-,essence,IL,1177.2,-1.53,1496.64,0.0,106.48,0.51,15,0.0,8,0.0,7,0.0,0,0.0,53.33,0.0,2023-11-17,-,0,-
1057,unretired,Leonidas33,-,1177.12,68.83,1492.49,45.45,105.12,-7.79,15,3.0,9,3.0,6,0.0,0,0.0,60.0,10.0,2026-04-24,-,0,1118.0
-,-,ahowlin,-,1176.98,-3.13,1338.25,0.0,53.76,1.04,126,0.0,54,0.0,71,0.0,1,0.0,42.86,0.0,2024-03-03,-,0,-
-,-,Bartas,-,1176.89,-1.95,1428.8,0.0,83.97,0.65,24,0.0,10,0.0,12,0.0,2,0.0,41.67,0.0,2023-06-04,-,0,-
-,-,matti5215,-,1176.82,-4.07,1300.9,0.0,41.36,1.36,264,0.0,95,0.0,166,0.0,3,0.0,35.98,0.0,2024-11-26,-,0,1287.0
1058,-41,minzent,-,1176.31,-2.33,1387.2,0.0,70.3,0.78,42,0.0,15,0.0,26,0.0,1,0.0,35.71,0.0,2026-01-13,-,0,913.0
-,-,Kirian,-,1175.66,-1.35,1537.94,0.0,120.76,0.45,12,0.0,7,0.0,5,0.0,0,0.0,58.33,0.0,2025-01-21,-,0,1067.0
1059,-36,bobcatbob,-,1175.48,0.95,1258.3,1.82,27.61,0.29,369,24.0,122,8.0,246,16.0,1,0.0,33.06,0.02,2026-05-13,-,0,565.0
-,-,SandorClegan,-,1175.29,-1.85,1440.45,0.0,88.39,0.62,36,0.0,13,0.0,22,0.0,1,0.0,36.11,0.0,2020-12-06,-,0,-
1060,-50,Everex,CZ,1174.99,-8.43,1276.93,-8.25,33.98,0.06,306,12.0,93,2.0,212,10.0,1,0.0,30.39,-0.56,2026-04-22,-,0,628.0
1061,-45,OodOok,-,1174.96,-4.0,1338.53,-37.1,54.52,-11.03,54,18.0,16,3.0,37,15.0,1,0.0,29.63,-6.48,2026-04-25,-,0,1375.0
-,-,Philihp,-,1174.94,-2.58,1367.17,0.0,64.08,0.86,84,0.0,31,0.0,52,0.0,1,0.0,36.9,0.0,2021-12-05,-,0,-
1062,-42,Raasay,-,1174.86,-1.91,1432.42,0.0,85.85,0.64,24,0.0,10,0.0,14,0.0,0,0.0,41.67,0.0,2026-01-11,-,0,989.0
-,-,Shaeff,-,1174.53,-1.93,1429.23,0.0,84.9,0.64,24,0.0,12,0.0,12,0.0,0,0.0,50.0,0.0,2023-02-05,-,0,-
-,-,Guylikikipoile,-,1174.26,-1.55,1490.18,0.0,105.31,0.52,18,0.0,10,0.0,8,0.0,0,0.0,55.56,0.0,2024-04-04,-,0,-
1063,-42,lzhon002,-,1174.23,-2.49,1371.42,0.0,65.73,0.83,42,0.0,19,0.0,23,0.0,0,0.0,45.24,0.0,2026-01-14,-,0,1184.0
-,-,Shalif,FR,1174.12,-3.16,1329.8,0.0,51.89,1.05,105,0.0,38,0.0,65,0.0,2,0.0,36.19,0.0,2025-01-13,-,0,1184.0
-,-,betweenworlds,IN,1173.84,-4.28,1295.26,0.0,40.47,1.43,279,0.0,88,0.0,185,0.0,6,0.0,31.54,0.0,2025-01-21,-,0,1245.0
1064,-42,Gramadancho,-,1173.71,-2.0,1419.57,0.0,81.95,0.67,24,0.0,11,0.0,13,0.0,0,0.0,45.83,0.0,2026-01-16,-,0,1118.0
-,-,Ranger,-,1173.44,-1.72,1458.45,0.0,95.01,0.57,24,0.0,11,0.0,12,0.0,1,0.0,45.83,0.0,2025-01-16,-,0,1184.0
-,-,ack,ES,1172.91,-2.96,1345.79,0.0,57.63,0.99,90,0.0,37,0.0,53,0.0,0,0.0,41.11,0.0,2023-06-04,-,0,-
-,-,Albino,-,1172.86,-2.71,1354.18,0.0,60.44,0.9,60,0.0,23,0.0,37,0.0,0,0.0,38.33,0.0,2024-06-02,-,0,-
1065,71,ce.re,-,1172.83,91.09,1472.44,22.28,99.87,-22.94,18,6.0,8,2.0,10,4.0,0,0.0,44.44,-5.56,2026-03-07,-,0,-
-,-,Aftermath,-,1172.73,-1.77,1450.24,0.0,92.5,0.59,24,0.0,11,0.0,13,0.0,0,0.0,45.83,0.0,2021-06-02,-,0,-
-,-,Kelvinator,CA,1172.49,-3.67,1310.37,0.0,45.96,1.22,174,0.0,63,0.0,110,0.0,1,0.0,36.21,0.0,2025-04-17,-,0,1280.0
1066,-258,Ladden,-,1172.28,-131.23,1453.09,-202.75,93.6,-23.84,18,6.0,8,0.0,10,6.0,0,0.0,44.44,-22.23,2026-03-04,-,0,-
-,-,nosnah,PL,1171.7,-4.05,1299.6,0.0,42.63,1.35,273,0.0,101,0.0,168,0.0,4,0.0,37.0,0.0,2024-06-16,-,0,-
1067,96,Lamont_Gu,-,1171.32,135.2,1449.95,93.65,92.88,-13.85,18,6.0,7,3.0,11,3.0,0,0.0,38.89,5.56,2026-03-08,-,0,-
-,-,chrislear,-,1171.3,-1.01,1655.12,0.0,161.27,0.34,6,0.0,3,0.0,2,0.0,1,0.0,50.0,0.0,2023-01-15,-,0,-
-,-,Akstar,-,1171.26,-1.34,1537.23,0.0,121.99,0.45,12,0.0,8,0.0,4,0.0,0,0.0,66.67,0.0,2021-12-05,-,0,-
-,-,LukeSpraywalker,IN,1171.05,-3.5,1313.35,0.0,47.43,1.17,120,0.0,29,0.0,80,0.0,11,0.0,24.17,0.0,2024-10-01,-,0,-
-,-,Sir_Smiley,-,1171.02,-2.01,1415.38,0.0,81.45,0.67,36,0.0,15,0.0,19,0.0,2,0.0,41.67,0.0,2021-06-02,-,0,-
1068,-43,AnBeLi3v4bLe,GR,1170.37,-2.83,1262.23,-1.65,30.62,0.4,390,18.0,122,5.0,266,13.0,2,0.0,31.28,-0.17,2026-04-27,-,0,670.0
1069,-42,iindianajones,-,1170.2,-1.71,1457.67,0.0,95.82,0.57,18,0.0,8,0.0,10,0.0,0,0.0,44.44,0.0,2026-01-16,-,0,1287.0
-,-,ManateeOverlord,-,1170.03,-1.32,1540.36,0.0,123.44,0.44,12,0.0,7,0.0,5,0.0,0,0.0,58.33,0.0,2020-09-27,-,0,-
1070,-42,haakonaugustus,-,1169.85,-1.42,1513.63,0.0,114.59,0.47,12,0.0,5,0.0,7,0.0,0,0.0,41.67,0.0,2026-01-13,-,0,-
-,-,nuvolaz,-,1169.77,-3.62,1324.75,0.0,51.66,1.21,150,0.0,48,0.0,101,0.0,1,0.0,32.0,0.0,2024-02-23,-,0,-
-,-,Ender_Wiggin,CN,1169.75,-1.67,1463.47,0.0,97.91,0.56,24,0.0,8,0.0,15,0.0,1,0.0,33.33,0.0,2020-12-06,-,0,-
-,-,Jerome_Eiffel,-,1169.71,-1.37,1527.46,0.0,119.25,0.46,12,0.0,8,0.0,4,0.0,0,0.0,66.67,0.0,2022-03-06,-,0,-
-,-,applearn,-,1169.52,-1.45,1507.82,0.0,112.77,0.48,12,0.0,4,0.0,8,0.0,0,0.0,33.33,0.0,2023-03-01,-,0,-
-,-,niTRox,-,1168.84,-2.1,1405.19,0.0,78.78,0.7,48,0.0,17,0.0,29,0.0,2,0.0,35.42,0.0,2021-06-02,-,0,-
-,-,sbronzisjhonson,-,1168.45,-3.62,1307.56,0.0,46.37,1.21,138,0.0,39,0.0,97,0.0,2,0.0,28.26,0.0,2025-01-14,-,0,1287.0
-,-,NicolBolas,-,1168.31,-0.87,1727.44,0.0,186.38,0.29,3,0.0,3,0.0,0,0.0,0,0.0,100.0,0.0,2024-10-13,-,0,-
-,-,djed,-,1168.18,-3.06,1332.49,0.0,54.77,1.02,129,0.0,45,0.0,82,0.0,2,0.0,34.88,0.0,2023-02-05,-,0,-
1071,-42,Donkeroo,-,1168.06,-1.84,1433.98,0.0,88.64,0.61,24,0.0,10,0.0,14,0.0,0,0.0,41.67,0.0,2026-01-16,-,0,1118.0
1072,-48,Chroso,-,1167.34,-6.69,1415.48,-46.92,82.71,-13.41,30,6.0,11,1.0,19,5.0,0,0.0,36.67,-5.0,2026-03-20,-,0,989.0
-,-,Stevenlan90,-,1167.02,-2.29,1384.15,0.0,72.38,0.76,60,0.0,23,0.0,37,0.0,0,0.0,38.33,0.0,2024-02-23,-,0,-
-,-,bloodies,-,1166.79,-1.26,1555.89,0.0,129.7,0.42,12,0.0,9,0.0,3,0.0,0,0.0,75.0,0.0,2021-06-02,-,0,-
-,-,Igorian,-,1166.47,-1.93,1423.44,0.0,85.66,0.64,36,0.0,21,0.0,15,0.0,0,0.0,58.33,0.0,2021-09-05,-,0,-
-,-,Sinkadus,SE,1166.44,-3.0,1333.98,0.0,55.85,1.0,105,0.0,41,0.0,64,0.0,0,0.0,39.05,0.0,2023-02-05,-,0,-
-,-,Durdler,-,1166.44,-1.28,1549.81,0.0,127.79,0.43,12,0.0,9,0.0,3,0.0,0,0.0,75.0,0.0,2022-06-05,-,0,-
-,-,reddog,-,1166.24,-1.36,1527.95,0.0,120.57,0.45,12,0.0,6,0.0,6,0.0,0,0.0,50.0,0.0,2025-01-18,-,0,1184.0
1073,-32,Nymphaea,DE,1166.22,6.36,1294.13,5.27,42.64,-0.36,117,6.0,39,3.0,76,3.0,2,0.0,33.33,0.9,2026-05-15,-,0,1271.0
1074,-13,yezebel,-,1165.35,24.94,1383.76,11.58,72.8,-4.45,30,3.0,14,2.0,16,1.0,0,0.0,46.67,2.23,2026-03-23,-,0,1118.0
1075,-45,gwfalcon,-,1164.91,-2.37,1374.0,0.0,69.7,0.79,42,0.0,16,0.0,26,0.0,0,0.0,38.1,0.0,2026-01-13,-,0,1118.0
1076,-45,jes-terday,-,1164.43,-2.0,1409.9,0.0,81.82,0.67,24,0.0,11,0.0,13,0.0,0,0.0,45.83,0.0,2026-01-11,-,0,1118.0
-,-,Machote,-,1164.43,-1.25,1559.55,0.0,131.71,0.42,12,0.0,6,0.0,6,0.0,0,0.0,50.0,0.0,2024-04-04,-,0,-
-,-,Moondarra,-,1164.43,-2.03,1405.76,0.0,80.44,0.68,30,0.0,13,0.0,17,0.0,0,0.0,43.33,0.0,2023-02-05,-,0,-
1077,-45,rofler31337,-,1164.37,-1.95,1416.14,0.0,83.92,0.65,24,0.0,11,0.0,13,0.0,0,0.0,45.83,0.0,2026-01-25,-,0,989.0
-,-,ndzwdz,-,1164.26,-2.84,1340.49,0.0,58.74,0.95,78,0.0,35,0.0,43,0.0,0,0.0,44.87,0.0,2024-06-16,-,0,-
-,-,anworsy,-,1163.9,-1.92,1419.48,0.0,85.19,0.64,48,0.0,23,0.0,25,0.0,0,0.0,47.92,0.0,2020-06-28,-,0,-
1078,38,Moulbaert,-,1163.89,64.78,1437.74,6.49,91.28,-19.43,18,6.0,7,2.0,11,4.0,0,0.0,38.89,-2.78,2026-03-01,-,0,-
1079,-46,ChipsChipsensen,NL,1163.87,-2.35,1373.38,0.0,69.83,0.78,39,0.0,18,0.0,18,0.0,3,0.0,46.15,0.0,2025-07-28,-,0,1388.0
1080,-46,Izio,IT,1163.66,-1.11,1258.58,-0.74,31.64,0.12,414,18.0,128,5.0,283,12.0,3,1.0,30.92,-0.14,2026-05-09,-,0,655.0
-,-,croloris,-,1163.0,-2.23,1386.35,0.0,74.45,0.74,48,0.0,19,0.0,28,0.0,1,0.0,39.58,0.0,2022-06-05,-,0,-
-,-,CombatTom,-,1162.84,-1.53,1485.97,0.0,107.71,0.51,24,0.0,14,0.0,10,0.0,0,0.0,58.33,0.0,2020-12-06,-,0,-
-,-,Paracelso,-,1161.6,-2.7,1345.3,0.0,61.23,0.9,66,0.0,18,0.0,41,0.0,7,0.0,27.27,0.0,2025-02-03,-,0,986.0
-,-,AsukaBlank,-,1161.35,-1.95,1412.68,0.0,83.78,0.65,30,0.0,13,0.0,15,0.0,2,0.0,43.33,0.0,2023-01-15,-,0,-
-,-,Iba,-,1161.22,-3.09,1331.58,0.0,56.78,1.03,120,0.0,42,0.0,75,0.0,3,0.0,35.0,0.0,2022-12-04,-,0,-
1081,-45,Oranim,-,1160.91,-2.34,1373.37,0.0,70.82,0.78,39,0.0,14,0.0,24,0.0,1,0.0,35.9,0.0,2026-01-19,-,0,989.0
-,-,LudwigVan,-,1160.88,-1.14,1590.17,0.0,143.1,0.38,12,0.0,9,0.0,3,0.0,0,0.0,75.0,0.0,2020-09-27,-,0,-
1082,-43,DBaker17,-,1160.7,0.06,1266.27,-0.13,35.19,-0.07,318,12.0,93,4.0,224,8.0,1,0.0,29.25,0.17,2026-04-22,-,0,651.0
1083,-46,alittlehorse,-,1160.56,-2.07,1398.04,0.0,79.16,0.69,24,0.0,8,0.0,16,0.0,0,0.0,33.33,0.0,2026-01-28,-,0,593.0
-,-,Dave8,-,1160.05,-2.09,1395.29,0.0,78.41,0.7,36,0.0,18,0.0,18,0.0,0,0.0,50.0,0.0,2021-12-05,-,0,-
-,-,TBC,-,1159.62,-1.61,1464.63,0.0,101.67,0.54,18,0.0,8,0.0,10,0.0,0,0.0,44.44,0.0,2024-04-04,-,0,-
-,-,aloci,-,1159.19,-1.67,1452.3,0.0,97.7,0.56,18,0.0,7,0.0,11,0.0,0,0.0,38.89,0.0,2024-04-04,-,0,635.0
1084,-46,stanze,-,1158.89,-1.9,1418.03,0.0,86.38,0.63,24,0.0,11,0.0,13,0.0,0,0.0,45.83,0.0,2026-01-17,-,0,1118.0
1085,-14,Revan,DE,1157.3,23.34,1291.38,20.76,44.69,-0.86,159,6.0,50,4.0,108,2.0,1,0.0,31.45,1.38,2026-04-26,-,0,1063.0
-,-,Faustoguby,-,1157.16,-3.38,1309.36,0.0,50.73,1.13,171,0.0,59,0.0,112,0.0,0,0.0,34.5,0.0,2024-02-23,-,0,-
1086,44,spdwhat,-,1157.04,69.17,1424.74,21.06,89.23,-16.04,18,6.0,7,2.0,11,4.0,0,0.0,38.89,-2.78,2026-03-10,-,0,-
-,-,Holtykins,GB,1156.88,-2.41,1361.87,0.0,68.33,0.8,42,0.0,16,0.0,25,0.0,1,0.0,38.1,0.0,2025-01-14,-,0,1184.0
-,-,lavasija,-,1156.51,-2.53,1351.31,0.0,64.93,0.84,51,0.0,20,0.0,31,0.0,0,0.0,39.22,0.0,2024-10-13,-,0,1277.0
1087,-45,cagreat1,-,1156.32,-1.48,1488.28,0.0,110.65,0.49,12,0.0,6,0.0,6,0.0,0,0.0,50.0,0.0,2026-01-21,-,0,-
-,-,danielusuga,-,1156.31,-2.16,1384.17,0.0,75.95,0.72,48,0.0,16,0.0,26,0.0,6,0.0,33.33,0.0,2024-04-04,-,0,-
1088,-48,EKogon,-,1156.13,-3.86,1285.8,0.0,43.22,1.29,114,0.0,36,0.0,78,0.0,0,0.0,31.58,0.0,2026-01-26,-,0,928.0
-,-,erlikhan,-,1156.04,-1.75,1437.95,0.0,93.97,0.58,24,0.0,8,0.0,16,0.0,0,0.0,33.33,0.0,2025-01-14,-,0,989.0
-,-,ivanvanya,RU,1155.95,-1.37,1513.07,0.0,119.04,0.46,12,0.0,6,0.0,4,0.0,2,0.0,50.0,0.0,2023-06-04,-,0,-
1089,-36,IrenaX,-,1155.91,9.26,1244.8,8.15,29.63,-0.37,276,24.0,78,9.0,195,15.0,3,0.0,28.26,0.88,2026-05-19,-,0,645.0
1090,-47,Lenni010,-,1155.28,-1.34,1521.44,0.0,122.06,0.45,12,0.0,6,0.0,6,0.0,0,0.0,50.0,0.0,2026-01-09,-,0,-
-,-,pansiano,-,1154.78,-1.81,1426.29,0.0,90.51,0.6,24,0.0,12,0.0,11,0.0,1,0.0,50.0,0.0,2021-12-05,-,0,-
1091,154,Conzi,-,1154.17,233.21,1379.63,138.4,75.15,-31.6,30,18.0,11,9.0,19,9.0,0,0.0,36.67,20.0,2026-04-23,-,0,-
1092,-47,HerrBu,-,1153.1,-2.02,1395.53,0.0,80.81,0.67,24,0.0,9,0.0,14,0.0,1,0.0,37.5,0.0,2026-01-15,-,0,989.0
1093,177,Vortex1612,-,1153.0,312.65,1372.02,267.3,73.01,-15.11,45,15.0,15,12.0,30,3.0,0,0.0,33.33,23.33,2026-05-04,-,0,1287.0
-,-,Swaraj,-,1152.66,-2.44,1354.11,0.0,67.15,0.81,72,0.0,26,0.0,46,0.0,0,0.0,36.11,0.0,2022-06-05,G,2,-
-,-,KwonJoonHo,-,1152.54,-2.44,1355.66,0.0,67.71,0.81,42,0.0,21,0.0,19,0.0,2,0.0,50.0,0.0,2024-10-01,-,0,-
-,-,DalHangAri,-,1152.5,-2.75,1337.08,0.0,61.53,0.92,108,0.0,37,0.0,70,0.0,1,0.0,34.26,0.0,2022-06-05,-,0,-
-,-,Sonaes,-,1152.46,-1.97,1400.55,0.0,82.7,0.66,36,0.0,17,0.0,18,0.0,1,0.0,47.22,0.0,2021-12-05,G,2,-
-,-,DAVOC,-,1151.92,-2.91,1325.02,0.0,57.7,0.97,129,0.0,45,0.0,84,0.0,0,0.0,34.88,0.0,2023-02-05,-,0,-
-,-,marizee412,PH,1151.39,-3.85,1281.16,0.0,43.26,1.28,204,0.0,54,0.0,149,0.0,1,0.0,26.47,0.0,2025-01-29,-,0,1284.0
-,-,JFK2016,US,1150.79,-3.48,1297.97,0.0,49.06,1.16,213,0.0,76,0.0,136,0.0,1,0.0,35.68,0.0,2023-11-17,-,0,-
-,-,ActuaryKing,-,1150.62,-2.08,1386.54,0.0,78.64,0.69,48,0.0,19,0.0,28,0.0,1,0.0,39.58,0.0,2021-03-02,-,0,-
1094,-48,RJonkers,NL,1150.13,-4.17,1271.16,0.0,40.34,1.39,159,0.0,53,0.0,104,0.0,2,0.0,33.33,0.0,2026-01-17,-,0,655.0
1095,-82,Rob51,NL,1149.8,-31.02,1246.59,-31.78,32.27,-0.25,342,18.0,110,1.0,231,17.0,1,0.0,32.16,-1.48,2026-04-26,-,0,857.0
-,-,fantasyyu,-,1149.78,-1.12,1586.11,0.0,145.44,0.37,9,0.0,6,0.0,3,0.0,0,0.0,66.67,0.0,2025-02-19,-,0,1112.0
1096,-22,vyvy,-,1149.73,18.51,1284.92,13.51,45.06,-1.67,96,12.0,29,5.0,65,7.0,2,0.0,30.21,1.64,2026-04-15,-,0,755.0
-,-,kissfish,-,1149.56,-1.12,1586.94,0.0,145.79,0.37,12,0.0,6,0.0,5,0.0,1,0.0,50.0,0.0,2018-06-10,-,0,-
-,-,Thyrus,-,1149.41,-3.72,1284.59,0.0,45.06,1.24,135,0.0,36,0.0,94,0.0,5,0.0,26.67,0.0,2025-05-26,-,0,1054.0
-,-,megathong,-,1149.29,-2.52,1346.54,0.0,65.75,0.84,120,0.0,44,0.0,75,0.0,1,0.0,36.67,0.0,2021-12-05,-,0,-
-,-,KrolKarol,-,1148.98,-1.81,1420.21,0.0,90.41,0.6,24,0.0,11,0.0,13,0.0,0,0.0,45.83,0.0,2024-04-04,-,0,-
-,-,DangerGranger,-,1148.96,-1.33,1516.32,0.0,122.45,0.44,12,0.0,5,0.0,7,0.0,0,0.0,41.67,0.0,2020-06-14,-,0,-
-,-,phixed,-,1148.37,-2.94,1319.03,0.0,56.89,0.98,126,0.0,46,0.0,78,0.0,2,0.0,36.51,0.0,2024-11-30,-,0,1287.0
1097,-13,MikeLowrey,-,1147.7,21.15,1381.46,7.37,77.92,-4.59,30,6.0,8,1.0,22,5.0,0,0.0,26.67,-2.5,2026-03-15,-,0,1067.0
-,-,Rgjensen,-,1147.55,-1.39,1500.8,0.0,117.75,0.46,12,0.0,4,0.0,8,0.0,0,0.0,33.33,0.0,2025-01-13,-,0,989.0
-,-,Andras,-,1146.62,-1.77,1424.73,0.0,92.7,0.59,42,0.0,18,0.0,24,0.0,0,0.0,42.86,0.0,2018-06-10,-,0,-
-,-,Chairman_Marv,-,1146.59,-1.58,1455.89,0.0,103.1,0.53,24,0.0,10,0.0,14,0.0,0,0.0,41.67,0.0,2020-03-29,-,0,-
1098,-50,tiagosilva,-,1146.13,-3.99,1272.05,0.0,41.97,1.33,198,0.0,58,0.0,137,0.0,3,0.0,29.29,0.0,2025-12-01,-,0,1050.0
1099,-48,traskmania,-,1146.13,-2.14,1376.55,0.0,76.81,0.71,36,0.0,11,0.0,25,0.0,0,0.0,30.56,0.0,2026-01-11,-,0,989.0
-,-,ThroughTheVirus,-,1145.88,-1.28,1527.69,0.0,127.27,0.43,12,0.0,8,0.0,4,0.0,0,0.0,66.67,0.0,2022-06-05,-,0,-
-,-,Twinkles,-,1145.59,-1.57,1457.85,0.0,104.09,0.52,24,0.0,11,0.0,13,0.0,0,0.0,45.83,0.0,2020-09-27,-,0,-
-,-,stupidpiggy2,-,1144.63,-1.53,1464.97,0.0,106.78,0.51,24,0.0,10,0.0,14,0.0,0,0.0,41.67,0.0,2020-09-27,-,0,-
1100,-53,Amara,-,1144.47,-7.92,1447.24,-104.86,100.92,-32.31,18,6.0,9,1.0,9,5.0,0,0.0,50.0,-16.67,2026-03-07,-,0,-
1101,0,hyudun,-,1144.24,31.68,1421.14,-14.34,92.3,-15.34,18,6.0,5,1.0,13,5.0,0,0.0,27.78,-5.55,2026-03-02,-,0,-
-,-,wahrlator,-,1143.95,-2.35,1353.67,0.0,69.91,0.78,60,0.0,27,0.0,32,0.0,1,0.0,45.0,0.0,2025-01-23,-,0,1051.0
1102,-48,TheCenturion,-,1143.58,-2.42,1346.83,0.0,67.75,0.81,39,0.0,15,0.0,24,0.0,0,0.0,38.46,0.0,2026-01-16,-,0,989.0
-,-,Bonte,-,1142.44,-1.08,1595.96,0.0,151.17,0.36,6,0.0,3,0.0,3,0.0,0,0.0,50.0,0.0,2024-02-23,-,0,-
1103,new,jdtyler7,-,1142.2,692.2,1459.45,-40.55,105.75,105.75,15,15.0,9,9.0,6,6.0,0,0.0,60.0,60.0,2026-05-05,-,0,-
1104,-48,hbendeguz,-,1142.2,-2.78,1319.4,0.0,59.07,0.93,54,0.0,15,0.0,38,0.0,1,0.0,27.78,0.0,2025-12-01,-,0,-
-,-,GoguGeologul,-,1142.03,-2.1,1378.52,0.0,78.83,0.7,30,0.0,11,0.0,18,0.0,1,0.0,36.67,0.0,2023-09-03,-,0,-
-,-,Thaddeus,-,1141.87,-2.85,1315.48,0.0,57.87,0.95,162,0.0,53,0.0,107,0.0,2,0.0,32.72,0.0,2023-01-15,-,0,-
-,-,Greenilocks,-,1141.82,-2.28,1359.59,0.0,72.59,0.76,90,0.0,33,0.0,57,0.0,0,0.0,36.67,0.0,2020-09-27,-,0,-
-,-,pgierasi,PL,1141.63,-1.62,1443.91,0.0,100.76,0.54,18,0.0,6,0.0,12,0.0,0,0.0,33.33,0.0,2024-02-23,-,0,-
-,-,Locto,-,1141.27,-2.0,1386.01,0.0,81.58,0.67,48,0.0,21,0.0,27,0.0,0,0.0,43.75,0.0,2021-06-02,-,0,-
1105,-46,MareTheEnlightened,-,1141.15,-2.05,1380.76,0.0,79.87,0.68,24,0.0,10,0.0,14,0.0,0,0.0,41.67,0.0,2026-01-15,-,0,1067.0
-,-,chen.,CN,1140.84,-2.41,1345.98,0.0,68.38,0.8,48,0.0,17,0.0,30,0.0,1,0.0,35.42,0.0,2025-02-01,-,0,720.0
-,-,littlesquirrel,CN,1140.43,-0.79,1759.25,0.0,206.27,0.26,3,0.0,3,0.0,0,0.0,0,0.0,100.0,0.0,2024-10-13,-,0,138.0
1106,59,Archangel,-,1140.41,105.86,1395.56,53.32,85.05,-17.51,21,6.0,12,4.0,9,2.0,0,0.0,57.14,3.81,2026-04-22,-,0,1257.0
-,-,The_strategiser,FR,1140.02,-2.29,1355.68,0.0,71.89,0.76,36,0.0,11,0.0,25,0.0,0,0.0,30.56,0.0,2024-09-01,-,0,-
-,-,icecreamsushi,US,1139.64,-1.14,1568.59,0.0,142.98,0.38,6,0.0,4,0.0,1,0.0,1,0.0,66.67,0.0,2024-09-01,-,0,-
-,-,SiliconMeeple,-,1139.59,-2.94,1313.49,0.0,57.97,0.98,120,0.0,43,0.0,77,0.0,0,0.0,35.83,0.0,2022-09-04,-,0,-
1107,-47,schumaky,-,1139.4,-2.42,1342.28,0.0,67.63,0.81,42,0.0,15,0.0,27,0.0,0,0.0,35.71,0.0,2026-01-15,-,0,1184.0
1108,-50,Jacko65,-,1139.02,-4.41,1260.71,0.0,40.56,1.47,276,0.0,90,0.0,185,0.0,1,0.0,32.61,0.0,2025-12-01,-,0,1184.0
-,-,PopoHappy,-,1138.84,-2.1,1373.37,0.0,78.18,0.7,48,0.0,22,0.0,26,0.0,0,0.0,45.83,0.0,2021-09-05,-,0,-
-,-,calatravag,-,1138.5,-1.61,1442.09,0.0,101.2,0.54,18,0.0,6,0.0,10,0.0,2,0.0,33.33,0.0,2024-04-04,-,0,-
-,-,Foloppo_Monty,-,1138.11,-2.01,1382.62,0.0,81.5,0.67,48,0.0,17,0.0,31,0.0,0,0.0,35.42,0.0,2020-12-06,-,0,-
-,-,Reallaurin,-,1137.24,-1.39,1490.67,0.0,117.81,0.46,12,0.0,8,0.0,4,0.0,0,0.0,66.67,0.0,2021-06-02,-,0,-
-,-,Ryktus,-,1137.21,-2.52,1334.3,0.0,65.7,0.84,72,0.0,30,0.0,42,0.0,0,0.0,41.67,0.0,2022-03-06,-,0,-
-,-,Melingsguten,-,1136.94,-1.85,1403.33,0.0,88.8,0.62,24,0.0,9,0.0,15,0.0,0,0.0,37.5,0.0,2024-11-14,-,0,1287.0
-,-,Mulkabu,-,1136.31,-1.83,1403.83,0.0,89.18,0.61,36,0.0,12,0.0,24,0.0,0,0.0,33.33,0.0,2020-09-27,G,2,-
-,-,Dometcalf,-,1136.16,-1.5,1462.28,0.0,108.71,0.5,18,0.0,6,0.0,12,0.0,0,0.0,33.33,0.0,2024-02-23,-,0,-
-,-,DanielDose,-,1135.72,-1.88,1396.79,0.0,87.02,0.63,24,0.0,10,0.0,13,0.0,1,0.0,41.67,0.0,2024-06-02,-,0,-
-,-,Deardo,-,1135.47,-2.22,1356.37,0.0,73.63,0.74,60,0.0,23,0.0,37,0.0,0,0.0,38.33,0.0,2021-09-05,-,0,-
1109,-43,BlackSmyth,-,1135.44,-2.19,1359.52,0.0,74.69,0.73,36,0.0,15,0.0,21,0.0,0,0.0,41.67,0.0,2026-01-18,-,0,1118.0
1110,-45,szyszuniawiesz,-,1135.35,-2.49,1333.67,0.0,66.1,0.83,45,0.0,16,0.0,28,0.0,1,0.0,35.56,0.0,2026-01-14,-,0,1184.0
-,-,Tutux,FR,1134.85,-3.46,1294.15,0.0,53.1,1.15,105,0.0,33,0.0,69,0.0,3,0.0,31.43,0.0,2024-12-21,-,0,-
-,-,Der_Imperator,-,1133.72,-1.94,1387.75,0.0,84.68,0.65,27,0.0,11,0.0,16,0.0,0,0.0,40.74,0.0,2025-01-23,-,0,1118.0
-,-,MonsieurFlynn,-,1133.37,-1.11,1573.14,0.0,146.59,0.37,12,0.0,7,0.0,5,0.0,0,0.0,58.33,0.0,2020-06-28,-,0,-
1111,-41,Lexa7,-,1133.28,-1.57,1445.72,0.0,104.15,0.52,12,0.0,7,0.0,5,0.0,0,0.0,58.33,0.0,2026-01-16,-,0,-
-,-,namenloser,-,1133.13,-1.31,1507.1,0.0,124.66,0.44,9,0.0,4,0.0,5,0.0,0,0.0,44.44,0.0,2023-02-05,-,0,-
-,-,Mirazzle,-,1133.03,-1.92,1389.35,0.0,85.44,0.64,36,0.0,11,0.0,24,0.0,1,0.0,30.56,0.0,2020-03-30,-,0,-
1112,-45,ZesPak,-,1133.01,-2.0,1377.51,0.0,81.5,0.67,30,0.0,8,0.0,22,0.0,0,0.0,26.67,0.0,2026-01-19,-,0,939.0
-,-,Kunizial,-,1133.0,-1.49,1462.9,0.0,109.97,0.5,12,0.0,4,0.0,8,0.0,0,0.0,33.33,0.0,2025-01-18,-,0,989.0
1113,-44,Kuti,-,1132.96,-1.99,1379.55,0.0,82.2,0.66,24,0.0,7,0.0,17,0.0,0,0.0,29.17,0.0,2026-01-14,-,0,1067.0
-,-,flogae,-,1132.94,-1.3,1510.22,0.0,125.76,0.43,12,0.0,8,0.0,3,0.0,1,0.0,66.67,0.0,2021-03-02,-,0,-
1114,-51,Dimitris,GR,1132.19,-6.65,1228.13,-5.4,31.98,0.42,321,15.0,86,3.0,231,12.0,4,0.0,26.79,-0.33,2026-04-24,-,0,628.0
1115,-47,IngussTT,LV,1132.02,-2.99,1302.24,0.0,56.74,1.0,63,0.0,25,0.0,38,0.0,0,0.0,39.68,0.0,2025-12-01,-,0,1184.0
-,-,GAM3NURD,US,1131.62,-3.22,1284.77,0.0,51.05,1.07,150,0.0,49,0.0,95,0.0,6,0.0,32.67,0.0,2024-11-21,-,0,1287.0
-,-,FuManchu,-,1131.6,-2.5,1328.75,0.0,65.72,0.83,48,0.0,18,0.0,29,0.0,1,0.0,37.5,0.0,2025-05-14,-,0,1051.0
-,-,Skarsh,-,1131.59,-1.58,1441.67,0.0,103.36,0.53,18,0.0,8,0.0,10,0.0,0,0.0,44.44,0.0,2024-04-04,-,0,-
-,-,Blizzo,-,1131.47,-2.11,1363.31,0.0,77.28,0.7,36,0.0,14,0.0,22,0.0,0,0.0,38.89,0.0,2022-06-05,-,0,-
-,-,somanyrocks,-,1131.36,-1.06,1594.04,0.0,154.23,0.35,6,0.0,4,0.0,2,0.0,0,0.0,66.67,0.0,2023-01-15,-,0,-
1116,-44,Minkus,-,1131.28,-2.0,1376.11,0.0,81.61,0.67,24,0.0,9,0.0,15,0.0,0,0.0,37.5,0.0,2026-01-16,-,0,1118.0
-,-,PhamNuwen,-,1131.09,-1.79,1405.49,0.0,91.47,0.6,24,0.0,10,0.0,13,0.0,1,0.0,41.67,0.0,2025-01-12,-,0,989.0
1117,-18,Daze,-,1130.67,16.25,1264.48,2.44,44.6,-4.6,108,18.0,33,7.0,71,11.0,4,0.0,30.56,1.67,2026-05-15,-,0,670.0
-,-,DonStealth,-,1130.43,-2.29,1345.19,0.0,71.59,0.76,36,0.0,11,0.0,25,0.0,0,0.0,30.56,0.0,2025-01-15,-,0,1184.0
-,-,Thomas91,-,1129.98,-2.55,1328.56,0.0,66.19,0.85,84,0.0,30,0.0,51,0.0,3,0.0,35.71,0.0,2021-12-05,-,0,-
1118,unretired,Glamdring,-,1129.86,-6.09,1253.24,-9.08,41.13,-1.0,234,12.0,71,3.0,159,9.0,4,0.0,30.34,-0.29,2026-04-28,-,0,1174.0
1119,-8,Wyszek,-,1129.84,25.0,1377.88,6.93,82.68,-6.02,30,6.0,9,1.0,21,5.0,0,0.0,30.0,-3.33,2026-03-07,-,0,1067.0
-,-,GreatKingRat78,-,1129.64,-1.42,1474.38,0.0,114.91,0.47,12,0.0,5,0.0,7,0.0,0,0.0,41.67,0.0,2025-01-08,-,0,1118.0
-,-,Samus,-,1129.63,-1.81,1400.02,0.0,90.13,0.6,36,0.0,15,0.0,20,0.0,1,0.0,41.67,0.0,2020-12-06,-,0,-
1120,-47,GWItheUltimate,CA,1129.36,-2.92,1301.4,0.0,57.34,0.97,54,0.0,16,0.0,32,0.0,6,0.0,29.63,0.0,2026-01-08,-,0,1114.0
1121,30,Krzolek,-,1129.34,72.85,1421.3,34.82,97.32,-12.68,18,6.0,6,1.0,10,4.0,2,1.0,33.33,-8.34,2026-03-03,-,0,1381.0
-,-,flacoforro,-,1128.55,-1.71,1417.79,0.0,96.41,0.57,18,0.0,8,0.0,10,0.0,0,0.0,44.44,0.0,2025-03-11,-,0,939.0
-,-,ADRILU,-,1128.35,-2.23,1350.5,0.0,74.05,0.74,48,0.0,23,0.0,25,0.0,0,0.0,47.92,0.0,2022-03-06,-,0,-
1122,-46,Scipio1126,US,1127.33,-2.22,1348.94,0.0,73.87,0.74,30,0.0,7,0.0,20,0.0,3,0.0,23.33,0.0,2026-01-06,-,0,805.0
1123,-48,Mirceamsc1,-,1127.23,-2.38,1334.05,0.0,68.94,0.79,36,0.0,12,0.0,24,0.0,0,0.0,33.33,0.0,2026-01-21,-,0,1067.0
1124,-46,Algomi,-,1127.19,-1.45,1465.08,0.0,112.63,0.48,12,0.0,5,0.0,7,0.0,0,0.0,41.67,0.0,2026-01-22,-,0,-
1125,-46,Rako,-,1127.06,-1.56,1440.67,0.0,104.54,0.52,12,0.0,6,0.0,6,0.0,0,0.0,50.0,0.0,2026-01-09,-,0,1287.0
-,-,Urbaneq,-,1127.02,-1.9,1387.92,0.0,86.97,0.63,36,0.0,12,0.0,23,0.0,1,0.0,33.33,0.0,2021-09-05,-,0,-
-,-,icedrakin,-,1126.61,-2.0,1371.82,0.0,81.74,0.67,30,0.0,13,0.0,17,0.0,0,0.0,43.33,0.0,2023-01-15,-,0,-
-,-,Nakatomy,-,1126.04,-1.48,1457.72,0.0,110.56,0.49,12,0.0,6,0.0,6,0.0,0,0.0,50.0,0.0,2022-12-04,-,0,-
-,-,Somerent,-,1125.18,-2.61,1313.55,0.0,62.79,0.87,84,0.0,34,0.0,50,0.0,0,0.0,40.48,0.0,2022-06-05,-,0,-
-,-,Tombo,-,1125.17,-0.87,1688.02,0.0,187.62,0.29,3,0.0,3,0.0,0,0.0,0,0.0,100.0,0.0,2023-04-11,-,0,-
1127,-45,TuZhao,-,1125.12,-1.87,1388.83,0.0,87.9,0.62,30,0.0,11,0.0,19,0.0,0,0.0,36.67,0.0,2026-01-13,-,0,1287.0
1126,-41,ballgi,-,1125.12,-1.41,1472.25,0.0,115.71,0.47,12,0.0,6,0.0,6,0.0,0,0.0,50.0,0.0,2026-01-14,-,0,-
-,-,Nacarato,-,1124.33,-1.74,1407.42,0.0,94.36,0.58,36,0.0,16,0.0,18,0.0,2,0.0,44.44,0.0,2020-09-27,-,0,-
-,-,ScottHMoore,-,1124.04,-1.31,1498.1,0.0,124.69,0.44,12,0.0,4,0.0,8,0.0,0,0.0,33.33,0.0,2020-12-06,-,0,-
1128,-40,JimBryan,-,1122.97,-2.11,1355.54,0.0,77.52,0.7,24,0.0,11,0.0,13,0.0,0,0.0,45.83,0.0,2026-01-21,-,0,1067.0
1129,-40,Romulus07,-,1122.87,-2.11,1355.55,0.0,77.56,0.7,30,0.0,13,0.0,16,0.0,1,0.0,43.33,0.0,2026-01-16,-,0,1065.0
-,-,youbib,-,1122.2,-1.0,1610.46,0.0,162.75,0.33,6,0.0,3,0.0,3,0.0,0,0.0,50.0,0.0,2024-02-23,-,0,-
1130,-40,gusanitocruz,-,1122.02,-1.4,1473.88,0.0,117.29,0.47,18,0.0,7,0.0,11,0.0,0,0.0,38.89,0.0,2025-12-01,-,0,1109.0
1131,-67,prozio,-,1121.9,-16.01,1264.7,-16.67,47.6,-0.22,78,3.0,25,0.0,47,3.0,6,0.0,32.05,-1.28,2026-04-28,-,0,1287.0
-,-,fokos,-,1121.82,-2.08,1366.35,0.0,81.51,0.69,36,0.0,14,0.0,21,0.0,1,0.0,38.89,0.0,2021-09-05,-,0,-
-,-,tarmapas,-,1121.7,-1.76,1399.77,0.0,92.69,0.59,30,0.0,14,0.0,16,0.0,0,0.0,46.67,0.0,2023-01-15,-,0,-
-,-,PortugueseBandit,-,1121.44,-1.46,1456.43,0.0,111.66,0.49,12,0.0,6,0.0,6,0.0,0,0.0,50.0,0.0,2025-01-20,-,0,1118.0
1132,-46,MartinCZE,CZ,1121.35,-4.24,1240.21,0.0,39.62,1.41,216,0.0,56,0.0,152,0.0,8,0.0,25.93,0.0,2026-01-17,-,0,915.0
-,-,RagingKozak,-,1121.22,-2.18,1348.07,0.0,75.62,0.73,60,0.0,26,0.0,34,0.0,0,0.0,43.33,0.0,2021-09-05,-,0,-
-,-,Ayakonutty,-,1121.15,-1.88,1381.26,0.0,86.7,0.63,24,0.0,9,0.0,15,0.0,0,0.0,37.5,0.0,2025-01-19,-,0,780.0
-,-,Dies,-,1120.18,-1.99,1368.01,0.0,82.61,0.66,36,0.0,15,0.0,21,0.0,0,0.0,41.67,0.0,2021-06-02,-,0,-
-,-,GomJabbar,CA,1119.83,-1.43,1461.49,0.0,113.89,0.48,15,0.0,8,0.0,7,0.0,0,0.0,53.33,0.0,2023-04-11,-,0,-
1133,-42,Jocik,-,1119.76,-3.1,1278.96,0.0,53.07,1.03,69,0.0,23,0.0,46,0.0,0,0.0,33.33,0.0,2026-01-09,-,0,757.0
1134,-42,Frank92,-,1119.68,-1.39,1472.31,0.0,117.54,0.46,12,0.0,7,0.0,5,0.0,0,0.0,58.33,0.0,2025-08-03,-,0,1286.0
1135,-40,Samantho,-,1119.52,-0.98,1226.45,-0.99,35.64,-0.0,300,12.0,77,3.0,223,9.0,0,0.0,25.67,-0.02,2026-04-25,-,0,718.0
-,-,Warpfield,-,1119.47,-1.43,1461.52,0.0,114.02,0.48,12,0.0,5,0.0,7,0.0,0,0.0,41.67,0.0,2025-01-13,-,0,989.0
1136,-42,hardsoul,-,1119.09,-1.44,1458.83,0.0,113.25,0.48,12,0.0,4,0.0,8,0.0,0,0.0,33.33,0.0,2026-01-17,-,0,-
1137,-44,PatPunisher,-,1118.63,-2.02,1360.97,0.0,80.78,0.67,24,0.0,9,0.0,15,0.0,0,0.0,37.5,0.0,2026-01-19,-,0,1067.0
-,-,Ockham,-,1118.5,-1.68,1409.64,0.0,97.04,0.56,18,0.0,7,0.0,11,0.0,0,0.0,38.89,0.0,2024-04-04,-,0,-
-,-,thegruffalo,-,1118.15,-1.4,1467.3,0.0,116.39,0.47,12,0.0,5,0.0,7,0.0,0,0.0,41.67,0.0,2025-01-12,-,0,989.0
-,-,e_townsend,-,1117.93,-2.28,1338.5,0.0,73.52,0.76,60,0.0,24,0.0,36,0.0,0,0.0,40.0,0.0,2021-06-02,-,0,-
-,-,Oriane,-,1117.47,-1.77,1395.31,0.0,92.61,0.59,36,0.0,17,0.0,19,0.0,0,0.0,47.22,0.0,2020-12-06,-,0,-
-,-,Scotty4s,-,1117.33,-1.42,1462.56,0.0,115.08,0.47,12,0.0,7,0.0,5,0.0,0,0.0,58.33,0.0,2025-01-16,-,0,1067.0
-,-,Roh,-,1117.16,-1.23,1515.91,0.0,132.92,0.41,12,0.0,8,0.0,4,0.0,0,0.0,66.67,0.0,2021-06-02,-,0,-
-,-,prnv1992,-,1116.75,-1.6,1424.45,0.0,102.57,0.53,18,0.0,7,0.0,11,0.0,0,0.0,38.89,0.0,2024-04-04,-,0,-
-,-,LordEenon,-,1116.71,-1.58,1426.12,0.0,103.14,0.53,24,0.0,13,0.0,11,0.0,0,0.0,54.17,0.0,2021-03-02,-,0,-
-,-,dickhui,-,1116.44,-1.7,1404.79,0.0,96.12,0.57,24,0.0,10,0.0,14,0.0,0,0.0,41.67,0.0,2021-03-02,-,0,-
1138,new,tytw,-,1116.42,666.42,1799.63,299.63,227.74,227.74,3,3.0,3,3.0,0,0.0,0,0.0,100.0,100.0,2026-05-05,-,0,-
-,-,Supergabibbo,-,1116.24,-1.27,1501.31,0.0,128.36,0.42,12,0.0,7,0.0,5,0.0,0,0.0,58.33,0.0,2020-12-06,-,0,-
-,-,DislexicBigot,-,1116.0,-1.66,1411.85,0.0,98.62,0.55,24,0.0,13,0.0,11,0.0,0,0.0,54.17,0.0,2021-06-02,-,0,-
-,-,PietroLiVoti,-,1115.79,-2.02,1358.83,0.0,81.01,0.67,48,0.0,14,0.0,34,0.0,0,0.0,29.17,0.0,2020-09-27,G,4,-
1139,-42,wrx666,-,1114.89,-1.28,1498.1,0.0,127.74,0.43,12,0.0,5,0.0,7,0.0,0,0.0,41.67,0.0,2026-01-13,-,0,-
1140,-44,sirlenon,-,1113.45,-2.77,1293.82,0.0,60.12,0.92,48,0.0,15,0.0,33,0.0,0,0.0,31.25,0.0,2026-01-06,-,0,742.0
1141,-61,WraightCZ,CZ,1113.41,-14.05,1211.73,-14.47,32.77,-0.14,300,18.0,69,3.0,230,15.0,1,0.0,23.0,-0.4,2026-05-05,-,0,778.0
-,-,BGTigger,-,1113.23,-3.8,1244.27,0.0,43.68,1.27,165,0.0,44,0.0,121,0.0,0,0.0,26.67,0.0,2025-01-28,-,0,751.0
1142,-44,Broens,-,1113.12,-1.92,1367.9,0.0,84.93,0.64,24,0.0,9,0.0,15,0.0,0,0.0,37.5,0.0,2026-01-16,-,0,1118.0
-,-,hippie,KR,1113.11,-1.14,1542.09,0.0,142.99,0.38,12,0.0,7,0.0,5,0.0,0,0.0,58.33,0.0,2020-06-14,-,0,-
-,-,Martinp,-,1112.19,-1.31,1486.13,0.0,124.65,0.44,12,0.0,5,0.0,7,0.0,0,0.0,41.67,0.0,2020-09-27,-,0,-
-,-,StudyCZ,-,1112.07,-2.2,1336.05,0.0,74.66,0.73,60,0.0,23,0.0,37,0.0,0,0.0,38.33,0.0,2021-03-02,-,0,-
-,-,Moxielle,-,1111.9,-2.39,1320.15,0.0,69.42,0.8,39,0.0,14,0.0,23,0.0,2,0.0,35.9,0.0,2025-02-20,-,0,868.0
-,-,soundfield,-,1111.74,-1.2,1518.55,0.0,135.6,0.4,12,0.0,7,0.0,5,0.0,0,0.0,58.33,0.0,2021-03-02,-,0,-
-,-,PinkrAnger,-,1111.65,-3.16,1268.17,0.0,52.17,1.05,183,0.0,57,0.0,122,0.0,4,0.0,31.15,0.0,2023-06-04,-,0,-
-,-,cbend37,US,1111.5,-1.63,1412.18,0.0,100.23,0.54,21,0.0,5,0.0,16,0.0,0,0.0,23.81,0.0,2024-02-23,-,0,-
-,-,omegasun,-,1110.57,-1.66,1406.02,0.0,98.48,0.55,24,0.0,12,0.0,11,0.0,1,0.0,50.0,0.0,2020-12-06,-,0,-
1143,10,Panxo,CL,1110.42,55.14,1275.1,46.05,54.89,-3.03,60,6.0,21,5.0,37,1.0,2,0.0,35.0,5.37,2026-04-27,-,0,922.0
1144,-42,Vlasy,-,1110.37,-2.18,1337.84,0.0,75.82,0.73,36,0.0,11,0.0,25,0.0,0,0.0,30.56,0.0,2026-01-09,-,0,1184.0
1145,-41,Colorado,-,1109.79,-1.63,1410.64,0.0,100.28,0.54,18,0.0,9,0.0,9,0.0,0,0.0,50.0,0.0,2026-01-16,-,0,-
-,-,nachof,-,1109.75,-1.89,1369.46,0.0,86.57,0.63,54,0.0,17,0.0,36,0.0,1,0.0,31.48,0.0,2018-10-14,-,0,-
-,-,Athelis,-,1109.39,-1.12,1546.96,0.0,145.86,0.37,6,0.0,3,0.0,3,0.0,0,0.0,50.0,0.0,2023-01-15,-,0,-
-,-,Hanthelmor,BR,1109.24,-3.76,1244.2,0.0,44.99,1.25,237,0.0,61,0.0,171,0.0,5,0.0,25.74,0.0,2024-06-16,-,0,-
1146,-33,Ilyanep,-,1108.93,6.04,1224.93,7.68,38.67,0.55,249,6.0,72,2.0,176,4.0,1,0.0,28.92,0.11,2026-04-20,-,0,1271.0
-,-,Rutgers,-,1108.69,-1.99,1355.82,0.0,82.38,0.66,36,0.0,14,0.0,19,0.0,3,0.0,38.89,0.0,2021-12-05,-,0,-
1147,-42,Merclaw,-,1108.1,-1.84,1374.64,0.0,88.85,0.61,18,0.0,6,0.0,12,0.0,0,0.0,33.33,0.0,2025-12-01,-,0,928.0
1148,-45,filgonfin,ES,1107.37,-4.18,1227.94,0.0,40.19,1.39,237,0.0,65,0.0,171,0.0,1,0.0,27.43,0.0,2026-01-08,-,0,1280.0
1149,-43,SirHorse,-,1107.22,-1.88,1367.37,0.0,86.72,0.63,24,0.0,12,0.0,12,0.0,0,0.0,50.0,0.0,2026-01-16,-,0,1067.0
1150,-26,JS619,US,1106.95,11.29,1206.52,11.4,33.19,0.04,414,18.0,103,6.0,307,12.0,4,0.0,24.88,0.39,2026-04-27,-,0,798.0
1151,-44,janbandit,-,1106.91,-2.04,1346.97,0.0,80.02,0.68,24,0.0,8,0.0,16,0.0,0,0.0,33.33,0.0,2026-01-25,-,0,1118.0
-,-,HollowKnight,-,1106.88,-1.33,1482.68,0.0,125.26,0.44,24,0.0,16,0.0,8,0.0,0,0.0,66.67,0.0,2019-12-30,-,0,-
-,-,warwick716,-,1106.64,-1.44,1445.99,0.0,113.12,0.48,12,0.0,6,0.0,6,0.0,0,0.0,50.0,0.0,2023-09-03,-,0,-
-,-,Secretfool,-,1106.19,-1.81,1377.75,0.0,90.52,0.6,24,0.0,11,0.0,13,0.0,0,0.0,45.83,0.0,2022-06-05,-,0,-
-,-,alexruzzier,-,1105.55,-1.69,1396.76,0.0,97.07,0.56,18,0.0,6,0.0,11,0.0,1,0.0,33.33,0.0,2024-04-04,-,0,-
-,-,Zeclion,-,1105.36,-2.34,1316.58,0.0,70.41,0.78,84,0.0,21,0.0,60,0.0,3,0.0,25.0,0.0,2021-03-02,-,0,-
1152,-43,Msandry,-,1103.44,-2.22,1327.51,0.0,74.69,0.74,39,0.0,13,0.0,26,0.0,0,0.0,33.33,0.0,2026-01-13,-,0,1287.0
1153,-43,Zielonus,-,1103.37,-1.94,1357.08,0.0,84.57,0.65,24,0.0,10,0.0,14,0.0,0,0.0,41.67,0.0,2026-01-25,-,0,1118.0
-,-,IsleOfDick,-,1102.19,-1.27,1487.75,0.0,128.52,0.42,12,0.0,6,0.0,6,0.0,0,0.0,50.0,0.0,2024-02-23,-,0,-
-,-,ivantz,-,1101.95,-1.89,1361.9,0.0,86.65,0.63,48,0.0,19,0.0,29,0.0,0,0.0,39.58,0.0,2019-09-29,-,0,-
-,-,Ivalice,-,1101.58,-1.52,1423.57,0.0,107.33,0.51,24,0.0,11,0.0,13,0.0,0,0.0,45.83,0.0,2019-12-30,-,0,-
-,-,LuisPerdomo,-,1100.95,-1.19,1511.54,0.0,136.86,0.4,12,0.0,6,0.0,6,0.0,0,0.0,50.0,0.0,2024-02-23,-,0,-
1154,-42,Amarok,-,1100.95,-2.59,1291.61,0.0,63.55,0.86,48,0.0,13,0.0,35,0.0,0,0.0,27.08,0.0,2026-01-16,-,0,1067.0
-,-,DeineMudda,-,1100.58,-1.43,1444.37,0.0,114.6,0.48,12,0.0,4,0.0,8,0.0,0,0.0,33.33,0.0,2023-03-01,-,0,-
1155,22,Athafil,-,1099.96,75.07,1373.52,28.47,91.19,-15.53,21,6.0,9,2.0,12,4.0,0,0.0,42.86,-3.81,2026-03-03,-,0,-
1156,-56,Raystoneg,-,1099.92,-14.43,1315.63,-28.58,71.91,-4.72,42,6.0,12,0.0,30,6.0,0,0.0,28.57,-4.76,2026-03-11,-,0,-
1157,new,condemor,-,1099.46,649.46,1635.84,135.84,178.79,178.79,3,3.0,2,2.0,1,1.0,0,0.0,66.67,66.67,2026-04-30,-,0,-
1158,-44,Scooti,-,1099.33,-1.39,1450.93,0.0,117.2,0.46,12,0.0,5,0.0,7,0.0,0,0.0,41.67,0.0,2026-01-14,-,0,-
-,-,Purpleseven,-,1098.4,-1.28,1480.87,0.0,127.49,0.43,12,0.0,6,0.0,6,0.0,0,0.0,50.0,0.0,2020-12-06,-,0,-
-,-,Gwyneraim,-,1098.32,-0.85,1672.46,0.0,191.38,0.28,3,0.0,3,0.0,0,0.0,0,0.0,100.0,0.0,2024-10-13,-,0,-
-,-,Eduard69,-,1098.3,-1.37,1456.16,0.0,119.29,0.46,12,0.0,6,0.0,6,0.0,0,0.0,50.0,0.0,2025-01-12,-,0,1067.0
-,-,Bricks718,-,1098.24,-1.64,1397.91,0.0,99.89,0.55,18,0.0,7,0.0,11,0.0,0,0.0,38.89,0.0,2024-04-04,-,0,-
-,-,Arius,-,1098.23,-2.05,1338.79,0.0,80.19,0.68,36,0.0,12,0.0,24,0.0,0,0.0,33.33,0.0,2024-04-04,-,0,-
1159,-42,johnboy,-,1097.12,-1.71,1383.63,0.0,95.5,0.57,18,0.0,7,0.0,11,0.0,0,0.0,38.89,0.0,2026-01-17,-,0,989.0
1160,-42,Francesco_,-,1096.4,-1.53,1416.54,0.0,106.71,0.51,12,0.0,5,0.0,7,0.0,0,0.0,41.67,0.0,2026-01-29,-,0,-
-,-,Luedegast,-,1096.32,-1.6,1403.51,0.0,102.4,0.53,18,0.0,8,0.0,10,0.0,0,0.0,44.44,0.0,2024-04-04,-,0,-
1161,-34,Icarium,US,1095.92,1.66,1189.44,2.68,31.17,0.34,408,18.0,106,5.0,298,13.0,4,0.0,25.98,0.08,2026-05-09,-,0,690.0
1162,-25,MarsU-NL,-,1095.85,19.02,1408.83,-71.13,104.33,-30.05,18,6.0,7,1.0,11,5.0,0,0.0,38.89,-11.11,2026-03-11,-,0,-
1163,-44,SunGodREI,-,1095.8,-1.94,1348.39,0.0,84.2,0.65,24,0.0,10,0.0,14,0.0,0,0.0,41.67,0.0,2026-01-17,-,0,1184.0
-,-,alban,-,1095.77,-1.53,1415.47,0.0,106.57,0.51,12,0.0,5,0.0,7,0.0,0,0.0,41.67,0.0,2025-01-27,-,0,1118.0
-,-,Samut,-,1095.15,-1.27,1479.51,0.0,128.12,0.42,12,0.0,5,0.0,7,0.0,0,0.0,41.67,0.0,2024-02-23,-,0,-
1164,-43,jasondh10,AU,1094.45,-2.87,1267.79,0.0,57.78,0.96,51,0.0,17,0.0,34,0.0,0,0.0,33.33,0.0,2026-02-01,-,0,928.0
1165,-42,Kugi,-,1094.43,-1.43,1439.19,0.0,114.92,0.48,18,0.0,6,0.0,12,0.0,0,0.0,33.33,0.0,2026-01-14,-,0,1287.0
-,-,monsieurt,-,1093.53,-2.0,1339.05,0.0,81.84,0.67,27,0.0,9,0.0,18,0.0,0,0.0,33.33,0.0,2025-01-10,-,0,1067.0
1166,-41,jormapa,-,1093.05,-2.07,1330.67,0.0,79.21,0.69,24,0.0,8,0.0,16,0.0,0,0.0,33.33,0.0,2026-01-21,-,0,-
1167,-41,ahr,-,1093.02,-1.55,1409.98,0.0,105.65,0.52,12,0.0,3,0.0,9,0.0,0,0.0,25.0,0.0,2026-01-19,-,0,-
1168,-46,Kazan,-,1092.89,-3.11,1253.19,0.0,53.43,1.04,63,0.0,17,0.0,39,0.0,7,0.0,26.98,0.0,2026-02-01,-,0,1184.0
1169,44,BadEagle,-,1092.78,122.31,1358.33,102.62,88.51,-6.56,30,6.0,9,3.0,21,3.0,0,0.0,30.0,5.0,2026-03-18,-,0,1118.0
1170,new,Yeoman,-,1092.19,642.19,1428.86,-71.14,112.22,112.22,12,12.0,6,6.0,5,5.0,1,1.0,50.0,50.0,2026-04-26,-,0,-
-,-,opk,-,1091.15,-1.74,1375.77,0.0,94.87,0.58,24,0.0,8,0.0,16,0.0,0,0.0,33.33,0.0,2025-01-24,-,0,1118.0
-,-,LeChuckichu,DK,1091.06,-1.57,1402.0,0.0,103.65,0.52,15,0.0,6,0.0,9,0.0,0,0.0,40.0,0.0,2023-12-03,-,0,-
1171,-56,Dunketelin,-,1090.48,-9.79,1186.72,-9.67,32.08,0.04,396,18.0,97,3.0,299,15.0,0,0.0,24.49,-0.38,2026-05-04,-,0,676.0
-,-,Misio,-,1090.31,-1.38,1452.65,0.0,120.78,0.46,24,0.0,14,0.0,10,0.0,0,0.0,58.33,0.0,2020-09-27,-,0,-
1172,-85,LMB,-,1088.97,-36.42,1318.26,-145.46,76.43,-36.35,24,12.0,8,1.0,16,11.0,0,0.0,33.33,-25.0,2026-05-03,-,0,-
-,-,CuteAnn,-,1088.62,-2.26,1306.48,0.0,72.62,0.75,36,0.0,12,0.0,24,0.0,0,0.0,33.33,0.0,2025-04-07,-,0,1114.0
-,-,Sebix,-,1088.25,-1.64,1388.15,0.0,99.96,0.55,18,0.0,6,0.0,12,0.0,0,0.0,33.33,0.0,2025-03-09,-,0,872.0
-,-,Argent123,-,1088.1,-1.85,1352.76,0.0,88.22,0.62,24,0.0,10,0.0,14,0.0,0,0.0,41.67,0.0,2021-12-05,-,0,-
-,-,Krill,-,1088.03,-1.56,1402.57,0.0,104.85,0.52,24,0.0,9,0.0,15,0.0,0,0.0,37.5,0.0,2020-09-27,-,0,-
-,-,Daliman13,-,1088.01,-1.16,1509.27,0.0,140.42,0.39,12,0.0,6,0.0,4,0.0,2,0.0,50.0,0.0,2020-06-28,-,0,1421.0
-,-,Math4u,-,1086.87,-2.83,1266.97,0.0,60.03,0.94,84,0.0,25,0.0,59,0.0,0,0.0,29.76,0.0,2024-01-16,-,0,-
1173,-44,Qirgi,-,1086.46,-1.84,1353.21,0.0,88.92,0.61,24,0.0,11,0.0,13,0.0,0,0.0,45.83,0.0,2026-01-16,-,0,1067.0
-,-,Diegaccio,IT,1085.74,-3.02,1250.04,0.0,54.77,1.01,132,0.0,38,0.0,93,0.0,1,0.0,28.79,0.0,2024-04-04,-,0,-
1174,-46,Rivendell,-,1085.34,-3.32,1236.86,0.0,50.51,1.11,180,0.0,54,0.0,125,0.0,1,0.0,30.0,0.0,2026-01-12,-,0,-
-,-,lpoulter,GB,1085.33,-1.27,1470.33,0.0,128.33,0.42,12,0.0,4,0.0,8,0.0,0,0.0,33.33,0.0,2020-09-27,-,0,-
-,-,Quality_Jones,-,1085.09,-1.09,1534.95,0.0,149.96,0.36,6,0.0,4,0.0,2,0.0,0,0.0,66.67,0.0,2023-01-15,-,0,-
1175,-44,Ferris,-,1085.04,-1.35,1449.1,0.0,121.36,0.45,12,0.0,7,0.0,5,0.0,0,0.0,58.33,0.0,2026-01-26,-,0,-
-,-,Hamsert,-,1084.53,-1.99,1330.44,0.0,81.97,0.66,36,0.0,12,0.0,24,0.0,0,0.0,33.33,0.0,2021-09-05,-,0,-
-,-,Durin_NL,NL,1083.86,-1.96,1334.1,0.0,83.42,0.65,30,0.0,10,0.0,20,0.0,0,0.0,33.33,0.0,2023-01-15,-,0,-
-,-,yoyo0507,-,1083.22,-1.19,1493.35,0.0,136.71,0.4,12,0.0,6,0.0,5,0.0,1,0.0,50.0,0.0,2020-09-27,-,0,-
-,-,gxmarantes,-,1082.87,-1.14,1513.81,0.0,143.65,0.38,12,0.0,7,0.0,5,0.0,0,0.0,58.33,0.0,2019-09-29,-,0,-
-,-,Krisztciii,-,1082.8,-2.94,1251.75,0.0,56.32,0.98,150,0.0,40,0.0,109,0.0,1,0.0,26.67,0.0,2023-02-05,-,0,-
-,-,Togodomus,-,1082.36,-1.26,1471.62,0.0,129.75,0.42,12,0.0,5,0.0,7,0.0,0,0.0,41.67,0.0,2024-02-23,-,0,-
-,-,logocentric,-,1082.29,-2.19,1307.09,0.0,74.93,0.73,48,0.0,17,0.0,30,0.0,1,0.0,35.42,0.0,2021-12-05,-,0,-
-,-,Flamingpichu,-,1081.63,-2.17,1309.97,0.0,76.11,0.72,42,0.0,11,0.0,26,0.0,5,0.0,26.19,0.0,2023-01-15,-,0,-
1176,-43,Wing,-,1081.51,-1.7,1370.71,0.0,96.4,0.57,18,0.0,6,0.0,12,0.0,0,0.0,33.33,0.0,2025-12-02,-,0,1118.0
-,-,18544415,-,1081.21,-1.4,1431.48,0.0,116.76,0.47,12,0.0,5,0.0,7,0.0,0,0.0,41.67,0.0,2025-01-06,-,0,989.0
1177,-43,MLucient,-,1080.9,-1.36,1441.69,0.0,120.26,0.45,12,0.0,5,0.0,7,0.0,0,0.0,41.67,0.0,2026-01-23,-,0,-
-,-,Midkenium,-,1080.88,-1.55,1397.73,0.0,105.62,0.52,24,0.0,9,0.0,15,0.0,0,0.0,37.5,0.0,2020-09-27,-,0,-
-,-,BoB94,-,1080.76,-1.68,1371.75,0.0,97.0,0.56,18,0.0,5,0.0,13,0.0,0,0.0,27.78,0.0,2024-07-01,-,0,-
1178,-46,FabioMP,-,1080.44,-4.27,1202.78,0.0,40.78,1.42,321,0.0,90,0.0,229,0.0,2,0.0,28.04,0.0,2026-01-21,-,0,1245.0
-,-,lordofwales,DE,1080.32,-1.19,1490.72,0.0,136.8,0.4,12,0.0,7,0.0,5,0.0,0,0.0,58.33,0.0,2020-09-27,-,0,-
1179,-44,cultro,-,1080.01,-2.03,1322.46,0.0,80.82,0.68,27,0.0,4,0.0,21,0.0,2,0.0,14.81,0.0,2025-12-01,-,0,1287.0
-,-,Ringbearer,NL,1079.53,-2.75,1260.18,0.0,60.22,0.92,96,0.0,35,0.0,61,0.0,0,0.0,36.46,0.0,2022-09-04,-,0,-
-,-,MP87,-,1079.24,-1.69,1369.61,0.0,96.79,0.56,18,0.0,5,0.0,13,0.0,0,0.0,27.78,0.0,2024-02-23,-,0,-
-,-,Dreadpiratejosh,-,1077.68,-1.54,1395.16,0.0,105.83,0.51,24,0.0,12,0.0,12,0.0,0,0.0,50.0,0.0,2019-02-17,-,0,-
-,-,Prablemzzz,-,1077.46,-1.99,1324.34,0.0,82.29,0.66,36,0.0,16,0.0,20,0.0,0,0.0,44.44,0.0,2022-03-06,-,0,-
-,-,Tomo,-,1077.34,-3.49,1225.49,0.0,49.38,1.16,216,0.0,57,0.0,157,0.0,2,0.0,26.39,0.0,2024-03-03,-,0,-
-,-,HHH,-,1076.78,-1.73,1360.66,0.0,94.63,0.58,24,0.0,12,0.0,11,0.0,1,0.0,50.0,0.0,2021-06-02,-,0,-
1180,-40,Tonino,-,1075.47,-0.33,1167.31,-0.54,30.61,-0.07,405,24.0,93,5.0,297,19.0,15,0.0,22.96,-0.14,2026-05-04,-,0,788.0
-,-,deleted_user_1946622,-,1075.04,-2.49,1275.0,0.0,66.66,0.83,36,0.0,8,0.0,27,0.0,1,0.0,22.22,0.0,2024-10-01,-,0,-
-,-,Mlhovan,-,1074.45,-3.28,1225.83,0.0,50.46,1.09,183,0.0,48,0.0,130,0.0,5,0.0,26.23,0.0,2024-10-13,-,0,-
1181,-42,Tomek,-,1074.45,-1.41,1423.41,0.0,116.32,0.47,18,0.0,7,0.0,11,0.0,0,0.0,38.89,0.0,2026-01-10,-,0,1287.0
1182,-41,Bruce.Twarze,-,1073.62,-2.13,1303.91,0.0,76.76,0.71,36,0.0,11,0.0,25,0.0,0,0.0,30.56,0.0,2026-01-18,-,0,1118.0
1183,-45,PeskyGekko,-,1073.58,-2.63,1261.76,0.0,62.73,0.88,48,0.0,14,0.0,32,0.0,2,0.0,29.17,0.0,2026-01-19,-,0,1118.0
-,-,Vijaybabu,-,1073.22,-1.91,1329.44,0.0,85.41,0.64,36,0.0,13,0.0,23,0.0,0,0.0,36.11,0.0,2021-06-02,-,0,-
-,-,Raphi,-,1073.09,-2.03,1314.61,0.0,80.51,0.68,27,0.0,8,0.0,19,0.0,0,0.0,29.63,0.0,2025-01-27,-,0,1184.0
1184,-42,Dexray,-,1072.92,-1.35,1435.52,0.0,120.86,0.45,12,0.0,6,0.0,6,0.0,0,0.0,50.0,0.0,2026-01-14,-,0,-
-,-,marcusesses1,CA,1072.59,-2.59,1263.88,0.0,63.76,0.86,57,0.0,16,0.0,41,0.0,0,0.0,28.07,0.0,2025-01-16,-,0,1184.0
1185,-4,vansmith3555,-,1072.08,49.1,1378.13,-9.39,102.02,-19.5,18,6.0,6,1.0,12,5.0,0,0.0,33.33,-8.34,2026-03-06,-,0,-
1186,-42,Serrapac,-,1070.96,-1.99,1317.94,0.0,82.33,0.66,24,0.0,9,0.0,15,0.0,0,0.0,37.5,0.0,2026-01-17,-,0,1118.0
-,-,JonJayJanyJanzn,-,1070.58,-2.11,1304.34,0.0,77.92,0.7,36,0.0,14,0.0,22,0.0,0,0.0,38.89,0.0,2025-01-10,-,0,1184.0
-,-,AmosCai,-,1069.71,-1.82,1338.87,0.0,89.72,0.61,24,0.0,9,0.0,15,0.0,0,0.0,37.5,0.0,2022-03-06,-,0,-
-,-,gameofstu,-,1069.67,-1.55,1386.91,0.0,105.75,0.52,24,0.0,10,0.0,14,0.0,0,0.0,41.67,0.0,2019-12-30,-,0,-
1187,-42,Warstoryteller,-,1069.26,-1.89,1328.4,0.0,86.38,0.63,24,0.0,6,0.0,18,0.0,0,0.0,25.0,0.0,2026-01-12,-,0,1118.0
-,-,KuddelFA,-,1068.65,-1.13,1500.97,0.0,144.11,0.38,12,0.0,7,0.0,5,0.0,0,0.0,58.33,0.0,2020-06-28,-,0,-
-,-,Stupidstupidrat,-,1068.44,-1.61,1373.41,0.0,101.66,0.54,15,0.0,9,0.0,6,0.0,0,0.0,60.0,0.0,2025-05-23,-,0,1278.0
-,-,Yerdua,-,1068.05,-1.68,1362.0,0.0,97.98,0.56,36,0.0,13,0.0,22,0.0,1,0.0,36.11,0.0,2020-09-27,-,0,-
-,-,Graankoning,-,1067.4,-2.32,1281.04,0.0,71.21,0.77,69,0.0,15,0.0,48,0.0,6,0.0,21.74,0.0,2024-11-17,-,0,1287.0
-,-,cord_red,-,1066.86,-1.05,1531.85,0.0,155.0,0.35,6,0.0,4,0.0,2,0.0,0,0.0,66.67,0.0,2024-12-02,-,0,1184.0
-,-,Waxtax,-,1066.59,-1.57,1378.91,0.0,104.11,0.52,24,0.0,9,0.0,15,0.0,0,0.0,37.5,0.0,2020-09-27,G,2,-
-,-,Schlotzky,-,1066.19,-2.19,1292.04,0.0,75.29,0.73,72,0.0,23,0.0,49,0.0,0,0.0,31.94,0.0,2020-12-06,-,0,-
1188,-42,Batallon,-,1065.52,-3.34,1215.92,0.0,50.13,1.11,87,0.0,29,0.0,57,0.0,1,0.0,33.33,0.0,2025-12-01,-,0,845.0
1189,-42,Veggis,-,1065.49,-1.56,1379.77,0.0,104.76,0.52,12,0.0,3,0.0,9,0.0,0,0.0,25.0,0.0,2026-01-14,-,0,-
-,-,ferion,-,1065.46,-1.81,1336.52,0.0,90.35,0.6,36,0.0,14,0.0,21,0.0,1,0.0,38.89,0.0,2020-06-28,-,0,-
-,-,juancho1976,-,1064.68,-2.29,1280.11,0.0,71.81,0.76,60,0.0,19,0.0,40,0.0,1,0.0,31.67,0.0,2024-02-23,-,0,-
-,-,Darzic,-,1064.57,-1.17,1482.87,0.0,139.43,0.39,12,0.0,6,0.0,6,0.0,0,0.0,50.0,0.0,2020-09-27,-,0,-
-,-,maciejka,-,1064.32,-1.3,1439.94,0.0,125.21,0.43,12,0.0,4,0.0,8,0.0,0,0.0,33.33,0.0,2024-04-04,-,0,-
-,-,vladslavBR,-,1063.99,-1.66,1360.78,0.0,98.93,0.55,24,0.0,6,0.0,12,0.0,6,0.0,25.0,0.0,2019-12-30,-,0,-
-,-,RiccardoRaso,-,1063.89,-2.61,1254.69,0.0,63.6,0.87,66,0.0,19,0.0,47,0.0,0,0.0,28.79,0.0,2023-01-15,-,0,-
-,-,ctcheung,-,1063.41,-2.89,1236.56,0.0,57.71,0.96,72,0.0,18,0.0,51,0.0,3,0.0,25.0,0.0,2025-04-24,-,0,857.0
-,-,billymorph,-,1063.11,-1.24,1459.43,0.0,132.1,0.41,12,0.0,7,0.0,5,0.0,0,0.0,58.33,0.0,2021-06-02,-,0,-
-,-,zeminith,-,1062.14,-1.57,1374.53,0.0,104.13,0.52,24,0.0,10,0.0,14,0.0,0,0.0,41.67,0.0,2020-06-28,-,0,-
-,-,Nardo,-,1061.27,-1.3,1437.98,0.0,125.57,0.43,12,0.0,7,0.0,4,0.0,1,0.0,58.33,0.0,2021-09-05,-,0,-
1190,-41,Irmo,-,1060.25,-1.52,1382.92,0.0,107.56,0.51,12,0.0,3,0.0,9,0.0,0,0.0,25.0,0.0,2026-01-12,-,0,-
-,-,whiteraven,-,1060.23,-1.11,1500.0,0.0,146.59,0.37,12,0.0,6,0.0,6,0.0,0,0.0,50.0,0.0,2020-06-28,-,0,-
-,-,AlexGc,-,1060.23,-1.11,1500.0,0.0,146.59,0.37,12,0.0,6,0.0,6,0.0,0,0.0,50.0,0.0,2020-06-14,-,0,-
-,-,zaan,-,1060.23,-1.11,1500.0,0.0,146.59,0.37,12,0.0,6,0.0,6,0.0,0,0.0,50.0,0.0,2020-06-28,-,0,-
-,-,nasing,-,1059.74,-1.98,1308.83,0.0,83.03,0.66,66,0.0,21,0.0,44,0.0,1,0.0,31.82,0.0,2023-01-15,-,0,-
-,-,linyan,-,1059.17,-0.99,1552.19,0.0,164.34,0.33,6,0.0,3,0.0,2,0.0,1,0.0,50.0,0.0,2023-01-15,-,0,-
1191,-41,OffDutyDad,-,1058.43,-1.84,1327.13,0.0,89.57,0.61,24,0.0,7,0.0,17,0.0,0,0.0,29.17,0.0,2025-12-01,-,0,1287.0
-,-,RainyDay,-,1057.65,-2.33,1268.2,0.0,70.19,0.78,48,0.0,9,0.0,33,0.0,6,0.0,18.75,0.0,2024-04-04,-,0,-
-,-,ReneTTA,-,1057.59,-1.02,1538.21,0.0,160.2,0.34,6,0.0,5,0.0,1,0.0,0,0.0,83.33,0.0,2024-09-01,-,0,-
-,-,Goozy_Sosa,-,1056.93,-0.96,1567.61,0.0,170.23,0.32,6,0.0,4,0.0,2,0.0,0,0.0,66.67,0.0,2024-12-20,-,0,-
-,-,krull007,-,1056.91,-1.1,1500.0,0.0,147.7,0.37,12,0.0,6,0.0,6,0.0,0,0.0,50.0,0.0,2019-09-29,-,0,-
-,-,paixhaine,-,1056.82,-1.84,1323.61,0.0,88.93,0.61,24,0.0,6,0.0,17,0.0,1,0.0,25.0,0.0,2022-06-05,-,0,-
-,-,Rikelev,-,1056.24,-2.37,1263.97,0.0,69.24,0.79,60,0.0,21,0.0,39,0.0,0,0.0,35.0,0.0,2022-06-05,-,0,-
-,-,mdross1,-,1056.03,-1.44,1396.17,0.0,113.38,0.48,24,0.0,9,0.0,15,0.0,0,0.0,37.5,0.0,2020-09-27,-,0,-
-,-,FLOW_OF_C_H,-,1056.0,-1.58,1367.24,0.0,103.75,0.53,18,0.0,7,0.0,10,0.0,1,0.0,38.89,0.0,2024-04-04,-,0,-
1192,14,Saph4ir,-,1055.28,76.02,1252.08,52.58,65.6,-7.81,48,12.0,12,4.0,36,8.0,0,0.0,25.0,2.78,2026-04-09,-,0,1241.0
-,-,GBH_Grzegorz,-,1054.7,-1.37,1410.79,0.0,118.7,0.46,12,0.0,2,0.0,10,0.0,0,0.0,16.67,0.0,2025-03-09,-,0,757.0
1193,-41,madmanmatt666,-,1054.68,-1.57,1367.98,0.0,104.44,0.52,18,0.0,6,0.0,12,0.0,0,0.0,33.33,0.0,2026-01-23,-,0,1287.0
-,-,GeneralWaste,-,1053.88,-1.1,1498.89,0.0,148.34,0.37,6,0.0,3,0.0,3,0.0,0,0.0,50.0,0.0,2023-01-15,-,0,-
-,-,Gaulamos,-,1053.3,-2.68,1237.09,0.0,61.26,0.89,96,0.0,27,0.0,68,0.0,1,0.0,28.12,0.0,2023-03-01,-,0,1287.0
-,-,Martinsunbeam,-,1052.54,-2.66,1243.31,0.0,63.59,0.89,84,0.0,25,0.0,58,0.0,1,0.0,29.76,0.0,2022-06-05,-,0,-
-,-,ozzy666,-,1052.0,-2.93,1227.51,0.0,58.5,0.98,108,0.0,34,0.0,73,0.0,1,0.0,31.48,0.0,2024-03-03,-,0,-
-,-,Ian357,-,1051.96,-2.14,1280.97,0.0,76.34,0.71,39,0.0,12,0.0,25,0.0,2,0.0,30.77,0.0,2024-10-13,-,0,-
-,-,Grishnakk,-,1051.72,-1.26,1439.48,0.0,129.26,0.42,12,0.0,3,0.0,9,0.0,0,0.0,25.0,0.0,2024-04-04,-,0,-
-,-,Dariusz,-,1051.38,-1.54,1369.8,0.0,106.14,0.51,12,0.0,5,0.0,7,0.0,0,0.0,41.67,0.0,2025-01-18,-,0,1067.0
-,-,AyllonRafa,-,1051.25,-1.53,1371.17,0.0,106.64,0.51,24,0.0,10,0.0,14,0.0,0,0.0,41.67,0.0,2020-09-27,-,0,-
-,-,badoomboom,-,1051.04,-0.99,1547.13,0.0,165.36,0.33,6,0.0,3,0.0,3,0.0,0,0.0,50.0,0.0,2024-11-20,-,0,1287.0
-,-,Piotr33,PL,1051.02,-1.62,1354.39,0.0,101.12,0.54,21,0.0,5,0.0,16,0.0,0,0.0,23.81,0.0,2024-02-23,-,0,-
-,-,cibernyam,-,1050.52,-1.57,1361.82,0.0,103.77,0.52,18,0.0,3,0.0,14,0.0,1,0.0,16.67,0.0,2024-02-23,-,0,-
-,-,pepinecko,-,1050.5,-1.96,1301.51,0.0,83.67,0.65,33,0.0,12,0.0,21,0.0,0,0.0,36.36,0.0,2024-11-23,-,0,1287.0
-,-,Gervais,IT,1049.85,-3.32,1198.89,0.0,49.68,1.11,156,0.0,43,0.0,110,0.0,3,0.0,27.56,0.0,2024-12-14,-,0,1287.0
-,-,Rancho,-,1049.6,-1.54,1367.32,0.0,105.91,0.51,18,0.0,5,0.0,12,0.0,1,0.0,27.78,0.0,2024-02-23,-,0,-
-,-,Edge613,-,1049.34,-3.74,1183.16,0.0,44.61,1.25,180,0.0,50,0.0,128,0.0,2,0.0,27.78,0.0,2025-04-22,-,0,1433.0
-,-,pyjamarama,-,1049.32,-1.6,1355.94,0.0,102.21,0.53,24,0.0,7,0.0,16,0.0,1,0.0,29.17,0.0,2020-09-27,-,0,-
-,-,DionysosKing,-,1049.22,-1.37,1407.1,0.0,119.29,0.46,12,0.0,6,0.0,6,0.0,0,0.0,50.0,0.0,2023-02-05,-,0,-
-,-,roderigo,-,1048.57,-1.14,1479.51,0.0,143.65,0.38,12,0.0,6,0.0,5,0.0,1,0.0,50.0,0.0,2019-09-30,-,0,-
-,-,Beru,-,1047.96,-1.87,1310.79,0.0,87.61,0.62,24,0.0,10,0.0,14,0.0,0,0.0,41.67,0.0,2021-12-05,-,0,-
1194,-39,RodaxIII,-,1047.84,-3.47,1195.69,0.0,49.28,1.16,90,0.0,30,0.0,53,0.0,7,0.0,33.33,0.0,2025-11-30,-,0,1270.0
1195,-47,Oso,-,1047.3,-15.12,1290.44,-36.57,81.05,-7.15,30,6.0,8,0.0,22,6.0,0,0.0,26.67,-6.66,2026-03-05,-,0,926.0
-,-,Esraymuk,-,1046.73,-1.26,1436.46,0.0,129.91,0.42,12,0.0,6,0.0,5,0.0,1,0.0,50.0,0.0,2021-03-02,-,0,-
1196,-40,nchenche,-,1045.85,-1.92,1302.17,0.0,85.44,0.64,24,0.0,4,0.0,20,0.0,0,0.0,16.67,0.0,2025-12-01,-,0,939.0
1197,-39,sackn,-,1044.95,-1.49,1373.38,0.0,109.48,0.5,12,0.0,3,0.0,8,0.0,1,0.0,25.0,0.0,2026-01-06,-,0,-
-,-,Naismith,-,1043.95,-1.31,1418.82,0.0,124.96,0.44,12,0.0,4,0.0,8,0.0,0,0.0,33.33,0.0,2020-09-27,-,0,-
1198,-38,zhangyuchen,-,1043.7,-0.7,1739.32,0.0,231.87,0.23,3,0.0,3,0.0,0,0.0,0,0.0,100.0,0.0,2025-11-05,-,0,-
1199,-42,firstfloorfinest,BE,1043.67,-3.74,1178.35,0.0,44.89,1.25,237,0.0,62,0.0,172,0.0,3,0.0,26.16,0.0,2025-12-01,-,0,-
1200,-41,Nomade,-,1042.94,-3.06,1205.7,0.0,54.25,1.02,93,0.0,27,0.0,66,0.0,0,0.0,29.03,0.0,2025-12-01,-,0,1118.0
-,-,ThonosP,BE,1042.16,-1.75,1322.13,0.0,93.32,0.58,18,0.0,4,0.0,11,0.0,3,0.0,22.22,0.0,2024-06-16,-,0,-
-,-,Vashek,-,1041.39,-1.31,1416.58,0.0,125.06,0.44,12,0.0,7,0.0,5,0.0,0,0.0,58.33,0.0,2023-09-03,-,0,-
-,-,nima_msg,-,1041.39,-1.31,1416.58,0.0,125.06,0.44,12,0.0,7,0.0,5,0.0,0,0.0,58.33,0.0,2023-09-03,-,0,-
-,-,Four-Zero,-,1040.2,-1.35,1403.63,0.0,121.14,0.45,12,0.0,6,0.0,5,0.0,1,0.0,50.0,0.0,2022-06-05,-,0,-
-,-,Lnena,-,1040.18,-1.03,1513.01,0.0,157.61,0.34,6,0.0,4,0.0,2,0.0,0,0.0,66.67,0.0,2024-01-16,-,0,-
-,-,Kirill,-,1039.75,-2.17,1269.56,0.0,76.6,0.72,36,0.0,8,0.0,28,0.0,0,0.0,22.22,0.0,2022-03-06,-,0,-
-,-,toptheworld,-,1039.53,-1.83,1308.73,0.0,89.73,0.61,24,0.0,7,0.0,17,0.0,0,0.0,29.17,0.0,2025-01-14,-,0,1184.0
-,-,Ben96,-,1039.3,-1.91,1296.89,0.0,85.86,0.64,48,0.0,17,0.0,31,0.0,0,0.0,35.42,0.0,2020-09-27,-,0,-
-,-,biso,-,1038.18,-2.84,1214.43,0.0,58.75,0.95,102,0.0,32,0.0,68,0.0,2,0.0,31.37,0.0,2025-01-26,-,0,1416.0
-,-,Friedthelt,-,1037.9,-1.49,1366.3,0.0,109.47,0.5,18,0.0,7,0.0,11,0.0,0,0.0,38.89,0.0,2025-01-23,-,0,1118.0
1201,-40,Caps,-,1037.44,-1.45,1376.01,0.0,112.86,0.48,12,0.0,4,0.0,7,0.0,1,0.0,33.33,0.0,2026-01-07,-,0,-
-,-,VesperDraco,-,1037.31,-1.76,1317.61,0.0,93.43,0.59,36,0.0,15,0.0,21,0.0,0,0.0,41.67,0.0,2020-09-27,-,0,-
-,-,liladre,-,1036.95,-3.31,1191.38,0.0,51.47,1.1,165,0.0,43,0.0,121,0.0,1,0.0,26.06,0.0,2023-11-17,-,0,-
1202,-40,Jurri,-,1036.83,-1.67,1330.92,0.0,98.03,0.56,18,0.0,6,0.0,12,0.0,0,0.0,33.33,0.0,2026-01-19,-,0,1106.0
-,-,SirTommoth,-,1036.6,-1.84,1304.11,0.0,89.17,0.61,24,0.0,8,0.0,15,0.0,1,0.0,33.33,0.0,2022-06-05,-,0,-
-,-,Devran,TR,1036.23,-1.71,1322.87,0.0,95.55,0.57,18,0.0,3,0.0,15,0.0,0,0.0,16.67,0.0,2025-01-09,-,0,989.0
-,-,oginostok,-,1034.87,-1.53,1354.59,0.0,106.57,0.51,24,0.0,11,0.0,13,0.0,0,0.0,45.83,0.0,2020-12-06,-,0,-
-,-,DarthElendil,-,1034.05,-1.46,1370.02,0.0,111.99,0.49,12,0.0,5,0.0,7,0.0,0,0.0,41.67,0.0,2025-05-04,-,0,1388.0
-,-,drivebyrobot,-,1033.83,-1.09,1484.17,0.0,150.11,0.36,12,0.0,7,0.0,5,0.0,0,0.0,58.33,0.0,2020-06-28,-,0,-
-,-,mliszewski,-,1033.54,-1.56,1347.17,0.0,104.54,0.52,24,0.0,10,0.0,14,0.0,0,0.0,41.67,0.0,2020-12-06,-,0,-
-,-,szesophie,-,1033.15,-2.65,1218.77,0.0,61.87,0.88,60,0.0,18,0.0,42,0.0,0,0.0,30.0,0.0,2024-11-17,-,0,1287.0
-,-,BigAAA,-,1032.64,-1.33,1401.26,0.0,122.87,0.44,12,0.0,2,0.0,10,0.0,0,0.0,16.67,0.0,2024-04-04,-,0,-
1203,-37,Macin,-,1032.51,-1.95,1283.55,0.0,83.68,0.65,24,0.0,6,0.0,18,0.0,0,0.0,25.0,0.0,2025-07-16,-,0,1259.0
-,-,Nanu,-,1032.33,-1.6,1338.1,0.0,101.92,0.53,18,0.0,3,0.0,15,0.0,0,0.0,16.67,0.0,2025-03-01,-,0,939.0
1204,-37,Oleg787899,-,1032.12,-1.37,1388.67,0.0,118.85,0.46,12,0.0,3,0.0,9,0.0,0,0.0,25.0,0.0,2026-01-29,-,0,-
-,-,Dharkan_Kaazar,-,1031.45,-1.15,1456.54,0.0,141.7,0.38,6,0.0,2,0.0,4,0.0,0,0.0,33.33,0.0,2024-02-23,-,0,-
-,-,Namian,-,1031.41,-1.82,1300.77,0.0,89.79,0.61,36,0.0,12,0.0,24,0.0,0,0.0,33.33,0.0,2024-04-04,-,0,-
-,-,Richy_Doulares,-,1031.16,-1.33,1400.04,0.0,122.96,0.44,12,0.0,5,0.0,6,0.0,1,0.0,41.67,0.0,2024-03-03,-,0,-
1205,-36,rubenman,-,1031.12,-1.96,1282.81,0.0,83.89,0.65,30,0.0,8,0.0,22,0.0,0,0.0,26.67,0.0,2026-01-10,-,0,-
-,-,forthetop,-,1030.95,-1.54,1349.83,0.0,106.29,0.51,24,0.0,7,0.0,17,0.0,0,0.0,29.17,0.0,2020-09-27,-,0,-
1206,-36,omoi,-,1030.95,-1.44,1370.12,0.0,113.05,0.48,12,0.0,5,0.0,7,0.0,0,0.0,41.67,0.0,2026-01-21,-,0,-
1207,-36,Meklaurufen,-,1030.64,-1.35,1392.22,0.0,120.52,0.45,12,0.0,5,0.0,7,0.0,0,0.0,41.67,0.0,2026-01-20,-,0,-
1208,-36,XRipper,-,1030.38,-1.49,1359.1,0.0,109.57,0.5,12,0.0,3,0.0,9,0.0,0,0.0,25.0,0.0,2026-01-11,-,0,-
-,-,ludnunes,-,1030.16,-1.97,1279.42,0.0,83.08,0.66,42,0.0,13,0.0,28,0.0,1,0.0,30.95,0.0,2023-01-15,-,0,-
-,-,Cormcolash,-,1028.6,-1.37,1386.74,0.0,119.38,0.46,12,0.0,7,0.0,5,0.0,0,0.0,58.33,0.0,2025-04-18,-,0,1373.0
1209,-36,pj79,-,1028.09,-3.43,1172.43,0.0,48.11,1.14,102,0.0,25,0.0,73,0.0,4,0.0,24.51,0.0,2026-01-16,-,0,791.0
-,-,Mochi1214,-,1028.05,-1.35,1390.91,0.0,120.95,0.45,12,0.0,5,0.0,7,0.0,0,0.0,41.67,0.0,2024-02-23,-,0,-
-,-,JoeBa,-,1027.54,-2.37,1235.24,0.0,69.23,0.79,48,0.0,12,0.0,35,0.0,1,0.0,25.0,0.0,2024-03-03,-,0,-
1210,-34,Decontest,-,1027.08,-1.74,1309.72,0.0,94.22,0.58,18,0.0,6,0.0,12,0.0,0,0.0,33.33,0.0,2026-01-15,-,0,1287.0
-,-,janneskoehler,-,1026.96,-0.69,1740.55,0.0,237.86,0.23,3,0.0,3,0.0,0,0.0,0,0.0,100.0,0.0,2025-05-04,-,0,1421.0
1211,-36,Execut0r,-,1026.76,-2.11,1261.05,0.0,78.1,0.7,24,0.0,6,0.0,18,0.0,0,0.0,25.0,0.0,2026-01-13,-,0,1118.0
-,-,MadsB,-,1025.9,-2.26,1244.14,0.0,72.75,0.75,42,0.0,12,0.0,30,0.0,0,0.0,28.57,0.0,2023-09-03,-,0,-
-,-,Rodraca,-,1025.39,-1.09,1473.69,0.0,149.43,0.36,6,0.0,3,0.0,3,0.0,0,0.0,50.0,0.0,2023-01-15,-,0,-
-,-,zyx19951124,-,1024.53,-1.7,1313.51,0.0,96.33,0.57,36,0.0,11,0.0,24,0.0,1,0.0,30.56,0.0,2020-09-27,-,0,-
-,-,Penisbursche,-,1024.35,-1.56,1343.51,0.0,106.39,0.52,24,0.0,10,0.0,14,0.0,0,0.0,41.67,0.0,2020-06-28,-,0,-
-,-,samlives,-,1023.87,-1.94,1280.67,0.0,85.6,0.65,42,0.0,12,0.0,29,0.0,1,0.0,28.57,0.0,2025-05-06,-,0,1429.0
1212,-33,Maximouse,-,1023.59,-1.0,1515.0,0.0,163.8,0.33,6,0.0,2,0.0,4,0.0,0,0.0,33.33,0.0,2025-12-01,-,0,-
-,-,funkenschlag,-,1023.3,-2.88,1198.24,0.0,58.31,0.96,192,0.0,45,0.0,143,0.0,4,0.0,23.44,0.0,2023-01-15,-,0,-
-,-,wkawkfl,-,1022.97,-1.44,1363.42,0.0,113.49,0.48,24,0.0,9,0.0,14,0.0,1,0.0,37.5,0.0,2020-09-27,-,0,-
-,-,theblender,-,1022.88,-1.82,1295.76,0.0,90.96,0.61,42,0.0,15,0.0,25,0.0,2,0.0,35.71,0.0,2023-01-15,-,0,-
1213,-35,jurgen18,-,1022.86,-1.83,1291.24,0.0,89.46,0.61,18,0.0,5,0.0,13,0.0,0,0.0,27.78,0.0,2026-01-21,-,0,1287.0
1214,-34,Kaputsky,-,1022.59,-1.31,1395.2,0.0,124.2,0.44,12,0.0,3,0.0,9,0.0,0,0.0,25.0,0.0,2026-01-20,-,0,-
-,-,pearh,-,1022.22,-1.15,1449.1,0.0,142.3,0.38,12,0.0,7,0.0,5,0.0,0,0.0,58.33,0.0,2020-09-27,-,0,-
-,-,LucaDiGennaro,-,1021.16,-1.14,1448.97,0.0,142.6,0.38,12,0.0,6,0.0,6,0.0,0,0.0,50.0,0.0,2018-10-14,-,0,-
-,-,SatoruGojo,-,1020.66,-1.26,1409.45,0.0,129.6,0.42,12,0.0,4,0.0,7,0.0,1,0.0,33.33,0.0,2024-02-23,-,0,-
1215,-41,Nitrosaurus24,US,1020.63,-8.51,1133.56,-7.79,37.64,0.24,294,6.0,57,1.0,228,5.0,9,0.0,19.39,-0.05,2026-05-05,-,0,844.0
-,-,Ralpher,-,1020.38,-1.14,1448.39,0.0,142.67,0.38,12,0.0,7,0.0,5,0.0,0,0.0,58.33,0.0,2020-06-28,-,0,-
-,-,Saish,ES,1019.59,-3.25,1173.3,0.0,51.24,1.08,156,0.0,37,0.0,119,0.0,0,0.0,23.72,0.0,2024-12-17,-,0,1173.0
1216,-34,Gavatar82,-,1019.21,-1.55,1336.14,0.0,105.64,0.52,12,0.0,4,0.0,8,0.0,0,0.0,33.33,0.0,2026-01-09,-,0,-
-,-,CharlieFish,-,1019.1,-1.4,1368.16,0.0,116.35,0.47,12,0.0,5,0.0,7,0.0,0,0.0,41.67,0.0,2025-01-09,-,0,1118.0
-,-,CefreBunda,-,1018.83,-1.69,1307.92,0.0,96.37,0.56,42,0.0,11,0.0,30,0.0,1,0.0,26.19,0.0,2018-06-17,-,0,-
1217,-34,Lint,-,1018.46,-1.57,1329.66,0.0,103.73,0.52,18,0.0,4,0.0,14,0.0,0,0.0,22.22,0.0,2026-01-19,-,0,-
-,-,Signor_Darcy,-,1018.37,-2.77,1197.72,0.0,59.78,0.92,120,0.0,29,0.0,91,0.0,0,0.0,24.17,0.0,2024-01-16,-,0,-
-,-,checkmate4200,-,1017.49,-1.66,1311.95,0.0,98.15,0.55,42,0.0,13,0.0,29,0.0,0,0.0,30.95,0.0,2018-06-10,-,0,-
-,-,Gadgame,-,1016.2,-1.6,1323.77,0.0,102.52,0.53,18,0.0,6,0.0,12,0.0,0,0.0,33.33,0.0,2024-04-04,-,0,-
-,-,Rona_the_Terrible,-,1015.99,-1.37,1373.04,0.0,119.02,0.46,12,0.0,6,0.0,6,0.0,0,0.0,50.0,0.0,2024-03-03,-,0,-
1218,-34,kulho,-,1015.9,-1.43,1357.46,0.0,113.85,0.48,12,0.0,5,0.0,7,0.0,0,0.0,41.67,0.0,2026-01-19,-,0,-
-,-,Adunak,-,1014.74,-1.67,1308.45,0.0,97.9,0.56,24,0.0,9,0.0,14,0.0,1,0.0,37.5,0.0,2021-06-02,-,0,-
-,-,DaMeager,-,1014.51,-1.75,1295.21,0.0,93.57,0.58,24,0.0,8,0.0,16,0.0,0,0.0,33.33,0.0,2021-12-05,-,0,-
1219,-34,Devonia,-,1013.88,-2.05,1254.1,0.0,80.07,0.68,30,0.0,7,0.0,23,0.0,0,0.0,23.33,0.0,2026-01-19,-,0,1118.0
-,-,MBK,-,1013.13,-1.35,1374.83,0.0,120.56,0.45,12,0.0,4,0.0,8,0.0,0,0.0,33.33,0.0,2024-02-23,-,0,-
-,-,Mandrillus,-,1012.21,-2.06,1250.03,0.0,79.27,0.69,36,0.0,8,0.0,27,0.0,1,0.0,22.22,0.0,2023-03-01,-,0,-
-,-,nge,-,1011.88,-1.75,1293.09,0.0,93.74,0.58,24,0.0,6,0.0,18,0.0,0,0.0,25.0,0.0,2025-01-17,-,0,1184.0
-,-,Billtje,-,1010.73,-1.23,1409.64,0.0,132.97,0.41,12,0.0,7,0.0,5,0.0,0,0.0,58.33,0.0,2021-03-02,-,0,-
-,-,SpillisWillis,-,1010.21,-1.37,1368.0,0.0,119.26,0.46,12,0.0,5,0.0,7,0.0,0,0.0,41.67,0.0,2025-01-12,-,0,1177.0
-,-,Xela1988,-,1009.92,-1.96,1262.15,0.0,84.08,0.65,27,0.0,9,0.0,18,0.0,0,0.0,33.33,0.0,2025-01-19,-,0,1184.0
1220,-5,Clarinachos,-,1008.87,38.82,1165.08,30.79,52.07,-2.68,84,12.0,19,5.0,65,7.0,0,0.0,22.62,3.18,2026-04-20,-,0,1271.0
1221,-57,Dolling,-,1008.32,-26.94,1255.34,-50.64,82.34,-7.9,30,6.0,10,0.0,20,6.0,0,0.0,33.33,-8.34,2026-03-03,-,0,1118.0
-,-,Sabastapul,-,1007.08,-1.26,1396.79,0.0,129.9,0.42,18,0.0,6,0.0,12,0.0,0,0.0,33.33,0.0,2025-01-12,-,0,1118.0
-,-,Jiggling,-,1005.77,-1.47,1339.6,0.0,111.28,0.49,24,0.0,8,0.0,16,0.0,0,0.0,33.33,0.0,2020-09-27,-,0,-
1222,-12,gutibudoka,-,1005.74,30.81,1160.56,25.58,51.61,-1.74,81,6.0,24,4.0,57,2.0,0,0.0,29.63,2.96,2026-04-24,-,0,915.0
1223,-34,Gigot,-,1004.88,-1.97,1253.3,0.0,82.81,0.66,24,0.0,6,0.0,17,0.0,1,0.0,25.0,0.0,2026-01-15,-,0,1184.0
1224,-36,RAKoS,-,1004.64,-2.35,1213.09,0.0,69.48,0.78,45,0.0,12,0.0,32,0.0,1,0.0,26.67,0.0,2026-01-13,-,0,1067.0
1225,-35,Bafbeer,-,1004.52,-1.38,1359.85,0.0,118.44,0.46,12,0.0,4,0.0,8,0.0,0,0.0,33.33,0.0,2026-01-11,-,0,-
-,-,Kykelodeon,-,1004.12,-1.92,1262.79,0.0,86.22,0.64,36,0.0,11,0.0,25,0.0,0,0.0,30.56,0.0,2021-03-02,-,0,-
-,-,Jbob2626,-,1004.01,-1.45,1340.92,0.0,112.3,0.48,12,0.0,5,0.0,7,0.0,0,0.0,41.67,0.0,2025-01-09,-,0,1118.0
1226,-35,GoodThoughtRhythm,-,1003.84,-1.44,1344.37,0.0,113.51,0.48,12,0.0,4,0.0,8,0.0,0,0.0,33.33,0.0,2026-01-27,-,0,-
1227,-35,Pieter_NL,-,1003.68,-1.37,1360.36,0.0,118.89,0.46,12,0.0,5,0.0,7,0.0,0,0.0,41.67,0.0,2026-01-18,-,0,-
-,-,Swingles,-,1003.6,-1.7,1292.13,0.0,96.18,0.57,24,0.0,11,0.0,13,0.0,0,0.0,45.83,0.0,2022-06-05,-,0,-
-,-,Nyalala,-,1003.36,-1.15,1428.37,0.0,141.67,0.38,12,0.0,6,0.0,6,0.0,0,0.0,50.0,0.0,2020-03-30,-,0,-
-,-,Master_Nodu,-,1002.69,-2.15,1230.98,0.0,76.1,0.72,36,0.0,12,0.0,24,0.0,0,0.0,33.33,0.0,2023-02-05,-,0,-
-,-,MadAvenger,-,1001.61,-2.82,1176.57,0.0,58.32,0.94,114,0.0,29,0.0,83,0.0,2,0.0,25.44,0.0,2023-01-15,-,0,-
-,-,Krucik,-,1001.12,-1.94,1256.53,0.0,85.14,0.65,48,0.0,12,0.0,33,0.0,3,0.0,25.0,0.0,2023-03-01,-,0,-
1228,-42,Frabac,-,1001.04,-11.93,1119.98,-11.52,39.65,0.14,261,12.0,42,0.0,217,12.0,2,0.0,16.09,-0.78,2026-04-19,-,0,711.0
-,-,Richy_DNF,-,1000.38,-1.44,1341.37,0.0,113.66,0.48,24,0.0,9,0.0,15,0.0,0,0.0,37.5,0.0,2020-09-27,-,0,-
-,-,Jinster99,-,999.37,-2.13,1230.74,0.0,77.12,0.71,72,0.0,17,0.0,54,0.0,1,0.0,23.61,0.0,2020-12-06,-,0,-
-,-,RELandREL,-,998.76,-1.05,1466.02,0.0,155.75,0.35,6,0.0,3,0.0,3,0.0,0,0.0,50.0,0.0,2023-01-15,-,0,-
-,-,ouTlier,-,998.3,-1.38,1353.16,0.0,118.29,0.46,12,0.0,2,0.0,10,0.0,0,0.0,16.67,0.0,2025-01-04,-,0,989.0
-,-,vince_ma,-,998.06,-1.35,1359.86,0.0,120.6,0.45,12,0.0,6,0.0,6,0.0,0,0.0,50.0,0.0,2022-03-06,-,0,-
1229,-36,Atomtomate,DE,997.74,-2.79,1174.01,0.0,58.76,0.93,66,0.0,12,0.0,52,0.0,2,0.0,18.18,0.0,2025-12-01,-,0,932.0
1230,new,NoJoVin,-,997.48,547.48,1332.68,-167.32,111.73,111.73,12,12.0,4,4.0,8,8.0,0,0.0,33.33,33.33,2026-04-22,-,0,-
1231,-37,Mighke,-,997.47,-1.95,1249.3,0.0,83.94,0.65,24,0.0,6,0.0,18,0.0,0,0.0,25.0,0.0,2026-01-15,-,0,1118.0
-,-,Jakuu,-,997.45,-1.75,1278.28,0.0,93.61,0.58,24,0.0,5,0.0,19,0.0,0,0.0,20.83,0.0,2025-01-16,-,0,1184.0
1232,-37,Marchely,-,996.42,-1.74,1278.43,0.0,94.0,0.58,24,0.0,8,0.0,16,0.0,0,0.0,33.33,0.0,2025-12-01,-,0,1118.0
1233,-37,Dave777,-,996.18,-1.26,1383.7,0.0,129.18,0.42,12,0.0,5,0.0,7,0.0,0,0.0,41.67,0.0,2026-01-26,-,0,-
1234,-37,EbaN,-,995.94,-1.37,1352.84,0.0,118.97,0.46,12,0.0,3,0.0,9,0.0,0,0.0,25.0,0.0,2026-01-23,-,0,-
1235,-37,sparkyal,-,995.3,-1.77,1272.56,0.0,92.42,0.59,24,0.0,6,0.0,18,0.0,0,0.0,25.0,0.0,2026-01-09,-,0,-
1236,new,buso1705,-,994.88,544.88,1331.55,-168.45,112.22,112.22,12,12.0,4,4.0,7,7.0,1,1.0,33.33,33.33,2026-04-26,-,0,1388.0
1237,-38,ViznessDaBizness,-,994.35,-1.44,1335.58,0.0,113.74,0.48,12,0.0,5,0.0,7,0.0,0,0.0,41.67,0.0,2026-01-13,-,0,-
-,-,greatscotttch,-,994.31,-1.82,1264.19,0.0,89.96,0.61,36,0.0,9,0.0,25,0.0,2,0.0,25.0,0.0,2020-12-06,-,0,-
-,-,dongz,-,993.29,-1.44,1334.12,0.0,113.61,0.48,12,0.0,5,0.0,7,0.0,0,0.0,41.67,0.0,2022-03-06,-,0,-
-,-,ghudbishs,-,993.25,-1.13,1428.11,0.0,144.95,0.38,6,0.0,3,0.0,3,0.0,0,0.0,50.0,0.0,2024-12-01,-,0,1287.0
-,-,cvetopluk,-,993.04,-1.49,1322.6,0.0,109.85,0.5,30,0.0,9,0.0,20,0.0,1,0.0,30.0,0.0,2017-11-10,-,0,-
-,-,cymerdown,-,992.94,-1.42,1338.04,0.0,115.04,0.47,12,0.0,3,0.0,6,0.0,3,0.0,25.0,0.0,2025-02-03,-,0,1287.0
-,-,Sukhjit,-,991.47,-1.24,1387.77,0.0,132.1,0.41,12,0.0,5,0.0,7,0.0,0,0.0,41.67,0.0,2020-09-27,-,0,-
1238,-38,Oyvind,-,991.12,-1.93,1244.79,0.0,84.56,0.64,30,0.0,8,0.0,22,0.0,0,0.0,26.67,0.0,2025-12-01,-,0,1184.0
-,-,Dr.MilkDuck,-,990.6,-1.25,1382.17,0.0,130.52,0.42,12,0.0,5,0.0,7,0.0,0,0.0,41.67,0.0,2020-12-06,-,0,-
-,-,SpectralB4dger,-,990.35,-1.44,1329.67,0.0,113.11,0.48,12,0.0,3,0.0,9,0.0,0,0.0,25.0,0.0,2025-01-08,-,0,1184.0
-,-,Xioph,-,988.19,-1.87,1254.8,0.0,88.87,0.62,36,0.0,13,0.0,23,0.0,0,0.0,36.11,0.0,2021-03-02,-,0,-
-,-,NomadicPpl,-,987.09,-1.11,1426.86,0.0,146.59,0.37,12,0.0,5,0.0,7,0.0,0,0.0,41.67,0.0,2020-06-28,-,0,-
-,-,UrbanSammie,-,987.09,-1.11,1426.86,0.0,146.59,0.37,12,0.0,5,0.0,7,0.0,0,0.0,41.67,0.0,2020-06-28,-,0,-
-,-,vosos,-,987.09,-1.11,1426.86,0.0,146.59,0.37,12,0.0,5,0.0,7,0.0,0,0.0,41.67,0.0,2020-06-28,-,0,-
-,-,Legolukadad,-,987.09,-1.11,1426.86,0.0,146.59,0.37,12,0.0,5,0.0,7,0.0,0,0.0,41.67,0.0,2020-06-28,-,0,-
-,-,MythMoth,-,986.69,-1.63,1286.52,0.0,99.94,0.54,18,0.0,5,0.0,13,0.0,0,0.0,27.78,0.0,2023-02-05,-,0,-
1239,-38,Trek,-,986.01,-1.84,1252.54,0.0,88.84,0.61,24,0.0,6,0.0,18,0.0,0,0.0,25.0,0.0,2026-01-16,-,0,1118.0
-,-,Pir4t,-,983.96,-1.39,1336.92,0.0,117.65,0.46,24,0.0,7,0.0,16,0.0,1,0.0,29.17,0.0,2020-09-27,-,0,-
-,-,Lopesllm,-,982.96,-1.87,1246.63,0.0,87.89,0.62,48,0.0,10,0.0,36,0.0,2,0.0,20.83,0.0,2020-09-27,G,2,-
-,-,aramaic,-,982.81,-2.07,1220.1,0.0,79.1,0.69,48,0.0,13,0.0,34,0.0,1,0.0,27.08,0.0,2024-02-23,-,0,-
-,-,PocketAmazing,-,982.46,-1.67,1275.21,0.0,97.58,0.56,36,0.0,10,0.0,26,0.0,0,0.0,27.78,0.0,2024-02-23,-,0,-
-,-,Tasslehoff,-,981.75,-1.57,1295.14,0.0,104.46,0.52,24,0.0,9,0.0,15,0.0,0,0.0,37.5,0.0,2020-12-06,-,0,-
-,-,Sonalator,-,981.69,-2.29,1195.95,0.0,71.42,0.76,39,0.0,9,0.0,30,0.0,0,0.0,23.08,0.0,2025-02-04,-,0,932.0
1240,1,MarcinWol,-,980.18,56.74,1294.43,0.03,104.75,-18.9,18,6.0,4,1.0,14,5.0,0,0.0,22.22,-2.78,2026-03-09,-,0,-
1241,-38,Koberski,-,979.35,-1.43,1322.7,0.0,114.45,0.48,12,0.0,3,0.0,9,0.0,0,0.0,25.0,0.0,2026-01-16,-,0,-
1242,-40,Xirf,-,979.34,-1.53,1299.43,0.0,106.7,0.51,12,0.0,4,0.0,8,0.0,0,0.0,33.33,0.0,2026-01-16,-,0,-
-,-,Apriori1,-,978.98,-1.42,1323.3,0.0,114.78,0.47,12,0.0,4,0.0,8,0.0,0,0.0,33.33,0.0,2025-01-09,-,0,1184.0
1243,-38,TarisI,-,978.63,-1.4,1328.85,0.0,116.74,0.47,12,0.0,4,0.0,8,0.0,0,0.0,33.33,0.0,2026-01-12,-,0,-
-,-,maurice986,-,977.97,-1.39,1330.05,0.0,117.36,0.46,12,0.0,3,0.0,9,0.0,0,0.0,25.0,0.0,2025-01-06,-,0,1118.0
-,-,Mikio,-,977.91,-1.32,1349.75,0.0,123.95,0.44,12,0.0,2,0.0,10,0.0,0,0.0,16.67,0.0,2020-12-06,-,0,-
-,-,henk,-,977.41,-1.72,1264.38,0.0,95.66,0.57,24,0.0,7,0.0,13,0.0,4,0.0,29.17,0.0,2021-06-02,-,0,-
-,-,Michael1101,DE,977.08,-1.39,1329.21,0.0,117.38,0.46,12,0.0,3,0.0,9,0.0,0,0.0,25.0,0.0,2023-04-11,-,0,-
-,-,jobe,-,976.95,-1.27,1362.95,0.0,128.67,0.42,12,0.0,7,0.0,5,0.0,0,0.0,58.33,0.0,2023-09-03,-,0,1421.0
1244,-40,Seabrook,-,976.2,-4.1,1099.91,0.0,41.24,1.37,153,0.0,20,0.0,119,0.0,14,0.0,13.07,0.0,2025-11-30,-,0,1060.0
-,-,Nognix,-,975.99,-1.27,1361.2,0.0,128.4,0.42,12,0.0,4,0.0,8,0.0,0,0.0,33.33,0.0,2024-02-23,-,0,-
1245,-37,Gregoriocasa,-,975.96,-1.53,1296.21,0.0,106.75,0.51,12,0.0,4,0.0,8,0.0,0,0.0,33.33,0.0,2026-01-16,-,0,-
1246,-37,Moshmir,-,975.89,-1.39,1327.48,0.0,117.2,0.46,12,0.0,5,0.0,7,0.0,0,0.0,41.67,0.0,2026-01-13,-,0,-
-,-,lolcese,-,975.89,-2.59,1165.63,0.0,63.25,0.86,96,0.0,23,0.0,73,0.0,0,0.0,23.96,0.0,2022-06-05,-,0,-
-,-,T_error,-,975.68,-2.6,1167.89,0.0,64.07,0.87,90,0.0,22,0.0,66,0.0,2,0.0,24.44,0.0,2023-01-15,-,0,-
1247,-40,captainparadise,FR,975.53,-2.92,1145.1,0.0,56.52,0.97,57,0.0,8,0.0,42,0.0,7,0.0,14.04,0.0,2025-11-12,-,0,1415.0
-,-,wejejeei,-,974.33,-1.57,1286.86,0.0,104.18,0.52,24,0.0,6,0.0,18,0.0,0,0.0,25.0,0.0,2024-04-04,-,0,-
-,-,Abssalom,-,973.98,-1.94,1226.83,0.0,84.28,0.65,30,0.0,8,0.0,22,0.0,0,0.0,26.67,0.0,2024-01-16,-,0,-
1248,-16,beny85,IT,973.58,36.96,1123.99,27.8,50.13,-3.05,132,18.0,20,4.0,104,14.0,8,0.0,15.15,1.11,2026-04-28,-,0,796.0
-,-,SunTiger,-,973.34,-1.32,1346.13,0.0,124.26,0.44,12,0.0,4,0.0,8,0.0,0,0.0,33.33,0.0,2025-01-09,-,0,1184.0
-,-,kunayala,-,972.99,-1.52,1296.01,0.0,107.67,0.51,24,0.0,8,0.0,16,0.0,0,0.0,33.33,0.0,2020-09-27,-,0,-
-,-,Pastiness,-,972.72,-1.42,1317.25,0.0,114.84,0.47,12,0.0,2,0.0,10,0.0,0,0.0,16.67,0.0,2024-04-04,-,0,-
-,-,KytteKatte,-,972.0,-0.99,1467.98,0.0,165.33,0.33,6,0.0,2,0.0,4,0.0,0,0.0,33.33,0.0,2023-01-15,-,0,-
-,-,ergates,-,971.67,-1.15,1396.2,0.0,141.51,0.38,12,0.0,5,0.0,6,0.0,1,0.0,41.67,0.0,2018-10-14,-,0,-
-,-,gregg900,-,971.65,-1.58,1283.8,0.0,104.05,0.53,24,0.0,7,0.0,17,0.0,0,0.0,29.17,0.0,2020-09-27,-,0,-
-,-,Hot.Cocoa,-,971.4,-1.74,1254.59,0.0,94.4,0.58,30,0.0,10,0.0,19,0.0,1,0.0,33.33,0.0,2024-09-04,-,0,-
1249,-38,Redda,-,969.38,-2.24,1188.88,0.0,73.17,0.75,30,0.0,8,0.0,21,0.0,1,0.0,26.67,0.0,2025-12-01,-,0,939.0
1250,-36,clemy,-,969.0,-1.31,1342.97,0.0,124.66,0.44,12,0.0,3,0.0,8,0.0,1,0.0,25.0,0.0,2026-01-09,-,0,-
-,-,mythianan,-,968.67,-1.43,1312.45,0.0,114.59,0.48,18,0.0,5,0.0,13,0.0,0,0.0,27.78,0.0,2024-04-04,-,0,-
-,-,anyhotcountry,-,967.51,-1.15,1392.04,0.0,141.51,0.38,12,0.0,6,0.0,6,0.0,0,0.0,50.0,0.0,2018-10-14,-,0,-
1251,unretired,justnomame,VN,966.7,51.81,1241.99,33.64,91.76,-6.06,21,3.0,8,2.0,13,1.0,0,0.0,38.1,4.77,2026-04-24,-,0,-
-,-,meeplematero,-,966.18,-1.93,1219.46,0.0,84.43,0.64,36,0.0,9,0.0,27,0.0,0,0.0,25.0,0.0,2024-10-01,-,0,-
-,-,LMH,-,966.05,-1.46,1301.1,0.0,111.68,0.49,18,0.0,6,0.0,12,0.0,0,0.0,33.33,0.0,2025-03-01,-,0,939.0
-,-,Dashing,-,965.71,-1.82,1235.26,0.0,89.85,0.61,48,0.0,14,0.0,34,0.0,0,0.0,29.17,0.0,2020-09-27,-,0,-
-,-,RyGuy123,-,964.45,-1.23,1363.92,0.0,133.15,0.41,12,0.0,4,0.0,8,0.0,0,0.0,33.33,0.0,2024-02-23,-,0,-
1252,-36,Azami,-,964.4,-1.59,1272.52,0.0,102.71,0.53,18,0.0,4,0.0,14,0.0,0,0.0,22.22,0.0,2026-01-23,-,0,1287.0
-,-,Jusaz,-,964.35,-2.72,1146.07,0.0,60.57,0.91,90,0.0,22,0.0,67,0.0,1,0.0,24.44,0.0,2024-11-20,-,0,1287.0
1253,-35,T.KAZ3-1,-,962.51,-2.05,1201.6,0.0,79.7,0.68,36,0.0,12,0.0,24,0.0,0,0.0,33.33,0.0,2026-01-16,-,0,-
1254,-37,Vaibhavaiyar,-,961.75,-3.28,1113.42,0.0,50.56,1.09,168,0.0,33,0.0,130,0.0,5,0.0,19.64,0.0,2026-01-11,-,0,1184.0
-,-,thundermain,-,961.66,-1.27,1346.62,0.0,128.32,0.42,12,0.0,5,0.0,7,0.0,0,0.0,41.67,0.0,2024-02-23,-,0,-
-,-,aigarsgaa,-,961.38,-1.59,1270.67,0.0,103.09,0.53,24,0.0,8,0.0,16,0.0,0,0.0,33.33,0.0,2021-03-02,-,0,-
1255,-36,mkuz18,-,961.37,-1.97,1210.91,0.0,83.18,0.66,24,0.0,4,0.0,18,0.0,2,0.0,16.67,0.0,2026-01-14,-,0,1118.0
-,-,Sephiroth83,-,960.97,-2.24,1182.2,0.0,73.74,0.75,60,0.0,14,0.0,44,0.0,2,0.0,23.33,0.0,2021-09-05,-,0,-
-,-,Wirbin,-,960.34,-1.52,1282.05,0.0,107.24,0.51,24,0.0,8,0.0,16,0.0,0,0.0,33.33,0.0,2020-09-27,-,0,-
1256,-36,NerAlgert,-,959.86,-2.12,1193.61,0.0,77.92,0.71,24,0.0,7,0.0,16,0.0,1,0.0,29.17,0.0,2025-10-01,-,0,1385.0
-,-,OxyGee,-,959.69,-1.54,1276.78,0.0,105.7,0.51,24,0.0,7,0.0,16,0.0,1,0.0,29.17,0.0,2020-12-06,-,0,-
-,-,scalp,-,959.52,-1.64,1259.98,0.0,100.15,0.55,24,0.0,6,0.0,16,0.0,2,0.0,25.0,0.0,2021-03-02,-,0,-
1257,-36,Dani91,-,959.36,-2.02,1203.64,0.0,81.42,0.67,24,0.0,6,0.0,14,0.0,4,0.0,25.0,0.0,2025-11-30,-,0,932.0
1258,-46,Moskbnea,-,959.18,-11.38,1092.38,-14.15,44.4,-0.92,108,6.0,25,1.0,83,5.0,0,0.0,23.15,-0.38,2026-05-04,-,0,1057.0
-,-,Adrianucho,-,958.54,-1.34,1323.08,0.0,121.51,0.45,12,0.0,5,0.0,7,0.0,0,0.0,41.67,0.0,2024-02-23,-,0,-
-,-,Kubenboa,-,958.49,-2.08,1194.72,0.0,78.74,0.69,42,0.0,11,0.0,30,0.0,1,0.0,26.19,0.0,2023-01-15,-,0,-
-,-,machalCZ,-,958.06,-1.52,1280.58,0.0,107.51,0.51,24,0.0,6,0.0,18,0.0,0,0.0,25.0,0.0,2020-09-27,-,0,-
1259,-36,Axius9,-,958.01,-1.78,1233.78,0.0,91.92,0.59,18,0.0,5,0.0,13,0.0,0,0.0,27.78,0.0,2025-12-01,-,0,1184.0
-,-,Nieva,-,957.76,-1.1,1402.05,0.0,148.09,0.37,6,0.0,2,0.0,4,0.0,0,0.0,33.33,0.0,2023-01-15,-,0,-
-,-,ywgmth,-,957.27,-1.27,1341.6,0.0,128.11,0.42,12,0.0,5,0.0,6,0.0,1,0.0,41.67,0.0,2021-12-05,-,0,-
1260,-38,wheelerruss,GB,955.98,-4.27,1072.84,0.0,38.95,1.42,318,0.0,55,0.0,259,0.0,4,0.0,17.3,0.0,2025-12-01,-,0,1111.0
-,-,Campanulas,-,955.05,-2.72,1136.94,0.0,60.63,0.91,69,0.0,13,0.0,55,0.0,1,0.0,18.84,0.0,2024-10-13,-,0,-
-,-,pollitis,-,954.45,-1.84,1222.46,0.0,89.34,0.61,36,0.0,9,0.0,26,0.0,1,0.0,25.0,0.0,2019-09-30,-,0,-
-,-,mowglee,-,953.46,-1.58,1265.36,0.0,103.97,0.53,24,0.0,7,0.0,17,0.0,0,0.0,29.17,0.0,2019-12-30,-,0,-
-,-,Nele,-,953.31,-1.73,1236.45,0.0,94.38,0.58,18,0.0,3,0.0,15,0.0,0,0.0,16.67,0.0,2023-07-15,-,0,-
1261,-37,ToSt,PL,952.06,-2.14,1181.35,0.0,76.43,0.71,48,0.0,9,0.0,39,0.0,0,0.0,18.75,0.0,2026-01-22,-,0,-
1262,-37,SCN,-,951.98,-2.14,1180.69,0.0,76.24,0.71,30,0.0,6,0.0,24,0.0,0,0.0,20.0,0.0,2026-01-23,-,0,1184.0
-,-,PikaSex,-,951.96,-1.59,1260.22,0.0,102.75,0.53,24,0.0,6,0.0,18,0.0,0,0.0,25.0,0.0,2020-06-28,-,0,-
-,-,Maraxus,-,951.86,-1.6,1258.39,0.0,102.18,0.53,24,0.0,6,0.0,18,0.0,0,0.0,25.0,0.0,2020-12-06,-,0,-
-,-,Ramoneror,-,951.73,-1.39,1303.88,0.0,117.38,0.46,12,0.0,4,0.0,8,0.0,0,0.0,33.33,0.0,2022-03-06,-,0,-
-,-,gengelstein,-,951.69,-1.93,1207.34,0.0,85.22,0.64,48,0.0,14,0.0,34,0.0,0,0.0,29.17,0.0,2021-03-02,-,0,-
-,-,DecMoon,FR,951.36,-3.26,1105.17,0.0,51.27,1.09,156,0.0,31,0.0,125,0.0,0,0.0,19.87,0.0,2024-03-03,-,0,-
-,-,JohnMarc,-,950.99,-2.76,1132.87,0.0,60.63,0.92,120,0.0,24,0.0,94,0.0,2,0.0,20.0,0.0,2022-09-04,-,0,-
-,-,bach0910,-,950.51,-1.11,1390.29,0.0,146.59,0.37,12,0.0,4,0.0,7,0.0,1,0.0,33.33,0.0,2020-06-28,-,0,-
1263,-37,Rox123,-,950.5,-1.14,1378.75,0.0,142.75,0.38,6,0.0,2,0.0,4,0.0,0,0.0,33.33,0.0,2025-12-01,-,0,-
1264,-37,babaganoosh,-,949.28,-1.69,1240.25,0.0,96.99,0.56,24,0.0,7,0.0,17,0.0,0,0.0,29.17,0.0,2026-01-13,-,0,1067.0
-,-,mitroCZECH,-,947.92,-1.3,1325.46,0.0,125.84,0.43,12,0.0,5,0.0,7,0.0,0,0.0,41.67,0.0,2020-12-06,-,0,-
-,-,Kefka,-,947.32,-1.22,1348.17,0.0,133.62,0.41,12,0.0,5,0.0,7,0.0,0,0.0,41.67,0.0,2019-12-22,-,0,-
-,-,al_boev,RU,945.9,-1.6,1255.81,0.0,103.3,0.53,18,0.0,4,0.0,13,0.0,1,0.0,22.22,0.0,2024-09-01,-,0,-
-,-,Naawi,-,945.89,-1.45,1283.41,0.0,112.51,0.48,12,0.0,4,0.0,8,0.0,0,0.0,33.33,0.0,2022-06-05,-,0,-
1265,-36,woogi,-,944.65,-1.06,1404.55,0.0,153.3,0.35,6,0.0,2,0.0,4,0.0,0,0.0,33.33,0.0,2025-12-01,-,0,-
-,-,Pampio,-,944.38,-1.18,1358.1,0.0,137.91,0.39,12,0.0,5,0.0,7,0.0,0,0.0,41.67,0.0,2020-09-27,-,0,-
-,-,rakimmitt,-,944.33,-1.24,1338.66,0.0,131.45,0.41,12,0.0,3,0.0,8,0.0,1,0.0,25.0,0.0,2020-09-27,-,0,-
-,-,Wookiebutcher,-,943.82,-2.18,1168.45,0.0,74.88,0.73,48,0.0,11,0.0,37,0.0,0,0.0,22.92,0.0,2022-03-06,-,0,-
-,-,Werlix,-,942.82,-1.47,1275.55,0.0,110.91,0.49,24,0.0,7,0.0,17,0.0,0,0.0,29.17,0.0,2018-10-14,-,0,-
-,-,mdscolour,-,941.52,-1.55,1260.22,0.0,106.23,0.52,24,0.0,7,0.0,17,0.0,0,0.0,29.17,0.0,2020-09-27,-,0,-
-,-,KaiMorten,-,941.36,-1.3,1318.11,0.0,125.58,0.43,9,0.0,3,0.0,6,0.0,0,0.0,33.33,0.0,2025-01-07,-,0,1184.0
-,-,iLuden,-,940.82,-1.49,1270.04,0.0,109.74,0.5,24,0.0,6,0.0,15,0.0,3,0.0,25.0,0.0,2020-12-06,-,0,-
1266,-36,I-Y-T,TR,940.5,-1.72,1225.85,0.0,95.12,0.57,18,0.0,2,0.0,16,0.0,0,0.0,11.11,0.0,2026-01-17,-,0,-
-,-,HnNAdventures,-,940.01,-2.58,1131.22,0.0,63.74,0.86,114,0.0,21,0.0,93,0.0,0,0.0,18.42,0.0,2024-02-23,-,0,-
-,-,Drako,-,938.81,-1.33,1306.25,0.0,122.48,0.44,12,0.0,4,0.0,8,0.0,0,0.0,33.33,0.0,2024-02-23,-,0,-
-,-,Wicked_Liz,-,936.14,-0.97,1439.87,0.0,167.91,0.32,6,0.0,3,0.0,3,0.0,0,0.0,50.0,0.0,2024-01-16,-,0,-
-,-,CapraTriada,-,936.07,-1.82,1206.49,0.0,90.14,0.61,24,0.0,9,0.0,15,0.0,0,0.0,37.5,0.0,2022-09-04,-,0,-
-,-,ZguZimZguZa,-,935.29,-1.03,1408.97,0.0,157.89,0.34,6,0.0,2,0.0,4,0.0,0,0.0,33.33,0.0,2023-01-15,-,0,-
1267,-36,monorator,-,934.97,-2.7,1118.03,0.0,61.02,0.9,84,0.0,13,0.0,69,0.0,2,0.0,15.48,0.0,2025-12-01,-,0,1184.0
-,-,PixiePete,-,934.34,-1.47,1267.31,0.0,110.99,0.49,24,0.0,7,0.0,17,0.0,0,0.0,29.17,0.0,2020-09-27,-,0,-
-,-,TbeDataGuy,-,933.37,-1.36,1294.1,0.0,120.24,0.45,12,0.0,2,0.0,10,0.0,0,0.0,16.67,0.0,2024-04-04,-,0,-
1268,-35,Kuraiite,-,933.14,-1.13,1368.08,0.0,144.98,0.38,6,0.0,1,0.0,5,0.0,0,0.0,16.67,0.0,2025-12-01,-,0,-
-,-,FSY,-,932.12,-1.07,1390.29,0.0,152.72,0.36,6,0.0,3,0.0,3,0.0,0,0.0,50.0,0.0,2024-12-04,-,0,1063.0
-,-,valvonauta,IT,931.71,-2.23,1152.82,0.0,73.7,0.74,39,0.0,6,0.0,31,0.0,2,0.0,15.38,0.0,2024-09-01,-,0,-
1269,-33,FeroDigital,-,930.82,-1.09,1380.3,0.0,149.83,0.36,6,0.0,1,0.0,4,0.0,1,0.0,16.67,0.0,2025-12-01,-,0,-
1270,-35,qman,-,930.78,-1.78,1207.03,0.0,92.08,0.59,18,0.0,3,0.0,15,0.0,0,0.0,16.67,0.0,2025-12-01,-,0,1184.0
1271,-37,Less5,-,930.46,-3.29,1080.6,0.0,50.05,1.1,90,0.0,18,0.0,72,0.0,0,0.0,20.0,0.0,2026-01-22,-,0,987.0
1272,-35,LordMichaelDerGrosse,-,929.76,-1.84,1196.49,0.0,88.91,0.61,24,0.0,5,0.0,19,0.0,0,0.0,20.83,0.0,2026-01-09,-,0,1118.0
-,-,Chuie,-,929.68,-1.13,1363.36,0.0,144.56,0.38,12,0.0,5,0.0,7,0.0,0,0.0,41.67,0.0,2019-12-30,-,0,-
-,-,nchoong,MY,929.47,-1.15,1354.06,0.0,141.53,0.38,6,0.0,1,0.0,5,0.0,0,0.0,16.67,0.0,2024-09-01,-,0,-
-,-,Seif,-,929.24,-1.16,1351.56,0.0,140.77,0.39,12,0.0,5,0.0,7,0.0,0,0.0,41.67,0.0,2020-03-30,-,0,-
-,-,torang_ei,-,928.95,-1.11,1371.52,0.0,147.52,0.37,6,0.0,2,0.0,4,0.0,0,0.0,33.33,0.0,2024-02-23,-,0,-
1273,-35,weide,-,927.36,-1.48,1257.81,0.0,110.15,0.49,12,0.0,3,0.0,9,0.0,0,0.0,25.0,0.0,2026-01-05,-,0,-
-,-,Weston,-,927.26,-1.64,1227.37,0.0,100.03,0.55,24,0.0,6,0.0,17,0.0,1,0.0,25.0,0.0,2020-12-06,G,2,-
-,-,Althaj,SK,925.6,-1.87,1188.79,0.0,87.73,0.62,24,0.0,3,0.0,21,0.0,0,0.0,12.5,0.0,2024-09-01,-,0,-
-,-,CleanerCode,-,925.19,-1.53,1252.59,0.0,109.13,0.51,24,0.0,9,0.0,15,0.0,0,0.0,37.5,0.0,2020-12-06,-,0,-
1274,-35,Papella,-,924.85,-1.48,1255.23,0.0,110.13,0.49,12,0.0,2,0.0,10,0.0,0,0.0,16.67,0.0,2026-01-18,-,0,-
-,-,Dim_,-,923.95,-1.71,1210.05,0.0,95.36,0.57,18,0.0,4,0.0,14,0.0,0,0.0,22.22,0.0,2023-01-15,-,0,-
-,-,Walleywalker,-,923.9,-1.19,1333.87,0.0,136.66,0.4,12,0.0,5,0.0,7,0.0,0,0.0,41.67,0.0,2021-03-02,-,0,-
1275,-35,greslack,-,922.62,-1.33,1291.47,0.0,122.95,0.44,18,0.0,6,0.0,12,0.0,0,0.0,33.33,0.0,2026-01-11,-,0,-
1276,-34,BennyV,-,921.97,-1.21,1325.72,0.0,134.58,0.4,6,0.0,1,0.0,5,0.0,0,0.0,16.67,0.0,2025-12-01,-,0,-
-,-,Dleco,-,921.21,-1.42,1266.94,0.0,115.24,0.47,12,0.0,3,0.0,9,0.0,0,0.0,25.0,0.0,2021-12-05,-,0,-
-,-,Judiot,-,920.99,-1.21,1325.5,0.0,134.84,0.4,12,0.0,4,0.0,8,0.0,0,0.0,33.33,0.0,2024-02-23,-,0,-
1277,-33,thebigcheese,-,920.57,-1.94,1172.9,0.0,84.11,0.65,30,0.0,6,0.0,24,0.0,0,0.0,20.0,0.0,2026-01-10,-,0,1287.0
-,-,Alexd,-,920.02,-1.23,1317.27,0.0,132.41,0.41,12,0.0,5,0.0,7,0.0,0,0.0,41.67,0.0,2020-12-06,-,0,-
-,-,Finch,-,919.99,-1.17,1337.97,0.0,139.32,0.39,12,0.0,4,0.0,8,0.0,0,0.0,33.33,0.0,2020-06-28,-,0,-
-,-,Ruthless741,-,919.65,-1.11,1358.8,0.0,146.38,0.37,12,0.0,5,0.0,7,0.0,0,0.0,41.67,0.0,2020-06-28,-,0,-
1278,59,PandaofSooth,-,919.61,428.62,1366.81,238.95,149.07,-63.22,6,3.0,4,3.0,2,0.0,0,0.0,66.67,33.34,2026-03-11,-,0,-
-,-,halbsodoppelt,-,919.31,-0.89,1471.56,0.0,184.08,0.3,6,0.0,4,0.0,2,0.0,0,0.0,66.67,0.0,2024-09-01,-,0,-
-,-,Emir,-,919.28,-0.92,1451.33,0.0,177.35,0.31,6,0.0,3,0.0,2,0.0,1,0.0,50.0,0.0,2024-02-25,-,0,-
1279,-33,VladBenez,IT,918.0,-2.12,1149.66,0.0,77.22,0.71,48,0.0,6,0.0,42,0.0,0,0.0,12.5,0.0,2025-12-01,-,0,861.0
-,-,Graffuh,-,916.1,-1.36,1275.86,0.0,119.92,0.45,12,0.0,4,0.0,8,0.0,0,0.0,33.33,0.0,2022-06-05,-,0,-
-,-,apobel,-,915.64,-1.89,1177.52,0.0,87.29,0.63,36,0.0,7,0.0,28,0.0,1,0.0,19.44,0.0,2020-12-06,-,0,-
-,-,snoozefest,-,913.14,-1.51,1237.24,0.0,108.03,0.5,24,0.0,5,0.0,19,0.0,0,0.0,20.83,0.0,2020-09-27,-,0,-
1280,-33,deleted_user_6305131,-,912.9,-1.16,1333.62,0.0,140.24,0.39,6,0.0,0,0.0,4,0.0,2,0.0,0.0,0.0,2026-01-18,-,0,-
-,-,Gyrocopter,-,911.69,-1.27,1297.45,0.0,128.59,0.42,12,0.0,5,0.0,7,0.0,0,0.0,41.67,0.0,2021-03-02,-,0,-
-,-,Toniolamachine,-,911.11,-2.39,1117.9,0.0,68.93,0.8,60,0.0,12,0.0,48,0.0,0,0.0,20.0,0.0,2022-09-04,-,0,-
1281,-38,yourdearbrother,-,910.98,-11.74,1204.41,-46.64,97.81,-11.63,18,6.0,2,0.0,16,6.0,0,0.0,11.11,-5.56,2026-03-09,-,0,-
1282,new,NixonSparrow,-,910.54,460.54,1248.0,-252.0,112.48,112.48,12,12.0,4,4.0,8,8.0,0,0.0,33.33,33.33,2026-04-25,-,0,-
-,-,funpaul66,-,908.89,-2.8,1085.88,0.0,59.0,0.93,114,0.0,19,0.0,91,0.0,4,0.0,16.67,0.0,2023-06-04,-,0,-
-,-,Anchy,-,908.54,-1.95,1159.45,0.0,83.64,0.65,36,0.0,10,0.0,26,0.0,0,0.0,27.78,0.0,2022-06-05,-,0,-
-,-,blubeck,-,907.7,-2.2,1130.7,0.0,74.33,0.73,60,0.0,15,0.0,45,0.0,0,0.0,25.0,0.0,2022-06-05,-,0,-
-,-,aboadaa,-,907.07,-1.27,1292.75,0.0,128.56,0.42,12,0.0,4,0.0,8,0.0,0,0.0,33.33,0.0,2021-03-02,-,0,-
1283,-35,Igordol,-,906.18,-3.11,1068.75,0.0,54.19,1.04,75,0.0,9,0.0,64,0.0,2,0.0,12.0,0.0,2026-01-16,-,0,1174.0
-,-,hors7,-,905.26,-2.09,1140.82,0.0,78.52,0.7,30,0.0,2,0.0,25,0.0,3,0.0,6.67,0.0,2023-11-15,-,0,-
1284,-35,vekijo,-,905.21,-1.51,1230.49,0.0,108.43,0.5,12,0.0,3,0.0,9,0.0,0,0.0,25.0,0.0,2026-01-08,-,0,-
-,-,Badavan,-,905.14,-1.32,1274.94,0.0,123.27,0.44,12,0.0,3,0.0,8,0.0,1,0.0,25.0,0.0,2024-02-23,-,0,-
-,-,MarryMeVlaada,-,904.98,-1.37,1262.21,0.0,119.07,0.46,12,0.0,5,0.0,7,0.0,0,0.0,41.67,0.0,2023-12-03,-,0,-
-,-,williamtywong,-,904.4,-1.68,1197.87,0.0,97.82,0.56,24,0.0,6,0.0,15,0.0,3,0.0,25.0,0.0,2021-03-02,-,0,-
-,-,PandaJJ,-,903.86,-1.84,1170.83,0.0,88.99,0.61,24,0.0,4,0.0,20,0.0,0,0.0,16.67,0.0,2025-01-21,-,0,1112.0
-,-,IndianaJones,-,902.72,-1.59,1210.79,0.0,102.69,0.53,18,0.0,4,0.0,12,0.0,2,0.0,22.22,0.0,2023-01-15,-,0,-
-,-,Monty1979,-,902.3,-1.77,1183.47,0.0,93.72,0.59,24,0.0,7,0.0,17,0.0,0,0.0,29.17,0.0,2025-01-21,-,0,1183.0
-,-,Xayide,-,902.24,-1.19,1314.13,0.0,137.3,0.4,12,0.0,5,0.0,7,0.0,0,0.0,41.67,0.0,2020-03-22,-,0,-
-,-,Aghamin,-,901.38,-3.07,1064.07,0.0,54.23,1.02,174,0.0,27,0.0,146,0.0,1,0.0,15.52,0.0,2023-07-15,-,0,-
-,-,ElArchitekto,-,901.36,-1.34,1265.45,0.0,121.36,0.45,12,0.0,3,0.0,9,0.0,0,0.0,25.0,0.0,2025-01-23,-,0,1184.0
1285,-35,Smithereens,-,901.34,-1.44,1241.14,0.0,113.27,0.48,12,0.0,2,0.0,9,0.0,1,0.0,16.67,0.0,2026-01-11,-,0,-
-,-,HumptyMonkey,-,900.11,-1.88,1162.51,0.0,87.47,0.63,36,0.0,9,0.0,26,0.0,1,0.0,25.0,0.0,2021-06-02,-,0,-
-,-,Marthy,-,899.49,-1.19,1309.95,0.0,136.82,0.4,12,0.0,1,0.0,7,0.0,4,0.0,8.33,0.0,2024-02-23,-,0,-
-,-,Proximo,-,896.19,-1.45,1233.92,0.0,112.58,0.48,12,0.0,2,0.0,10,0.0,0,0.0,16.67,0.0,2025-01-12,-,0,1184.0
1286,-35,lengesses,-,895.05,-1.83,1162.42,0.0,89.12,0.61,24,0.0,2,0.0,22,0.0,0,0.0,8.33,0.0,2026-01-15,-,0,1184.0
1287,-35,AvanAgornin,-,894.73,-1.47,1228.27,0.0,111.18,0.49,12,0.0,1,0.0,11,0.0,0,0.0,8.33,0.0,2026-01-11,-,0,-
-,-,FRadar,-,894.35,-1.37,1251.4,0.0,119.02,0.46,12,0.0,2,0.0,10,0.0,0,0.0,16.67,0.0,2024-02-23,-,0,-
-,-,captpirat,-,893.85,-1.25,1286.45,0.0,130.87,0.42,12,0.0,3,0.0,9,0.0,0,0.0,25.0,0.0,2024-01-16,-,0,-
1288,-35,K0ncept,-,893.13,-1.99,1139.82,0.0,82.23,0.66,24,0.0,4,0.0,19,0.0,1,0.0,16.67,0.0,2025-10-09,-,0,1429.0
1289,-35,Saginse,-,892.7,-2.11,1125.27,0.0,77.52,0.7,54,0.0,10,0.0,44,0.0,0,0.0,18.52,0.0,2025-12-01,-,0,-
-,-,GullyRiddims,-,891.35,-1.68,1183.3,0.0,97.31,0.56,24,0.0,7,0.0,17,0.0,0,0.0,29.17,0.0,2021-09-05,-,0,-
-,-,Lara13,-,889.74,-1.41,1237.74,0.0,116.0,0.47,12,0.0,1,0.0,11,0.0,0,0.0,8.33,0.0,2024-06-02,-,0,-
-,-,balarithon,-,888.63,-2.66,1075.51,0.0,62.29,0.89,99,0.0,17,0.0,80,0.0,2,0.0,17.17,0.0,2023-06-04,-,0,-
-,-,Mustarda,PT,888.57,-1.1,1332.26,0.0,147.9,0.37,6,0.0,1,0.0,5,0.0,0,0.0,16.67,0.0,2024-06-16,-,0,-
-,-,kamilya,-,888.31,-1.13,1322.79,0.0,144.82,0.38,6,0.0,1,0.0,4,0.0,1,0.0,16.67,0.0,2024-11-30,-,0,1287.0
1290,-62,vulinhchelsea,-,887.68,-62.48,1403.47,-217.3,171.93,-51.61,6,3.0,4,1.0,2,2.0,0,0.0,66.67,-33.33,2026-03-17,-,0,-
-,-,DeNnY0810,-,887.58,-2.35,1096.89,0.0,69.77,0.78,60,0.0,10,0.0,48,0.0,2,0.0,16.67,0.0,2024-03-03,-,0,-
-,-,Soiled_Undercrackers,-,886.87,-1.31,1260.65,0.0,124.59,0.44,12,0.0,4,0.0,7,0.0,1,0.0,33.33,0.0,2021-06-02,-,0,-
-,-,Lindoro,-,886.59,-1.21,1291.56,0.0,134.99,0.4,12,0.0,7,0.0,5,0.0,0,0.0,58.33,0.0,2024-06-02,-,0,-
-,-,DrunkenPete,-,886.51,-1.36,1245.82,0.0,119.77,0.45,12,0.0,2,0.0,10,0.0,0,0.0,16.67,0.0,2025-01-18,-,0,1184.0
1291,-36,Rius,-,885.83,-1.02,1367.28,0.0,160.48,0.34,6,0.0,3,0.0,3,0.0,0,0.0,50.0,0.0,2026-01-28,-,0,-
-,-,Cubeec,-,885.25,-1.17,1303.29,0.0,139.35,0.39,12,0.0,4,0.0,8,0.0,0,0.0,33.33,0.0,2020-06-28,-,0,-
-,-,Mmcgo2,-,885.2,-1.37,1242.95,0.0,119.25,0.46,12,0.0,3,0.0,9,0.0,0,0.0,25.0,0.0,2022-03-06,-,0,-
-,-,Flam3ister,-,884.01,-1.14,1314.41,0.0,143.47,0.38,6,0.0,1,0.0,5,0.0,0,0.0,16.67,0.0,2023-01-15,-,0,-
-,-,chizcw,-,883.95,-1.8,1156.93,0.0,90.99,0.6,36,0.0,8,0.0,27,0.0,1,0.0,22.22,0.0,2021-03-02,-,0,-
1292,-36,kackajoni,-,883.11,-1.65,1180.89,0.0,99.26,0.55,24,0.0,7,0.0,17,0.0,0,0.0,29.17,0.0,2026-01-20,-,0,1118.0
-,-,jdl,-,882.76,-1.24,1278.78,0.0,132.01,0.41,12,0.0,2,0.0,10,0.0,0,0.0,16.67,0.0,2024-01-16,-,0,-
1293,-36,Kradmesor,-,882.44,-1.46,1218.96,0.0,112.17,0.49,18,0.0,2,0.0,16,0.0,0,0.0,11.11,0.0,2025-12-01,-,0,1287.0
-,-,Miir,-,882.21,-1.14,1311.51,0.0,143.1,0.38,12,0.0,5,0.0,7,0.0,0,0.0,41.67,0.0,2020-09-27,-,0,-
-,-,Melo0,-,882.18,-1.12,1317.38,0.0,145.07,0.37,6,0.0,0,0.0,5,0.0,1,0.0,0.0,0.0,2023-01-15,-,0,-
1294,12,Podrik,-,881.12,142.59,1145.56,76.19,88.15,-22.13,27,15.0,5,4.0,22,11.0,0,0.0,18.52,10.19,2026-04-26,-,0,-
-,-,Sultos,-,879.84,-1.32,1250.27,0.0,123.48,0.44,12,0.0,3,0.0,8,0.0,1,0.0,25.0,0.0,2020-12-06,-,0,-
-,-,Golgotha,-,879.65,-1.15,1304.19,0.0,141.51,0.38,12,0.0,5,0.0,7,0.0,0,0.0,41.67,0.0,2020-09-27,-,0,-
1295,-37,paroova,-,878.96,-1.07,1337.66,0.0,152.9,0.36,6,0.0,1,0.0,5,0.0,0,0.0,16.67,0.0,2025-12-01,-,0,-
-,-,Chris_Bray,-,878.07,-1.61,1182.09,0.0,101.34,0.54,24,0.0,6,0.0,18,0.0,0,0.0,25.0,0.0,2021-03-02,-,0,-
-,-,denguny,-,877.37,-1.11,1317.15,0.0,146.59,0.37,12,0.0,3,0.0,8,0.0,1,0.0,25.0,0.0,2020-06-28,-,0,-
-,-,VOLDO1989,-,877.37,-1.11,1317.15,0.0,146.59,0.37,12,0.0,3,0.0,8,0.0,1,0.0,25.0,0.0,2020-06-28,-,0,-
-,-,NICKnACK,-,877.37,-1.11,1317.15,0.0,146.59,0.37,12,0.0,3,0.0,8,0.0,1,0.0,25.0,0.0,2020-06-28,-,0,-
1296,-37,ZeroMaximus,-,875.28,-1.31,1248.39,0.0,124.37,0.44,18,0.0,4,0.0,14,0.0,0,0.0,22.22,0.0,2026-01-16,-,0,-
-,-,Blahu,-,872.31,-1.26,1259.76,0.0,129.15,0.42,12,0.0,3,0.0,9,0.0,0,0.0,25.0,0.0,2024-02-23,-,0,-
1297,-37,S.C.U.D.,-,871.63,-1.71,1159.05,0.0,95.81,0.57,18,0.0,0,0.0,13,0.0,5,0.0,0.0,0.0,2025-12-01,-,0,1067.0
-,-,Calamar,-,871.48,-1.33,1239.42,0.0,122.65,0.44,12,0.0,3,0.0,9,0.0,0,0.0,25.0,0.0,2024-02-23,-,0,-
-,-,SwedishFish,-,871.04,-1.42,1215.77,0.0,114.91,0.47,12,0.0,2,0.0,10,0.0,0,0.0,16.67,0.0,2025-01-19,-,0,1184.0
1298,-37,Fifagi,-,870.11,-1.52,1192.97,0.0,107.62,0.51,12,0.0,1,0.0,9,0.0,2,0.0,8.33,0.0,2026-01-18,-,0,-
-,-,O.K.,-,867.64,-1.77,1145.36,0.0,92.57,0.59,27,0.0,3,0.0,24,0.0,0,0.0,11.11,0.0,2025-01-19,-,0,1118.0
-,-,hongcha,-,867.16,-1.09,1316.14,0.0,149.66,0.36,6,0.0,0,0.0,4,0.0,2,0.0,0.0,0.0,2023-01-15,-,0,-
-,-,Alpha.K,-,866.75,-1.09,1316.91,0.0,150.05,0.36,6,0.0,0,0.0,5,0.0,1,0.0,0.0,0.0,2023-03-01,-,0,-
-,-,Inco,-,866.75,-1.4,1217.5,0.0,116.92,0.47,24,0.0,5,0.0,18,0.0,1,0.0,20.83,0.0,2019-12-30,-,0,-
-,-,Vv_Sazer,-,864.29,-1.66,1159.94,0.0,98.55,0.55,24,0.0,3,0.0,16,0.0,5,0.0,12.5,0.0,2021-06-02,-,0,-
-,-,RockStar3AG,-,863.95,-1.68,1154.98,0.0,97.01,0.56,24,0.0,4,0.0,19,0.0,1,0.0,16.67,0.0,2021-06-02,-,0,-
-,-,omniswitcher,-,861.7,-1.96,1112.52,0.0,83.61,0.65,48,0.0,10,0.0,38,0.0,0,0.0,20.83,0.0,2021-06-02,-,0,-
-,-,Petoss,-,861.65,-0.89,1412.18,0.0,183.51,0.3,3,0.0,1,0.0,2,0.0,0,0.0,33.33,0.0,2023-04-11,-,0,-
-,-,F1087,-,861.51,-1.75,1142.24,0.0,93.58,0.58,24,0.0,5,0.0,18,0.0,1,0.0,20.83,0.0,2022-03-06,-,0,-
1299,new,paul7xyz,-,860.24,410.24,1179.46,-320.54,106.4,106.4,12,12.0,1,1.0,11,11.0,0,0.0,8.33,8.33,2026-04-22,-,0,-
-,-,CaveMan8683,-,858.96,-1.09,1306.52,0.0,149.19,0.36,6,0.0,1,0.0,5,0.0,0,0.0,16.67,0.0,2024-11-12,-,0,1287.0
1300,-38,Soul_Viper,-,858.55,-1.12,1296.82,0.0,146.09,0.37,6,0.0,0,0.0,4,0.0,2,0.0,0.0,0.0,2025-12-01,-,0,-
1301,-38,JackoKun,-,857.38,-1.7,1146.24,0.0,96.28,0.57,18,0.0,1,0.0,16,0.0,1,0.0,5.56,0.0,2026-01-21,-,0,1287.0
-,-,meni,-,856.71,-0.89,1404.89,0.0,182.73,0.3,3,0.0,1,0.0,2,0.0,0,0.0,33.33,0.0,2023-02-05,-,0,-
-,-,dra49,-,856.27,-1.91,1113.12,0.0,85.61,0.64,42,0.0,7,0.0,35,0.0,0,0.0,16.67,0.0,2023-01-15,-,0,-
-,-,MartyParty,-,856.11,-1.11,1298.86,0.0,147.58,0.37,6,0.0,1,0.0,5,0.0,0,0.0,16.67,0.0,2023-01-15,-,0,-
-,-,Aluc4rd,-,855.88,-1.7,1145.04,0.0,96.39,0.57,24,0.0,3,0.0,19,0.0,2,0.0,12.5,0.0,2021-06-02,-,0,-
-,-,DPRK,-,853.11,-1.31,1226.38,0.0,124.42,0.44,12,0.0,2,0.0,10,0.0,0,0.0,16.67,0.0,2025-01-14,-,0,989.0
-,-,SrLantes,-,852.98,-1.18,1267.74,0.0,138.25,0.39,12,0.0,3,0.0,8,0.0,1,0.0,25.0,0.0,2019-12-29,-,0,-
1302,-38,TomaszW,-,851.01,-1.18,1267.45,0.0,138.81,0.39,6,0.0,0,0.0,6,0.0,0,0.0,0.0,0.0,2025-12-01,-,0,-
-,-,Yannis,-,850.39,-1.51,1175.28,0.0,108.3,0.5,24,0.0,3,0.0,19,0.0,2,0.0,12.5,0.0,2020-09-27,-,0,-
-,-,Furlan,-,850.0,-1.02,1330.79,0.0,160.27,0.34,6,0.0,1,0.0,5,0.0,0,0.0,16.67,0.0,2023-01-15,-,0,-
-,-,popdragon,-,849.94,-1.18,1264.25,0.0,138.11,0.39,12,0.0,3,0.0,9,0.0,0,0.0,25.0,0.0,2024-01-16,-,0,-
1303,-38,Titiman,-,849.88,-1.91,1106.72,0.0,85.61,0.64,30,0.0,5,0.0,24,0.0,1,0.0,16.67,0.0,2026-01-16,-,0,1287.0
1304,-38,Estia,-,849.59,-1.14,1279.4,0.0,143.27,0.38,6,0.0,0,0.0,6,0.0,0,0.0,0.0,0.0,2025-12-01,-,0,-
-,-,hsss,-,848.53,-1.28,1229.73,0.0,127.07,0.43,12,0.0,2,0.0,10,0.0,0,0.0,16.67,0.0,2025-01-11,-,0,1118.0
-,-,Millership,-,847.4,-2.36,1056.98,0.0,69.86,0.79,66,0.0,7,0.0,58,0.0,1,0.0,10.61,0.0,2024-01-16,-,0,-
-,-,CanisLupus,-,846.86,-1.14,1277.57,0.0,143.57,0.38,6,0.0,0,0.0,4,0.0,2,0.0,0.0,0.0,2024-11-18,-,0,1287.0
-,-,SPEEDOWAGON,-,846.77,-1.88,1107.26,0.0,86.83,0.63,30,0.0,4,0.0,25,0.0,1,0.0,13.33,0.0,2024-11-19,-,0,1287.0
1305,-37,majin,-,846.56,-1.07,1305.28,0.0,152.91,0.36,6,0.0,0,0.0,6,0.0,0,0.0,0.0,0.0,2025-12-01,-,0,-
1306,-39,landrew,-,846.08,-1.97,1095.44,0.0,83.12,0.66,24,0.0,5,0.0,19,0.0,0,0.0,20.83,0.0,2026-01-19,-,0,-
-,-,hbattosai83,-,844.9,-1.62,1148.47,0.0,101.19,0.54,24,0.0,6,0.0,18,0.0,0,0.0,25.0,0.0,2021-06-02,-,0,-
-,-,BlueJay,-,843.46,-1.49,1173.85,0.0,110.13,0.5,12,0.0,2,0.0,10,0.0,0,0.0,16.67,0.0,2025-01-24,-,0,1184.0
-,-,Zosia,-,843.42,-1.72,1128.23,0.0,94.94,0.57,24,0.0,6,0.0,18,0.0,0,0.0,25.0,0.0,2023-06-04,-,0,-
1307,-38,Etro,-,843.21,-1.18,1257.2,0.0,137.99,0.39,6,0.0,0,0.0,6,0.0,0,0.0,0.0,0.0,2025-12-01,-,0,-
-,-,Nyita,-,842.71,-1.07,1298.58,0.0,151.96,0.36,6,0.0,1,0.0,5,0.0,0,0.0,16.67,0.0,2023-01-15,-,0,-
-,-,Jagophile,-,840.85,-1.25,1231.3,0.0,130.15,0.42,12,0.0,2,0.0,10,0.0,0,0.0,16.67,0.0,2024-02-23,-,0,-
-,-,Baseballbob,-,840.8,-1.11,1280.57,0.0,146.59,0.37,12,0.0,3,0.0,9,0.0,0,0.0,25.0,0.0,2020-06-28,-,0,-
-,-,xoiben,-,840.8,-1.11,1280.57,0.0,146.59,0.37,12,0.0,3,0.0,9,0.0,0,0.0,25.0,0.0,2020-06-28,-,0,-
-,-,MrDosu,-,840.38,-1.15,1264.48,0.0,141.37,0.38,12,0.0,3,0.0,9,0.0,0,0.0,25.0,0.0,2020-03-30,-,0,-
-,-,kivirowei,-,840.36,-1.49,1169.71,0.0,109.78,0.5,15,0.0,2,0.0,13,0.0,0,0.0,13.33,0.0,2025-03-26,-,0,1174.0
-,-,rvanloon,-,839.99,-1.48,1170.52,0.0,110.18,0.49,24,0.0,5,0.0,19,0.0,0,0.0,20.83,0.0,2020-12-06,-,0,-
-,-,GreyFrog,-,838.54,-1.08,1293.39,0.0,151.62,0.36,12,0.0,4,0.0,8,0.0,0,0.0,33.33,0.0,2018-09-30,-,0,-
-,-,Flynn,-,837.91,-1.76,1116.43,0.0,92.84,0.59,54,0.0,8,0.0,45,0.0,1,0.0,14.81,0.0,2018-10-07,-,0,-
-,-,Stefanos,-,837.46,-1.89,1098.17,0.0,86.9,0.63,36,0.0,5,0.0,31,0.0,0,0.0,13.89,0.0,2021-12-05,-,0,-
-,-,Moon2g,-,836.1,-1.15,1261.34,0.0,141.75,0.38,12,0.0,3,0.0,9,0.0,0,0.0,25.0,0.0,2020-06-28,-,0,-
1308,-37,Marabu.,-,835.71,-1.2,1244.95,0.0,136.42,0.4,6,0.0,0,0.0,5,0.0,1,0.0,0.0,0.0,2025-12-01,-,0,-
-,-,Ronald1,-,835.7,-0.98,1336.52,0.0,166.94,0.33,6,0.0,3,0.0,3,0.0,0,0.0,50.0,0.0,2024-01-16,-,0,-
-,-,marcelodadf,-,835.48,-1.02,1314.0,0.0,159.51,0.34,6,0.0,1,0.0,5,0.0,0,0.0,16.67,0.0,2024-02-23,-,0,-
-,-,Imperator_Europy,-,835.17,-1.18,1249.38,0.0,138.07,0.39,12,0.0,3,0.0,8,0.0,1,0.0,25.0,0.0,2020-09-27,-,0,-
-,-,KingBilly,-,834.84,-1.38,1189.34,0.0,118.17,0.46,12,0.0,1,0.0,11,0.0,0,0.0,8.33,0.0,2024-02-23,-,0,-
-,-,thokk,-,834.59,-1.54,1153.01,0.0,106.14,0.51,12,0.0,0,0.0,10,0.0,2,0.0,0.0,0.0,2024-06-02,-,0,-
1309,-37,FabioFurious,-,834.47,-1.15,1261.44,0.0,142.32,0.38,6,0.0,0,0.0,6,0.0,0,0.0,0.0,0.0,2025-12-01,-,0,-
-,-,NicolasJavier,-,831.87,-1.45,1169.57,0.0,112.56,0.48,12,0.0,1,0.0,11,0.0,0,0.0,8.33,0.0,2025-01-12,-,0,1184.0
-,-,bigshotrob,-,831.39,-1.18,1247.55,0.0,138.72,0.39,12,0.0,4,0.0,8,0.0,0,0.0,33.33,0.0,2020-09-27,-,0,-
-,-,Tikki,US,830.86,-2.26,1048.54,0.0,72.56,0.75,72,0.0,8,0.0,62,0.0,2,0.0,11.11,0.0,2022-06-05,-,0,-
-,-,FidelC,-,830.05,-2.42,1033.53,0.0,67.83,0.81,84,0.0,12,0.0,72,0.0,0,0.0,14.29,0.0,2022-09-04,-,0,-
-,-,Majunior,-,829.45,-1.06,1289.43,0.0,153.32,0.35,6,0.0,0,0.0,4,0.0,2,0.0,0.0,0.0,2024-11-21,-,0,1287.0
-,-,__Alex__,-,828.95,-1.99,1078.0,0.0,83.02,0.66,42,0.0,8,0.0,32,0.0,2,0.0,19.05,0.0,2024-10-01,-,0,-
-,-,Claudio,-,828.25,-1.17,1248.15,0.0,139.97,0.39,12,0.0,3,0.0,9,0.0,0,0.0,25.0,0.0,2019-09-30,-,0,-
1310,new,DaddySparky,-,826.87,376.87,1163.54,-336.46,112.22,112.22,12,12.0,2,2.0,10,10.0,0,0.0,16.67,16.67,2026-04-26,-,0,-
-,-,Vee,IN,825.7,-0.79,1445.17,0.0,206.49,0.26,3,0.0,2,0.0,1,0.0,0,0.0,66.67,0.0,2023-11-17,-,0,-
-,-,Neyragrat,-,825.54,-1.13,1258.59,0.0,144.35,0.38,6,0.0,1,0.0,5,0.0,0,0.0,16.67,0.0,2023-01-15,-,0,-
-,-,HectorDart,-,824.96,-1.4,1174.95,0.0,116.66,0.47,12,0.0,2,0.0,10,0.0,0,0.0,16.67,0.0,2023-06-04,-,0,-
-,-,fader_master,-,824.35,-2.32,1036.04,0.0,70.56,0.77,84,0.0,10,0.0,74,0.0,0,0.0,11.9,0.0,2022-03-06,-,0,-
-,-,Beldaran10,-,824.01,-1.34,1189.28,0.0,121.76,0.45,24,0.0,4,0.0,20,0.0,0,0.0,16.67,0.0,2020-09-27,-,0,-
-,-,Malekith,-,823.96,-1.33,1191.88,0.0,122.64,0.44,12,0.0,1,0.0,11,0.0,0,0.0,8.33,0.0,2025-01-20,-,0,1184.0
-,-,denwiller,-,823.63,-1.17,1240.41,0.0,138.92,0.39,12,0.0,1,0.0,10,0.0,1,0.0,8.33,0.0,2024-11-20,-,0,1287.0
-,-,Agathon,TR,822.49,-1.16,1245.92,0.0,141.14,0.39,9,0.0,1,0.0,8,0.0,0,0.0,11.11,0.0,2025-04-05,-,0,-
-,-,Sleepwalker,-,822.11,-1.17,1241.82,0.0,139.9,0.39,12,0.0,4,0.0,8,0.0,0,0.0,33.33,0.0,2019-12-29,-,0,-
-,-,Demianv,-,821.26,-1.74,1103.29,0.0,94.01,0.58,54,0.0,6,0.0,47,0.0,1,0.0,11.11,0.0,2019-02-17,-,0,-
-,-,bigbird85,-,819.38,-1.36,1178.7,0.0,119.78,0.45,12,0.0,3,0.0,8,0.0,1,0.0,25.0,0.0,2022-03-06,-,0,-
-,-,TomaszWielki,-,819.14,-1.11,1258.29,0.0,146.38,0.37,12,0.0,4,0.0,8,0.0,0,0.0,33.33,0.0,2020-06-28,-,0,-
-,-,Mochiman,-,818.79,-1.12,1256.65,0.0,145.95,0.37,12,0.0,3,0.0,8,0.0,1,0.0,25.0,0.0,2019-09-30,-,0,-
-,-,Pachuca74,-,817.67,-2.57,1009.13,0.0,63.82,0.86,156,0.0,17,0.0,139,0.0,0,0.0,10.9,0.0,2022-09-04,-,0,-
1311,-37,Czechlands,-,816.81,0.4,1175.51,-25.39,119.57,-8.6,18,6.0,5,0.0,13,6.0,0,0.0,27.78,-13.89,2026-03-05,-,0,-
-,-,intelligentskeleton,VN,815.8,-1.18,1231.85,0.0,138.68,0.39,6,0.0,0,0.0,6,0.0,0,0.0,0.0,0.0,2024-06-16,-,0,-
-,-,Khimbo,-,815.63,-1.49,1145.2,0.0,109.86,0.5,30,0.0,4,0.0,26,0.0,0,0.0,13.33,0.0,2017-11-10,-,0,-
1312,-39,ScubaPig,-,815.52,-1.19,1226.29,0.0,136.92,0.4,6,0.0,0,0.0,6,0.0,0,0.0,0.0,0.0,2025-12-01,-,0,-
1313,-38,jjk,-,814.63,-1.23,1214.19,0.0,133.19,0.41,12,0.0,0,0.0,8,0.0,4,0.0,0.0,0.0,2025-12-01,-,0,-
-,-,Fembrosia,-,814.62,-1.32,1184.86,0.0,123.41,0.44,12,0.0,3,0.0,9,0.0,0,0.0,25.0,0.0,2022-03-06,-,0,-
1314,new,BuddhaBoost,-,814.37,364.37,1112.14,-387.86,99.26,99.26,15,15.0,2,2.0,13,13.0,0,0.0,13.33,13.33,2026-04-27,-,0,-
-,-,RayBird,-,813.82,-1.07,1271.61,0.0,152.59,0.36,6,0.0,0,0.0,6,0.0,0,0.0,0.0,0.0,2023-03-01,-,0,-
-,-,lulligator,-,813.82,-1.35,1176.09,0.0,120.76,0.45,12,0.0,0,0.0,12,0.0,0,0.0,0.0,0.0,2020-06-14,-,0,-
1315,-39,PIRCSUPREME,-,813.65,-1.93,1068.03,0.0,84.79,0.64,24,0.0,2,0.0,20,0.0,2,0.0,8.33,0.0,2025-07-14,-,0,852.0
1316,-39,Shuvo2406,-,813.49,-1.41,1162.09,0.0,116.2,0.47,12,0.0,0,0.0,10,0.0,2,0.0,0.0,0.0,2025-10-06,-,0,1435.0
-,-,welchi,-,813.14,-1.21,1217.86,0.0,134.9,0.4,12,0.0,2,0.0,9,0.0,1,0.0,16.67,0.0,2020-09-27,-,0,-
1317,-39,Mewunit,-,812.55,-1.21,1216.18,0.0,134.54,0.4,6,0.0,0,0.0,6,0.0,0,0.0,0.0,0.0,2025-12-01,-,0,-
-,-,sirivanhoe,-,812.25,-1.18,1225.73,0.0,137.83,0.39,12,0.0,2,0.0,10,0.0,0,0.0,16.67,0.0,2020-06-28,-,0,-
1318,-39,Ivan_A_Destructalot,-,811.38,-1.47,1144.37,0.0,111.0,0.49,12,0.0,1,0.0,11,0.0,0,0.0,8.33,0.0,2026-01-15,-,0,-
-,-,Jammykins,-,811.36,-1.19,1224.31,0.0,137.65,0.4,12,0.0,3,0.0,9,0.0,0,0.0,25.0,0.0,2020-06-28,-,0,-
1319,-39,Tapio,-,810.32,-1.4,1160.97,0.0,116.88,0.47,24,0.0,4,0.0,20,0.0,0,0.0,16.67,0.0,2026-01-17,-,0,1287.0
1320,-39,PriestCthulhu,-,809.81,-1.19,1221.18,0.0,137.12,0.4,6,0.0,0,0.0,6,0.0,0,0.0,0.0,0.0,2025-12-01,-,0,-
-,-,noppi,-,808.62,-1.13,1242.3,0.0,144.56,0.38,12,0.0,4,0.0,8,0.0,0,0.0,33.33,0.0,2019-12-30,-,0,-
-,-,AlbertoMCS,-,808.6,-1.3,1184.78,0.0,125.39,0.43,12,0.0,4,0.0,8,0.0,0,0.0,33.33,0.0,2021-12-05,-,0,-
-,-,DrDuff,-,807.29,-1.29,1186.35,0.0,126.35,0.43,12,0.0,2,0.0,10,0.0,0,0.0,16.67,0.0,2024-02-23,-,0,-
-,-,antonfstam,-,806.2,-1.3,1183.29,0.0,125.69,0.43,12,0.0,1,0.0,11,0.0,0,0.0,8.33,0.0,2020-09-27,-,0,-
-,-,Jonasmeister,-,806.04,-1.5,1133.71,0.0,109.22,0.5,12,0.0,1,0.0,10,0.0,1,0.0,8.33,0.0,2023-12-03,-,0,-
-,-,Roybocop,-,803.85,-1.6,1110.15,0.0,102.1,0.53,24,0.0,3,0.0,19,0.0,2,0.0,12.5,0.0,2022-03-06,-,0,-
-,-,Conor_Osullivan,-,803.68,-1.16,1224.21,0.0,140.17,0.39,12,0.0,3,0.0,9,0.0,0,0.0,25.0,0.0,2020-03-30,-,0,-
1321,-39,Sopelek,-,802.99,-2.14,1031.96,0.0,76.32,0.71,39,0.0,5,0.0,33,0.0,1,0.0,12.82,0.0,2025-12-01,-,0,912.0
-,-,shall7,-,801.89,-1.34,1167.11,0.0,121.74,0.45,12,0.0,0,0.0,12,0.0,0,0.0,0.0,0.0,2020-06-28,-,0,-
-,-,SoupyDan,-,801.68,-1.08,1254.02,0.0,150.78,0.36,12,0.0,3,0.0,7,0.0,2,0.0,25.0,0.0,2020-06-28,-,0,-
-,-,deaddams,-,800.1,-1.49,1128.16,0.0,109.35,0.5,24,0.0,5,0.0,19,0.0,0,0.0,20.83,0.0,2021-03-02,-,0,-
-,-,Melonduck4000,-,799.4,-1.02,1279.86,0.0,160.15,0.34,6,0.0,1,0.0,5,0.0,0,0.0,16.67,0.0,2024-02-23,-,0,-
1322,-39,andregois,-,799.17,-1.12,1235.67,0.0,145.5,0.37,12,0.0,4,0.0,8,0.0,0,0.0,33.33,0.0,2026-01-16,-,0,-
-,-,Maghda,-,799.08,-1.27,1184.15,0.0,128.36,0.42,12,0.0,0,0.0,8,0.0,4,0.0,0.0,0.0,2020-12-06,-,0,-
-,-,Edenys,-,798.84,-1.06,1259.77,0.0,153.64,0.35,6,0.0,1,0.0,5,0.0,0,0.0,16.67,0.0,2023-01-15,-,0,-
1323,-39,NapoRules,-,798.76,-1.05,1265.34,0.0,155.52,0.35,9,0.0,5,0.0,4,0.0,0,0.0,55.56,0.0,2025-11-08,-,0,1416.0
-,-,WulfstanCyning,-,798.0,-1.44,1138.51,0.0,113.5,0.48,24,0.0,4,0.0,20,0.0,0,0.0,16.67,0.0,2020-09-27,-,0,-
-,-,gaberosser,-,797.92,-1.28,1180.43,0.0,127.5,0.43,12,0.0,1,0.0,11,0.0,0,0.0,8.33,0.0,2024-01-16,-,0,-
-,-,fuxio82,-,796.38,-2.2,1019.71,0.0,74.44,0.73,72,0.0,8,0.0,62,0.0,2,0.0,11.11,0.0,2021-12-05,-,0,-
-,-,win021795,-,795.67,-1.28,1177.13,0.0,127.15,0.43,12,0.0,4,0.0,8,0.0,0,0.0,33.33,0.0,2021-03-02,-,0,-
-,-,S0neca_,-,795.62,-0.83,1383.41,0.0,195.93,0.28,3,0.0,1,0.0,2,0.0,0,0.0,33.33,0.0,2024-11-13,-,0,1287.0
-,-,XiePei,-,791.35,-1.38,1146.31,0.0,118.32,0.46,12,0.0,1,0.0,11,0.0,0,0.0,8.33,0.0,2020-06-28,-,0,-
1324,-39,BubaTwenty4,-,791.3,-1.15,1215.3,0.0,141.33,0.38,6,0.0,0,0.0,6,0.0,0,0.0,0.0,0.0,2025-12-01,-,0,-
-,-,jacobmaster,-,791.15,-1.06,1252.14,0.0,153.66,0.35,6,0.0,1,0.0,5,0.0,0,0.0,16.67,0.0,2023-01-15,-,0,-
-,-,Cespac,-,791.1,-1.71,1078.43,0.0,95.78,0.57,36,0.0,5,0.0,29,0.0,2,0.0,13.89,0.0,2024-01-16,-,0,-
-,-,Spip74,-,791.08,-1.67,1084.76,0.0,97.9,0.56,24,0.0,3,0.0,21,0.0,0,0.0,12.5,0.0,2022-06-05,-,0,-
-,-,Gelsomiina,-,790.63,-1.47,1123.33,0.0,110.9,0.49,12,0.0,1,0.0,11,0.0,0,0.0,8.33,0.0,2025-01-09,-,0,1184.0
-,-,Borewitsch,-,789.86,-1.24,1186.16,0.0,132.1,0.41,12,0.0,2,0.0,10,0.0,0,0.0,16.67,0.0,2020-09-27,-,0,-
-,-,BartoszN,-,789.6,-1.34,1155.14,0.0,121.85,0.45,12,0.0,1,0.0,10,0.0,1,0.0,8.33,0.0,2021-03-02,-,0,-
1325,-39,Readicculus,-,787.62,-1.11,1230.49,0.0,147.62,0.37,6,0.0,0,0.0,6,0.0,0,0.0,0.0,0.0,2025-12-01,-,0,-
-,-,Cesaras,-,787.2,-1.13,1219.53,0.0,144.11,0.38,12,0.0,3,0.0,9,0.0,0,0.0,25.0,0.0,2020-06-28,-,0,-
1326,-39,Mathilda,-,786.93,-1.17,1204.75,0.0,139.27,0.39,6,0.0,0,0.0,6,0.0,0,0.0,0.0,0.0,2025-12-01,-,0,-
-,-,Apofis,BG,786.85,-1.17,1205.08,0.0,139.41,0.39,6,0.0,0,0.0,6,0.0,0,0.0,0.0,0.0,2023-01-15,-,0,-
-,-,12thManStanding,-,786.76,-1.13,1221.26,0.0,144.83,0.38,12,0.0,2,0.0,10,0.0,0,0.0,16.67,0.0,2018-06-10,-,0,-
-,-,pasin11,-,786.36,-1.26,1173.78,0.0,129.14,0.42,12,0.0,2,0.0,10,0.0,0,0.0,16.67,0.0,2024-01-16,-,0,-
1327,-39,Vroshnak,-,786.15,-1.09,1236.08,0.0,149.98,0.36,6,0.0,0,0.0,6,0.0,0,0.0,0.0,0.0,2025-12-01,-,0,-
1328,-39,Monken,-,784.05,-1.37,1142.67,0.0,119.54,0.46,18,0.0,3,0.0,15,0.0,0,0.0,16.67,0.0,2025-12-01,-,0,1287.0
-,-,budi,-,783.9,-1.27,1169.66,0.0,128.58,0.42,12,0.0,2,0.0,10,0.0,0,0.0,16.67,0.0,2021-03-02,-,0,-
-,-,Pascalculate,VN,783.4,-2.1,1017.66,0.0,78.09,0.7,72,0.0,6,0.0,63,0.0,3,0.0,8.33,0.0,2023-06-04,-,0,-
-,-,Rusticista,-,783.33,-1.06,1247.16,0.0,154.61,0.35,6,0.0,1,0.0,5,0.0,0,0.0,16.67,0.0,2023-01-15,-,0,-
1329,-39,Castanicus,-,782.66,-1.63,1082.47,0.0,99.94,0.54,24,0.0,2,0.0,22,0.0,0,0.0,8.33,0.0,2026-01-26,-,0,1184.0
1330,-38,Giulio_GC,-,781.18,-1.43,1123.37,0.0,114.06,0.48,12,0.0,0,0.0,12,0.0,0,0.0,0.0,0.0,2026-01-09,-,0,-
1331,-38,Captain_Alex,-,781.12,-1.38,1135.51,0.0,118.13,0.46,12,0.0,1,0.0,11,0.0,0,0.0,8.33,0.0,2025-12-01,-,0,-
1332,-41,pjorge,-,780.83,-1.81,1051.84,0.0,90.34,0.6,30,0.0,2,0.0,28,0.0,0,0.0,6.67,0.0,2025-12-01,-,0,1184.0
-,-,dudurban,-,778.86,-1.0,1267.83,0.0,162.99,0.33,6,0.0,2,0.0,4,0.0,0,0.0,33.33,0.0,2024-01-16,-,0,-
1333,-39,OblongOrange,-,778.69,-1.38,1133.06,0.0,118.12,0.46,12,0.0,3,0.0,8,0.0,1,0.0,25.0,0.0,2026-01-08,-,0,-
-,-,Drenteller,-,776.57,-1.12,1214.06,0.0,145.83,0.37,12,0.0,4,0.0,7,0.0,1,0.0,33.33,0.0,2020-09-27,-,0,-
-,-,danjoy72,-,776.47,-1.32,1148.36,0.0,123.96,0.44,12,0.0,2,0.0,10,0.0,0,0.0,16.67,0.0,2024-02-23,-,0,-
-,-,midr,-,775.65,-1.04,1246.26,0.0,156.87,0.35,6,0.0,0,0.0,6,0.0,0,0.0,0.0,0.0,2024-02-23,-,0,-
-,-,ralba,-,774.3,-1.71,1060.74,0.0,95.48,0.57,24,0.0,2,0.0,22,0.0,0,0.0,8.33,0.0,2022-06-05,-,0,-
-,-,Toledator,-,774.17,-1.14,1205.12,0.0,143.65,0.38,12,0.0,1,0.0,8,0.0,3,0.0,8.33,0.0,2019-09-30,-,0,-
-,-,ancientmagellan,-,774.11,-1.49,1102.29,0.0,109.39,0.5,24,0.0,4,0.0,19,0.0,1,0.0,16.67,0.0,2020-12-06,-,0,-
1334,new,Alex2297,-,773.09,323.09,1112.13,-387.87,113.01,113.01,12,12.0,2,2.0,10,10.0,0,0.0,16.67,16.67,2026-04-28,-,0,-
1335,-39,Sexyboy,-,772.98,-1.1,1219.56,0.0,148.86,0.37,6,0.0,0,0.0,6,0.0,0,0.0,0.0,0.0,2025-12-01,-,0,-
1336,-41,MATADORDELMAR,-,772.83,-1.95,1024.81,0.0,83.99,0.65,30,0.0,1,0.0,28,0.0,1,0.0,3.33,0.0,2026-01-12,-,0,1287.0
-,-,Sislar,-,771.24,-1.09,1219.61,0.0,149.46,0.36,6,0.0,0,0.0,6,0.0,0,0.0,0.0,0.0,2024-11-29,-,0,1287.0
-,-,Grobir,-,770.87,-1.06,1233.93,0.0,154.35,0.35,6,0.0,0,0.0,6,0.0,0,0.0,0.0,0.0,2024-02-23,-,0,-
1337,-40,Rocodo,-,770.64,-1.12,1206.83,0.0,145.4,0.37,9,0.0,2,0.0,6,0.0,1,0.0,22.22,0.0,2025-09-25,-,0,1413.0
-,-,kuatz,-,770.63,-1.1,1213.63,0.0,147.67,0.37,6,0.0,1,0.0,5,0.0,0,0.0,16.67,0.0,2023-01-15,-,0,-
-,-,Ev85,-,770.58,-1.47,1103.98,0.0,111.13,0.49,12,0.0,1,0.0,11,0.0,0,0.0,8.33,0.0,2025-05-05,-,0,1429.0
1338,-40,Telanis,-,769.86,-1.1,1215.47,0.0,148.54,0.37,6,0.0,0,0.0,6,0.0,0,0.0,0.0,0.0,2025-12-01,-,0,-
-,-,JaneHatke,-,769.8,-2.12,1002.24,0.0,77.48,0.71,72,0.0,8,0.0,64,0.0,0,0.0,11.11,0.0,2021-09-05,-,0,-
-,-,DukeofCarniola,-,769.22,-1.15,1196.02,0.0,142.27,0.38,6,0.0,0,0.0,6,0.0,0,0.0,0.0,0.0,2024-11-11,-,0,1287.0
1339,-40,Vojvoda_Micko,-,769.03,-1.1,1213.71,0.0,148.23,0.37,6,0.0,0,0.0,6,0.0,0,0.0,0.0,0.0,2025-12-01,-,0,-
-,-,whitepand,-,768.61,-1.42,1112.84,0.0,114.74,0.47,12,0.0,0,0.0,12,0.0,0,0.0,0.0,0.0,2021-09-05,-,0,-
1340,-40,CJcj,-,768.27,-1.11,1210.34,0.0,147.36,0.37,6,0.0,0,0.0,6,0.0,0,0.0,0.0,0.0,2025-12-01,-,0,-
-,-,tbrofromspace,-,767.84,-1.17,1192.38,0.0,141.51,0.39,12,0.0,4,0.0,8,0.0,0,0.0,33.33,0.0,2025-01-13,-,0,1184.0
-,-,FLIIIPER,-,767.66,-1.11,1207.43,0.0,146.59,0.37,12,0.0,2,0.0,10,0.0,0,0.0,16.67,0.0,2020-06-28,-,0,-
-,-,alanbateman,-,767.66,-1.11,1207.43,0.0,146.59,0.37,12,0.0,2,0.0,10,0.0,0,0.0,16.67,0.0,2020-06-14,-,0,-
-,-,Jaydash808,-,767.66,-1.11,1207.43,0.0,146.59,0.37,12,0.0,2,0.0,10,0.0,0,0.0,16.67,0.0,2020-06-28,-,0,-
-,-,Kangaroodi,-,767.66,-1.11,1207.43,0.0,146.59,0.37,12,0.0,2,0.0,10,0.0,0,0.0,16.67,0.0,2020-06-28,-,0,-
-,-,Rikitiki,-,767.38,-1.13,1200.22,0.0,144.28,0.38,6,0.0,0,0.0,6,0.0,0,0.0,0.0,0.0,2024-11-24,-,0,1287.0
-,-,Igrokratiya,-,766.86,-1.18,1181.08,0.0,138.07,0.39,12,0.0,0,0.0,12,0.0,0,0.0,0.0,0.0,2025-01-10,-,0,1184.0
-,-,bananarepublic,-,766.45,-1.35,1128.57,0.0,120.71,0.45,12,0.0,2,0.0,10,0.0,0,0.0,16.67,0.0,2021-06-02,-,0,-
-,-,loggum,-,766.0,-1.25,1158.93,0.0,130.98,0.42,12,0.0,2,0.0,9,0.0,1,0.0,16.67,0.0,2020-03-29,-,0,-
-,-,Tsu,-,764.81,-1.35,1126.76,0.0,120.65,0.45,21,0.0,3,0.0,16,0.0,2,0.0,14.29,0.0,2020-09-27,-,0,-
-,-,ukjohnboy,-,764.69,-1.59,1073.49,0.0,102.93,0.53,24,0.0,3,0.0,17,0.0,4,0.0,12.5,0.0,2021-09-05,-,0,-
-,-,postalrat,-,764.4,-1.2,1173.54,0.0,136.38,0.4,12,0.0,3,0.0,9,0.0,0,0.0,25.0,0.0,2024-02-23,-,0,-
-,-,CharmingP,-,764.1,-1.36,1124.68,0.0,120.19,0.45,12,0.0,3,0.0,9,0.0,0,0.0,25.0,0.0,2023-06-04,-,0,-
1341,-40,davidx,-,763.42,-0.78,1393.54,0.0,210.04,0.26,3,0.0,2,0.0,1,0.0,0,0.0,66.67,0.0,2025-08-26,-,0,-
-,-,Sooroosh,-,763.17,-1.06,1225.07,0.0,153.97,0.35,6,0.0,0,0.0,6,0.0,0,0.0,0.0,0.0,2024-11-18,-,0,-
-,-,jineegood,-,762.81,-1.15,1188.05,0.0,141.75,0.38,6,0.0,0,0.0,6,0.0,0,0.0,0.0,0.0,2023-01-15,-,0,-
-,-,JurisII,-,761.61,-1.66,1057.7,0.0,98.7,0.55,18,0.0,1,0.0,17,0.0,0,0.0,5.56,0.0,2023-01-15,-,0,-
-,-,dyz,-,761.55,-1.03,1235.24,0.0,157.9,0.34,6,0.0,0,0.0,6,0.0,0,0.0,0.0,0.0,2023-01-15,-,0,-
-,-,PennyOrange,-,761.1,-1.3,1137.11,0.0,125.34,0.43,12,0.0,0,0.0,12,0.0,0,0.0,0.0,0.0,2024-11-16,-,0,1287.0
-,-,MikeyB,-,760.82,-1.25,1152.79,0.0,130.66,0.42,12,0.0,1,0.0,11,0.0,0,0.0,8.33,0.0,2024-02-23,-,0,-
-,-,Goatonhillside,-,760.77,-1.19,1171.31,0.0,136.85,0.4,6,0.0,0,0.0,6,0.0,0,0.0,0.0,0.0,2024-11-17,-,0,1287.0
-,-,Dipac,-,760.02,-1.31,1132.85,0.0,124.28,0.44,12,0.0,2,0.0,10,0.0,0,0.0,16.67,0.0,2025-01-15,-,0,1184.0
-,-,mehanik,-,759.55,-1.08,1210.68,0.0,150.37,0.36,6,0.0,0,0.0,6,0.0,0,0.0,0.0,0.0,2023-01-15,-,0,-
-,-,Asturia,-,759.34,-1.07,1218.58,0.0,153.08,0.36,6,0.0,0,0.0,6,0.0,0,0.0,0.0,0.0,2023-01-15,-,0,-
-,-,Totox,-,759.06,-0.85,1337.74,0.0,192.89,0.28,3,0.0,1,0.0,2,0.0,0,0.0,33.33,0.0,2023-02-05,-,0,-
-,-,Toreander,-,758.64,-1.27,1145.46,0.0,128.94,0.42,12,0.0,0,0.0,10,0.0,2,0.0,0.0,0.0,2021-03-02,-,0,-
-,-,Chatir,-,758.42,-1.72,1044.57,0.0,95.39,0.57,36,0.0,6,0.0,30,0.0,0,0.0,16.67,0.0,2021-06-02,-,0,-
-,-,Kaspipos,-,758.18,-1.08,1211.87,0.0,151.23,0.36,6,0.0,0,0.0,6,0.0,0,0.0,0.0,0.0,2024-11-27,-,0,1287.0
1342,-40,Pecheros,-,757.51,-2.16,985.51,0.0,76.0,0.72,60,0.0,1,0.0,55,0.0,4,0.0,1.67,0.0,2025-12-01,-,0,-
-,-,Yahtzee12,-,757.23,-1.91,1014.41,0.0,85.73,0.64,75,0.0,8,0.0,65,0.0,2,0.0,10.67,0.0,2023-11-17,-,0,-
-,-,MacBad,-,756.97,-1.34,1122.62,0.0,121.88,0.45,12,0.0,0,0.0,12,0.0,0,0.0,0.0,0.0,2020-06-14,-,0,-
-,-,DiegoCoelho,-,756.73,-1.55,1074.23,0.0,105.83,0.52,24,0.0,3,0.0,21,0.0,0,0.0,12.5,0.0,2022-06-05,-,0,-
-,-,Muzerious,-,755.82,-1.11,1196.67,0.0,146.95,0.37,6,0.0,0,0.0,6,0.0,0,0.0,0.0,0.0,2024-11-17,-,0,1287.0
-,-,Tapis_volant,-,755.69,-1.23,1155.07,0.0,133.13,0.41,12,0.0,3,0.0,9,0.0,0,0.0,25.0,0.0,2020-09-27,-,0,-
-,-,rporrini,-,755.19,-2.07,993.73,0.0,79.51,0.69,102,0.0,11,0.0,90,0.0,1,0.0,10.78,0.0,2019-12-29,-,0,-
-,-,Majinbuu,-,755.1,-1.67,1048.88,0.0,97.93,0.56,24,0.0,0,0.0,23,0.0,1,0.0,0.0,0.0,2024-01-16,-,0,-
-,-,Svaldini,CA,753.99,-1.06,1215.3,0.0,153.77,0.35,6,0.0,1,0.0,5,0.0,0,0.0,16.67,0.0,2023-01-15,-,0,-
-,-,Eyswein,US,753.95,-1.14,1182.09,0.0,142.71,0.38,6,0.0,1,0.0,5,0.0,0,0.0,16.67,0.0,2024-09-01,-,0,-
-,-,Pietro,-,752.23,-1.05,1216.26,0.0,154.68,0.35,6,0.0,0,0.0,5,0.0,1,0.0,0.0,0.0,2023-01-15,-,0,1388.0
-,-,to118,-,751.98,-1.59,1062.11,0.0,103.38,0.53,24,0.0,4,0.0,19,0.0,1,0.0,16.67,0.0,2020-12-06,-,0,-
-,-,CaiChengzhi,-,750.99,-1.1,1197.28,0.0,148.76,0.37,6,0.0,0,0.0,6,0.0,0,0.0,0.0,0.0,2024-11-14,-,0,1287.0
-,-,Sir_Jacob,-,750.73,-2.05,991.19,0.0,80.15,0.68,48,0.0,4,0.0,43,0.0,1,0.0,8.33,0.0,2021-12-05,-,0,-
-,-,James2at8,-,749.14,-1.09,1197.78,0.0,149.55,0.36,6,0.0,0,0.0,6,0.0,0,0.0,0.0,0.0,2024-02-23,-,0,-
1343,-40,William_Adama,-,748.63,-1.03,1222.4,0.0,157.92,0.34,6,0.0,0,0.0,6,0.0,0,0.0,0.0,0.0,2025-12-01,-,0,-
-,-,IndieErikJones,-,748.33,-1.36,1109.44,0.0,120.37,0.45,12,0.0,1,0.0,11,0.0,0,0.0,8.33,0.0,2024-02-23,-,0,-
-,-,DannyTheKing,-,746.78,-1.33,1116.06,0.0,123.09,0.44,12,0.0,1,0.0,11,0.0,0,0.0,8.33,0.0,2021-09-05,-,0,-
-,-,alex20030190,-,746.78,-1.31,1121.44,0.0,124.89,0.44,12,0.0,0,0.0,12,0.0,0,0.0,0.0,0.0,2020-09-27,-,0,-
-,-,BGMafia12,-,746.51,-1.21,1149.9,0.0,134.46,0.4,12,0.0,4,0.0,8,0.0,0,0.0,33.33,0.0,2021-06-02,-,0,-
-,-,Alain23,-,744.26,-1.48,1075.14,0.0,110.29,0.49,12,0.0,1,0.0,11,0.0,0,0.0,8.33,0.0,2025-01-09,-,0,1184.0
-,-,miberale,-,743.31,-2.05,983.36,0.0,80.02,0.68,36,0.0,0,0.0,34,0.0,2,0.0,0.0,0.0,2023-06-04,-,0,-
-,-,Rincy73,-,742.18,-1.12,1179.19,0.0,145.67,0.37,6,0.0,0,0.0,6,0.0,0,0.0,0.0,0.0,2023-01-15,-,0,-
1344,-40,Natulya,-,741.56,-1.12,1178.77,0.0,145.74,0.37,6,0.0,1,0.0,5,0.0,0,0.0,16.67,0.0,2025-12-01,-,0,-
-,-,TwoFold,-,740.03,-1.33,1107.92,0.0,122.63,0.44,18,0.0,2,0.0,16,0.0,0,0.0,11.11,0.0,2025-01-11,-,0,1184.0
1345,-40,Durpan,-,739.04,-1.46,1075.63,0.0,112.2,0.49,18,0.0,1,0.0,17,0.0,0,0.0,5.56,0.0,2025-12-01,-,0,1184.0
-,-,OGWiseman,-,738.63,-1.41,1086.86,0.0,116.08,0.47,12,0.0,1,0.0,11,0.0,0,0.0,8.33,0.0,2024-02-23,-,0,-
-,-,Tohuwabohu,-,738.54,-1.03,1213.52,0.0,158.33,0.34,6,0.0,0,0.0,6,0.0,0,0.0,0.0,0.0,2023-01-15,-,0,-
-,-,john1325,-,737.76,-1.75,1017.64,0.0,93.29,0.58,48,0.0,5,0.0,43,0.0,0,0.0,10.42,0.0,2021-03-02,-,0,-
-,-,GuiStempelme,-,734.85,-1.1,1177.92,0.0,147.69,0.37,6,0.0,0,0.0,6,0.0,0,0.0,0.0,0.0,2023-01-15,-,0,-
-,-,ImPlayingN4K3D,-,733.22,-1.26,1121.97,0.0,129.59,0.42,12,0.0,1,0.0,9,0.0,2,0.0,8.33,0.0,2021-03-02,-,0,-
-,-,Anto-8080,-,731.32,-1.14,1159.88,0.0,142.85,0.38,12,0.0,3,0.0,9,0.0,0,0.0,25.0,0.0,2020-09-27,-,0,-
-,-,Frimandyr,-,731.08,-1.11,1170.86,0.0,146.59,0.37,12,0.0,1,0.0,10,0.0,1,0.0,8.33,0.0,2020-06-28,-,0,-
-,-,Mscislaw,-,731.08,-1.11,1170.86,0.0,146.59,0.37,12,0.0,1,0.0,10,0.0,1,0.0,8.33,0.0,2020-06-28,-,0,-
-,-,Nanozawr,-,729.76,-1.21,1134.48,0.0,134.9,0.4,12,0.0,1,0.0,10,0.0,1,0.0,8.33,0.0,2020-09-27,-,0,-
1346,-39,Neno011,-,729.37,-1.1,1175.08,0.0,148.57,0.37,6,0.0,0,0.0,6,0.0,0,0.0,0.0,0.0,2025-12-01,-,0,-
-,-,AmazingMrHedge,-,728.93,-0.94,1249.51,0.0,173.53,0.31,6,0.0,1,0.0,5,0.0,0,0.0,16.67,0.0,2024-02-23,-,0,-
-,-,jimlaughs64,-,728.54,-1.02,1209.22,0.0,160.23,0.34,6,0.0,2,0.0,4,0.0,0,0.0,33.33,0.0,2024-11-26,-,0,1287.0
-,-,jasdrakken,-,727.72,-1.43,1070.93,0.0,114.4,0.48,24,0.0,4,0.0,20,0.0,0,0.0,16.67,0.0,2019-05-26,-,0,-
-,-,SirBrandalot,-,725.37,-1.18,1141.64,0.0,138.76,0.39,12,0.0,2,0.0,10,0.0,0,0.0,16.67,0.0,2020-09-27,-,0,-
-,-,Zeti,-,723.22,-1.16,1144.5,0.0,140.42,0.39,12,0.0,0,0.0,9,0.0,3,0.0,0.0,0.0,2020-06-28,-,0,-
-,-,StefanOkrzeja,-,722.73,-1.06,1184.28,0.0,153.85,0.35,6,0.0,0,0.0,6,0.0,0,0.0,0.0,0.0,2024-12-03,-,0,1287.0
-,-,putritralala,-,722.61,-1.26,1111.72,0.0,129.7,0.42,12,0.0,3,0.0,9,0.0,0,0.0,25.0,0.0,2021-06-02,-,0,-
1347,-39,gmathes,-,722.37,-1.15,1149.76,0.0,142.46,0.38,6,0.0,0,0.0,6,0.0,0,0.0,0.0,0.0,2025-12-01,-,0,-
-,-,doodoo,-,721.73,-1.23,1118.98,0.0,132.42,0.41,12,0.0,2,0.0,10,0.0,0,0.0,16.67,0.0,2020-12-06,-,0,-
-,-,Sobain,-,720.6,-0.78,1351.23,0.0,210.21,0.26,3,0.0,0,0.0,2,0.0,1,0.0,0.0,0.0,2023-02-05,-,0,-
-,-,apricot,-,720.59,-1.43,1062.96,0.0,114.12,0.48,12,0.0,0,0.0,10,0.0,2,0.0,0.0,0.0,2022-09-04,-,0,-
-,-,TheJamesBlake,-,720.23,-1.05,1184.76,0.0,154.84,0.35,6,0.0,0,0.0,6,0.0,0,0.0,0.0,0.0,2023-01-15,-,0,-
-,-,SMASH,-,719.61,-1.19,1132.56,0.0,137.65,0.4,12,0.0,2,0.0,10,0.0,0,0.0,16.67,0.0,2020-06-28,-,0,-
-,-,fmfglkhk,-,719.42,-0.99,1212.29,0.0,164.29,0.33,6,0.0,0,0.0,5,0.0,1,0.0,0.0,0.0,2023-01-15,-,0,-
-,-,Cholismo89,-,719.1,-1.27,1104.78,0.0,128.56,0.42,12,0.0,0,0.0,10,0.0,2,0.0,0.0,0.0,2021-03-02,-,0,-
-,-,Tippin,-,718.77,-1.0,1209.01,0.0,163.41,0.33,6,0.0,0,0.0,6,0.0,0,0.0,0.0,0.0,2024-02-23,-,0,-
-,-,Hectek,-,717.39,-1.69,1006.82,0.0,96.48,0.56,24,0.0,0,0.0,24,0.0,0,0.0,0.0,0.0,2025-04-18,-,0,1433.0
-,-,cassini23,-,717.09,-1.44,1057.25,0.0,113.39,0.48,12,0.0,0,0.0,12,0.0,0,0.0,0.0,0.0,2023-06-04,-,0,-
1348,new,TheRobe,-,716.92,266.92,1400.12,-99.88,227.74,227.74,3,3.0,1,1.0,2,2.0,0,0.0,33.33,33.33,2026-05-05,-,0,-
-,-,Brzoza,-,715.2,-1.29,1095.23,0.0,126.68,0.43,12,0.0,2,0.0,10,0.0,0,0.0,16.67,0.0,2020-12-06,-,0,-
-,-,FalcoFernandes,-,712.51,-1.39,1063.71,0.0,117.06,0.46,24,0.0,3,0.0,21,0.0,0,0.0,12.5,0.0,2019-12-30,-,0,-
-,-,defazze,-,711.5,-1.11,1152.52,0.0,147.01,0.37,6,0.0,0,0.0,6,0.0,0,0.0,0.0,0.0,2023-01-15,-,0,-
-,-,Igor_TheGreatest,-,709.91,-1.4,1058.7,0.0,116.26,0.47,12,0.0,0,0.0,11,0.0,1,0.0,0.0,0.0,2022-06-05,-,0,-
-,-,Elionoir,-,709.49,-1.31,1083.58,0.0,124.7,0.44,12,0.0,4,0.0,8,0.0,0,0.0,33.33,0.0,2022-09-04,-,0,-
-,-,Zembo,-,709.29,-1.06,1169.07,0.0,153.26,0.35,6,0.0,0,0.0,6,0.0,0,0.0,0.0,0.0,2024-12-05,-,0,1287.0
-,-,Kerrigan99,-,707.29,-1.31,1080.59,0.0,124.43,0.44,12,0.0,0,0.0,9,0.0,3,0.0,0.0,0.0,2025-01-28,-,0,1435.0
-,-,Vxn,-,706.68,-1.14,1134.29,0.0,142.54,0.38,9,0.0,2,0.0,7,0.0,0,0.0,22.22,0.0,2023-06-04,-,0,-
-,-,xinjv,-,705.54,-1.4,1055.84,0.0,116.77,0.47,12,0.0,0,0.0,12,0.0,0,0.0,0.0,0.0,2021-12-05,-,0,-
-,-,suburbius,-,705.2,-1.49,1033.9,0.0,109.57,0.5,24,0.0,1,0.0,23,0.0,0,0.0,4.17,0.0,2020-12-06,-,0,-
-,-,Strange,-,703.49,-1.32,1073.3,0.0,123.27,0.44,24,0.0,4,0.0,20,0.0,0,0.0,16.67,0.0,2020-03-29,-,0,-
1349,-40,Dolio,-,702.97,-1.0,1191.55,0.0,162.86,0.33,6,0.0,0,0.0,6,0.0,0,0.0,0.0,0.0,2025-12-01,-,0,-
-,-,fedevet86,-,702.88,-1.41,1051.07,0.0,116.06,0.47,12,0.0,0,0.0,10,0.0,2,0.0,0.0,0.0,2022-06-05,-,0,-
-,-,CuteMiner,-,701.71,-1.3,1077.89,0.0,125.39,0.43,12,0.0,2,0.0,10,0.0,0,0.0,16.67,0.0,2021-12-05,-,0,-
-,-,Bethesda,-,701.53,-1.27,1086.07,0.0,128.18,0.42,12,0.0,0,0.0,10,0.0,2,0.0,0.0,0.0,2021-06-02,-,0,-
-,-,Adas,-,701.37,-1.18,1117.65,0.0,138.76,0.39,12,0.0,2,0.0,10,0.0,0,0.0,16.67,0.0,2020-09-27,-,0,-
1350,-40,psztika,-,698.9,-0.98,1199.47,0.0,166.86,0.33,6,0.0,0,0.0,6,0.0,0,0.0,0.0,0.0,2025-12-01,-,0,-
-,-,Hubcap4x4,-,696.51,-1.1,1143.25,0.0,148.91,0.37,12,0.0,4,0.0,8,0.0,0,0.0,33.33,0.0,2019-05-12,-,0,-
1351,-40,Shary,-,696.45,-1.01,1179.16,0.0,160.9,0.34,6,0.0,0,0.0,6,0.0,0,0.0,0.0,0.0,2025-12-01,-,0,-
-,-,Inteq,-,696.24,-1.29,1076.54,0.0,126.77,0.43,12,0.0,0,0.0,12,0.0,0,0.0,0.0,0.0,2020-09-27,-,0,-
-,-,TwoJay,-,695.09,-1.17,1113.07,0.0,139.33,0.39,12,0.0,1,0.0,11,0.0,0,0.0,8.33,0.0,2020-06-14,-,0,-
1352,-40,Dunedrain,-,694.63,-1.69,985.18,0.0,96.85,0.56,24,0.0,1,0.0,23,0.0,0,0.0,4.17,0.0,2025-07-31,-,0,1435.0
-,-,LeoLeo,-,694.51,-1.11,1134.29,0.0,146.59,0.37,12,0.0,0,0.0,10,0.0,2,0.0,0.0,0.0,2020-06-28,-,0,-
-,-,Nordenwatch,-,694.51,-1.11,1134.29,0.0,146.59,0.37,12,0.0,0,0.0,10,0.0,2,0.0,0.0,0.0,2020-06-28,-,0,-
-,-,burnedPotato,-,694.51,-1.11,1134.29,0.0,146.59,0.37,12,0.0,1,0.0,11,0.0,0,0.0,8.33,0.0,2020-06-28,-,0,-
1353,-39,SnoopyC4,-,694.35,-1.0,1185.85,0.0,163.83,0.33,6,0.0,0,0.0,6,0.0,0,0.0,0.0,0.0,2025-12-01,-,0,-
1354,-41,Pancake1,-,694.29,-1.3,1070.74,0.0,125.48,0.43,12,0.0,1,0.0,11,0.0,0,0.0,8.33,0.0,2025-12-01,-,0,-
-,-,astrostl,-,694.18,-1.06,1154.74,0.0,153.52,0.35,12,0.0,3,0.0,9,0.0,0,0.0,25.0,0.0,2019-09-22,-,0,-
-,-,Sorio,-,693.14,-1.1,1138.01,0.0,148.29,0.37,6,0.0,0,0.0,6,0.0,0,0.0,0.0,0.0,2023-01-15,-,0,-
-,-,LordCreed,-,693.12,-1.18,1109.11,0.0,138.66,0.39,12,0.0,1,0.0,11,0.0,0,0.0,8.33,0.0,2020-09-27,-,0,-
-,-,Fakkus,-,692.04,-1.23,1091.11,0.0,133.02,0.41,9,0.0,1,0.0,8,0.0,0,0.0,11.11,0.0,2023-06-04,-,0,-
1355,-40,OBILIC,-,689.55,-1.07,1145.21,0.0,151.88,0.36,6,0.0,0,0.0,6,0.0,0,0.0,0.0,0.0,2025-12-01,-,0,-
-,-,Moncop,-,689.42,-1.38,1043.6,0.0,118.06,0.46,12,0.0,0,0.0,11,0.0,1,0.0,0.0,0.0,2021-12-05,-,0,-
-,-,machine_elf,-,689.1,-1.07,1144.52,0.0,151.81,0.36,12,0.0,5,0.0,7,0.0,0,0.0,41.67,0.0,2019-05-26,-,0,-
1356,-40,deleted_user_5614334,-,688.25,-1.02,1167.74,0.0,159.83,0.34,6,0.0,0,0.0,6,0.0,0,0.0,0.0,0.0,2025-12-01,-,0,-
1357,-40,kynj,-,688.22,-0.99,1182.21,0.0,164.66,0.33,6,0.0,1,0.0,5,0.0,0,0.0,16.67,0.0,2025-12-01,-,0,-
-,-,Overmindless,-,687.77,-1.35,1049.52,0.0,120.58,0.45,12,0.0,0,0.0,12,0.0,0,0.0,0.0,0.0,2021-09-05,-,0,-
-,-,lolowest,-,687.56,-1.09,1137.28,0.0,149.91,0.36,6,0.0,0,0.0,6,0.0,0,0.0,0.0,0.0,2023-01-15,-,0,-
-,-,hkl,-,687.53,-1.03,1162.5,0.0,158.32,0.34,6,0.0,0,0.0,6,0.0,0,0.0,0.0,0.0,2023-01-15,-,0,-
-,-,SagYer,-,686.94,-1.0,1178.73,0.0,163.93,0.33,6,0.0,1,0.0,5,0.0,0,0.0,16.67,0.0,2023-01-15,-,0,-
-,-,matrozrabbi,-,686.61,-1.49,1016.19,0.0,109.86,0.5,30,0.0,0,0.0,30,0.0,0,0.0,0.0,0.0,2017-11-17,-,0,-
1358,-40,FabienB,-,686.15,-1.03,1160.24,0.0,158.03,0.34,6,0.0,0,0.0,6,0.0,0,0.0,0.0,0.0,2025-12-01,-,0,-
-,-,StartPlayer,GB,685.81,-1.09,1134.68,0.0,149.62,0.36,6,0.0,0,0.0,6,0.0,0,0.0,0.0,0.0,2023-01-15,-,0,-
-,-,rachpablo182,-,684.31,-1.04,1154.18,0.0,156.63,0.35,6,0.0,1,0.0,5,0.0,0,0.0,16.67,0.0,2024-11-23,-,0,1287.0
1359,-40,Viceroy,-,682.01,-1.41,1030.26,0.0,116.08,0.47,12,0.0,1,0.0,11,0.0,0,0.0,8.33,0.0,2026-01-05,-,0,-
1360,-40,Tietzsche,-,681.83,-1.37,1040.75,0.0,119.64,0.46,30,0.0,3,0.0,27,0.0,0,0.0,10.0,0.0,2026-01-18,-,0,1109.0
-,-,Zurabman,-,680.0,-1.31,1054.42,0.0,124.81,0.44,12,0.0,0,0.0,12,0.0,0,0.0,0.0,0.0,2020-12-06,-,0,-
-,-,alanala,-,679.84,-1.12,1117.0,0.0,145.72,0.37,12,0.0,3,0.0,8,0.0,1,0.0,25.0,0.0,2018-10-14,-,0,-
-,-,Donnin,-,676.91,-1.26,1065.67,0.0,129.59,0.42,12,0.0,0,0.0,10,0.0,2,0.0,0.0,0.0,2021-03-02,-,0,-
-,-,Danilo0h,-,676.78,-1.06,1140.32,0.0,154.51,0.35,6,0.0,0,0.0,6,0.0,0,0.0,0.0,0.0,2024-11-10,-,0,1287.0
-,-,Rwhite88,-,674.8,-1.19,1085.38,0.0,136.86,0.4,12,0.0,1,0.0,11,0.0,0,0.0,8.33,0.0,2019-12-30,-,0,-
1361,-40,Gandalf86,-,674.43,-1.02,1153.41,0.0,159.66,0.34,6,0.0,0,0.0,6,0.0,0,0.0,0.0,0.0,2025-12-01,-,0,-
-,-,xqcjfway,-,673.56,-1.35,1036.28,0.0,120.91,0.45,12,0.0,0,0.0,11,0.0,1,0.0,0.0,0.0,2023-02-05,-,0,-
1362,-40,mariyka,RU,673.21,-1.66,968.29,0.0,98.36,0.55,36,0.0,4,0.0,32,0.0,0,0.0,11.11,0.0,2025-12-01,-,0,1287.0
-,-,SumbuddyStopMe,-,673.0,-1.08,1128.06,0.0,151.69,0.36,6,0.0,0,0.0,6,0.0,0,0.0,0.0,0.0,2024-11-24,-,0,1287.0
1363,-40,Paajosh,-,672.93,-1.33,1042.67,0.0,123.25,0.44,24,0.0,3,0.0,21,0.0,0,0.0,12.5,0.0,2025-12-10,-,0,1118.0
-,-,DEATH,-,672.89,-0.85,1246.67,0.0,191.26,0.28,6,0.0,1,0.0,5,0.0,0,0.0,16.67,0.0,2017-10-27,-,0,-
-,-,pidzi,-,672.62,-1.36,1032.38,0.0,119.92,0.45,12,0.0,0,0.0,12,0.0,0,0.0,0.0,0.0,2022-06-05,-,0,-
-,-,amaze,-,671.47,-1.58,982.59,0.0,103.71,0.53,18,0.0,3,0.0,13,0.0,2,0.0,16.67,0.0,2025-02-28,-,0,1435.0
-,-,Kittyclaws,-,670.12,-1.35,1032.24,0.0,120.71,0.45,12,0.0,0,0.0,12,0.0,0,0.0,0.0,0.0,2021-06-02,-,0,-
-,-,ZappBranigan,-,668.61,-1.28,1049.91,0.0,127.1,0.43,12,0.0,0,0.0,12,0.0,0,0.0,0.0,0.0,2024-02-23,-,0,-
-,-,Paakit,AR,664.72,-1.64,963.18,0.0,99.49,0.55,18,0.0,0,0.0,17,0.0,1,0.0,0.0,0.0,2023-01-15,-,0,-
-,-,PeaceAndProsperity,-,664.4,-1.16,1086.44,0.0,140.68,0.39,12,0.0,0,0.0,11,0.0,1,0.0,0.0,0.0,2020-09-27,-,0,-
-,-,neomore,-,662.67,-1.4,1012.36,0.0,116.56,0.47,12,0.0,0,0.0,12,0.0,0,0.0,0.0,0.0,2021-09-05,-,0,-
-,-,Joshweiss789,-,658.42,-1.28,1042.55,0.0,128.04,0.43,12,0.0,2,0.0,9,0.0,1,0.0,16.67,0.0,2024-09-04,-,0,-
-,-,Johnthemilkman,-,657.94,-1.11,1097.72,0.0,146.59,0.37,12,0.0,0,0.0,11,0.0,1,0.0,0.0,0.0,2020-06-28,-,0,-
-,-,Oanti,-,657.94,-1.11,1097.72,0.0,146.59,0.37,12,0.0,0,0.0,11,0.0,1,0.0,0.0,0.0,2020-06-28,-,0,-
-,-,ducos,-,657.94,-1.11,1097.72,0.0,146.59,0.37,12,0.0,0,0.0,11,0.0,1,0.0,0.0,0.0,2020-06-28,-,0,-
-,-,timmypolilla92,-,657.94,-1.11,1097.72,0.0,146.59,0.37,12,0.0,0,0.0,11,0.0,1,0.0,0.0,0.0,2020-06-28,-,0,-
-,-,Starflower,-,657.94,-1.11,1097.72,0.0,146.59,0.37,12,0.0,0,0.0,11,0.0,1,0.0,0.0,0.0,2020-06-28,-,0,-
-,-,VeniVidiVindi,-,656.42,-1.21,1059.81,0.0,134.47,0.4,12,0.0,3,0.0,9,0.0,0,0.0,25.0,0.0,2021-06-02,-,0,-
-,-,Xanpat,-,654.97,-1.29,1035.78,0.0,126.94,0.43,21,0.0,2,0.0,18,0.0,1,0.0,9.52,0.0,2020-09-27,-,0,-
-,-,diverhawks,-,653.7,-1.34,1018.82,0.0,121.71,0.45,12,0.0,0,0.0,12,0.0,0,0.0,0.0,0.0,2021-09-05,-,0,-
-,-,Galaxy_Rhino,-,652.9,-0.93,1176.67,0.0,174.59,0.31,6,0.0,1,0.0,5,0.0,0,0.0,16.67,0.0,2024-01-16,-,0,-
1364,-40,emifon90,-,651.74,-1.14,1082.6,0.0,143.62,0.38,6,0.0,0,0.0,6,0.0,0,0.0,0.0,0.0,2025-12-01,-,0,1421.0
-,-,Orissai,-,651.17,-1.08,1106.47,0.0,151.77,0.36,6,0.0,0,0.0,6,0.0,0,0.0,0.0,0.0,2024-11-19,-,0,1287.0
1365,-40,chronos011,-,650.88,-1.16,1072.37,0.0,140.5,0.39,6,0.0,0,0.0,6,0.0,0,0.0,0.0,0.0,2025-12-01,-,0,-
-,-,Ms.QTPi,-,649.47,-0.71,1338.19,0.0,229.57,0.24,3,0.0,1,0.0,2,0.0,0,0.0,33.33,0.0,2025-02-20,-,0,1170.0
-,-,xyx,-,649.14,-0.88,1202.35,0.0,184.4,0.29,3,0.0,0,0.0,3,0.0,0,0.0,0.0,0.0,2024-10-13,-,0,-
-,-,SanaRana,-,646.24,-1.17,1064.55,0.0,139.44,0.39,12,0.0,0,0.0,12,0.0,0,0.0,0.0,0.0,2020-09-27,-,0,-
-,-,CeeJ,-,644.78,-1.05,1108.74,0.0,154.65,0.35,12,0.0,1,0.0,11,0.0,0,0.0,8.33,0.0,2024-01-16,-,0,-
-,-,King11,-,644.76,-1.86,909.14,0.0,88.12,0.62,36,0.0,0,0.0,34,0.0,2,0.0,0.0,0.0,2023-06-04,-,0,-
-,-,dub,-,644.63,-1.15,1069.17,0.0,141.51,0.38,12,0.0,1,0.0,11,0.0,0,0.0,8.33,0.0,2018-10-07,-,0,-
1366,-40,HolyOne,-,644.5,-1.27,1029.74,0.0,128.41,0.42,12,0.0,0,0.0,12,0.0,0,0.0,0.0,0.0,2025-12-01,-,0,1287.0
1367,-40,Rikard,-,644.41,-1.06,1105.03,0.0,153.54,0.35,6,0.0,0,0.0,6,0.0,0,0.0,0.0,0.0,2025-12-01,-,0,-
-,-,Noa1,-,642.86,-1.43,985.86,0.0,114.33,0.48,12,0.0,1,0.0,11,0.0,0,0.0,8.33,0.0,2025-03-27,-,0,-
-,-,tigeralleycat,-,641.99,-1.32,1014.47,0.0,124.16,0.44,12,0.0,1,0.0,11,0.0,0,0.0,8.33,0.0,2020-12-06,-,0,-
-,-,beeri,-,638.89,-1.36,998.45,0.0,119.86,0.45,12,0.0,0,0.0,12,0.0,0,0.0,0.0,0.0,2023-02-05,-,0,-
-,-,hs8127,-,636.16,-0.86,1204.15,0.0,189.33,0.29,3,0.0,0,0.0,3,0.0,0,0.0,0.0,0.0,2023-02-05,-,0,-
-,-,FOX23,-,634.79,-1.41,981.27,0.0,115.49,0.47,24,0.0,0,0.0,20,0.0,4,0.0,0.0,0.0,2021-06-02,-,0,1421.0
-,-,jeffcorrie,-,634.51,-1.17,1054.42,0.0,139.97,0.39,12,0.0,0,0.0,12,0.0,0,0.0,0.0,0.0,2019-09-29,-,0,-
-,-,eduarsu,-,633.93,-0.89,1183.34,0.0,183.14,0.3,6,0.0,0,0.0,5,0.0,1,0.0,0.0,0.0,2024-09-01,-,0,-
-,-,Masaka,-,632.83,-1.34,998.21,0.0,121.79,0.45,24,0.0,2,0.0,22,0.0,0,0.0,8.33,0.0,2021-03-02,-,0,-
1368,-40,ukrseaman,-,631.78,-1.67,925.99,0.0,98.07,0.56,24,0.0,0,0.0,24,0.0,0,0.0,0.0,0.0,2026-01-04,-,0,-
-,-,Deect,-,631.73,-1.36,991.06,0.0,119.78,0.45,12,0.0,0,0.0,11,0.0,1,0.0,0.0,0.0,2022-03-06,-,0,-
-,-,KingCarlos,-,630.94,-1.62,934.43,0.0,101.16,0.54,24,0.0,3,0.0,21,0.0,0,0.0,12.5,0.0,2022-09-04,-,0,-
-,-,Michael437,-,627.96,-1.25,1020.89,0.0,130.98,0.42,12,0.0,0,0.0,11,0.0,1,0.0,0.0,0.0,2020-03-29,-,0,-
-,-,Potti,-,627.09,-1.39,979.39,0.0,117.43,0.46,12,0.0,0,0.0,11,0.0,1,0.0,0.0,0.0,2021-12-05,-,0,-
-,-,Crazybrandon,-,626.79,-1.36,987.52,0.0,120.25,0.45,12,0.0,0,0.0,11,0.0,1,0.0,0.0,0.0,2023-02-05,-,0,-
1369,-40,Hengoroth,-,622.85,-1.45,961.77,0.0,112.97,0.48,30,0.0,3,0.0,27,0.0,0,0.0,10.0,0.0,2026-01-20,-,0,1184.0
-,-,thedayne,-,621.38,-1.03,1095.91,0.0,158.18,0.34,6,0.0,0,0.0,6,0.0,0,0.0,0.0,0.0,2023-01-15,-,0,-
-,-,Alfredo094,-,621.37,-1.11,1061.15,0.0,146.59,0.37,12,0.0,0,0.0,12,0.0,0,0.0,0.0,0.0,2020-06-14,-,0,-
-,-,gvasil,-,621.37,-1.11,1061.15,0.0,146.59,0.37,12,0.0,0,0.0,12,0.0,0,0.0,0.0,0.0,2020-06-28,-,0,-
-,-,dralbright,-,621.37,-1.11,1061.15,0.0,146.59,0.37,12,0.0,0,0.0,12,0.0,0,0.0,0.0,0.0,2020-06-14,-,0,-
-,-,nihao,-,619.49,-1.37,977.42,0.0,119.31,0.46,12,0.0,0,0.0,12,0.0,0,0.0,0.0,0.0,2021-12-05,-,0,-
-,-,joejones,-,619.44,-0.98,1117.69,0.0,166.08,0.33,6,0.0,0,0.0,6,0.0,0,0.0,0.0,0.0,2024-01-16,-,0,-
-,-,Roms90,-,618.79,-1.3,996.75,0.0,125.98,0.43,12,0.0,0,0.0,10,0.0,2,0.0,0.0,0.0,2021-03-02,-,0,-
-,-,simone.farina,-,616.35,-1.28,999.59,0.0,127.75,0.43,12,0.0,0,0.0,12,0.0,0,0.0,0.0,0.0,2020-06-14,-,0,-
-,-,saet1a,-,615.68,-0.91,1153.85,0.0,179.39,0.3,6,0.0,1,0.0,5,0.0,0,0.0,16.67,0.0,2024-01-16,-,0,-
-,-,lingdianyike,-,614.57,-1.18,1030.02,0.0,138.48,0.39,12,0.0,0,0.0,12,0.0,0,0.0,0.0,0.0,2024-01-16,-,0,-
-,-,Mazino,-,613.0,-0.8,1223.51,0.0,203.5,0.27,3,0.0,1,0.0,2,0.0,0,0.0,33.33,0.0,2023-02-05,-,0,-
-,-,BoMa85,-,612.08,-0.98,1113.2,0.0,167.04,0.33,6,0.0,0,0.0,6,0.0,0,0.0,0.0,0.0,2024-01-16,-,0,-
-,-,Xevi,-,611.92,-1.27,998.04,0.0,128.71,0.42,12,0.0,0,0.0,11,0.0,1,0.0,0.0,0.0,2020-12-06,-,0,-
-,-,issv,-,609.24,-1.37,966.3,0.0,119.02,0.46,12,0.0,0,0.0,12,0.0,0,0.0,0.0,0.0,2024-03-03,-,0,-
-,-,Simnel,-,607.46,-0.97,1109.94,0.0,167.49,0.32,6,0.0,0,0.0,6,0.0,0,0.0,0.0,0.0,2024-01-16,-,0,-
-,-,AoR,-,606.65,-1.09,1056.49,0.0,149.94,0.36,6,0.0,0,0.0,6,0.0,0,0.0,0.0,0.0,2023-01-15,-,0,-
-,-,uhujb,-,605.47,-1.34,970.54,0.0,121.69,0.45,12,0.0,0,0.0,11,0.0,1,0.0,0.0,0.0,2024-03-03,-,0,-
1370,-39,plamen,-,604.89,-1.6,910.94,0.0,102.02,0.53,24,0.0,0,0.0,24,0.0,0,0.0,0.0,0.0,2025-12-01,-,0,1287.0
-,-,greatestdecade,-,597.28,-1.44,936.6,0.0,113.11,0.48,12,0.0,0,0.0,12,0.0,0,0.0,0.0,0.0,2023-12-03,-,0,-
-,-,HostileApostle,-,596.43,-1.38,951.73,0.0,118.43,0.46,36,0.0,3,0.0,33,0.0,0,0.0,8.33,0.0,2020-03-30,-,0,-
-,-,Arual,-,595.81,-1.41,942.73,0.0,115.64,0.47,24,0.0,2,0.0,22,0.0,0,0.0,8.33,0.0,2020-03-30,-,0,-
-,-,BengtBapper,-,595.78,-1.34,962.58,0.0,122.26,0.45,12,0.0,0,0.0,12,0.0,0,0.0,0.0,0.0,2021-09-05,-,0,-
-,-,C4nt3r,-,591.58,-1.29,972.34,0.0,126.92,0.43,12,0.0,0,0.0,12,0.0,0,0.0,0.0,0.0,2020-12-06,-,0,-
-,-,jadeuk,-,588.83,-1.31,961.49,0.0,124.22,0.44,12,0.0,0,0.0,11,0.0,1,0.0,0.0,0.0,2021-06-02,-,0,-
-,-,Athenaios,-,586.53,-1.15,1013.7,0.0,142.39,0.38,12,0.0,0,0.0,12,0.0,0,0.0,0.0,0.0,2020-06-28,-,0,-
-,-,Bossland,-,579.07,-1.25,969.62,0.0,130.18,0.42,12,0.0,0,0.0,12,0.0,0,0.0,0.0,0.0,2020-12-06,-,0,-
-,-,AzzCark,-,578.91,-1.36,939.53,0.0,120.21,0.45,12,0.0,0,0.0,12,0.0,0,0.0,0.0,0.0,2024-09-04,-,0,-
-,-,Nemo233,-,577.91,-1.23,976.89,0.0,133.0,0.41,12,0.0,0,0.0,12,0.0,0,0.0,0.0,0.0,2020-12-06,-,0,-
-,-,-BARBAR-,-,576.41,-1.05,1042.79,0.0,155.46,0.35,6,0.0,0,0.0,6,0.0,0,0.0,0.0,0.0,2023-01-15,-,0,-
-,-,Ssimpson,-,576.36,-1.18,990.1,0.0,137.91,0.39,12,0.0,0,0.0,12,0.0,0,0.0,0.0,0.0,2020-09-27,-,0,-
-,-,SeThLaY,-,570.59,-0.89,1120.01,0.0,183.14,0.3,6,0.0,0,0.0,6,0.0,0,0.0,0.0,0.0,2024-11-28,-,0,1287.0
-,-,ppatrickme9,-,568.37,-1.27,954.39,0.0,128.67,0.42,12,0.0,2,0.0,10,0.0,0,0.0,16.67,0.0,2022-09-04,-,0,-
-,-,jjmancini,-,567.93,-0.89,1120.01,0.0,184.03,0.3,6,0.0,0,0.0,6,0.0,0,0.0,0.0,0.0,2024-01-16,-,0,-
-,-,LavenderQueen,-,567.93,-0.89,1120.01,0.0,184.03,0.3,6,0.0,0,0.0,6,0.0,0,0.0,0.0,0.0,2024-01-16,-,0,-
-,-,Srbak,-,567.93,-0.89,1120.01,0.0,184.03,0.3,6,0.0,0,0.0,6,0.0,0,0.0,0.0,0.0,2024-01-16,-,0,-
-,-,Utah7,-,567.31,-0.78,1191.55,0.0,208.08,0.26,3,0.0,0,0.0,3,0.0,0,0.0,0.0,0.0,2024-11-19,-,0,-
-,-,Fad23,-,567.05,-1.04,1036.87,0.0,156.6,0.35,12,0.0,1,0.0,11,0.0,0,0.0,8.33,0.0,2018-06-17,-,0,-
-,-,WhiteKnight1987,-,566.17,-1.39,918.94,0.0,117.59,0.46,12,0.0,0,0.0,12,0.0,0,0.0,0.0,0.0,2022-03-06,-,0,-
-,-,VerrueckterMax,-,564.56,-1.21,970.2,0.0,135.21,0.4,12,0.0,0,0.0,11,0.0,1,0.0,0.0,0.0,2021-03-02,-,0,-
-,-,Eroticus,-,563.13,-1.32,935.48,0.0,124.12,0.44,24,0.0,0,0.0,24,0.0,0,0.0,0.0,0.0,2018-10-07,-,0,-
-,-,dchampoy,-,558.89,-1.23,955.96,0.0,132.35,0.41,12,0.0,0,0.0,12,0.0,0,0.0,0.0,0.0,2020-12-06,-,0,-
1371,-39,ruben_san,-,557.65,-1.19,967.96,0.0,136.77,0.4,12,0.0,0,0.0,11,0.0,1,0.0,0.0,0.0,2025-12-01,-,0,-
-,-,red,-,554.77,-1.04,1027.68,0.0,157.64,0.35,6,0.0,0,0.0,6,0.0,0,0.0,0.0,0.0,2025-01-17,-,0,-
-,-,Reif,-,552.25,-1.23,951.65,0.0,133.13,0.41,12,0.0,0,0.0,12,0.0,0,0.0,0.0,0.0,2020-09-27,-,0,-
1372,-39,Viktoria301296,-,548.31,-1.25,939.23,0.0,130.31,0.42,12,0.0,2,0.0,10,0.0,0,0.0,16.67,0.0,2026-01-11,-,0,-
-,-,H4Y3K,-,541.67,-1.51,866.83,0.0,108.39,0.5,30,0.0,1,0.0,29,0.0,0,0.0,3.33,0.0,2024-01-16,-,0,-
-,-,Paeoc,BR,540.97,-0.84,1124.49,0.0,194.51,0.28,3,0.0,0,0.0,3,0.0,0,0.0,0.0,0.0,2023-04-11,-,0,-
-,-,syc8295,-,539.49,-1.12,975.76,0.0,145.42,0.37,12,0.0,0,0.0,12,0.0,0,0.0,0.0,0.0,2020-09-27,-,0,-
-,-,Narsil,-,538.69,-1.29,918.88,0.0,126.73,0.43,12,0.0,0,0.0,12,0.0,0,0.0,0.0,0.0,2020-12-06,-,0,-
-,-,Dantes2180,-,537.28,-0.88,1095.24,0.0,185.99,0.29,6,0.0,0,0.0,4,0.0,2,0.0,0.0,0.0,2024-01-16,-,0,-
1373,-39,luoxiaobai,-,532.94,-1.02,1012.2,0.0,159.75,0.34,6,0.0,0,0.0,5,0.0,1,0.0,0.0,0.0,2025-12-01,-,0,-
-,-,Calineczkaeu,-,531.96,-1.0,1021.53,0.0,163.19,0.33,6,0.0,0,0.0,6,0.0,0,0.0,0.0,0.0,2024-11-15,-,0,1287.0
-,-,lauch,DE,528.05,-0.93,1055.16,0.0,175.7,0.31,6,0.0,0,0.0,5,0.0,1,0.0,0.0,0.0,2024-01-16,-,0,-
-,-,Small_sips,-,521.49,-0.95,1039.43,0.0,172.64,0.32,6,0.0,0,0.0,6,0.0,0,0.0,0.0,0.0,2024-01-16,-,0,-
1374,new,Benedonuss,-,520.96,70.96,995.91,-504.09,158.32,158.32,6,6.0,0,0.0,5,5.0,1,1.0,0.0,0.0,2026-05-09,-,0,-
1375,-40,EnrySally,-,517.84,-0.93,1041.63,0.0,174.59,0.31,6,0.0,0,0.0,6,0.0,0,0.0,0.0,0.0,2025-12-01,-,0,-
1376,new,Mister_Pazel,-,517.17,67.17,1200.37,-299.63,227.74,227.74,3,3.0,0,0.0,3,3.0,0,0.0,0.0,0.0,2026-05-05,-,0,-
-,-,Kaaz,-,515.98,-1.33,883.71,0.0,122.57,0.44,12,0.0,0,0.0,12,0.0,0,0.0,0.0,0.0,2023-02-05,-,0,-
1377,-41,onion777,-,515.02,-0.71,1200.37,0.0,228.45,0.24,3,0.0,0,0.0,3,0.0,0,0.0,0.0,0.0,2025-08-11,-,0,-
-,-,shuihan,-,514.92,-1.15,939.47,0.0,141.52,0.38,12,0.0,0,0.0,12,0.0,0,0.0,0.0,0.0,2020-09-27,-,0,-
-,-,skwaeron,-,514.75,-1.17,934.48,0.0,139.91,0.39,12,0.0,0,0.0,12,0.0,0,0.0,0.0,0.0,2019-12-30,-,0,-
-,-,deleted_user_4359608,-,511.97,-0.92,1044.03,0.0,177.35,0.31,6,0.0,0,0.0,5,0.0,1,0.0,0.0,0.0,2024-02-25,-,0,-
-,-,Levente1989,-,510.6,-1.07,968.13,0.0,152.51,0.36,6,0.0,0,0.0,6,0.0,0,0.0,0.0,0.0,2024-11-15,-,0,1287.0
-,-,gh1,-,509.89,-1.25,902.76,0.0,130.96,0.42,12,0.0,0,0.0,12,0.0,0,0.0,0.0,0.0,2021-06-02,-,0,-
-,-,Rouming,RU,500.59,-0.98,999.65,0.0,166.35,0.33,6,0.0,0,0.0,6,0.0,0,0.0,0.0,0.0,2024-01-16,-,0,-
-,-,hewb2006,-,498.06,-1.09,948.41,0.0,150.12,0.36,12,0.0,0,0.0,11,0.0,1,0.0,0.0,0.0,2020-06-14,-,0,-
-,-,Jeff_Ffej,-,496.88,-0.94,1017.34,0.0,173.49,0.31,6,0.0,0,0.0,6,0.0,0,0.0,0.0,0.0,2024-01-16,-,0,-
-,-,deleted_user_7683175,-,493.3,-0.92,1024.09,0.0,176.93,0.31,6,0.0,0,0.0,6,0.0,0,0.0,0.0,0.0,2024-01-16,-,0,-
-,-,dogrockbeeboy,-,486.27,-0.85,1061.76,0.0,191.83,0.28,6,0.0,0,0.0,4,0.0,2,0.0,0.0,0.0,2024-01-16,-,0,-
-,-,Topalogy,-,482.56,-0.92,1015.24,0.0,177.56,0.31,6,0.0,0,0.0,6,0.0,0,0.0,0.0,0.0,2024-01-16,-,0,-
-,-,KorE,US,478.98,-0.75,1132.25,0.0,217.76,0.25,3,0.0,0,0.0,3,0.0,0,0.0,0.0,0.0,2023-02-05,-,0,-
-,-,vrhpires,-,476.31,-1.13,907.98,0.0,143.89,0.38,12,0.0,0,0.0,12,0.0,0,0.0,0.0,0.0,2020-09-27,-,0,-
-,-,Mercury777,-,455.86,-0.92,989.25,0.0,177.79,0.31,6,0.0,0,0.0,6,0.0,0,0.0,0.0,0.0,2024-01-16,-,0,-
-,-,Lordsmile,-,428.06,-0.91,965.35,0.0,179.1,0.3,6,0.0,0,0.0,6,0.0,0,0.0,0.0,0.0,2024-01-16,-,0,-
1378,-40,denatale,-,415.61,-0.91,956.19,0.0,180.19,0.3,6,0.0,0,0.0,4,0.0,2,0.0,0.0,0.0,2025-12-01,-,0,-
-,-,Lobbakak,-,415.0,-1.23,813.02,0.0,132.67,0.41,12,0.0,0,0.0,12,0.0,0,0.0,0.0,0.0,2020-12-06,-,0,-
-,-,or0b0to,-,398.47,-0.88,951.78,0.0,184.44,0.29,6,0.0,0,0.0,6,0.0,0,0.0,0.0,0.0,2024-01-16,-,0,-
1379,-40,KingMomo,-,380.9,-1.21,785.98,0.0,135.03,0.4,18,0.0,0,0.0,18,0.0,0,0.0,0.0,0.0,2025-12-01,-,0,1287.0
-,-,GameTroll,-,365.5,-0.95,881.08,0.0,171.86,0.32,6,0.0,0,0.0,6,0.0,0,0.0,0.0,0.0,2024-01-16,-,0,-
-,-,FilipDabrowski,-,353.03,-0.87,917.83,0.0,188.27,0.29,6,0.0,0,0.0,6,0.0,0,0.0,0.0,0.0,2024-01-16,-,0,-
-,-,9275835,-,335.67,-0.75,987.47,0.0,217.27,0.25,3,0.0,0,0.0,2,0.0,1,0.0,0.0,0.0,2024-12-31,-,0,-
1380,-40,UgoNuma,-,320.06,-0.87,885.37,0.0,188.44,0.29,6,0.0,0,0.0,6,0.0,0,0.0,0.0,0.0,2025-12-01,-,0,-
-,-,mladodoc,-,318.91,-0.87,884.05,0.0,188.38,0.29,6,0.0,0,0.0,6,0.0,0,0.0,0.0,0.0,2024-01-16,-,0,-
1381,new,Spiderodra,-,312.74,-137.26,941.52,-558.48,209.59,209.59,3,3.0,0,0.0,3,3.0,0,0.0,0.0,0.0,2026-04-24,-,0,-
1382,-41,JVCSC,-,288.66,-0.92,822.66,0.0,178.0,0.31,12,0.0,0,0.0,12,0.0,0,0.0,0.0,0.0,2025-12-01,-,0,-
-,-,wapper,-,190.11,-0.87,753.21,0.0,187.7,0.29,6,0.0,0,0.0,6,0.0,0,0.0,0.0,0.0,2024-06-16,-,0,-
-,-,Imperator,-,149.1,-0.72,827.04,0.0,225.98,0.24,3,0.0,0,0.0,3,0.0,0,0.0,0.0,0.0,2024-12-24,-,0,-
1383,-41,Szymon767,-,101.32,-0.92,636.44,0.0,178.37,0.31,12,0.0,0,0.0,11,0.0,1,0.0,0.0,0.0,2025-12-01,-,0,-
-,-,Phlegm,-,76.2,-0.84,658.54,0.0,194.11,0.28,6,0.0,0,0.0,6,0.0,0,0.0,0.0,0.0,2024-01-16,-,0,-
