Rank,Rank Δ,Player,Code,C Rating,C Rating Δ,Rating,Rating Δ,RD,RD Δ,Opps,Opps Δ,Ws,Ws Δ,Ls,Ls Δ,Ds,Ds Δ,W%,W% Δ,Last Played,Title,Title Count,Leaderboard Rank
1,1,Genghisip,UA,1928.45,20.93,2013.82,21.03,28.46,0.04,557,18.0,378,15.0,175,3.0,4,0.0,67.86,0.51,2026-04-24,GM,9,27.0
2,-1,Wawrzyniec,PL,1926.7,7.96,2012.26,4.66,28.52,-1.1,571,39.0,409,31.0,158,8.0,4,0.0,71.63,0.58,2026-05-17,GM,8,94.0
3,2,DireNTropy,US,1910.26,10.44,2021.91,7.32,37.21,-1.04,334,14.0,261,11.0,72,3.0,1,0.0,78.14,0.02,2026-05-31,GM,3,-
4,-1,Grozz,RU,1906.5,0.04,1969.81,-2.08,21.1,-0.71,694,88.0,491,56.0,198,32.0,5,0.0,70.75,-1.03,2026-05-31,M,1,6.0
5,3,Martin_Pecheur,FR,1902.25,28.7,1962.88,28.33,20.21,-0.12,1420,78.0,925,60.0,480,16.0,15,2.0,65.14,0.68,2026-05-31,GM,15,1.0
6,0,Weidenbaum,DE,1899.13,20.47,1964.45,18.09,21.77,-0.79,1315,86.0,876,61.0,428,25.0,11,0.0,66.62,0.31,2026-05-31,GM,27,10.0
-,-,Airren,US,1898.88,-3.71,2034.27,0.0,45.13,1.24,262,0.0,209,0.0,52,0.0,1,0.0,79.77,0.0,2025-02-17,GM,5,622.0
7,0,a440,CA,1893.75,15.36,1987.08,13.88,31.11,-0.49,433,23.0,316,20.0,114,3.0,3,0.0,72.98,0.78,2026-05-27,-,0,26.0
8,4,wolvs,UA,1878.95,15.35,1946.57,14.29,22.54,-0.35,1306,83.0,878,56.0,419,27.0,9,0.0,67.23,0.02,2026-05-31,GM,3,5.0
9,unretired,SandHippo,CN,1877.27,75.71,2045.01,48.57,55.91,-9.05,61,15.0,47,14.0,14,1.0,0,0.0,77.05,5.31,2026-05-18,-,0,238.0
10,0,Arne,DE,1869.25,0.85,1932.02,-1.87,20.92,-0.91,653,82.0,437,49.0,212,33.0,4,0.0,66.92,-1.03,2026-05-31,M,4,14.0
11,-2,Plunderteig,CN,1867.58,-3.67,2004.49,0.0,45.64,1.22,105,0.0,84,0.0,21,0.0,0,0.0,80.0,0.0,2025-10-11,-,0,102.0
-,-,Pascalotopia,CA,1866.91,-4.35,1980.44,0.0,37.84,1.45,322,0.0,222,0.0,99,0.0,1,0.0,68.94,0.0,2024-09-10,GM,5,-
12,6,Majondor,AU,1863.59,16.72,1926.54,12.84,20.98,-1.29,929,84.0,597,56.0,325,28.0,7,0.0,64.26,0.24,2026-05-31,GM,5,8.0
13,1,funestus,NO,1858.54,7.29,1933.53,6.39,24.99,-0.3,557,36.0,373,22.0,182,14.0,2,0.0,66.97,-0.4,2026-05-31,GM,2,11.0
14,6,Vovka,UA,1857.7,22.43,1928.41,16.13,23.57,-2.1,361,71.0,264,51.0,95,19.0,2,1.0,73.13,-0.32,2026-05-31,-,0,43.0
15,-11,whsvin,HK,1851.91,-50.81,1949.68,-52.05,32.59,-0.41,564,25.0,426,12.0,137,13.0,1,0.0,75.53,-1.28,2026-05-17,GM,6,64.0
16,-1,St4nkk,PL,1851.39,0.72,1955.57,1.99,34.73,0.42,360,8.0,278,5.0,81,2.0,1,1.0,77.22,-0.34,2026-05-31,M,1,265.0
17,-1,Palino,SK,1848.95,-0.8,1933.28,2.24,28.11,1.01,806,10.0,526,6.0,280,4.0,0,0.0,65.26,-0.07,2026-05-31,GM,5,77.0
18,-5,mwi,PL,1845.9,-9.46,1909.17,-10.46,21.09,-0.33,695,65.0,453,33.0,239,32.0,3,0.0,65.18,-1.49,2026-05-27,M,1,13.0
19,-8,pv4,BE,1844.58,-21.92,1910.22,-20.85,21.88,0.36,1025,48.0,608,22.0,404,26.0,13,0.0,59.32,-0.66,2026-05-29,GM,14,3.0
20,-3,Eepogi,FI,1841.25,-6.33,1906.68,-3.89,21.81,0.81,1187,44.0,720,22.0,459,22.0,8,0.0,60.66,-0.41,2026-05-31,GM,1,2.0
21,3,Dantes,US,1831.98,14.46,1895.44,10.67,21.15,-1.26,482,78.0,312,49.0,167,27.0,3,2.0,64.73,-0.37,2026-05-31,P,1,36.0
22,-3,DANeo,DE,1828.43,-8.3,1897.78,-5.13,23.12,1.06,716,32.0,440,19.0,270,13.0,6,0.0,61.45,-0.1,2026-05-16,GM,3,7.0
23,46,Pitor,NL,1827.28,75.66,1933.08,26.02,35.27,-16.55,156,76.0,133,60.0,22,15.0,1,1.0,85.26,-5.99,2026-05-25,-,0,-
24,-1,Sandwhale,US,1824.33,-4.48,1933.71,0.0,36.46,1.49,323,0.0,218,0.0,105,0.0,0,0.0,67.49,0.0,2025-08-19,GM,2,82.0
25,-3,Sylvain,FR,1822.11,-6.7,1887.62,-5.68,21.84,0.34,1113,50.0,673,29.0,434,21.0,6,0.0,60.47,-0.11,2026-05-27,M,2,38.0
26,-1,barboucha,FR,1819.94,7.92,1898.21,4.31,26.09,-1.2,566,45.0,384,26.0,176,18.0,6,1.0,67.84,-0.87,2026-05-31,GM,1,50.0
27,-6,Lambda,ES,1816.69,-16.47,1903.18,-16.54,28.83,-0.02,378,18.0,251,7.0,123,11.0,4,0.0,66.4,-1.38,2026-04-26,GM,2,22.0
-,-,Dirkules,DE,1816.18,-4.66,1930.37,0.0,38.06,1.55,363,0.0,241,0.0,121,0.0,1,0.0,66.39,0.0,2024-07-15,GM,3,-
28,-1,saru,CN,1813.92,10.32,1889.25,9.69,25.11,-0.21,1318,88.0,829,53.0,468,34.0,21,1.0,62.9,-0.19,2026-05-31,M,3,4.0
29,3,kyshantry,US,1813.37,14.81,1909.36,13.81,32.0,-0.33,374,15.0,224,11.0,148,4.0,2,0.0,59.89,0.56,2026-05-16,M,1,53.0
30,-2,Dots,DE,1813.07,10.3,1915.4,7.15,34.11,-1.05,263,15.0,183,10.0,80,5.0,0,0.0,69.58,-0.18,2026-05-28,GM,2,123.0
31,0,Kolo,IT,1810.34,11.57,1914.29,-3.96,34.65,-5.18,239,37.0,179,25.0,59,12.0,1,0.0,74.9,-1.34,2026-05-27,M,2,607.0
32,1,dannyboy14,US,1809.3,12.07,1877.03,9.17,22.58,-0.97,687,60.0,424,38.0,258,22.0,5,0.0,61.72,0.16,2026-05-31,GM,2,23.0
33,28,Michiel,BE,1808.54,45.15,1934.54,34.71,42.0,-3.48,97,15.0,72,13.0,24,2.0,1,0.0,74.23,2.28,2026-05-29,-,0,176.0
34,-8,Lander90,BE,1802.92,-7.57,1867.33,-13.06,21.47,-1.83,481,93.0,350,51.0,128,41.0,3,1.0,72.77,-4.29,2026-05-31,-,0,80.0
35,29,Lech,PL,1800.52,42.62,1867.43,40.75,22.3,-0.62,886,75.0,550,52.0,333,22.0,3,1.0,62.08,0.67,2026-05-31,M,3,17.0
36,-7,Lcfyx,FR,1799.89,-2.44,1869.42,-0.45,23.18,0.66,801,30.0,490,17.0,306,13.0,5,0.0,61.17,-0.18,2026-05-28,M,5,16.0
37,-2,totsilence,DE,1798.31,3.18,1864.96,0.95,22.22,-0.74,1148,66.0,721,38.0,416,28.0,11,0.0,62.8,-0.32,2026-05-31,GM,2,9.0
38,14,ERock37,CA,1796.22,22.18,1862.27,20.32,22.02,-0.62,471,61.0,304,38.0,164,23.0,3,0.0,64.54,-0.34,2026-05-31,-,0,51.0
-,-,Binki,RU,1795.87,-4.52,1913.82,0.0,39.32,1.51,505,0.0,341,0.0,160,0.0,4,0.0,67.52,0.0,2023-12-03,GM,3,-
39,6,yaop,CN,1795.54,14.97,1858.31,10.33,20.92,-1.55,547,95.0,365,58.0,178,36.0,4,1.0,66.73,-1.19,2026-05-31,G,1,28.0
40,1,Tamirys,US,1795.53,7.5,1862.5,4.51,22.33,-0.99,1122,66.0,654,41.0,459,25.0,9,0.0,58.29,0.24,2026-05-31,GM,9,69.0
41,-11,pajada,CZ,1794.35,-6.01,1857.34,-7.07,21.0,-0.35,1499,84.0,874,51.0,611,33.0,14,0.0,58.31,0.15,2026-05-31,GM,11,12.0
42,-4,Angor,RU,1792.44,1.32,1873.1,-6.68,26.88,-2.66,594,50.0,394,27.0,195,22.0,5,1.0,66.33,-1.13,2026-05-21,GM,1,104.0
43,183,Icallhimtest,-,1791.28,153.46,1928.47,75.94,45.73,-25.84,66,37.0,54,27.0,12,10.0,0,0.0,81.82,-11.28,2026-05-19,-,0,-
44,-8,Eske,DK,1790.76,-1.33,1877.92,-5.34,29.06,-1.34,597,30.0,390,18.0,202,12.0,5,0.0,65.33,-0.28,2026-05-18,GM,4,110.0
45,-8,Gandin,CH,1790.68,-1.09,1856.02,-0.24,21.78,0.28,763,47.0,471,27.0,284,20.0,8,0.0,61.73,-0.28,2026-05-31,M,4,15.0
46,118,tianren4561367,-,1790.56,113.95,1905.39,66.49,38.27,-15.82,110,54.0,99,44.0,11,10.0,0,0.0,90.0,-8.21,2026-05-20,-,0,-
-,-,LeonC,TW,1786.96,-2.65,1975.27,0.0,62.77,0.88,168,0.0,130,0.0,36,0.0,2,0.0,77.38,0.0,2020-10-28,-,0,-
47,81,zoldaria,US,1785.46,78.35,1864.15,59.52,26.23,-6.28,253,80.0,184,60.0,66,19.0,3,1.0,72.73,1.05,2026-05-31,-,0,288.0
48,8,Gutemetralla,FR,1785.03,14.25,1859.66,9.1,24.88,-1.72,460,55.0,303,36.0,154,19.0,3,0.0,65.87,-0.06,2026-05-31,-,0,24.0
49,-15,Cogito3,US,1783.31,-13.02,1841.32,-15.46,19.34,-0.81,633,99.0,414,52.0,215,47.0,4,0.0,65.4,-2.39,2026-05-31,G,1,34.0
50,-2,Jaracz,PL,1783.28,5.61,1867.1,-0.86,27.94,-2.16,515,38.0,371,22.0,137,16.0,7,0.0,72.04,-1.13,2026-05-31,P,6,258.0
51,24,IdkIdcIdgaf,UA,1782.31,35.61,1878.11,23.93,31.93,-3.89,257,37.0,194,27.0,62,10.0,1,0.0,75.49,-0.42,2026-05-31,G,2,398.0
52,5,FirstOfDao,CN,1781.51,11.9,1840.22,10.41,19.57,-0.5,1035,87.0,645,56.0,385,31.0,5,0.0,62.32,0.19,2026-05-31,P,2,29.0
53,-2,GZ95,CN,1779.77,5.32,1920.95,6.76,47.06,0.48,105,2.0,80,2.0,25,0.0,0,0.0,76.19,0.46,2026-05-23,-,0,1106.0
54,-14,Sektat,CH,1779.24,-11.07,1840.65,-13.22,20.47,-0.72,865,81.0,518,41.0,343,40.0,4,0.0,59.88,-0.96,2026-05-31,M,11,18.0
55,-2,Fourierrr,BR,1778.21,4.6,1843.03,5.59,21.61,0.33,771,48.0,492,31.0,275,17.0,4,0.0,63.81,0.05,2026-05-27,M,2,49.0
56,11,Doughnut,GB,1777.91,23.98,1868.18,17.77,30.09,-2.07,328,30.0,229,21.0,94,9.0,5,0.0,69.82,0.02,2026-05-31,G,6,308.0
57,8,Drikhen,EE,1777.25,19.46,1858.11,12.35,26.96,-2.37,313,46.0,240,31.0,70,15.0,3,0.0,76.68,-1.6,2026-05-30,-,0,226.0
-,-,megumi,CN,1777.19,-2.72,1957.75,0.0,60.18,0.91,48,0.0,33,0.0,15,0.0,0,0.0,68.75,0.0,2025-05-14,-,0,90.0
58,-12,e5582768,CN,1775.77,-4.41,1889.38,0.0,37.87,1.47,164,0.0,100,0.0,62,0.0,2,0.0,60.98,0.0,2025-08-21,-,0,238.0
59,-20,Allfather,US,1774.93,-16.02,1840.42,-20.21,21.83,-1.4,498,78.0,319,39.0,174,38.0,5,1.0,64.06,-2.61,2026-05-30,-,0,30.0
60,6,Raffaello,DE,1773.25,18.05,1833.23,14.87,19.99,-1.06,595,93.0,394,55.0,198,36.0,3,2.0,66.22,-1.31,2026-05-31,G,2,39.0
61,-6,scipio238,GB,1773.11,2.14,1845.41,4.17,24.1,0.68,562,30.0,342,14.0,220,16.0,0,0.0,60.85,-0.8,2026-05-31,P,3,41.0
62,-20,Gilgamesh2,NL,1772.92,-12.09,1851.33,-10.89,26.14,0.4,423,24.0,295,12.0,126,12.0,2,0.0,69.74,-1.19,2026-05-11,G,2,32.0
63,-3,FCKAFD,DE,1771.46,7.39,1877.39,2.74,35.31,-1.55,158,15.0,110,8.0,48,7.0,0,0.0,69.62,-1.71,2026-05-22,-,0,100.0
64,8,DrSniken,NO,1768.64,19.03,1857.78,14.9,29.71,-1.38,240,30.0,160,23.0,77,6.0,3,1.0,66.67,1.43,2026-05-29,-,0,72.0
-,-,Sugoi,CA,1768.4,-4.23,1892.48,0.0,41.36,1.41,240,0.0,175,0.0,64,0.0,1,0.0,72.92,0.0,2024-07-01,P,2,-
65,9,Vantablack,MO,1768.34,20.31,1836.82,17.66,22.83,-0.88,1048,66.0,635,43.0,406,22.0,7,1.0,60.59,0.3,2026-05-29,GM,1,84.0
66,-16,Dazzy,CN,1768.03,-6.57,1831.74,-7.3,21.24,-0.24,858,63.0,527,34.0,321,28.0,10,1.0,61.42,-0.59,2026-05-31,M,2,20.0
-,-,silent_x111,US,1766.92,-3.51,1913.95,0.0,49.01,1.17,410,0.0,278,0.0,132,0.0,0,0.0,67.8,0.0,2022-07-06,GM,14,-
67,-13,moemoe,DE,1766.35,-6.18,1827.9,-8.52,20.52,-0.78,674,97.0,435,52.0,231,44.0,8,1.0,64.54,-1.84,2026-05-31,-,0,65.0
68,-10,Lemmingsplayer,GB,1762.58,-3.79,1904.79,0.0,47.4,1.26,229,0.0,173,0.0,54,0.0,2,0.0,75.55,0.0,2025-07-11,GM,1,-
69,2,jantteri,-,1761.96,10.82,1822.62,9.0,20.22,-0.61,792,87.0,488,50.0,300,34.0,4,3.0,61.62,-0.51,2026-05-31,G,5,46.0
70,-7,Momomillion,DE,1759.77,0.89,1825.03,-4.37,21.76,-1.75,450,80.0,290,45.0,155,35.0,5,0.0,64.44,-1.78,2026-05-31,-,0,83.0
71,-9,Sohoof,NL,1757.24,-5.15,1857.22,0.0,33.33,1.72,300,0.0,204,0.0,95,0.0,1,0.0,68.0,0.0,2025-08-18,-,0,218.0
72,72,dellcan,-,1756.71,61.92,1969.17,33.68,70.82,-9.41,30,7.0,28,6.0,2,1.0,0,0.0,93.33,-2.32,2026-05-13,-,0,852.0
73,-30,pigfans,CN,1756.59,-27.22,1931.0,-28.19,58.14,-0.32,84,2.0,67,0.0,17,2.0,0,0.0,79.76,-1.95,2026-03-15,-,0,1057.0
74,15,Nickeberg,-,1754.92,19.41,1850.87,11.33,31.98,-2.69,326,30.0,205,19.0,121,11.0,0,0.0,62.88,0.04,2026-05-20,P,2,216.0
75,-31,Boromir7,PL,1754.81,-26.41,1818.26,-26.98,21.15,-0.19,1136,70.0,671,31.0,453,39.0,12,0.0,59.07,-0.97,2026-05-31,M,8,31.0
76,1,Kesterer,GB,1752.86,7.3,1879.65,-36.68,42.26,-14.66,131,43.0,102,27.0,28,15.0,1,1.0,77.86,-7.37,2026-05-20,-,0,-
77,-4,Brightfuture,RU,1751.83,2.88,1811.28,2.13,19.82,-0.25,1058,72.0,665,40.0,387,32.0,6,0.0,62.85,-0.54,2026-05-31,P,7,48.0
78,-19,Magnetiseur,DE,1751.13,-13.36,1823.48,-11.95,24.12,0.47,829,30.0,514,14.0,306,16.0,9,0.0,62.0,-0.58,2026-05-25,P,10,57.0
79,11,jezza101,AU,1749.36,14.05,1811.63,11.91,20.76,-0.71,725,74.0,442,44.0,274,30.0,9,0.0,60.97,-0.17,2026-05-31,G,4,40.0
80,-12,mbbchess,US,1748.99,-4.69,1858.66,0.0,36.56,1.56,305,0.0,216,0.0,86,0.0,3,0.0,70.82,0.0,2025-06-28,P,2,398.0
81,-32,yaba,PL,1748.88,-28.49,1816.05,-32.45,22.39,-1.32,885,76.0,513,34.0,363,42.0,9,0.0,57.97,-1.24,2026-05-31,M,6,55.0
82,-6,AaronGreen,US,1747.87,2.16,1835.05,-3.31,29.06,-1.82,859,36.0,489,19.0,365,16.0,5,1.0,56.93,-0.18,2026-05-31,GM,7,729.0
83,8,zadokk,BE,1747.74,13.82,1812.93,10.74,21.73,-1.03,893,72.0,533,41.0,355,31.0,5,0.0,59.69,-0.24,2026-05-31,P,14,80.0
84,17,takusto_II,JP,1746.95,20.09,1811.54,16.3,21.53,-1.26,1377,74.0,745,46.0,623,27.0,9,1.0,54.1,0.45,2026-05-31,M,3,59.0
85,-38,321letsjam,DE,1745.38,-32.33,1817.89,-36.49,24.17,-1.39,620,66.0,404,28.0,213,38.0,3,0.0,65.16,-2.71,2026-05-31,G,5,67.0
-,-,Rabbles,AU,1744.12,-3.44,1890.74,0.0,48.87,1.15,244,0.0,185,0.0,58,0.0,1,0.0,75.82,0.0,2023-09-03,M,1,-
86,-7,discodancer,-,1743.91,-1.11,1825.44,-2.52,27.18,-0.47,420,30.0,278,19.0,139,11.0,3,0.0,66.19,-0.22,2026-05-18,P,4,130.0
87,-7,SpartacusImperator,DK,1741.44,-2.71,1825.94,-2.1,28.17,0.2,513,18.0,306,7.0,204,11.0,3,0.0,59.65,-0.75,2026-04-29,P,6,133.0
88,-7,Spartan1337,NL,1741.17,-2.52,1804.18,-2.46,21.0,0.02,1067,60.0,627,32.0,430,28.0,10,0.0,58.76,-0.33,2026-05-31,P,10,37.0
89,8,RestlessMe,US,1740.42,11.65,1799.95,10.26,19.84,-0.47,1266,85.0,717,48.0,542,37.0,7,0.0,56.64,-0.01,2026-05-31,P,5,34.0
-,-,P373R,GB,1740.03,-2.61,1928.12,0.0,62.69,0.87,96,0.0,82,0.0,14,0.0,0,0.0,85.42,0.0,2022-09-04,G,2,-
90,6,Huettengaudi,DE,1739.87,10.75,1798.74,9.09,19.62,-0.55,1055,86.0,622,52.0,428,34.0,5,0.0,58.96,0.14,2026-05-31,P,6,71.0
91,-13,Wanderlust,CN,1739.64,-5.53,1829.34,0.0,29.9,1.84,253,0.0,154,0.0,99,0.0,0,0.0,60.87,0.0,2025-11-30,-,0,25.0
92,-10,zoiedberg,BE,1738.41,-2.76,1836.13,-15.77,32.57,-4.34,177,38.0,113,22.0,64,16.0,0,0.0,63.84,-1.63,2026-05-28,-,0,265.0
93,11,tupper,CA,1738.19,16.48,1797.7,14.97,19.84,-0.5,734,81.0,469,50.0,259,31.0,6,0.0,63.9,-0.27,2026-05-31,G,3,78.0
-,-,Veivi,FI,1737.78,-3.35,1889.94,0.0,50.72,1.12,246,0.0,163,0.0,82,0.0,1,0.0,66.26,0.0,2022-04-08,GM,4,-
94,83,bluecube,-,1736.79,69.31,1850.92,23.27,38.04,-15.35,114,48.0,91,31.0,21,16.0,2,1.0,79.82,-11.09,2026-05-25,-,0,1287.0
95,-12,GerisNezus,LT,1736.44,-3.45,1824.1,-12.98,29.22,-3.18,1024,89.0,618,47.0,396,41.0,10,1.0,60.35,-0.72,2026-05-31,P,3,45.0
96,-12,littlesquirrel,CN,1736.16,-2.66,1921.77,0.0,61.87,0.89,44,0.0,36,0.0,8,0.0,0,0.0,81.82,0.0,2025-08-13,-,0,138.0
-,-,Andrethegiant,NO,1735.25,-3.78,1867.28,0.0,44.01,1.26,294,0.0,202,0.0,92,0.0,0,0.0,68.71,0.0,2023-07-18,GM,1,-
97,6,darwinian,GB,1735.03,12.41,1805.5,13.12,23.49,0.24,564,36.0,362,21.0,197,15.0,5,0.0,64.18,-0.4,2026-05-22,P,2,91.0
98,-13,Raskonin,-,1734.87,-3.64,1844.97,-20.78,36.7,-5.72,120,30.0,76,14.0,42,15.0,2,1.0,63.33,-5.56,2026-05-17,-,0,214.0
99,10,BoatyMcBoatface,US,1734.68,17.23,1795.89,13.87,20.4,-1.12,854,85.0,513,47.0,334,37.0,7,1.0,60.07,-0.53,2026-05-31,P,2,88.0
100,10,DrRerNate,DE,1734.08,16.93,1806.33,14.13,24.08,-0.93,1068,50.0,627,33.0,431,15.0,10,2.0,58.71,0.36,2026-05-31,GM,4,142.0
101,-31,CaesarSalah,US,1733.31,-18.22,1796.74,-18.77,21.14,-0.18,1441,83.0,829,40.0,603,43.0,9,0.0,57.53,-0.57,2026-05-31,P,15,21.0
102,-16,DJParson,DE,1732.87,-5.13,1831.32,0.0,32.81,1.71,814,0.0,447,0.0,364,0.0,3,0.0,54.91,0.0,2025-07-07,GM,8,321.0
103,4,Shagrat,CZ,1732.81,13.54,1791.94,11.96,19.71,-0.53,725,92.0,474,58.0,246,34.0,5,0.0,65.38,-0.34,2026-05-31,G,1,112.0
104,65,maximpodg,-,1731.84,57.04,1838.48,40.35,35.55,-5.56,270,30.0,171,20.0,99,10.0,0,0.0,63.33,0.41,2026-05-16,M,2,-
105,13,HCsquared,CA,1729.72,16.42,1803.54,13.59,24.61,-0.94,837,51.0,512,32.0,318,19.0,7,0.0,61.17,0.1,2026-05-28,P,6,66.0
-,-,Cleanbulk,NL,1728.89,-3.97,1858.64,0.0,43.25,1.32,355,0.0,231,0.0,121,0.0,3,0.0,65.07,0.0,2023-08-30,M,5,-
106,33,Doobie,CN,1728.38,29.56,1791.43,29.24,21.02,-0.11,1182,77.0,651,47.0,518,30.0,13,0.0,55.08,0.42,2026-05-31,G,21,87.0
107,unretired,bobaboba,-,1728.2,-8.29,1855.1,-26.6,42.3,-6.1,122,30.0,89,21.0,33,9.0,0,0.0,72.95,-0.96,2026-05-31,-,0,-
-,-,gothark,PL,1727.83,-5.0,1825.89,0.0,32.69,1.67,292,0.0,210,0.0,80,0.0,2,0.0,71.92,0.0,2025-05-31,G,2,74.0
-,-,Weida,CN,1725.98,-2.08,1962.63,0.0,78.88,0.69,33,0.0,22,0.0,11,0.0,0,0.0,66.67,0.0,2022-07-01,-,0,-
108,15,drodriguez,-,1725.9,14.52,1793.09,7.5,22.4,-2.34,386,79.0,253,44.0,132,34.0,1,1.0,65.54,-2.54,2026-05-31,-,0,126.0
109,8,BlixLT,LT,1725.28,11.86,1780.82,11.9,18.51,0.01,2039,94.0,1108,56.0,919,37.0,12,1.0,54.34,0.25,2026-05-31,P,18,56.0
110,129,DarKStyle,-,1724.9,93.3,1830.01,28.32,35.04,-21.66,131,85.0,98,61.0,31,22.0,2,2.0,74.81,-5.62,2026-05-31,-,0,-
111,-16,Raulone,ES,1724.59,-5.57,1814.97,0.0,30.13,1.86,319,0.0,205,0.0,114,0.0,0,0.0,64.26,0.0,2026-02-26,G,5,93.0
-,-,Himmelstosh,RU,1724.35,-6.51,1856.48,0.0,44.04,2.17,607,0.0,357,0.0,241,0.0,9,0.0,58.81,0.0,2024-07-15,GM,1,-
112,-13,Crey,-,1724.31,-4.19,1844.52,0.0,40.07,1.4,202,0.0,147,0.0,54,0.0,1,0.0,72.77,0.0,2025-09-03,G,2,299.0
113,14,Dethar,PL,1724.27,16.5,1811.02,-5.24,28.91,-7.25,194,67.0,134,40.0,60,27.0,0,0.0,69.07,-4.95,2026-05-31,-,0,302.0
114,-20,iyakhoop,TH,1724.19,-6.05,1810.81,0.0,28.87,2.02,839,0.0,495,0.0,327,0.0,17,0.0,59.0,0.0,2025-11-30,GM,1,297.0
115,6,mikechike,US,1722.34,10.69,1839.03,-13.18,38.9,-7.96,120,32.0,85,19.0,34,12.0,1,1.0,70.83,-4.17,2026-05-17,-,0,480.0
116,-10,Papaver,HR,1721.76,1.74,1802.09,1.47,26.78,-0.09,554,24.0,355,12.0,194,12.0,5,0.0,64.08,-0.64,2026-04-30,P,2,149.0
117,-25,Fjantarik,-,1721.3,-11.83,1790.6,-14.76,23.1,-0.98,543,60.0,328,31.0,214,29.0,1,0.0,60.41,-1.08,2026-05-31,P,2,58.0
118,-18,Tordread,US,1721.07,-6.74,1787.8,-5.71,22.24,0.34,1207,50.0,678,22.0,517,28.0,12,0.0,56.17,-0.53,2026-05-26,GM,3,44.0
119,39,Tim248,-,1721.06,36.83,1837.73,13.45,38.89,-7.79,148,29.0,124,17.0,22,12.0,2,0.0,83.78,-6.14,2026-05-31,-,0,863.0
120,13,WhateverParsley,-,1719.78,16.26,1786.02,13.59,22.08,-0.89,854,64.0,505,39.0,346,25.0,3,0.0,59.13,0.14,2026-05-31,P,12,106.0
121,unretired,Maxxxx,-,1719.21,-6.56,1862.45,-9.32,47.75,-0.92,162,12.0,117,10.0,43,2.0,2,0.0,72.22,0.89,2026-05-31,P,4,-
122,15,weisswurst,NL,1718.88,17.1,1796.74,16.3,25.95,-0.26,687,30.0,411,19.0,272,11.0,4,0.0,59.83,0.16,2026-05-25,M,4,120.0
-,-,jmamos,-,1715.87,-4.04,1838.98,0.0,41.04,1.35,219,0.0,166,0.0,53,0.0,0,0.0,75.8,0.0,2025-05-27,G,4,380.0
123,-18,RutgerHauer,SE,1715.26,-5.58,1806.71,0.0,30.48,1.86,468,0.0,298,0.0,167,0.0,3,0.0,63.68,0.0,2025-08-27,M,2,75.0
124,-37,Footloop,CA,1713.62,-24.34,1813.51,-35.25,33.3,-3.64,486,30.0,299,12.0,180,18.0,7,0.0,61.52,-1.42,2026-05-13,GM,7,-
-,-,vanishadow,CN,1713.15,-3.32,1865.27,0.0,50.71,1.11,111,0.0,83,0.0,27,0.0,1,0.0,74.77,0.0,2025-02-10,-,0,88.0
125,-11,Turdle,AT,1713.14,-2.32,1771.31,-3.57,19.39,-0.41,796,93.0,463,42.0,324,47.0,9,4.0,58.17,-1.72,2026-05-31,P,4,111.0
126,-33,Phalanxx,US,1713.02,-18.82,1780.84,-22.4,22.61,-1.2,385,63.0,246,30.0,139,33.0,0,0.0,63.9,-3.18,2026-05-26,-,0,95.0
127,103,Darkriddler,-,1712.29,77.7,1860.97,4.68,49.56,-24.34,60,30.0,41,17.0,19,13.0,0,0.0,68.33,-11.67,2026-05-18,-,0,-
128,35,Sellux,IT,1711.4,32.92,1796.36,27.08,28.32,-1.94,255,36.0,163,25.0,92,11.0,0,0.0,63.92,0.91,2026-05-28,-,0,203.0
129,6,PlanarFreak,US,1710.08,7.83,1775.54,6.37,21.82,-0.49,824,55.0,502,30.0,318,24.0,4,1.0,60.92,-0.46,2026-05-31,G,12,151.0
130,-6,KarlThomas,NO,1709.57,-0.81,1801.35,-1.55,30.59,-0.25,615,16.0,367,8.0,241,8.0,7,0.0,59.67,-0.26,2026-05-30,M,4,-
131,-6,gregt,-,1709.35,0.4,1786.52,-6.4,25.72,-2.27,553,53.0,349,31.0,202,21.0,2,1.0,63.11,-0.49,2026-05-21,P,4,321.0
132,0,Kay,HK,1708.99,5.23,1770.07,2.47,20.36,-0.92,671,79.0,410,41.0,257,37.0,4,1.0,61.1,-1.23,2026-05-31,P,2,61.0
133,-35,Yookie,CN,1708.78,-19.98,1776.61,-26.93,22.61,-2.32,411,81.0,296,39.0,114,41.0,1,1.0,72.02,-5.86,2026-05-31,-,0,201.0
134,-19,Snucka,US,1708.63,-5.73,1802.79,0.0,31.39,1.91,253,0.0,167,0.0,84,0.0,2,0.0,66.01,0.0,2025-11-30,-,0,128.0
-,-,Sjir,NL,1708.57,-5.12,1821.75,0.0,37.72,1.71,610,0.0,367,0.0,239,0.0,4,0.0,60.16,0.0,2024-07-15,M,5,-
135,67,Beebs,-,1707.7,55.6,1782.23,42.79,24.84,-4.27,262,77.0,176,49.0,82,24.0,4,4.0,67.18,-1.47,2026-05-31,-,0,463.0
136,-48,Cmacu,-,1706.88,-30.03,1814.38,-37.99,35.83,-2.65,186,21.0,121,8.0,64,12.0,1,1.0,65.05,-3.43,2026-04-25,-,0,321.0
137,74,MrBiz,US,1705.03,56.63,1783.29,43.5,26.09,-4.37,254,69.0,182,48.0,71,21.0,1,0.0,71.65,-0.78,2026-05-20,-,0,480.0
138,-8,Goldfinger_,-,1704.55,-0.94,1807.78,-20.94,34.41,-6.67,149,48.0,105,30.0,44,18.0,0,0.0,70.47,-3.79,2026-05-25,-,0,1287.0
139,6,syras,-,1703.24,8.87,1824.55,4.76,40.44,-1.37,119,9.0,82,5.0,36,4.0,1,0.0,68.91,-1.09,2026-05-31,-,0,254.0
140,-32,mlhibou,US,1703.21,-15.34,1822.34,-15.76,39.71,-0.14,248,6.0,166,2.0,82,4.0,0,0.0,66.94,-0.83,2026-05-31,GM,1,-
-,-,elo8000,-,1702.47,-2.9,1871.81,0.0,56.45,0.97,106,0.0,92,0.0,14,0.0,0,0.0,86.79,0.0,2024-10-13,-,0,1412.0
-,-,Bool,-,1702.24,-3.05,1864.38,0.0,54.05,1.02,87,0.0,59,0.0,28,0.0,0,0.0,67.82,0.0,2023-07-18,-,0,-
141,-39,invalidName,NO,1701.95,-21.4,1808.27,-41.79,35.44,-6.8,487,41.0,302,23.0,183,18.0,2,0.0,62.01,-0.55,2026-05-31,GM,2,-
142,-23,heisenberg_97,IT,1701.92,-10.92,1777.09,-10.99,25.06,-0.02,650,30.0,388,13.0,255,17.0,7,0.0,59.69,-0.79,2026-05-26,P,4,118.0
143,7,Malakesh,DE,1701.55,11.35,1779.18,-4.27,25.88,-5.21,264,83.0,180,46.0,84,37.0,0,0.0,68.18,-5.85,2026-05-25,-,0,298.0
144,-3,Hisbossness,US,1701.24,3.38,1768.22,0.4,22.33,-0.99,473,66.0,297,35.0,173,31.0,3,0.0,62.79,-1.58,2026-05-31,-,0,135.0
145,-5,gomensky,CZ,1701.1,2.82,1779.27,2.88,26.06,0.02,468,30.0,312,17.0,155,13.0,1,0.0,66.67,-0.68,2026-05-29,G,2,96.0
146,96,Bad_Horse,-,1700.77,71.33,1842.67,-6.74,47.3,-26.02,67,37.0,51,24.0,16,13.0,0,0.0,76.12,-13.88,2026-05-16,-,0,-
147,-36,Gagic,CZ,1700.16,-16.05,1760.27,-17.48,20.04,-0.48,840,84.0,481,34.0,356,48.0,3,2.0,57.26,-1.87,2026-05-31,G,5,73.0
-,-,Cyphen,US,1700.08,-3.65,1835.12,0.0,45.02,1.22,426,0.0,264,0.0,158,0.0,4,0.0,61.97,0.0,2023-09-03,GM,3,-
148,-36,Xterm,NO,1699.91,-15.97,1774.27,-19.82,24.79,-1.29,696,48.0,427,19.0,265,28.0,4,1.0,61.35,-1.61,2026-05-20,G,10,167.0
149,-15,borz.zrob,HU,1698.46,-4.31,1767.46,-5.41,23.0,-0.37,825,45.0,477,20.0,342,24.0,6,1.0,57.82,-0.77,2026-05-22,P,4,85.0
150,-19,Oprah,DK,1696.52,-7.88,1773.67,0.0,25.71,2.63,1038,0.0,614,0.0,419,0.0,5,0.0,59.15,0.0,2026-01-13,GM,2,60.0
151,3,Praetorianer,DE,1696.39,9.53,1756.98,8.42,20.19,-0.37,1687,87.0,886,45.0,790,40.0,11,2.0,52.52,-0.04,2026-05-31,GM,1,33.0
-,-,MruczekW,PL,1696.08,-4.24,1812.72,0.0,38.88,1.41,206,0.0,154,0.0,51,0.0,1,0.0,74.76,0.0,2024-10-01,G,4,1245.0
-,-,Veikka,FI,1695.65,-4.49,1820.41,0.0,41.59,1.5,511,0.0,314,0.0,194,0.0,3,0.0,61.45,0.0,2023-11-15,P,10,-
152,10,WanderingWolf,AU,1695.25,15.87,1765.35,14.14,23.37,-0.58,882,53.0,514,34.0,360,19.0,8,0.0,58.28,0.38,2026-05-31,M,1,115.0
153,-15,jonswar,US,1694.62,-5.58,1787.25,0.0,30.88,1.86,485,0.0,291,0.0,194,0.0,0,0.0,60.0,0.0,2025-11-30,M,1,514.0
154,-18,daimx,-,1694.27,-7.72,1754.31,-8.5,20.02,-0.26,1103,85.0,600,43.0,499,41.0,4,1.0,54.4,-0.32,2026-05-31,P,4,63.0
155,-12,BelieveDream,-,1694.13,-2.71,1875.71,0.0,60.53,0.9,43,0.0,32,0.0,10,0.0,1,0.0,74.42,0.0,2025-11-10,-,0,130.0
156,113,lhrljr,SG,1693.78,74.77,1793.04,47.1,33.09,-9.22,150,57.0,112,44.0,37,12.0,1,1.0,74.67,1.55,2026-05-31,-,0,852.0
157,-15,WDD,CN,1693.63,-4.21,1811.16,0.0,39.18,1.4,140,0.0,89,0.0,49,0.0,2,0.0,63.57,0.0,2025-07-01,-,0,224.0
158,16,Straszyk,PL,1693.56,24.43,1781.18,19.39,29.2,-1.68,362,30.0,211,18.0,149,12.0,2,0.0,58.29,0.16,2026-05-25,G,4,179.0
159,16,FreddyCrugerKiller,UA,1693.41,25.0,1765.83,21.04,24.14,-1.32,894,50.0,488,31.0,397,19.0,9,0.0,54.59,0.44,2026-05-16,M,6,164.0
160,-31,Boyo,TW,1692.99,-14.03,1764.02,-6.58,23.68,2.48,648,4.0,399,0.0,240,4.0,9,0.0,61.57,-0.39,2026-04-01,G,2,54.0
161,-14,jhutc,GB,1692.57,-0.59,1760.25,-2.01,22.56,-0.47,472,54.0,307,29.0,161,25.0,4,0.0,65.04,-1.47,2026-05-28,-,0,113.0
-,-,Draculade,-,1692.22,-4.85,1804.51,0.0,37.43,1.62,482,0.0,312,0.0,166,0.0,4,0.0,64.73,0.0,2025-01-08,P,2,653.0
162,-5,Unterjochen,DE,1691.19,6.24,1751.55,3.92,20.12,-0.77,537,82.0,321,47.0,213,34.0,3,1.0,59.78,-0.44,2026-05-31,-,0,100.0
163,-8,delonecarter,GB,1691.07,5.1,1767.37,3.27,25.43,-0.61,784,36.0,497,19.0,279,17.0,8,0.0,63.39,-0.51,2026-05-31,G,15,243.0
164,-42,Reenter73,-,1691.01,-20.46,1770.6,-24.16,26.53,-1.23,877,42.0,514,19.0,355,23.0,8,0.0,58.61,-0.67,2026-05-31,M,5,154.0
-,-,edan92,-,1690.84,-3.6,1830.63,0.0,46.6,1.2,386,0.0,252,0.0,131,0.0,3,0.0,65.28,0.0,2022-11-29,M,4,-
-,-,Olorin_,-,1690.37,-3.09,1848.92,0.0,52.85,1.03,148,0.0,109,0.0,38,0.0,1,0.0,73.65,0.0,2022-06-05,M,1,-
165,-45,DyziK,PL,1690.06,-22.72,1778.27,-35.76,29.4,-4.35,208,48.0,144,22.0,63,26.0,1,0.0,69.23,-7.02,2026-05-29,-,0,319.0
-,-,SnailZane,CN,1689.65,-5.29,1795.39,0.0,35.25,1.76,566,0.0,317,0.0,249,0.0,0,0.0,56.01,0.0,2025-03-03,M,6,757.0
166,-17,Rob_Stedman,AU,1688.57,-3.54,1748.19,-4.6,19.87,-0.35,1301,78.0,722,39.0,573,39.0,6,0.0,55.5,-0.35,2026-05-31,M,1,122.0
-,-,Ktung,-,1687.26,-3.95,1818.23,0.0,43.66,1.32,390,0.0,239,0.0,150,0.0,1,0.0,61.28,0.0,2023-06-04,M,5,-
167,-16,DiddleySquat,BE,1687.26,-2.85,1752.38,-6.08,21.71,-1.08,890,72.0,527,41.0,357,31.0,6,0.0,59.21,-0.2,2026-05-31,GM,1,98.0
168,-3,errliu,-,1686.1,9.9,1799.08,0.15,37.66,-3.25,125,19.0,95,10.0,30,9.0,0,0.0,76.0,-4.19,2026-04-04,-,0,619.0
-,-,Fizi,GB,1684.36,-3.29,1837.83,0.0,51.16,1.1,154,0.0,90,0.0,61,0.0,3,0.0,58.44,0.0,2024-07-07,GM,3,-
169,-53,Ristey,GB,1683.88,-29.59,1746.04,-28.22,20.72,0.46,1286,66.0,731,22.0,543,43.0,12,1.0,56.84,-1.27,2026-05-31,P,3,52.0
170,-24,ben0728,KR,1683.14,-10.96,1755.77,-8.98,24.21,0.66,618,30.0,367,15.0,248,15.0,3,0.0,59.39,-0.47,2026-05-13,-,0,19.0
171,-15,Bidenbaum,-,1682.86,-2.51,1878.69,0.0,65.28,0.84,68,0.0,60,0.0,8,0.0,0,0.0,88.24,0.0,2025-08-27,-,0,522.0
172,-1,Obinger_Alphons,AT,1682.46,9.18,1751.35,7.19,22.96,-0.66,422,55.0,263,34.0,156,20.0,3,1.0,62.32,-0.08,2026-05-31,-,0,125.0
-,-,Hierostrafio,SE,1682.17,-3.27,1832.65,0.0,50.16,1.09,228,0.0,137,0.0,89,0.0,2,0.0,60.09,0.0,2022-05-28,GM,3,-
173,14,RudyRunner666,IT,1681.23,20.05,1759.97,18.98,26.25,-0.36,490,30.0,303,17.0,182,12.0,5,1.0,61.84,-0.33,2026-05-31,G,4,220.0
174,-21,vaLfizzL,DE,1680.33,-7.43,1758.13,0.0,25.94,2.48,1028,0.0,570,0.0,453,0.0,5,0.0,55.45,0.0,2025-11-30,M,4,109.0
176,-28,brunoerwin,-,1680.19,-12.51,1745.18,-12.21,21.67,0.1,902,55.0,529,27.0,365,28.0,8,0.0,58.65,-0.62,2026-05-24,P,2,119.0
175,-14,funnytortoise,ID,1680.19,0.02,1749.31,1.65,23.04,0.54,1127,51.0,641,30.0,476,20.0,10,1.0,56.88,0.1,2026-05-28,G,9,70.0
-,-,mm34nn,CN,1680.17,-3.13,1837.55,0.0,52.46,1.04,178,0.0,107,0.0,69,0.0,2,0.0,60.11,0.0,2022-03-06,M,4,-
177,40,NFGM,DE,1679.01,33.4,1747.93,22.96,22.97,-3.48,320,89.0,203,54.0,111,32.0,6,3.0,63.44,-1.06,2026-05-28,-,0,306.0
-,-,FoLKeN91,FR,1677.08,-4.91,1785.95,0.0,36.29,1.64,372,0.0,234,0.0,134,0.0,4,0.0,62.9,0.0,2025-05-14,M,2,578.0
179,10,holy834,CN,1676.5,16.02,1736.04,14.03,19.85,-0.67,576,93.0,340,51.0,233,42.0,3,0.0,59.03,-0.8,2026-05-31,-,0,146.0
178,-52,GerionLannister,CZ,1676.5,-32.24,1757.27,-28.36,26.92,1.29,265,12.0,180,0.0,85,12.0,0,0.0,67.92,-3.23,2026-04-27,-,0,231.0
180,25,Dread_84,DE,1676.02,25.02,1751.81,12.7,25.26,-4.11,267,69.0,177,38.0,90,31.0,0,0.0,66.29,-3.91,2026-05-31,-,0,384.0
181,-29,Kimmo,FI,1675.9,-13.82,1735.29,-14.55,19.8,-0.24,1547,85.0,810,40.0,724,43.0,13,2.0,52.36,-0.31,2026-05-28,GM,1,124.0
182,255,kevinsbane,-,1675.48,142.15,1814.55,69.34,46.36,-24.27,69,39.0,52,30.0,16,9.0,1,0.0,75.36,2.03,2026-05-31,-,0,-
183,-15,Romendil,IT,1675.19,-0.58,1750.49,-5.32,25.1,-1.58,539,48.0,322,25.0,211,23.0,6,0.0,59.74,-0.75,2026-05-21,G,12,229.0
184,-12,ciufile,-,1674.5,2.46,1750.64,-9.21,25.38,-3.89,280,77.0,179,46.0,98,30.0,3,1.0,63.93,-1.59,2026-05-31,-,0,163.0
185,35,ed_vins,LV,1673.73,29.63,1737.09,28.93,21.12,-0.23,823,81.0,511,51.0,305,29.0,7,1.0,62.09,0.1,2026-05-31,-,0,114.0
-,-,Japhet,US,1672.94,-2.5,1871.29,0.0,66.11,0.83,98,0.0,70,0.0,28,0.0,0,0.0,71.43,0.0,2020-11-21,P,2,-
186,-16,Zegs,-,1672.62,-2.14,1753.73,-9.9,27.04,-2.59,336,48.0,206,22.0,130,26.0,0,0.0,61.31,-2.58,2026-05-25,P,4,441.0
-,-,qyi,-,1672.59,-2.55,1865.37,0.0,64.26,0.85,96,0.0,74,0.0,22,0.0,0,0.0,77.08,0.0,2021-03-02,P,4,-
187,50,Kharny,GB,1672.2,40.15,1788.5,15.7,38.77,-8.15,106,32.0,73,20.0,32,12.0,1,0.0,68.87,-2.75,2026-05-18,-,0,757.0
-,-,Straalberg,NO,1672.05,-3.18,1829.03,0.0,52.33,1.06,120,0.0,87,0.0,33,0.0,0,0.0,72.5,0.0,2023-08-21,G,4,-
188,-21,Demetrius,UA,1670.68,-5.16,1767.74,0.0,32.35,1.72,241,0.0,152,0.0,89,0.0,0,0.0,63.07,0.0,2025-11-21,-,0,236.0
-,-,Shorty55,-,1670.48,-3.27,1829.94,0.0,53.15,1.09,235,0.0,159,0.0,74,0.0,2,0.0,67.66,0.0,2022-05-31,M,3,-
189,33,Arcee,-,1670.35,28.95,1750.36,27.16,26.67,-0.6,506,32.0,288,23.0,216,9.0,2,0.0,56.92,1.01,2026-05-31,M,2,184.0
190,39,laozhou,-,1669.89,34.67,1844.84,-9.81,58.32,-14.82,45,15.0,37,9.0,8,6.0,0,0.0,82.22,-11.11,2026-03-23,-,0,-
191,-9,Kloef,-,1669.32,4.97,1760.26,-7.03,30.31,-4.0,207,42.0,136,23.0,68,19.0,3,0.0,65.7,-2.78,2026-05-31,-,0,922.0
192,93,Andiii,-,1668.24,57.04,1770.55,43.44,34.1,-4.53,170,30.0,112,20.0,57,10.0,1,0.0,65.88,0.17,2026-05-21,-,0,662.0
-,-,Ronnan,-,1668.08,-3.03,1831.18,0.0,54.37,1.01,90,0.0,56,0.0,34,0.0,0,0.0,62.22,0.0,2023-05-14,P,2,-
193,21,Gyphon,DE,1667.57,20.64,1735.28,13.94,22.57,-2.23,404,81.0,250,49.0,151,30.0,3,2.0,61.88,-0.35,2026-05-26,-,0,104.0
194,144,Barnes,-,1666.75,80.44,1759.55,33.2,30.93,-15.75,182,83.0,131,56.0,50,26.0,1,1.0,71.98,-3.78,2026-05-24,-,0,1287.0
-,-,Chuckles_the_second,-,1666.2,-4.08,1797.49,0.0,43.76,1.36,245,0.0,159,0.0,83,0.0,3,0.0,64.9,0.0,2023-12-03,M,1,-
195,-35,LittleBob,TW,1666.01,-17.37,1731.8,-14.5,21.93,0.95,1046,37.0,573,18.0,468,19.0,5,0.0,54.78,-0.22,2026-05-30,P,14,68.0
196,-10,occupied,-,1665.04,3.44,1740.61,3.97,25.19,0.17,851,30.0,490,19.0,355,11.0,6,0.0,57.58,0.21,2026-05-29,M,2,161.0
197,61,Shmu,-,1664.71,41.92,1790.03,11.97,41.77,-9.98,100,30.0,70,19.0,30,11.0,0,0.0,70.0,-2.86,2026-05-26,-,0,578.0
198,211,Sonder.,-,1663.93,112.05,1799.41,53.88,45.16,-19.39,75,37.0,63,28.0,12,9.0,0,0.0,84.0,-8.11,2026-05-31,-,0,-
-,-,frotes,US,1663.55,-3.4,1823.77,0.0,53.41,1.13,366,0.0,211,0.0,150,0.0,5,0.0,57.65,0.0,2021-12-05,GM,5,-
199,9,MiloslavIII,CA,1663.5,13.49,1773.06,-7.87,36.52,-7.12,117,34.0,67,16.0,49,17.0,1,1.0,57.26,-4.19,2026-05-15,-,0,398.0
200,-7,jingjing123,CN,1663.15,4.03,1725.68,2.9,20.84,-0.38,803,91.0,463,41.0,327,50.0,13,0.0,57.66,-1.61,2026-05-31,-,0,147.0
201,-42,speedstone,PL,1663.04,-20.6,1739.33,-22.18,25.43,-0.53,393,34.0,229,12.0,158,22.0,6,0.0,58.27,-2.18,2026-05-31,-,0,108.0
202,-26,jRune,-,1662.96,-5.38,1756.82,0.0,31.29,1.79,421,0.0,251,0.0,166,0.0,4,0.0,59.62,0.0,2026-01-10,P,6,327.0
-,-,Zulda,-,1662.75,-3.27,1816.6,0.0,51.28,1.09,186,0.0,113,0.0,68,0.0,5,0.0,60.75,0.0,2022-05-23,M,1,-
203,12,SwaulgustusCaesar,-,1662.26,15.39,1805.47,-62.63,47.74,-26.01,67,37.0,43,19.0,23,17.0,1,1.0,64.18,-15.82,2026-05-17,-,0,-
204,-24,DJLAODIE,CN,1662.12,-4.68,1771.01,0.0,36.3,1.56,236,0.0,143,0.0,87,0.0,6,0.0,60.59,0.0,2025-07-02,-,0,340.0
205,-27,belowfox,CN,1662.11,-5.1,1729.14,-10.44,22.35,-1.78,380,74.0,237,39.0,141,34.0,2,1.0,62.37,-2.34,2026-05-31,-,0,155.0
-,-,ArtPlay,FR,1662.09,-3.86,1789.18,0.0,42.36,1.29,295,0.0,189,0.0,104,0.0,2,0.0,64.07,0.0,2023-11-15,P,4,-
206,130,Silvester,-,1661.19,74.41,1780.85,32.95,39.89,-13.82,104,49.0,83,38.0,21,11.0,0,0.0,79.81,-2.01,2026-05-31,-,0,-
207,12,t0mk0t,-,1660.96,16.37,1759.48,8.11,32.84,-2.75,201,29.0,138,18.0,60,11.0,3,0.0,68.66,-1.11,2026-05-17,-,0,690.0
208,2,WowaduHek,-,1660.65,11.43,1804.66,4.8,48.0,-2.21,72,7.0,50,4.0,21,3.0,1,0.0,69.44,-1.33,2026-05-12,-,0,318.0
209,18,Jorrig,CH,1660.29,22.71,1736.67,23.77,25.46,0.35,944,36.0,505,30.0,429,6.0,10,0.0,53.5,1.19,2026-05-23,M,1,79.0
210,-6,OlaWictorin,SE,1660.26,9.24,1739.96,8.51,26.57,-0.24,417,30.0,264,15.0,147,15.0,6,0.0,63.31,-1.03,2026-05-26,G,3,150.0
-,-,chumchu,-,1659.99,-3.34,1808.58,0.0,49.53,1.11,184,0.0,95,0.0,89,0.0,0,0.0,51.63,0.0,2024-02-06,-,0,-
-,-,shpand,-,1658.83,-3.28,1809.69,0.0,50.29,1.09,92,0.0,67,0.0,25,0.0,0,0.0,72.83,0.0,2024-10-31,-,0,-
211,-10,roverandom,HR,1658.83,6.21,1719.87,5.39,20.35,-0.27,1293,83.0,723,48.0,565,35.0,5,0.0,55.92,0.13,2026-05-30,P,10,121.0
212,-21,Olesch,DE,1658.76,-1.5,1728.22,-5.58,23.15,-1.36,879,60.0,503,30.0,368,30.0,8,0.0,57.22,-0.53,2026-05-31,P,2,207.0
213,-28,Masox,DE,1658.52,-3.36,1716.09,-3.36,19.19,0.0,1251,79.0,707,45.0,532,32.0,12,2.0,56.51,0.03,2026-05-30,P,2,92.0
214,new,W1TCH0R,-,1658.37,1208.37,1860.6,360.6,67.41,67.41,32,32.0,30,30.0,2,2.0,0,0.0,93.75,93.75,2026-05-31,-,0,-
215,-21,Aranwar,IL,1657.37,-0.26,1731.57,-1.47,24.73,-0.4,883,40.0,500,21.0,374,19.0,9,0.0,56.63,-0.19,2026-05-31,P,12,252.0
216,25,HeirOfValyria,-,1657.21,26.46,1728.87,24.14,23.89,-0.77,760,55.0,423,34.0,326,18.0,11,3.0,55.66,0.48,2026-05-31,P,14,190.0
217,-51,Flackk,BG,1656.93,-19.27,1719.58,-19.37,20.88,-0.03,928,73.0,513,33.0,407,40.0,8,0.0,55.28,-0.86,2026-05-31,P,5,47.0
218,30,Balan,CN,1655.92,28.3,1837.52,13.72,60.54,-4.86,44,6.0,37,4.0,7,2.0,0,0.0,84.09,-2.75,2026-05-07,-,0,1051.0
219,new,FrenkDeTank,NL,1655.89,1205.89,1835.97,335.97,60.03,60.03,41,41.0,38,38.0,2,2.0,1,1.0,92.68,92.68,2026-05-31,-,0,-
220,-4,maxolino,IT,1655.81,9.3,1719.56,10.14,21.25,0.28,959,47.0,558,28.0,394,19.0,7,0.0,58.19,0.08,2026-05-25,G,6,140.0
221,-108,ElChupacabra,MK,1655.21,-60.27,1721.64,-55.41,22.14,1.62,797,42.0,446,3.0,344,39.0,7,0.0,55.96,-2.72,2026-04-22,M,1,42.0
222,152,Djinges,-,1654.81,88.91,1826.72,39.63,57.31,-16.43,58,19.0,41,15.0,17,4.0,0,0.0,70.69,4.02,2026-05-31,-,0,-
223,28,Boristina,US,1654.75,28.07,1749.22,13.58,31.49,-4.83,171,44.0,117,29.0,53,15.0,1,0.0,68.42,-0.87,2026-05-29,-,0,372.0
224,-24,fathope,SK,1654.71,1.02,1715.89,1.56,20.39,0.18,1106,62.0,622,34.0,474,27.0,10,1.0,56.24,-0.08,2026-05-31,P,2,168.0
225,-44,FunkyLere,-,1654.52,-11.0,1728.82,-16.77,24.77,-1.92,461,54.0,269,23.0,188,31.0,4,0.0,58.35,-2.09,2026-05-31,G,8,259.0
226,-31,PacificKonradin,-,1653.47,-4.03,1777.27,0.0,41.27,1.34,183,0.0,135,0.0,46,0.0,2,0.0,73.77,0.0,2025-09-23,-,0,711.0
-,-,BeatrixAnd,PL,1653.15,-4.59,1764.27,0.0,37.04,1.53,196,0.0,148,0.0,46,0.0,2,0.0,75.51,0.0,2025-05-20,-,0,194.0
227,-43,fugg,US,1652.43,-10.23,1726.2,-10.57,24.59,-0.11,742,39.0,446,14.0,291,24.0,5,1.0,60.11,-1.34,2026-05-31,G,2,473.0
228,535,condemor,-,1652.33,248.57,1900.63,-21.66,82.77,-90.08,37,33.0,32,28.0,5,5.0,0,0.0,86.49,-13.51,2026-05-31,-,0,-
229,-37,Flower4,-,1651.97,-7.43,1771.37,-38.98,39.8,-10.52,117,37.0,86,20.0,30,17.0,1,0.0,73.5,-9.0,2026-05-27,-,0,931.0
230,-34,madrabbit,-,1651.71,-5.11,1755.14,0.0,34.48,1.7,328,0.0,193,0.0,135,0.0,0,0.0,58.84,0.0,2025-10-24,P,2,552.0
231,147,snakilan,-,1650.72,86.3,1787.21,-2.53,45.5,-29.61,85,56.0,63,41.0,21,14.0,1,1.0,74.12,-1.74,2026-05-31,-,0,-
232,-29,CouchKing,PK,1650.64,-0.66,1714.21,-0.69,21.19,-0.01,1173,61.0,651,31.0,512,30.0,10,0.0,55.5,-0.26,2026-05-31,P,2,99.0
233,-8,MidnightFox,SE,1650.58,12.49,1720.41,12.78,23.28,0.1,495,52.0,290,40.0,201,12.0,4,0.0,58.59,2.16,2026-05-31,G,2,62.0
234,312,GrandHedgehog,RU,1650.5,162.32,1756.31,132.75,35.27,-9.86,152,45.0,110,39.0,41,5.0,1,1.0,72.37,6.01,2026-05-31,-,0,-
235,-56,PhiTrigger,US,1650.32,-16.87,1714.76,-15.95,21.48,0.3,1590,63.0,804,27.0,776,35.0,10,1.0,50.57,-0.31,2026-05-31,M,7,102.0
236,-37,devilchn,-,1650.1,-3.76,1782.4,0.0,44.1,1.25,114,0.0,84,0.0,30,0.0,0,0.0,73.68,0.0,2025-07-28,-,0,496.0
237,-40,MindKillazz,CA,1649.42,-5.27,1716.2,-4.24,22.26,0.34,689,46.0,386,23.0,299,23.0,4,0.0,56.02,-0.43,2026-05-31,P,2,134.0
-,-,Raistlin3m,IT,1648.26,-5.06,1757.65,0.0,36.47,1.69,566,0.0,319,0.0,241,0.0,6,0.0,56.36,0.0,2024-10-01,M,2,-
238,-4,arDKee,-,1647.7,13.63,1729.89,3.24,27.4,-3.46,227,54.0,156,30.0,70,23.0,1,1.0,68.72,-4.11,2026-05-26,-,0,589.0
-,-,Musan,US,1647.58,-5.72,1742.35,0.0,31.59,1.91,730,0.0,458,0.0,270,0.0,2,0.0,62.74,0.0,2025-04-12,P,4,291.0
-,-,Bram,-,1646.09,-3.77,1779.83,0.0,44.58,1.26,321,0.0,178,0.0,141,0.0,2,0.0,55.45,0.0,2023-06-06,M,3,-
-,-,gorozei-12ans,CH,1645.41,-3.59,1786.12,0.0,46.9,1.2,190,0.0,127,0.0,63,0.0,0,0.0,66.84,0.0,2023-06-06,G,2,-
239,-6,CrownKiller,KR,1645.17,11.1,1712.38,6.61,22.4,-1.5,600,67.0,362,36.0,236,31.0,2,0.0,60.33,-0.83,2026-05-31,G,2,213.0
-,-,Toper,US,1645.07,-2.34,1855.61,0.0,70.18,0.78,90,0.0,57,0.0,32,0.0,1,0.0,63.33,0.0,2019-08-22,-,0,-
240,-34,Dragonite,US,1644.16,-6.68,1704.81,-5.45,20.22,0.41,1061,63.0,605,30.0,445,32.0,11,1.0,57.02,-0.6,2026-05-31,G,4,181.0
-,-,Isaia,KR,1644.16,-4.58,1776.26,0.0,44.03,1.53,312,0.0,199,0.0,111,0.0,2,0.0,63.78,0.0,2024-02-23,M,3,-
241,-32,Vorbrock,-,1644.04,-5.53,1741.13,0.0,32.36,1.84,459,0.0,243,0.0,211,0.0,5,0.0,52.94,0.0,2025-07-13,P,12,247.0
-,-,mushan,CN,1643.63,-3.96,1777.72,0.0,44.7,1.32,252,0.0,139,0.0,109,0.0,4,0.0,55.16,0.0,2025-03-03,GM,1,558.0
242,13,TorbenOfHerpes,DE,1642.41,17.9,1720.86,4.3,26.15,-4.53,249,77.0,165,45.0,82,31.0,2,1.0,66.27,-3.5,2026-05-31,-,0,622.0
243,-45,Nightvayne,CH,1642.37,-11.55,1709.75,-11.3,22.46,0.08,744,49.0,424,21.0,314,27.0,6,1.0,56.99,-1.0,2026-05-24,G,5,127.0
-,-,TBow,-,1642.27,-2.68,1826.63,0.0,61.45,0.89,94,0.0,70,0.0,23,0.0,1,0.0,74.47,0.0,2023-02-25,P,2,-
244,-61,flaminghito,-,1642.26,-21.49,1729.83,-29.03,29.19,-2.52,540,36.0,303,13.0,236,23.0,1,0.0,56.11,-1.43,2026-05-31,P,8,913.0
245,-72,Skaiwalker,CZ,1641.92,-28.49,1713.79,-28.04,23.95,0.15,929,45.0,521,20.0,401,25.0,7,0.0,56.08,-0.59,2026-05-27,M,2,141.0
246,58,Rajeev,-,1641.88,43.58,1717.77,33.53,25.3,-3.35,359,65.0,220,41.0,136,22.0,3,2.0,61.28,0.4,2026-05-31,G,1,129.0
247,9,Garlett,-,1641.6,17.12,1727.4,14.91,28.6,-0.74,471,27.0,285,18.0,186,9.0,0,0.0,60.51,0.37,2026-05-31,P,4,389.0
248,-60,Dvale112,US,1641.55,-19.32,1706.16,-18.65,21.54,0.22,975,55.0,544,21.0,420,34.0,11,0.0,55.79,-1.06,2026-05-31,G,12,148.0
249,119,bryanckh,SG,1641.46,71.99,1748.2,12.08,35.58,-19.97,143,78.0,99,51.0,44,27.0,0,0.0,69.23,-4.62,2026-05-31,-,0,1262.0
250,-26,Aruta,-,1641.23,1.55,1741.98,-23.97,33.58,-8.51,159,48.0,109,25.0,50,23.0,0,0.0,68.55,-7.13,2026-05-20,-,0,711.0
-,-,Mad_Tyrion,IT,1641.21,-2.05,1880.84,0.0,79.88,0.68,66,0.0,63,0.0,3,0.0,0,0.0,95.45,0.0,2022-09-04,-,0,-
251,23,FenPlays,RU,1641.09,24.18,1706.54,21.66,21.82,-0.84,501,67.0,306,41.0,190,26.0,5,0.0,61.08,0.02,2026-05-27,-,0,221.0
-,-,kuchjir,CZ,1641.03,-3.11,1810.31,0.0,56.43,1.04,258,0.0,157,0.0,100,0.0,1,0.0,60.85,0.0,2021-05-07,GM,2,-
252,-62,Beowls,-,1640.83,-19.5,1752.62,-36.54,37.26,-5.68,125,30.0,72,14.0,52,15.0,1,1.0,57.6,-3.45,2026-05-14,-,0,321.0
253,-21,maiquelPS,ES,1640.34,6.16,1708.45,5.34,22.7,-0.27,971,60.0,516,31.0,452,29.0,3,0.0,53.14,-0.1,2026-05-31,P,15,76.0
254,6,Gavatron,CA,1639.91,17.48,1710.17,16.3,23.42,-0.39,1207,54.0,640,31.0,557,22.0,10,1.0,53.02,0.2,2026-05-31,P,3,155.0
255,20,ElKhan,CL,1639.55,24.64,1698.38,25.97,19.61,0.44,1374,70.0,747,46.0,618,24.0,9,0.0,54.37,0.61,2026-05-31,G,10,160.0
-,-,VikingLeif,-,1639.52,-4.25,1760.09,0.0,40.19,1.42,425,0.0,245,0.0,179,0.0,1,0.0,57.65,0.0,2024-01-05,P,8,-
-,-,vermiliondk,-,1639.1,-2.95,1805.73,0.0,55.54,0.98,60,0.0,36,0.0,24,0.0,0,0.0,60.0,0.0,2024-07-15,-,0,-
256,11,maunzzz,SE,1639.02,19.66,1702.75,14.76,21.24,-1.63,498,91.0,290,46.0,202,45.0,6,0.0,58.23,-1.72,2026-05-31,-,0,162.0
257,101,DayWalker1337,-,1638.86,62.22,1753.04,42.33,38.06,-6.63,123,30.0,79,15.0,43,14.0,1,1.0,64.23,-4.59,2026-05-26,-,0,757.0
258,70,Budde,DE,1638.82,48.52,1711.04,38.72,24.07,-3.27,317,81.0,208,46.0,109,35.0,0,0.0,65.62,-3.02,2026-05-31,-,0,352.0
259,58,richardhell,UA,1637.74,44.28,1717.01,41.72,26.42,-0.85,331,37.0,208,25.0,121,12.0,2,0.0,62.84,0.6,2026-05-16,-,0,214.0
260,70,LJSHUEN,-,1637.07,48.29,1761.09,28.06,41.34,-6.74,95,25.0,59,11.0,35,14.0,1,0.0,62.11,-6.46,2026-05-14,-,0,662.0
261,-40,Lothar,US,1635.96,-5.68,1740.53,0.0,34.86,1.89,568,0.0,343,0.0,224,0.0,1,0.0,60.39,0.0,2025-07-05,G,6,509.0
-,-,rasattack,-,1635.82,-3.14,1795.29,0.0,53.16,1.05,93,0.0,70,0.0,23,0.0,0,0.0,75.27,0.0,2024-07-01,-,0,-
262,1,Amorin,ES,1635.66,14.58,1704.84,12.6,23.06,-0.66,1041,56.0,576,25.0,459,31.0,6,0.0,55.33,-0.61,2026-05-31,-,0,212.0
263,-13,Jonny125,RU,1634.63,7.15,1697.93,9.2,21.1,0.68,1288,47.0,705,26.0,572,21.0,11,0.0,54.74,0.03,2026-05-31,P,2,173.0
264,274,poikai2,-,1634.28,142.77,1799.33,39.94,55.02,-34.28,59,29.0,42,19.0,17,10.0,0,0.0,71.19,-5.48,2026-05-15,-,0,-
-,-,Anderkent,PL,1634.09,-3.53,1775.47,0.0,47.12,1.18,206,0.0,143,0.0,62,0.0,1,0.0,69.42,0.0,2023-04-16,G,4,-
-,-,JeJenan,KR,1634.08,-3.71,1768.38,0.0,44.76,1.24,284,0.0,169,0.0,115,0.0,0,0.0,59.51,0.0,2024-01-05,G,12,-
-,-,xRen1101,LT,1633.79,-3.38,1779.97,0.0,48.73,1.13,260,0.0,179,0.0,79,0.0,2,0.0,68.85,0.0,2023-06-06,P,4,-
265,-8,MartinW,DE,1633.75,10.23,1700.4,9.66,22.22,-0.19,890,57.0,513,34.0,374,23.0,3,0.0,57.64,0.14,2026-05-28,G,4,132.0
266,-48,Vangelisb,GR,1633.67,-11.62,1695.37,-11.77,20.57,-0.05,950,75.0,547,36.0,396,39.0,7,0.0,57.58,-0.82,2026-05-31,G,6,142.0
267,188,ImmoDoP,-,1632.24,107.49,1800.57,-19.04,56.11,-42.18,48,29.0,34,16.0,14,13.0,0,0.0,70.83,-23.91,2026-05-13,-,0,-
268,11,Technicolourism,CA,1631.96,18.79,1749.53,-4.46,39.19,-7.75,105,30.0,65,15.0,39,15.0,1,0.0,61.9,-4.77,2026-05-12,-,0,662.0
269,57,eggmancs,GB,1631.7,40.96,1708.97,36.85,25.76,-1.37,427,45.0,245,30.0,181,15.0,1,0.0,57.38,1.1,2026-05-28,-,0,191.0
270,-25,LeonidasI,-,1630.67,2.0,1692.93,0.16,20.75,-0.61,818,79.0,464,46.0,349,33.0,5,0.0,56.72,0.16,2026-05-28,-,0,107.0
-,-,CarloPedersoli,-,1629.86,-4.4,1748.33,0.0,39.49,1.47,174,0.0,119,0.0,54,0.0,1,0.0,68.39,0.0,2025-02-27,G,4,987.0
271,-43,flutter,US,1628.63,-8.11,1694.52,-5.8,21.97,0.77,683,39.0,386,19.0,288,19.0,9,1.0,56.52,-0.47,2026-05-31,P,2,172.0
-,-,SuperDon,-,1627.21,-1.49,1955.31,0.0,109.36,0.5,16,0.0,13,0.0,3,0.0,0,0.0,81.25,0.0,2022-03-01,-,0,-
272,27,Shergar,GB,1626.82,26.89,1741.11,4.02,38.1,-7.62,106,32.0,66,19.0,38,13.0,2,0.0,62.26,-1.25,2026-05-20,-,0,757.0
273,-12,SuperHans,-,1626.52,4.5,1726.44,-0.27,33.31,-1.59,177,20.0,112,11.0,64,9.0,1,0.0,63.28,-1.05,2026-04-26,-,0,589.0
274,-38,Rhizom,-,1625.96,-6.22,1705.51,0.0,26.52,2.07,726,0.0,380,0.0,341,0.0,5,0.0,52.34,0.0,2025-11-30,P,2,144.0
-,-,ducky1,-,1625.82,-2.77,1804.71,0.0,59.63,0.92,75,0.0,51,0.0,24,0.0,0,0.0,68.0,0.0,2023-08-03,-,0,-
275,-62,Watlersen,-,1625.78,-21.36,1693.22,-21.49,22.48,-0.04,408,50.0,238,21.0,167,29.0,3,0.0,58.33,-2.28,2026-05-18,-,0,195.0
276,-33,Sakic19,HU,1625.35,-3.8,1690.65,-6.99,21.77,-1.06,404,72.0,243,35.0,155,37.0,6,0.0,60.15,-2.5,2026-05-30,-,0,285.0
-,-,otis,-,1624.55,-2.97,1790.2,0.0,55.22,0.99,60,0.0,40,0.0,20,0.0,0,0.0,66.67,0.0,2025-05-04,-,0,578.0
-,-,tomaszchwiszczuk,-,1624.15,-3.07,1784.59,0.0,53.48,1.02,174,0.0,109,0.0,62,0.0,3,0.0,62.64,0.0,2022-03-06,P,4,-
277,6,JCleek,US,1623.62,11.42,1718.67,8.71,31.68,-0.9,558,18.0,281,9.0,275,9.0,2,0.0,50.36,-0.01,2026-04-25,M,2,570.0
278,-6,ChampDeGlace,DE,1622.64,4.9,1687.27,1.81,21.54,-1.03,777,73.0,470,41.0,299,32.0,8,0.0,60.49,-0.45,2026-05-31,G,1,188.0
279,-1,Shincham,BR,1622.36,8.79,1695.39,7.95,24.34,-0.28,859,45.0,497,29.0,350,16.0,12,0.0,57.86,0.37,2026-05-26,G,14,249.0
280,-40,Sunmaster14_LV,LV,1622.3,-9.01,1683.34,-7.0,20.35,0.67,1509,68.0,803,41.0,691,25.0,15,2.0,53.21,0.33,2026-05-31,P,6,137.0
281,84,mzotkiew,-,1622.09,50.53,1740.64,31.22,39.52,-6.44,130,30.0,92,23.0,38,7.0,0,0.0,70.77,1.77,2026-05-24,-,0,-
282,-47,St-Amadeus,CA,1622.04,-10.21,1684.43,-8.43,20.79,0.59,1345,66.0,734,32.0,603,34.0,8,0.0,54.57,-0.32,2026-05-31,P,4,199.0
283,39,Tharkis,-,1622.0,29.15,1723.42,17.12,33.81,-4.01,315,34.0,169,17.0,145,17.0,1,0.0,53.65,-0.44,2026-05-20,P,2,1060.0
284,-53,BitterBlossom,CN,1621.47,-12.86,1696.04,-15.59,24.86,-0.91,448,48.0,273,23.0,173,24.0,2,1.0,60.94,-1.56,2026-05-26,-,0,158.0
285,6,daggsea,CN,1621.43,16.4,1700.52,10.86,26.36,-1.84,257,45.0,153,27.0,104,18.0,0,0.0,59.53,0.1,2026-05-11,-,0,304.0
-,-,Foolio,-,1621.35,-3.43,1770.27,0.0,49.64,1.14,228,0.0,138,0.0,89,0.0,1,0.0,60.53,0.0,2022-09-04,M,2,-
-,-,keizerCarel,-,1620.45,-3.48,1764.37,0.0,47.97,1.16,81,0.0,63,0.0,18,0.0,0,0.0,77.78,0.0,2025-03-20,-,0,684.0
286,-40,Adamez,PL,1620.35,-7.97,1701.8,-10.81,27.15,-0.94,367,31.0,214,14.0,150,17.0,3,0.0,58.31,-1.21,2026-05-31,-,0,192.0
287,7,Firedart,GB,1619.89,17.87,1686.59,17.82,22.23,-0.02,1696,87.0,914,52.0,770,35.0,12,0.0,53.89,0.32,2026-05-31,P,6,86.0
288,30,LordPeter,-,1619.57,26.2,1698.81,28.54,26.41,0.78,481,18.0,270,14.0,206,4.0,5,0.0,56.13,0.84,2026-04-29,G,8,204.0
290,-52,Kor,BE,1618.89,-13.15,1695.2,-17.05,25.44,-1.3,296,44.0,170,21.0,125,23.0,1,0.0,57.43,-1.7,2026-05-17,-,0,251.0
289,-40,ruby_buby,US,1618.89,-8.7,1696.17,-12.35,25.76,-1.22,330,42.0,195,18.0,132,23.0,3,1.0,59.09,-2.37,2026-05-22,-,0,174.0
291,5,Dayvs,-,1618.88,18.07,1678.95,18.5,20.03,0.15,970,68.0,558,43.0,404,24.0,8,1.0,57.53,0.43,2026-05-28,-,0,205.0
292,-19,Spence2102,GB,1618.76,1.55,1684.68,0.15,21.98,-0.47,577,60.0,352,34.0,219,26.0,6,0.0,61.01,-0.5,2026-05-24,G,2,180.0
293,-81,wittr,GR,1617.72,-29.47,1678.82,-29.49,20.37,-0.01,1068,74.0,584,29.0,473,44.0,11,1.0,54.68,-1.16,2026-05-21,P,8,117.0
294,-71,Naleenae,BE,1617.7,-22.72,1738.14,-23.5,40.15,-0.26,126,6.0,75,0.0,50,6.0,1,0.0,59.52,-2.98,2026-03-05,-,0,757.0
295,-33,Gelato,DE,1617.49,-3.68,1685.84,-1.55,22.78,0.71,466,39.0,272,23.0,190,15.0,4,1.0,58.37,0.06,2026-05-25,-,0,153.0
-,-,lukaszt,-,1617.26,-3.35,1767.38,0.0,50.04,1.12,226,0.0,161,0.0,64,0.0,1,0.0,71.24,0.0,2023-10-22,M,1,-
-,-,JoyBoy,TH,1616.56,-4.42,1728.6,0.0,37.35,1.47,309,0.0,207,0.0,102,0.0,0,0.0,66.99,0.0,2024-09-04,G,4,-
296,64,Paolol65,FR,1616.29,41.29,1784.05,9.21,55.92,-10.69,58,15.0,47,11.0,10,4.0,1,0.0,81.03,-2.69,2026-03-26,-,0,1271.0
297,-33,Fayebian,-,1616.11,-4.2,1736.24,0.0,40.05,1.4,231,0.0,137,0.0,93,0.0,1,0.0,59.31,0.0,2025-08-01,G,2,398.0
-,-,Lloydinspace100,-,1615.9,-5.86,1712.62,0.0,32.24,1.95,826,0.0,456,0.0,363,0.0,7,0.0,55.21,0.0,2025-05-31,G,10,555.0
-,-,Allmrak,-,1615.05,-2.58,1806.21,0.0,63.72,0.86,91,0.0,71,0.0,20,0.0,0,0.0,78.02,0.0,2024-08-11,-,0,-
298,-33,AxelKlaar,-,1615.05,-4.64,1716.6,-15.58,33.85,-3.65,174,30.0,113,15.0,61,15.0,0,0.0,64.94,-3.12,2026-05-16,-,0,448.0
-,-,Jans,PL,1614.84,-3.75,1745.79,0.0,43.65,1.25,154,0.0,106,0.0,48,0.0,0,0.0,68.83,0.0,2024-09-15,-,0,-
-,-,slig123,US,1614.17,-2.93,1781.71,0.0,55.84,0.98,226,0.0,146,0.0,77,0.0,3,0.0,64.6,0.0,2021-02-07,GM,2,-
299,-29,ChrisTher,-,1614.07,-4.93,1720.39,0.0,35.44,1.64,274,0.0,161,0.0,111,0.0,2,0.0,58.76,0.0,2025-07-29,G,2,551.0
300,0,Aftheiss,US,1613.62,13.79,1686.19,12.03,24.19,-0.59,358,42.0,226,25.0,130,17.0,2,0.0,63.13,-0.48,2026-05-31,-,0,408.0
301,-54,Neandrtalec,-,1613.17,-14.9,1694.44,-17.76,27.09,-0.95,306,32.0,170,11.0,132,21.0,4,0.0,55.56,-2.47,2026-05-19,-,0,291.0
-,-,Covfefe,US,1613.12,-4.18,1735.47,0.0,40.79,1.39,422,0.0,231,0.0,187,0.0,4,0.0,54.74,0.0,2024-12-04,GM,2,-
302,39,phoang,-,1612.92,28.91,1692.92,23.47,26.67,-1.81,290,45.0,178,29.0,111,15.0,1,1.0,61.38,0.56,2026-05-23,-,0,255.0
-,-,Naval,-,1612.46,-3.11,1771.55,0.0,53.03,1.04,87,0.0,66,0.0,21,0.0,0,0.0,75.86,0.0,2025-03-21,-,0,805.0
303,52,mrcy,HU,1612.22,34.98,1701.71,18.66,29.83,-5.44,193,48.0,122,27.0,71,21.0,0,0.0,63.21,-2.31,2026-05-15,-,0,726.0
-,-,mlaticka_martanek,-,1612.19,-3.06,1772.98,0.0,53.6,1.02,72,0.0,46,0.0,24,0.0,2,0.0,63.89,0.0,2024-05-25,G,6,-
-,-,JohnnyD144,-,1611.95,-2.35,1822.2,0.0,70.08,0.78,78,0.0,68,0.0,10,0.0,0,0.0,87.18,0.0,2022-03-06,-,0,-
305,91,Composaurus,-,1611.57,53.87,1729.27,29.07,39.23,-8.27,106,32.0,62,19.0,44,13.0,0,0.0,58.49,0.38,2026-05-27,-,0,578.0
304,49,JSauve,-,1611.57,33.53,1716.1,19.74,34.84,-4.6,165,30.0,108,21.0,57,9.0,0,0.0,65.45,1.01,2026-05-31,-,0,662.0
306,-54,Tototrillion,DE,1610.18,-16.06,1719.82,-34.14,36.55,-6.03,130,30.0,72,9.0,57,21.0,1,0.0,55.38,-7.62,2026-05-27,-,0,480.0
307,25,jacksonray,-,1610.11,22.03,1681.83,17.83,23.91,-1.4,367,61.0,226,38.0,135,22.0,6,1.0,61.58,0.14,2026-05-23,-,0,491.0
308,-37,treitze,DE,1609.22,-8.71,1717.33,-4.16,36.04,1.51,657,2.0,357,0.0,295,2.0,5,0.0,54.34,-0.16,2026-03-22,P,4,-
309,57,arthurlam90,-,1609.19,38.64,1697.83,34.57,29.54,-1.35,212,34.0,138,30.0,72,4.0,2,0.0,65.09,4.42,2026-05-31,-,0,389.0
310,-42,vitek,-,1609.11,-10.0,1693.23,-8.25,28.04,0.58,538,15.0,295,3.0,235,11.0,8,1.0,54.83,-1.0,2026-04-05,G,18,246.0
-,-,Arnaud,CH,1608.48,-3.58,1752.96,0.0,48.16,1.19,174,0.0,107,0.0,66,0.0,1,0.0,61.49,0.0,2023-04-16,P,6,-
-,-,Galinlik,-,1608.18,-3.19,1774.43,0.0,55.42,1.06,90,0.0,59,0.0,29,0.0,2,0.0,65.56,0.0,2023-06-06,-,0,-
311,62,Trond79,-,1608.17,40.81,1712.61,1.67,34.81,-13.05,164,64.0,120,42.0,43,21.0,1,1.0,73.17,-4.83,2026-05-31,-,0,1262.0
-,-,steve10716,-,1608.15,-3.74,1751.77,0.0,47.87,1.25,294,0.0,201,0.0,91,0.0,2,0.0,68.37,0.0,2023-06-06,P,6,-
312,8,Slender,-,1607.83,14.71,1719.21,4.8,37.13,-3.3,204,20.0,130,12.0,72,8.0,2,0.0,63.73,-0.4,2026-05-01,G,6,1054.0
313,59,zcx,-,1607.65,40.12,1858.88,-19.95,83.74,-20.02,25,7.0,19,4.0,6,3.0,0,0.0,76.0,-7.33,2026-05-13,-,0,1178.0
314,-61,MrFigu,-,1607.05,-18.37,1697.39,-22.39,30.12,-1.34,226,27.0,130,12.0,90,15.0,6,0.0,57.52,-1.78,2026-05-31,-,0,198.0
315,-71,Notbot66,FI,1606.87,-22.17,1676.01,-23.45,23.05,-0.43,426,52.0,239,21.0,184,31.0,3,0.0,56.1,-2.19,2026-05-26,-,0,169.0
-,-,C666,-,1606.54,-2.29,1823.56,0.0,72.34,0.76,54,0.0,40,0.0,14,0.0,0,0.0,74.07,0.0,2020-12-06,P,2,-
316,306,northlynx,DE,1606.07,149.51,1787.24,41.27,60.39,-36.08,43,25.0,36,18.0,7,7.0,0,0.0,83.72,-16.28,2026-05-14,-,0,-
-,-,Bonnie,-,1605.28,-3.3,1755.85,0.0,50.19,1.1,156,0.0,107,0.0,47,0.0,2,0.0,68.59,0.0,2022-12-04,P,2,-
317,8,kenchan,HK,1604.85,12.78,1668.37,16.47,21.17,1.23,1213,43.0,655,29.0,548,13.0,10,1.0,54.0,0.5,2026-05-31,G,8,170.0
318,-64,peposqui,ES,1604.65,-20.66,1678.21,-20.43,24.52,0.08,599,32.0,340,11.0,257,21.0,2,0.0,56.76,-1.26,2026-05-31,G,4,208.0
319,91,BahbUrge,-,1604.12,53.3,1686.76,45.31,27.55,-2.66,228,47.0,139,32.0,84,13.0,5,2.0,60.96,1.84,2026-05-23,-,0,310.0
320,-22,RoxasVen,IT,1603.42,3.48,1671.71,1.98,22.77,-0.5,810,53.0,475,28.0,333,25.0,2,0.0,58.64,-0.41,2026-05-31,G,2,217.0
321,-32,Scottrick,US,1603.39,-3.49,1745.86,0.0,47.49,1.16,93,0.0,64,0.0,29,0.0,0,0.0,68.82,0.0,2026-02-16,-,0,1429.0
323,-43,Thisisnotasmile,GB,1603.31,-9.56,1663.17,-9.4,19.96,0.06,1561,89.0,823,44.0,729,44.0,9,1.0,52.72,-0.2,2026-05-31,P,2,171.0
322,-38,Padishar,-,1603.31,-7.93,1664.51,-7.1,20.4,0.28,1189,64.0,638,28.0,544,36.0,7,0.0,53.66,-0.56,2026-05-31,G,3,138.0
324,3,amaj,US,1603.05,12.58,1690.29,5.21,29.08,-2.46,214,43.0,139,24.0,74,19.0,1,0.0,64.95,-2.3,2026-05-27,-,0,439.0
325,-35,cpp,-,1602.91,-2.55,1702.89,-0.09,33.33,0.82,510,6.0,275,2.0,231,4.0,4,0.0,53.92,-0.25,2026-05-28,G,12,-
326,-10,Jiffy,HK,1602.76,8.35,1704.82,7.49,34.02,-0.29,169,12.0,107,7.0,59,5.0,3,0.0,63.31,-0.38,2026-05-31,-,0,351.0
327,-32,LordMichael,DE,1602.62,0.7,1674.08,1.8,23.82,0.37,700,39.0,399,21.0,292,18.0,9,0.0,57.0,-0.19,2026-05-09,G,8,233.0
-,-,zanydruid,-,1602.6,-1.51,1926.24,0.0,107.88,0.5,16,0.0,11,0.0,5,0.0,0,0.0,68.75,0.0,2022-03-01,-,0,-
328,-16,Garri,ES,1602.51,6.31,1676.3,5.03,24.6,-0.43,1074,48.0,611,22.0,457,25.0,6,1.0,56.89,-0.52,2026-05-25,G,6,145.0
-,-,AvPL,PL,1602.17,-3.01,1766.49,0.0,54.77,1.0,89,0.0,68,0.0,21,0.0,0,0.0,76.4,0.0,2023-10-22,-,0,-
330,-54,Sengir80,-,1601.14,-13.73,1685.43,-16.68,28.1,-0.98,251,28.0,147,10.0,104,18.0,0,0.0,58.57,-2.86,2026-04-22,-,0,437.0
329,-41,eNroamer,LV,1601.14,-7.12,1691.3,0.0,30.05,2.37,1364,0.0,726,0.0,627,0.0,11,0.0,53.23,0.0,2025-09-30,G,10,196.0
-,-,SergioCamp,-,1600.53,-3.26,1752.51,0.0,50.66,1.09,90,0.0,58,0.0,31,0.0,1,0.0,64.44,0.0,2024-07-15,-,0,-
331,-49,SimTubez,AU,1600.49,-11.89,1683.46,-13.26,27.66,-0.46,613,30.0,377,10.0,232,19.0,4,1.0,61.5,-1.45,2026-05-25,G,2,420.0
-,-,chrroom,-,1600.4,-3.2,1756.52,0.0,52.04,1.07,216,0.0,137,0.0,75,0.0,4,0.0,63.43,0.0,2022-03-06,P,2,-
332,-30,brainac,-,1600.29,1.55,1671.29,-0.56,23.67,-0.7,906,48.0,493,23.0,410,25.0,3,0.0,54.42,-0.36,2026-05-18,G,14,232.0
333,-46,ChipsAhoya,US,1600.19,-8.85,1660.31,-7.77,20.04,0.36,1846,70.0,944,32.0,888,37.0,14,1.0,51.14,-0.21,2026-05-31,P,8,209.0
-,-,Lawful,-,1600.15,-2.33,1810.47,0.0,70.11,0.78,72,0.0,57,0.0,15,0.0,0,0.0,79.17,0.0,2021-05-29,-,0,-
334,-48,Buldozer_bga,-,1600.04,-9.3,1675.92,-9.22,25.29,0.03,404,33.0,230,8.0,171,24.0,3,1.0,56.93,-2.91,2026-04-26,-,0,166.0
335,-58,Mkucharz,CA,1599.87,-13.86,1696.68,-19.41,32.27,-1.85,191,25.0,113,11.0,75,14.0,3,0.0,59.16,-2.29,2026-05-10,-,0,452.0
-,-,Rasmulde,-,1599.72,-3.71,1731.05,0.0,43.78,1.24,237,0.0,141,0.0,96,0.0,0,0.0,59.49,0.0,2024-07-01,P,8,-
336,292,cyb3k,-,1599.5,147.28,1746.67,60.58,49.06,-28.9,63,38.0,40,25.0,23,13.0,0,0.0,63.49,3.49,2026-05-31,-,0,-
-,-,V0jta,CZ,1599.41,-4.36,1720.77,0.0,40.45,1.45,517,0.0,288,0.0,226,0.0,3,0.0,55.71,0.0,2023-11-15,G,16,-
-,-,Goldan,-,1598.85,-3.51,1745.46,0.0,48.87,1.17,244,0.0,152,0.0,91,0.0,1,0.0,62.3,0.0,2022-09-04,G,10,-
-,-,TryAndStopUs,US,1598.79,-2.96,1771.25,0.0,57.49,0.99,186,0.0,108,0.0,77,0.0,1,0.0,58.06,0.0,2021-05-23,M,2,-
337,-16,MurphyAKL,US,1598.06,4.97,1654.66,4.66,18.87,-0.1,1538,87.0,816,44.0,711,41.0,11,2.0,53.06,-0.14,2026-05-31,G,2,205.0
-,-,GBH_Grzegorz,-,1597.66,-3.14,1754.28,0.0,52.21,1.05,90,0.0,60,0.0,30,0.0,0,0.0,66.67,0.0,2025-03-24,-,0,757.0
338,-57,Gudimundi,IS,1596.38,-16.26,1663.2,-19.6,22.27,-1.11,406,64.0,244,21.0,158,40.0,4,3.0,60.1,-5.1,2026-05-27,-,0,222.0
339,-20,LT.Stuntovic,-,1596.24,3.02,1672.75,-0.28,25.5,-1.1,693,48.0,401,30.0,291,18.0,1,0.0,57.86,0.34,2026-05-23,G,12,274.0
-,-,Grogmir,PL,1595.99,-3.97,1722.07,0.0,42.03,1.32,333,0.0,203,0.0,128,0.0,2,0.0,60.96,0.0,2024-03-03,G,10,-
340,-48,DB.Starman,-,1595.76,-8.59,1659.36,-7.4,21.2,0.4,1017,53.0,556,30.0,456,23.0,5,0.0,54.67,0.11,2026-05-31,P,2,183.0
341,-18,Bulten,-,1595.6,2.89,1681.07,-0.38,28.49,-1.09,353,30.0,218,17.0,131,13.0,4,0.0,61.76,-0.47,2026-05-13,G,1,294.0
342,-45,lfrantisek,FI,1595.51,-4.66,1706.42,0.0,36.97,1.55,422,0.0,247,0.0,172,0.0,3,0.0,58.53,0.0,2025-07-31,G,4,514.0
-,-,HealingAura,-,1594.41,-4.06,1718.45,0.0,41.35,1.35,147,0.0,92,0.0,55,0.0,0,0.0,62.59,0.0,2025-03-30,-,0,757.0
343,-30,Dovi,PL,1594.4,-1.3,1663.17,-2.77,22.92,-0.49,910,51.0,523,23.0,381,27.0,6,1.0,57.47,-0.74,2026-05-27,G,2,200.0
344,-85,Prautim,-,1594.19,-28.55,1691.88,-38.27,32.57,-3.24,220,30.0,121,11.0,98,19.0,1,0.0,55.0,-2.89,2026-05-29,-,0,729.0
345,4,gamblerch,CL,1593.86,15.09,1664.49,14.33,23.54,-0.25,678,53.0,351,31.0,324,22.0,3,0.0,51.77,0.57,2026-05-31,-,0,306.0
346,-38,vodka,CZ,1593.51,-3.5,1657.2,-3.76,21.23,-0.09,997,62.0,573,35.0,419,27.0,5,0.0,57.47,-0.07,2026-05-28,G,4,228.0
347,-38,Ruudi,FI,1593.43,-3.43,1737.31,0.0,47.96,1.14,83,0.0,59,0.0,24,0.0,0,0.0,71.08,0.0,2025-10-22,-,0,686.0
-,-,Dooglassa,-,1593.42,-2.92,1761.9,0.0,56.16,0.97,64,0.0,39,0.0,25,0.0,0,0.0,60.94,0.0,2024-07-15,-,0,-
-,-,Hsugneslie,-,1593.17,-4.59,1704.67,0.0,37.17,1.53,410,0.0,241,0.0,168,0.0,1,0.0,58.78,0.0,2024-08-27,G,8,-
348,-37,matinghiasi,-,1593.12,-3.35,1741.63,0.0,49.51,1.12,72,0.0,46,0.0,26,0.0,0,0.0,63.89,0.0,2026-01-11,-,0,440.0
349,-7,Mattian12000,IT,1592.61,8.71,1662.03,10.28,23.14,0.53,896,39.0,494,27.0,398,12.0,4,0.0,55.13,0.64,2026-05-20,G,2,278.0
350,-45,isman,ES,1591.91,-6.07,1680.93,0.0,29.68,2.02,381,0.0,216,0.0,161,0.0,4,0.0,56.69,0.0,2026-01-23,G,2,182.0
351,214,Maximus1992,-,1591.42,109.33,1725.4,71.53,44.66,-12.6,72,30.0,51,21.0,21,9.0,0,0.0,70.83,-0.6,2026-05-31,-,0,-
352,-46,virvett,BR,1591.2,-6.48,1654.8,-8.31,21.2,-0.61,818,68.0,450,33.0,362,35.0,6,0.0,55.01,-0.59,2026-05-31,G,2,164.0
353,-39,DavidSegoviano,ES,1590.36,-4.93,1650.03,-3.88,19.89,0.35,897,66.0,489,32.0,400,33.0,8,1.0,54.52,-0.47,2026-05-31,G,2,186.0
354,-23,TrilceAC,ES,1589.97,1.6,1662.61,1.49,24.21,-0.04,929,36.0,495,19.0,428,17.0,6,0.0,53.28,-0.02,2026-05-31,P,2,448.0
-,-,jzebra,US,1589.61,-4.37,1720.43,0.0,43.61,1.46,402,0.0,210,0.0,187,0.0,5,0.0,52.24,0.0,2023-11-15,P,12,-
355,-5,StonedHenge420,US,1589.26,10.5,1651.81,11.48,20.85,0.33,789,57.0,435,35.0,351,22.0,3,0.0,55.13,0.49,2026-05-26,G,2,210.0
-,-,Snuske,DK,1589.18,-3.49,1729.44,0.0,46.76,1.16,191,0.0,116,0.0,75,0.0,0,0.0,60.73,0.0,2023-06-04,P,4,-
-,-,Swampzombie,-,1588.65,-4.16,1726.42,0.0,45.92,1.39,350,0.0,192,0.0,154,0.0,4,0.0,54.86,0.0,2024-05-24,M,1,-
356,0,LuckyAnesa,-,1587.49,10.48,1681.24,9.47,31.25,-0.34,368,15.0,203,9.0,161,6.0,4,0.0,55.16,0.2,2026-03-23,-,0,271.0
357,94,J0hnny_Utah7,CA,1587.11,61.64,1695.32,46.55,36.07,-5.03,176,30.0,120,21.0,55,9.0,1,0.0,68.18,0.37,2026-05-20,-,0,989.0
358,-48,Qiubag,PL,1586.79,-9.82,1658.05,-4.62,23.75,1.73,876,15.0,444,4.0,426,10.0,6,1.0,50.68,-0.42,2026-03-29,G,6,135.0
-,-,chogaling,-,1586.6,-3.03,1757.22,0.0,56.87,1.01,180,0.0,115,0.0,64,0.0,1,0.0,63.89,0.0,2021-03-02,M,2,-
359,-56,KenoshaKid,-,1585.83,-12.74,1667.31,-11.05,27.16,0.56,498,18.0,301,6.0,193,12.0,4,0.0,60.44,-1.02,2026-04-11,-,0,261.0
360,-9,yliu386,AU,1585.6,7.47,1672.42,-1.78,28.94,-3.08,232,42.0,141,21.0,91,21.0,0,0.0,60.78,-2.38,2026-05-31,-,0,529.0
361,-16,Magnotta85,IT,1585.49,3.77,1700.71,-1.18,38.41,-1.65,119,12.0,63,5.0,55,7.0,1,0.0,52.94,-1.27,2026-05-20,-,0,605.0
-,-,ranch99,US,1585.36,-4.28,1704.86,0.0,39.83,1.43,311,0.0,179,0.0,127,0.0,5,0.0,57.56,0.0,2025-05-16,GM,1,578.0
-,-,Ender_Wiggin,CN,1584.61,-2.61,1784.85,0.0,66.75,0.87,66,0.0,40,0.0,24,0.0,2,0.0,60.61,0.0,2022-07-01,-,0,-
362,-96,PontiusPilatus,DK,1584.57,-35.02,1692.94,-38.83,36.12,-1.27,262,15.0,170,1.0,88,14.0,4,0.0,64.89,-3.53,2026-04-01,G,4,1271.0
363,-30,ChosenWizard,-,1584.07,-3.98,1664.67,-0.24,26.87,1.25,857,12.0,483,8.0,363,4.0,11,0.0,56.36,0.15,2026-05-29,G,12,177.0
364,-10,MattM,-,1583.86,6.46,1681.15,3.96,32.43,-0.83,247,19.0,152,6.0,91,12.0,4,1.0,61.54,-2.5,2026-04-15,-,0,1245.0
365,-31,smollov,NL,1583.17,-4.3,1702.9,0.0,39.91,1.43,173,0.0,109,0.0,63,0.0,1,0.0,63.01,0.0,2025-09-16,-,0,920.0
366,266,Adi65,-,1583.15,133.51,1732.93,69.01,49.93,-21.5,60,30.0,37,15.0,23,15.0,0,0.0,61.67,-11.66,2026-05-19,-,0,-
367,12,Alistxi,-,1583.08,19.2,1683.58,7.17,33.5,-4.01,214,30.0,125,14.0,89,16.0,0,0.0,58.41,-1.92,2026-05-25,-,0,1287.0
368,-61,Magesolo,DE,1582.57,-14.73,1643.3,-11.77,20.24,0.99,1630,55.0,849,24.0,769,31.0,12,0.0,52.09,-0.29,2026-05-31,P,10,174.0
-,-,shadow-knight,-,1582.47,-3.33,1727.26,0.0,48.26,1.11,238,0.0,137,0.0,98,0.0,3,0.0,57.56,0.0,2022-09-04,G,10,-
369,-17,jhamra,DE,1582.26,4.17,1675.99,0.55,31.24,-1.21,224,21.0,134,11.0,90,10.0,0,0.0,59.82,-0.77,2026-05-05,-,0,372.0
370,-46,baodalanxin,CN,1582.06,-10.3,1644.52,-9.11,20.82,0.39,1112,57.0,594,25.0,512,32.0,6,0.0,53.42,-0.51,2026-05-22,G,2,248.0
371,-31,lcj,-,1581.89,-2.63,1769.21,0.0,62.44,0.88,44,0.0,33,0.0,10,0.0,1,0.0,75.0,0.0,2026-02-28,-,0,677.0
372,-37,sdzy,-,1581.37,-5.64,1698.42,0.0,39.02,1.88,201,0.0,113,0.0,87,0.0,1,0.0,56.22,0.0,2026-02-28,-,0,321.0
373,-30,danilius,IT,1581.3,-2.44,1671.55,-1.4,30.08,0.35,633,15.0,354,9.0,275,6.0,4,0.0,55.92,0.09,2026-03-22,P,2,327.0
-,-,Benni,-,1580.85,-3.79,1710.48,0.0,43.21,1.26,268,0.0,172,0.0,95,0.0,1,0.0,64.18,0.0,2023-09-03,G,2,-
374,-37,Pule,-,1580.66,-5.76,1665.9,0.0,28.41,1.92,474,0.0,255,0.0,217,0.0,2,0.0,53.8,0.0,2025-11-30,-,0,282.0
-,-,Kelume,-,1580.58,-2.77,1759.46,0.0,59.63,0.92,120,0.0,82,0.0,36,0.0,2,0.0,68.33,0.0,2021-06-02,G,2,-
375,129,Pavnco,-,1578.86,71.99,1721.82,-9.06,47.65,-27.02,67,37.0,41,19.0,26,18.0,0,0.0,61.19,-12.14,2026-05-24,-,0,-
376,-29,nerficya,US,1578.5,-1.6,1652.03,-7.34,24.51,-1.91,298,65.0,148,35.0,149,30.0,1,0.0,49.66,1.16,2026-05-25,-,0,157.0
-,-,Hunty93,US,1578.45,-4.66,1703.92,0.0,41.82,1.55,456,0.0,250,0.0,202,0.0,4,0.0,54.82,0.0,2025-05-07,M,3,1245.0
-,-,Swirek,-,1578.23,-3.32,1727.34,0.0,49.7,1.11,228,0.0,138,0.0,88,0.0,2,0.0,60.53,0.0,2022-06-05,P,2,-
377,-33,VampireD,HK,1577.61,-4.25,1693.77,0.0,38.72,1.42,142,0.0,95,0.0,47,0.0,0,0.0,66.9,0.0,2025-12-29,-,0,219.0
378,-63,Shadowiscool500,US,1577.17,-17.52,1644.99,-15.73,22.6,0.6,1137,44.0,600,17.0,530,27.0,7,0.0,52.77,-0.57,2026-05-31,G,2,116.0
379,-78,Tasku,FI,1577.08,-22.24,1658.22,-35.85,27.05,-4.54,231,63.0,135,25.0,94,38.0,2,0.0,58.44,-7.04,2026-05-31,-,0,561.0
-,-,hihihiji,HK,1576.46,-3.05,1739.26,0.0,54.27,1.02,186,0.0,95,0.0,88,0.0,3,0.0,51.08,0.0,2022-05-29,M,1,-
380,-87,pote,TN,1576.42,-27.35,1660.67,-31.2,28.08,-1.28,459,33.0,276,12.0,181,21.0,2,0.0,60.13,-1.84,2026-05-24,G,2,1262.0
381,-42,Kristin,-,1576.0,-10.13,1683.84,-20.09,35.95,-3.32,181,25.0,116,12.0,64,13.0,1,0.0,64.09,-2.58,2026-05-25,-,0,578.0
-,-,Dr.Ampelmann,-,1575.98,-3.69,1712.11,0.0,45.38,1.23,184,0.0,136,0.0,48,0.0,0,0.0,73.91,0.0,2023-11-15,-,0,-
382,92,Canifex,-,1575.94,57.33,1730.91,-14.9,51.66,-24.08,59,29.0,41,17.0,18,12.0,0,0.0,69.49,-10.51,2026-05-20,-,0,-
383,-13,Durloc,US,1575.87,6.92,1641.49,5.92,21.87,-0.33,657,60.0,370,32.0,284,28.0,3,0.0,56.32,-0.3,2026-05-31,-,0,345.0
-,-,ShiLin,-,1575.09,-2.86,1748.59,0.0,57.84,0.95,116,0.0,87,0.0,29,0.0,0,0.0,75.0,0.0,2022-09-04,-,0,-
-,-,Berfner,SE,1574.51,-4.75,1692.43,0.0,39.3,1.58,197,0.0,112,0.0,83,0.0,2,0.0,56.85,0.0,2025-03-22,-,0,757.0
384,-25,GoblinMatron,-,1573.88,-1.64,1650.25,-6.09,25.46,-1.48,303,46.0,171,21.0,131,25.0,1,0.0,56.44,-1.93,2026-05-28,-,0,192.0
385,-9,raist,SG,1573.36,8.26,1637.67,9.47,21.43,0.4,1655,70.0,848,40.0,793,27.0,14,3.0,51.24,0.26,2026-05-31,P,2,185.0
-,-,Fingerzam,-,1573.05,-3.05,1734.17,0.0,53.71,1.02,72,0.0,52,0.0,20,0.0,0,0.0,72.22,0.0,2024-07-01,-,0,-
-,-,AXL79,-,1572.94,-3.82,1703.11,0.0,43.39,1.27,192,0.0,117,0.0,73,0.0,2,0.0,60.94,0.0,2024-04-04,G,6,-
386,-9,JimmyLin,TW,1572.6,7.73,1634.15,8.0,20.52,0.09,1513,76.0,746,39.0,754,36.0,13,1.0,49.31,0.11,2026-05-31,M,2,152.0
-,-,Taeybae,-,1571.98,-2.65,1757.38,0.0,61.8,0.88,44,0.0,28,0.0,16,0.0,0,0.0,63.64,0.0,2025-03-22,-,0,757.0
387,-6,sergilicious,-,1571.93,8.83,1729.36,-47.55,52.48,-18.79,69,39.0,54,29.0,15,10.0,0,0.0,78.26,-5.07,2026-05-31,-,0,-
-,-,MikeyLear,-,1571.64,-4.13,1691.89,0.0,40.08,1.38,150,0.0,90,0.0,60,0.0,0,0.0,60.0,0.0,2025-05-20,-,0,478.0
388,29,Garghiii,IT,1571.51,24.61,1634.57,26.23,21.02,0.54,608,56.0,332,37.0,272,18.0,4,1.0,54.61,1.17,2026-05-30,-,0,359.0
389,23,redyredy123,-,1571.26,21.14,1661.9,16.76,30.21,-1.46,205,30.0,106,16.0,96,13.0,3,1.0,51.71,0.28,2026-05-26,-,0,635.0
390,-33,rap2,HK,1571.1,-5.63,1640.72,-3.21,23.21,0.81,854,36.0,451,17.0,395,19.0,8,0.0,52.81,-0.25,2026-05-31,G,6,202.0
391,3,LeoM,IT,1571.04,12.49,1636.7,12.49,21.89,0.0,940,59.0,510,37.0,423,22.0,7,0.0,54.26,0.57,2026-05-31,-,0,245.0
-,-,gallinule,-,1570.8,-2.98,1736.79,0.0,55.33,0.99,130,0.0,65,0.0,63,0.0,2,0.0,50.0,0.0,2022-11-18,-,0,-
392,5,SvenSvift,AT,1570.48,13.82,1707.05,10.58,45.52,-1.08,80,6.0,48,3.0,32,3.0,0,0.0,60.0,-0.81,2026-05-13,-,0,757.0
393,-45,TheKrunk,-,1567.64,-12.0,1654.2,-23.47,28.85,-3.82,204,58.0,135,35.0,68,23.0,1,0.0,66.18,-2.31,2026-05-31,-,0,757.0
394,48,llsgnm,-,1566.97,38.69,1658.72,29.81,30.58,-2.96,185,37.0,119,26.0,66,11.0,0,0.0,64.32,1.48,2026-05-31,-,0,488.0
395,7,Mario86,IT,1566.02,12.18,1654.77,10.25,29.59,-0.64,413,24.0,232,15.0,179,9.0,2,0.0,56.17,0.39,2026-05-31,G,4,346.0
396,3,MoreHat,US,1565.99,10.72,1664.42,5.45,32.81,-1.76,172,21.0,94,10.0,76,11.0,2,0.0,54.65,-0.98,2026-04-30,-,0,670.0
-,-,ScoliopusB,-,1565.77,-4.17,1686.58,0.0,40.27,1.39,456,0.0,262,0.0,189,0.0,5,0.0,57.46,0.0,2024-05-26,P,2,-
397,56,boonio88,PL,1565.76,40.57,1680.34,18.71,38.19,-7.29,105,30.0,58,14.0,46,16.0,1,0.0,55.24,-3.43,2026-05-18,-,0,939.0
398,124,sTeVej,-,1565.49,66.16,1720.74,45.5,51.75,-6.89,72,13.0,47,10.0,23,3.0,2,0.0,65.28,2.57,2026-05-23,-,0,-
399,-14,DarthVaderDLotS,-,1564.99,3.28,1636.04,3.26,23.68,-0.01,931,40.0,499,22.0,427,18.0,5,0.0,53.6,0.06,2026-05-26,M,2,277.0
-,-,Cokey,AU,1564.69,-3.43,1721.82,0.0,52.37,1.14,144,0.0,86,0.0,54,0.0,4,0.0,59.72,0.0,2022-12-04,G,6,-
-,-,Winston11tw,-,1563.59,-3.16,1719.54,0.0,51.98,1.05,234,0.0,134,0.0,93,0.0,7,0.0,57.26,0.0,2021-12-05,P,4,-
400,170,paradigm72,-,1563.35,83.71,1714.53,1.37,50.39,-27.45,55,30.0,31,14.0,24,16.0,0,0.0,56.36,-11.64,2026-05-31,-,0,-
401,35,mc_esher,-,1563.27,29.13,1706.67,9.27,47.8,-6.62,141,21.0,87,17.0,51,4.0,3,0.0,61.7,3.37,2026-04-16,P,6,-
402,-7,Panthera,PL,1562.58,4.25,1624.4,5.48,20.61,0.41,1123,63.0,624,36.0,487,27.0,12,0.0,55.57,0.1,2026-05-31,-,0,255.0
403,15,Ralf-TtA,DE,1562.29,15.53,1633.74,12.57,23.82,-0.99,666,54.0,349,30.0,312,24.0,5,0.0,52.4,0.28,2026-05-29,G,4,314.0
404,27,Mike1313,RU,1562.1,24.0,1625.13,25.83,21.01,0.61,1269,70.0,669,42.0,593,28.0,7,0.0,52.72,0.43,2026-05-31,-,0,229.0
405,-21,DadboBaggins,US,1561.52,-0.2,1627.65,-0.36,22.04,-0.05,763,54.0,405,31.0,354,23.0,4,0.0,53.08,0.33,2026-05-31,G,3,178.0
-,-,Nucrus,-,1561.31,-2.66,1747.74,0.0,62.14,0.89,55,0.0,35,0.0,20,0.0,0,0.0,63.64,0.0,2024-07-01,-,0,-
406,-23,gabev,US,1560.91,-1.03,1638.46,-0.28,25.85,0.25,313,25.0,176,9.0,133,15.0,4,1.0,56.23,-1.76,2026-05-28,-,0,349.0
-,-,Royalhawk,-,1560.88,-3.46,1702.93,0.0,47.35,1.15,95,0.0,61,0.0,34,0.0,0,0.0,64.21,0.0,2025-03-25,-,0,872.0
407,-78,dnomn8r,-,1560.72,-29.52,1685.01,-46.32,41.43,-5.6,93,19.0,55,4.0,37,15.0,1,0.0,59.14,-9.78,2026-04-15,-,0,578.0
408,-45,Limubai,-,1560.61,-12.95,1693.86,-24.63,44.42,-3.9,84,15.0,51,8.0,33,7.0,0,0.0,60.71,-1.61,2026-03-30,-,0,757.0
-,-,Runawaaayyy,CH,1559.7,-4.17,1680.39,0.0,40.23,1.39,339,0.0,201,0.0,138,0.0,0,0.0,59.29,0.0,2024-04-04,G,2,-
409,12,ktroop,-,1559.13,15.7,1674.92,16.02,38.6,0.11,244,6.0,106,4.0,136,2.0,2,0.0,43.44,0.58,2026-05-31,-,0,-
-,-,EvilBen,GB,1559.11,-2.47,1758.19,0.0,66.36,0.82,53,0.0,35,0.0,18,0.0,0,0.0,66.04,0.0,2023-04-16,-,0,-
-,-,Dunedain,US,1558.62,-5.5,1680.34,0.0,40.57,1.83,556,0.0,315,0.0,233,0.0,8,0.0,56.65,0.0,2024-06-03,G,12,-
410,-6,GangwonTeacher,-,1558.61,4.87,1664.82,-0.92,35.4,-1.93,161,21.0,87,6.0,73,15.0,1,0.0,54.04,-3.82,2026-05-12,-,0,711.0
-,-,Diluvian,-,1558.59,-2.88,1728.48,0.0,56.63,0.96,90,0.0,65,0.0,25,0.0,0,0.0,72.22,0.0,2022-09-04,-,0,-
411,-40,milanmar,-,1558.55,-9.04,1664.82,-12.37,35.42,-1.11,223,15.0,134,3.0,88,12.0,1,0.0,60.09,-2.89,2026-03-27,-,0,662.0
412,new,xYotsuba,-,1557.11,1107.11,1763.62,263.62,68.84,68.84,32,32.0,29,29.0,3,3.0,0,0.0,90.62,90.62,2026-05-31,-,0,-
-,-,follik,LV,1556.93,-4.16,1681.62,0.0,41.56,1.39,294,0.0,176,0.0,115,0.0,3,0.0,59.86,0.0,2023-11-15,G,2,-
413,13,Crowther,-,1556.78,17.4,1644.9,8.67,29.37,-2.91,253,40.0,143,19.0,107,21.0,3,0.0,56.52,-1.7,2026-05-31,G,6,563.0
414,-52,Terence,-,1556.73,-16.93,1619.49,-15.7,20.92,0.41,1309,56.0,684,15.0,616,40.0,9,1.0,52.25,-1.14,2026-05-21,G,6,235.0
-,-,gnoliy,-,1556.46,-2.73,1736.6,0.0,60.05,0.91,132,0.0,88,0.0,44,0.0,0,0.0,66.67,0.0,2021-03-02,P,2,-
415,-29,Nostradamus5321,-,1555.95,-5.65,1647.12,-2.66,30.39,1.0,306,7.0,183,3.0,119,4.0,4,0.0,59.8,-0.4,2026-05-19,-,0,403.0
416,-55,Ddafaith,CZ,1555.94,-18.4,1616.59,-16.4,20.22,0.67,1423,70.0,723,30.0,688,40.0,12,0.0,50.81,-0.41,2026-05-31,G,8,238.0
417,5,spaceport,-,1555.8,12.97,1639.52,9.53,27.91,-1.15,277,32.0,162,17.0,113,15.0,2,0.0,58.48,-0.7,2026-05-31,-,0,444.0
418,-36,Alvin1912,-,1555.53,-7.44,1631.04,0.0,25.17,2.48,910,0.0,482,0.0,419,0.0,9,0.0,52.97,0.0,2026-02-28,P,4,223.0
-,-,MugiwaraNoLofwyr,-,1554.63,-3.3,1705.09,0.0,50.15,1.1,264,0.0,152,0.0,112,0.0,0,0.0,57.58,0.0,2022-05-23,P,6,-
419,-39,AndriiN,DE,1554.57,-8.62,1622.4,-8.66,22.61,-0.01,569,52.0,318,21.0,248,30.0,3,1.0,55.89,-1.56,2026-05-31,-,0,197.0
420,-33,trzeciakson,PL,1554.52,-6.53,1622.96,-7.62,22.81,-0.36,808,60.0,413,28.0,384,32.0,11,0.0,51.11,-0.36,2026-05-31,P,6,244.0
421,85,Castigar,-,1554.25,47.54,1660.39,33.73,35.38,-4.6,294,30.0,162,20.0,131,10.0,1,0.0,55.1,1.31,2026-05-29,-,0,-
422,-53,pessen,-,1554.01,-15.05,1661.14,-20.75,35.71,-1.9,138,17.0,75,7.0,62,10.0,1,0.0,54.35,-1.85,2026-03-23,-,0,549.0
423,143,Hotti180,DE,1553.95,72.11,1655.14,38.92,33.73,-11.06,153,60.0,88,35.0,64,24.0,1,1.0,57.52,0.53,2026-05-30,-,0,-
424,-11,Rolls.Royal,DE,1553.84,3.9,1624.18,0.15,23.45,-1.25,402,66.0,234,40.0,166,26.0,2,0.0,58.21,0.47,2026-05-30,-,0,226.0
425,-5,Agnsild,NO,1553.42,9.26,1632.74,5.88,26.44,-1.12,338,41.0,192,21.0,144,20.0,2,0.0,56.8,-0.78,2026-05-29,-,0,269.0
426,-37,BradSwan,US,1552.98,-7.23,1641.34,0.0,29.45,2.41,600,0.0,315,0.0,278,0.0,7,0.0,52.5,0.0,2025-11-30,G,14,548.0
427,61,santhosh163,-,1552.74,40.17,1660.92,12.55,36.06,-9.21,128,42.0,79,25.0,49,17.0,0,0.0,61.72,-1.07,2026-05-31,-,0,783.0
-,-,cs2376jr,US,1552.27,-2.98,1717.27,0.0,55.0,0.99,60,0.0,41,0.0,19,0.0,0,0.0,68.33,0.0,2025-05-17,-,0,729.0
428,-36,ThomRun974,FR,1552.17,-6.62,1630.62,-6.5,26.15,0.04,706,30.0,354,14.0,346,15.0,6,1.0,50.14,-0.16,2026-05-20,G,6,543.0
429,-41,Mark0n,HR,1551.86,-8.4,1637.4,0.0,28.51,2.8,969,0.0,526,0.0,428,0.0,15,0.0,54.28,0.0,2025-11-30,G,7,186.0
430,168,Stefan665,-,1551.81,87.23,1660.79,65.07,36.33,-7.39,155,44.0,99,35.0,56,9.0,0,0.0,63.87,6.21,2026-05-30,-,0,1287.0
431,33,sillysheep,HK,1551.74,29.76,1646.65,25.84,31.64,-1.31,319,24.0,180,13.0,138,11.0,1,0.0,56.43,-0.18,2026-05-12,G,6,757.0
432,-32,danebed,IT,1551.74,-2.99,1632.16,0.29,26.81,1.09,910,15.0,494,9.0,411,6.0,5,0.0,54.29,0.1,2026-03-26,P,10,289.0
-,-,roodBF,-,1551.05,-3.14,1710.92,0.0,53.29,1.05,93,0.0,54,0.0,39,0.0,0,0.0,58.06,0.0,2023-07-18,-,0,-
433,-40,Clayton,-,1550.57,-8.01,1696.39,-10.63,48.61,-0.87,146,4.0,91,1.0,54,3.0,1,0.0,62.33,-1.05,2026-04-21,-,0,-
-,-,GerrySalinas,-,1550.42,-3.98,1682.8,0.0,44.13,1.33,260,0.0,143,0.0,115,0.0,2,0.0,55.0,0.0,2023-12-03,G,6,-
-,-,Bierfuizl,-,1550.02,-2.84,1724.51,0.0,58.16,0.95,120,0.0,84,0.0,35,0.0,1,0.0,70.0,0.0,2021-09-05,G,2,-
434,-31,Haubentaucherwelpe,-,1549.81,-4.0,1675.89,0.0,42.03,1.33,188,0.0,122,0.0,65,0.0,1,0.0,64.89,0.0,2026-02-13,-,0,805.0
435,-60,mezerrrrr,US,1549.56,-16.16,1683.3,-30.28,44.58,-4.71,94,15.0,53,6.0,40,9.0,1,0.0,56.38,-3.11,2026-03-21,-,0,662.0
-,-,JarekWarsaw,-,1549.07,-3.67,1686.61,0.0,45.85,1.22,285,0.0,160,0.0,121,0.0,4,0.0,56.14,0.0,2023-02-18,G,10,-
436,-30,McLovinsBlueberry,-,1548.97,-4.44,1661.5,0.0,37.51,1.48,174,0.0,103,0.0,70,0.0,1,0.0,59.2,0.0,2025-07-26,-,0,720.0
437,-36,MoonlitShadow,-,1548.88,-5.24,1646.38,0.0,32.5,1.75,379,0.0,224,0.0,149,0.0,6,0.0,59.1,0.0,2025-11-28,-,0,237.0
438,-71,booyakasha,-,1548.27,-22.22,1675.03,-35.19,42.26,-4.32,90,15.0,52,4.0,38,11.0,0,0.0,57.78,-6.22,2026-03-23,-,0,662.0
439,-93,Pieroz88,-,1548.16,-32.13,1636.24,-36.67,29.36,-1.51,225,28.0,117,5.0,104,23.0,4,0.0,52.0,-4.85,2026-05-15,-,0,296.0
-,-,jkmushy,-,1548.07,-2.83,1721.04,0.0,57.66,0.94,162,0.0,102,0.0,60,0.0,0,0.0,62.96,0.0,2021-02-26,P,8,-
440,-49,Hardco,CA,1547.86,-11.27,1627.97,-6.65,26.7,1.54,1017,6.0,483,1.0,522,5.0,12,0.0,47.49,-0.19,2026-05-31,M,1,791.0
441,-36,zbert,DE,1547.67,-5.9,1637.97,0.0,30.1,1.97,657,0.0,368,0.0,285,0.0,4,0.0,56.01,0.0,2025-07-18,G,2,295.0
442,42,Fanti,-,1547.38,33.07,1691.22,15.89,47.95,-5.72,68,14.0,44,9.0,24,5.0,0,0.0,64.71,-0.1,2026-03-21,-,0,-
-,-,_Melkor,-,1547.01,-1.69,1837.26,0.0,96.75,0.56,27,0.0,19,0.0,8,0.0,0,0.0,70.37,0.0,2024-02-25,-,0,-
443,57,Leeech,FI,1546.83,38.52,1668.75,10.69,40.64,-9.28,97,30.0,58,18.0,38,11.0,1,1.0,59.79,0.09,2026-05-16,-,0,805.0
-,-,borostar,-,1546.81,-2.77,1723.64,0.0,58.94,0.92,60,0.0,34,0.0,26,0.0,0,0.0,56.67,0.0,2023-06-06,-,0,1388.0
-,-,JohnFreshKennedy,DE,1546.53,-4.6,1660.5,0.0,37.99,1.53,410,0.0,239,0.0,168,0.0,3,0.0,58.29,0.0,2024-07-01,G,10,-
444,-54,AlkashRusanovskiy,-,1546.34,-13.61,1723.87,-98.53,59.17,-28.3,80,30.0,39,18.0,41,12.0,0,0.0,48.75,6.75,2026-05-15,-,0,-
445,-34,Aaronwebber,-,1545.79,-5.02,1609.37,-5.06,21.19,-0.02,1129,64.0,588,38.0,538,25.0,3,1.0,52.08,0.44,2026-05-31,P,4,249.0
446,-11,guppyfry,US,1545.14,9.73,1606.99,10.93,20.61,0.4,1091,59.0,575,28.0,505,30.0,11,1.0,52.7,-0.3,2026-05-31,G,2,332.0
447,-83,InfiniteZest,-,1544.68,-28.37,1625.53,-25.74,26.95,0.88,628,18.0,343,7.0,283,11.0,2,0.0,54.62,-0.46,2026-04-20,G,4,344.0
448,-23,NapoleonB,PL,1544.39,3.86,1643.77,-3.59,33.13,-2.48,221,27.0,116,9.0,105,18.0,0,0.0,52.49,-2.66,2026-05-15,-,0,989.0
-,-,DarthPsyonic,-,1544.35,-3.34,1693.79,0.0,49.81,1.11,240,0.0,136,0.0,101,0.0,3,0.0,56.67,0.0,2022-06-05,P,4,-
-,-,Snorky,-,1544.14,-3.4,1690.76,0.0,48.88,1.13,156,0.0,104,0.0,52,0.0,0,0.0,66.67,0.0,2023-06-04,-,0,-
449,-8,hypodg,IT,1543.86,15.2,1607.78,14.61,21.31,-0.2,1005,67.0,542,42.0,455,25.0,8,0.0,53.93,0.63,2026-05-31,-,0,359.0
450,-42,JensIV,DE,1543.39,-9.18,1611.25,-12.09,22.62,-0.97,450,58.0,235,24.0,212,34.0,3,0.0,52.22,-1.61,2026-05-31,G,1,158.0
451,-44,rcia,ES,1543.03,-9.56,1615.98,-8.05,24.32,0.5,1045,35.0,568,20.0,466,14.0,11,1.0,54.35,0.09,2026-04-19,G,16,502.0
452,31,Darain,SG,1542.04,27.68,1634.32,16.9,30.76,-3.59,169,42.0,103,26.0,66,16.0,0,0.0,60.95,0.32,2026-05-29,-,0,630.0
453,54,Jelen117,-,1541.68,35.32,1683.94,30.26,47.42,-1.69,93,6.0,59,5.0,32,1.0,2,0.0,63.44,1.37,2026-05-15,-,0,-
-,-,lppl,-,1541.19,-3.76,1679.93,0.0,46.24,1.25,318,0.0,166,0.0,145,0.0,7,0.0,52.2,0.0,2024-04-05,-,0,-
-,-,LaoHuang,CN,1540.3,-6.58,1698.49,0.0,52.73,2.19,727,0.0,359,0.0,356,0.0,12,0.0,49.38,0.0,2023-11-15,M,3,-
-,-,riccccc,-,1539.97,-4.79,1644.66,0.0,34.9,1.6,384,0.0,229,0.0,151,0.0,4,0.0,59.64,0.0,2025-05-05,G,2,659.0
454,49,FunkcniPC,-,1539.82,32.64,1641.28,20.68,33.82,-3.99,165,30.0,93,17.0,72,13.0,0,0.0,56.36,0.06,2026-05-19,-,0,872.0
455,74,Cooper,US,1539.56,42.96,1612.01,31.74,24.15,-3.74,289,84.0,165,52.0,123,32.0,1,0.0,57.09,1.97,2026-05-29,-,0,755.0
456,-42,vagrantil,AU,1539.48,-9.11,1613.97,-17.02,24.83,-2.63,287,61.0,146,27.0,138,34.0,3,0.0,50.87,-1.78,2026-05-27,-,0,264.0
457,77,makoleon,-,1538.91,44.75,1717.25,-0.42,59.44,-15.06,45,15.0,28,9.0,17,6.0,0,0.0,62.22,-1.11,2026-03-23,-,0,-
458,-60,Borgmo,DE,1538.87,-16.44,1618.42,-14.11,26.52,0.78,555,27.0,315,10.0,236,17.0,4,0.0,56.76,-1.01,2026-05-31,G,2,410.0
459,10,Kuter,PL,1538.5,18.47,1604.15,17.48,21.88,-0.33,1089,59.0,597,35.0,481,24.0,11,0.0,54.82,0.26,2026-05-31,-,0,369.0
460,7,Selya,-,1538.26,17.2,1624.6,12.03,28.78,-1.72,268,36.0,161,19.0,102,17.0,5,0.0,60.07,-1.14,2026-05-17,-,0,426.0
461,16,Spoobill,-,1538.09,21.22,1608.31,19.38,23.41,-0.61,720,60.0,413,40.0,299,20.0,8,0.0,57.36,0.84,2026-05-31,-,0,350.0
-,-,Traumatan,DE,1537.68,-3.93,1672.52,0.0,44.95,1.31,168,0.0,97,0.0,69,0.0,2,0.0,57.74,0.0,2024-11-21,-,0,1287.0
462,-30,Daniii,-,1537.68,0.75,1608.67,0.97,23.66,0.07,808,45.0,437,29.0,364,16.0,7,0.0,54.08,0.61,2026-05-27,G,4,189.0
-,-,ugglor,-,1537.68,-5.7,1637.42,0.0,33.25,1.9,659,0.0,367,0.0,282,0.0,10,0.0,55.69,0.0,2025-03-24,G,2,757.0
463,unretired,Saerleon,-,1536.87,20.55,1682.67,3.65,48.6,-5.64,236,14.0,131,9.0,104,5.0,1,0.0,55.51,0.56,2026-05-28,M,2,-
-,-,HentaiLover69,US,1536.69,-4.81,1638.25,0.0,33.85,1.6,468,0.0,258,0.0,208,0.0,2,0.0,55.13,0.0,2025-05-07,-,0,910.0
-,-,Montanor,-,1536.21,-2.13,1766.47,0.0,76.75,0.71,54,0.0,47,0.0,7,0.0,0,0.0,87.04,0.0,2022-09-04,-,0,-
464,-37,Attrill20,GB,1535.71,-3.12,1600.61,-1.57,21.63,0.52,1168,45.0,631,20.0,529,25.0,8,0.0,54.02,-0.39,2026-05-28,-,0,329.0
-,-,claxic,-,1535.66,-4.05,1671.53,0.0,45.29,1.35,205,0.0,131,0.0,72,0.0,2,0.0,63.9,0.0,2024-07-01,-,0,-
465,-6,Fleepa0,ES,1535.12,12.62,1621.82,15.33,28.9,0.9,942,30.0,501,16.0,429,14.0,12,0.0,53.18,0.0,2026-05-31,-,0,316.0
466,-43,Radvan,SK,1534.48,-6.99,1601.88,-8.2,22.47,-0.4,623,53.0,349,21.0,270,31.0,4,1.0,56.02,-1.52,2026-05-24,-,0,348.0
-,-,Pripek,FR,1533.7,-3.85,1661.87,0.0,42.72,1.28,246,0.0,152,0.0,92,0.0,2,0.0,61.79,0.0,2024-04-04,-,0,-
-,-,Bonisagius,-,1533.0,-3.11,1693.61,0.0,53.54,1.04,140,0.0,85,0.0,53,0.0,2,0.0,60.71,0.0,2022-05-27,-,0,-
-,-,yangziduan,-,1532.59,-2.4,1736.78,0.0,68.06,0.8,84,0.0,41,0.0,42,0.0,1,0.0,48.81,0.0,2021-11-15,-,0,1245.0
467,57,schwam,US,1532.26,33.28,1596.22,32.0,21.32,-0.42,832,81.0,427,51.0,399,29.0,6,1.0,51.32,1.25,2026-05-31,-,0,278.0
468,-39,Mul,CA,1532.23,-6.11,1599.66,-5.22,22.48,0.3,716,47.0,394,26.0,318,21.0,4,0.0,55.03,0.02,2026-05-30,-,0,319.0
469,-13,henrymerrivale,IT,1531.54,7.19,1595.07,10.18,21.18,1.0,1392,48.0,719,28.0,658,20.0,15,0.0,51.65,0.24,2026-05-31,P,4,242.0
-,-,Tanario,DK,1531.52,-4.26,1651.11,0.0,39.86,1.42,232,0.0,161,0.0,71,0.0,0,0.0,69.4,0.0,2024-07-01,-,0,-
470,74,wolfcub41,-,1531.15,42.36,1667.73,-28.97,45.53,-23.78,79,49.0,49,30.0,29,19.0,1,0.0,62.03,-1.3,2026-05-29,-,0,-
-,-,G_7,-,1531.04,-3.67,1668.03,0.0,45.66,1.22,322,0.0,179,0.0,141,0.0,2,0.0,55.59,0.0,2023-02-18,G,12,-
471,-32,Daemon3142,GB,1530.87,0.2,1590.43,0.84,19.85,0.21,1506,72.0,743,38.0,748,33.0,15,1.0,49.34,0.18,2026-05-31,-,0,301.0
472,-48,dougthonus,US,1530.67,-10.32,1614.03,-7.47,27.79,0.95,854,26.0,464,19.0,387,7.0,3,0.0,54.33,0.59,2026-05-31,G,6,362.0
-,-,wallimaendu,-,1530.45,-3.29,1679.34,0.0,49.63,1.1,234,0.0,133,0.0,100,0.0,1,0.0,56.84,0.0,2022-08-28,G,8,-
473,-45,MrGekz,PL,1530.34,-8.37,1603.35,-10.98,24.34,-0.87,833,54.0,444,28.0,383,24.0,6,2.0,53.3,-0.1,2026-05-30,G,4,267.0
474,178,Graypilgrim,-,1530.03,87.04,1666.04,0.31,45.34,-28.91,75,50.0,47,31.0,27,19.0,1,0.0,62.67,-1.33,2026-05-31,-,0,-
-,-,Miklos,HU,1530.0,-5.38,1626.19,0.0,32.06,1.79,726,0.0,406,0.0,313,0.0,7,0.0,55.92,0.0,2024-10-01,-,0,1245.0
475,85,norbetk,PL,1529.96,44.94,1625.36,36.52,31.8,-2.8,191,30.0,113,20.0,76,10.0,2,0.0,59.16,1.4,2026-05-22,-,0,742.0
-,-,Lonzo,DE,1529.96,-3.85,1668.16,0.0,46.07,1.28,248,0.0,143,0.0,104,0.0,1,0.0,57.66,0.0,2023-11-24,G,2,-
476,-42,Rumbleman,US,1529.82,-5.6,1621.26,0.0,30.48,1.87,496,0.0,259,0.0,235,0.0,2,0.0,52.22,0.0,2025-11-30,G,8,638.0
477,-4,AntoineBx,FR,1528.96,10.32,1615.3,0.4,28.78,-3.31,192,43.0,119,20.0,71,23.0,2,0.0,61.98,-4.46,2026-04-28,-,0,794.0
478,38,Muning,-,1528.66,27.16,1684.9,16.95,52.08,-3.4,54,7.0,33,4.0,21,3.0,0,0.0,61.11,-0.59,2026-05-19,-,0,565.0
479,-49,Sergeeeee,GB,1528.55,-9.67,1590.49,-8.61,20.65,0.35,962,63.0,503,28.0,454,34.0,5,1.0,52.29,-0.55,2026-05-25,G,2,234.0
-,-,potpath,TH,1528.52,-2.71,1710.88,0.0,60.79,0.9,60,0.0,44,0.0,16,0.0,0,0.0,73.33,0.0,2024-03-17,-,0,-
480,280,Quasar_Enderas,-,1528.34,123.97,1679.17,45.36,50.28,-26.2,60,37.0,45,28.0,15,9.0,0,0.0,75.0,1.09,2026-05-31,-,0,-
481,36,IVE,-,1527.91,26.75,1645.55,18.39,39.21,-2.79,109,15.0,54,8.0,53,7.0,2,0.0,49.54,0.6,2026-03-26,-,0,480.0
482,-44,barda,PT,1527.74,-5.52,1634.02,0.0,35.43,1.84,518,0.0,304,0.0,211,0.0,3,0.0,58.69,0.0,2025-07-19,-,0,638.0
-,-,_sleepwalker,-,1527.7,-5.74,1629.09,0.0,33.8,1.91,484,0.0,287,0.0,194,0.0,3,0.0,59.3,0.0,2025-03-22,-,0,805.0
483,13,RiteInUrEye,CA,1527.39,17.47,1627.01,1.87,33.21,-5.2,257,37.0,154,19.0,100,18.0,3,0.0,59.92,-1.44,2026-05-26,-,0,-
484,-8,gaitimes,-,1527.13,9.4,1665.36,5.22,46.08,-1.39,96,6.0,66,3.0,29,2.0,1,1.0,68.75,-1.25,2026-04-29,-,0,783.0
-,-,Meowthfish,TW,1526.77,-3.98,1662.34,0.0,45.19,1.33,466,0.0,227,0.0,239,0.0,0,0.0,48.71,0.0,2023-06-04,M,3,-
-,-,Asbestos,US,1526.53,-5.4,1622.44,0.0,31.97,1.8,742,0.0,389,0.0,342,0.0,11,0.0,52.43,0.0,2025-03-25,G,8,695.0
485,new,MysteriousWizard,-,1526.44,1076.44,1731.1,231.1,68.22,68.22,30,30.0,26,26.0,4,4.0,0,0.0,86.67,86.67,2026-05-31,-,0,-
486,-23,Borman,-,1526.36,4.33,1631.64,-0.32,35.1,-1.55,175,17.0,111,10.0,63,7.0,1,0.0,63.43,-0.49,2026-04-02,-,0,805.0
-,-,Vlaada,CZ,1526.14,-1.62,1828.77,0.0,100.88,0.54,18,0.0,14,0.0,3,0.0,1,0.0,77.78,0.0,2020-06-28,G,2,-
487,-44,buttoxide,SG,1526.13,-1.81,1619.79,-2.78,31.22,-0.32,209,15.0,133,8.0,76,7.0,0,0.0,63.64,-0.79,2026-04-01,-,0,681.0
488,47,ysiad,-,1526.07,32.41,1657.05,28.82,43.66,-1.19,95,7.0,60,6.0,35,1.0,0,0.0,63.16,1.8,2026-05-13,-,0,460.0
489,84,FlyGon,-,1525.96,48.86,1635.67,21.78,36.57,-9.03,120,40.0,82,25.0,38,15.0,0,0.0,68.33,-2.92,2026-05-16,-,0,1243.0
490,-50,Thronx,DE,1525.49,-5.02,1602.13,-0.51,25.55,1.5,907,17.0,497,9.0,403,8.0,7,0.0,54.8,-0.03,2026-03-25,G,4,396.0
491,378,vito,-,1525.23,163.38,1674.14,102.35,49.64,-20.34,62,32.0,37,20.0,24,12.0,1,0.0,59.68,3.01,2026-05-21,-,0,-
492,new,LordTheodore,-,1524.99,1074.99,1776.93,276.93,83.98,83.98,19,19.0,17,17.0,1,1.0,1,1.0,89.47,89.47,2026-05-26,-,0,-
493,71,Bull3,-,1524.65,40.86,1647.49,15.51,40.95,-8.45,105,30.0,57,11.0,47,18.0,1,1.0,54.29,-7.04,2026-05-18,-,0,805.0
-,-,Bejn,-,1524.14,-2.9,1692.48,0.0,56.11,0.97,90,0.0,56,0.0,33,0.0,1,0.0,62.22,0.0,2022-09-04,-,0,-
494,-45,deleted_user_8840806,-,1523.63,-2.79,1700.22,0.0,58.86,0.93,46,0.0,30,0.0,16,0.0,0,0.0,65.22,0.0,2025-10-26,-,0,-
495,73,haimke,-,1523.44,42.81,1586.56,41.12,21.04,-0.56,1160,78.0,604,51.0,540,26.0,16,1.0,52.07,0.96,2026-05-31,G,4,261.0
496,96,DieKrake89,-,1523.41,55.86,1631.43,19.43,36.0,-12.15,130,53.0,80,34.0,48,19.0,2,0.0,61.54,1.8,2026-05-31,G,2,-
-,-,GrzeHu,-,1523.37,-2.77,1700.66,0.0,59.09,0.92,88,0.0,58,0.0,30,0.0,0,0.0,65.91,0.0,2022-08-24,-,0,-
497,-7,jSan,-,1523.27,11.32,1619.84,13.66,32.19,0.78,408,12.0,244,12.0,162,0.0,2,0.0,59.8,1.21,2026-05-30,-,0,343.0
-,-,dayorbyte,-,1523.06,-3.21,1678.65,0.0,51.86,1.07,188,0.0,107,0.0,78,0.0,3,0.0,56.91,0.0,2023-08-05,P,4,-
-,-,Xxchaking,-,1522.99,-2.98,1689.65,0.0,55.55,0.99,126,0.0,86,0.0,39,0.0,1,0.0,68.25,0.0,2022-03-06,-,0,-
-,-,HLDM,-,1522.84,-2.62,1710.56,0.0,62.58,0.87,45,0.0,28,0.0,17,0.0,0,0.0,62.22,0.0,2024-07-01,-,0,-
498,-48,Montu,US,1522.55,-3.36,1614.59,-2.42,30.68,0.31,228,12.0,145,6.0,81,6.0,2,0.0,63.6,-0.75,2026-05-30,-,0,596.0
499,-54,tnawrocki,US,1522.35,-5.1,1587.25,-9.32,21.63,-1.41,408,79.0,211,30.0,195,49.0,2,0.0,51.72,-3.3,2026-05-28,-,0,280.0
-,-,Enki,-,1522.29,-2.83,1698.34,0.0,58.68,0.94,60,0.0,43,0.0,17,0.0,0,0.0,71.67,0.0,2024-07-01,-,0,-
500,-53,Klakla92th,-,1522.04,-5.24,1618.43,0.0,32.13,1.75,824,0.0,449,0.0,369,0.0,6,0.0,54.49,0.0,2025-12-22,G,4,989.0
501,92,JiriHosek,-,1522.0,55.24,1635.71,28.27,37.91,-8.99,125,40.0,81,28.0,42,11.0,2,1.0,64.8,2.45,2026-05-31,-,0,989.0
-,-,Radorf,-,1521.87,-3.92,1654.37,0.0,44.17,1.31,310,0.0,161,0.0,147,0.0,2,0.0,51.94,0.0,2023-11-15,M,1,-
502,-86,AdiQue,PL,1521.8,-25.75,1589.14,-24.59,22.45,0.39,740,53.0,366,22.0,370,29.0,4,2.0,49.46,-0.61,2026-05-31,P,4,293.0
503,-32,BemuthBambai,DE,1521.39,2.52,1619.25,1.51,32.62,-0.34,246,14.0,138,7.0,106,7.0,2,0.0,56.1,-0.37,2026-03-28,-,0,616.0
504,193,xy-y,-,1521.09,94.9,1686.95,36.14,55.29,-19.59,52,22.0,34,15.0,18,7.0,0,0.0,65.38,2.05,2026-05-18,-,0,-
-,-,AlbertoMariani91,-,1520.96,-3.54,1672.63,0.0,50.56,1.18,203,0.0,127,0.0,74,0.0,2,0.0,62.56,0.0,2023-04-16,G,2,-
-,-,Woodmouth,NO,1520.85,-3.9,1647.22,0.0,42.12,1.3,262,0.0,143,0.0,116,0.0,3,0.0,54.58,0.0,2023-11-15,-,0,-
-,-,Andrew_Davidson,-,1520.73,-4.72,1625.39,0.0,34.89,1.57,429,0.0,247,0.0,180,0.0,2,0.0,57.58,0.0,2025-05-02,-,0,684.0
505,-44,refs,NO,1520.33,-1.81,1607.27,-9.21,28.98,-2.47,220,37.0,125,16.0,95,21.0,0,0.0,56.82,-2.74,2026-05-23,-,0,394.0
506,-5,Zaij,-,1520.15,12.11,1592.96,12.14,24.27,0.01,987,45.0,510,29.0,472,15.0,5,1.0,51.67,0.61,2026-05-24,G,2,329.0
507,5,Victory7,CA,1519.97,15.12,1604.45,1.15,28.16,-4.66,213,58.0,126,27.0,84,30.0,3,1.0,59.15,-4.72,2026-05-31,-,0,872.0
508,-28,ulkupayaya,-,1519.74,4.1,1642.65,-6.92,40.97,-3.67,118,15.0,59,6.0,53,9.0,6,0.0,50.0,-1.46,2026-04-08,-,0,578.0
-,-,Rimuel,-,1519.49,-3.34,1669.36,0.0,49.96,1.11,156,0.0,103,0.0,53,0.0,0,0.0,66.03,0.0,2024-06-02,-,0,-
-,-,Asaf,IL,1519.26,-4.3,1634.37,0.0,38.37,1.43,329,0.0,200,0.0,127,0.0,2,0.0,60.79,0.0,2024-04-04,-,0,-
-,-,KrwawyPysio,-,1518.7,-2.77,1696.8,0.0,59.37,0.92,60,0.0,38,0.0,22,0.0,0,0.0,63.33,0.0,2024-07-01,-,0,-
-,-,Torzelan,-,1518.69,-2.97,1684.28,0.0,55.2,0.99,81,0.0,58,0.0,22,0.0,1,0.0,71.6,0.0,2023-04-16,-,0,-
509,-39,Haxxorn,SE,1518.41,-0.61,1577.77,-0.07,19.79,0.18,1368,72.0,693,37.0,666,35.0,9,0.0,50.66,0.04,2026-05-29,G,10,286.0
-,-,GaryPan,-,1518.29,-2.39,1723.84,0.0,68.52,0.8,86,0.0,42,0.0,43,0.0,1,0.0,48.84,0.0,2020-05-08,-,0,-
510,-62,ChunkySam,US,1517.64,-9.61,1611.54,-14.23,31.3,-1.54,197,27.0,126,14.0,71,13.0,0,0.0,63.96,-1.92,2026-05-28,-,0,1106.0
-,-,Robster,NL,1517.27,-6.46,1628.39,0.0,37.04,2.15,795,0.0,445,0.0,345,0.0,5,0.0,55.97,0.0,2025-03-19,G,10,647.0
-,-,jaggl,-,1517.27,-4.0,1654.35,0.0,45.69,1.33,263,0.0,147,0.0,113,0.0,3,0.0,55.89,0.0,2025-02-28,P,2,757.0
511,-43,K1N9,-,1517.2,-3.25,1669.01,0.0,50.6,1.08,62,0.0,36,0.0,26,0.0,0,0.0,58.06,0.0,2026-01-25,-,0,729.0
-,-,Barnstormer,-,1517.15,-4.13,1644.78,0.0,42.54,1.38,273,0.0,161,0.0,110,0.0,2,0.0,58.97,0.0,2024-07-01,-,0,-
-,-,Redgarex,-,1517.12,-1.48,1848.8,0.0,110.56,0.49,30,0.0,27,0.0,3,0.0,0,0.0,90.0,0.0,2020-09-27,-,0,-
-,-,MastermindZeta,-,1516.56,-2.67,1700.3,0.0,61.25,0.89,84,0.0,52,0.0,31,0.0,1,0.0,61.9,0.0,2023-03-01,-,0,-
-,-,goeroezeboe,-,1516.56,-2.76,1704.21,0.0,62.55,0.92,108,0.0,68,0.0,40,0.0,0,0.0,62.96,0.0,2021-03-02,G,2,-
-,-,Redgood,-,1516.33,-3.37,1663.11,0.0,48.93,1.12,105,0.0,66,0.0,37,0.0,2,0.0,62.86,0.0,2025-03-27,-,0,805.0
512,187,ElTanque35,IT,1516.19,90.89,1612.14,78.63,31.98,-4.09,194,42.0,115,37.0,78,4.0,1,1.0,59.28,7.96,2026-05-31,-,0,805.0
513,10,Rackare,SE,1516.04,16.89,1652.4,5.72,45.45,-3.72,85,15.0,50,4.0,35,11.0,0,0.0,58.82,-6.89,2026-03-24,-,0,805.0
-,-,Elwen,-,1515.18,-2.84,1691.38,0.0,58.73,0.95,126,0.0,88,0.0,37,0.0,1,0.0,69.84,0.0,2021-06-02,-,0,-
514,-32,lol1,-,1515.12,0.23,1609.6,-3.82,31.49,-1.35,198,22.0,106,11.0,90,11.0,2,0.0,53.54,-0.44,2026-05-13,-,0,365.0
-,-,yood,-,1515.11,-3.17,1678.84,0.0,54.58,1.06,162,0.0,93,0.0,68,0.0,1,0.0,57.41,0.0,2021-12-05,G,2,-
515,-57,NoswordKnight,CN,1514.4,-8.62,1627.25,-5.29,37.62,1.11,188,2.0,107,0.0,80,2.0,1,0.0,56.91,-0.62,2026-03-23,-,0,805.0
-,-,DjesusHChrist,-,1514.3,-1.62,1817.77,0.0,101.16,0.54,18,0.0,15,0.0,3,0.0,0,0.0,83.33,0.0,2020-12-06,-,0,-
516,81,Minik,-,1514.3,49.23,1640.15,37.29,41.95,-3.98,90,15.0,51,10.0,39,5.0,0,0.0,56.67,2.0,2026-03-21,-,0,872.0
-,-,IirionClaus,-,1514.03,-2.6,1701.47,0.0,62.48,0.87,114,0.0,71,0.0,43,0.0,0,0.0,62.28,0.0,2020-08-21,P,2,-
517,-45,Arinmir,DE,1513.62,-5.16,1618.05,0.0,34.81,1.72,386,0.0,208,0.0,177,0.0,1,0.0,53.89,0.0,2026-02-01,G,4,989.0
-,-,fielmann,EE,1513.59,-3.28,1662.05,0.0,49.49,1.09,181,0.0,111,0.0,69,0.0,1,0.0,61.33,0.0,2023-03-01,G,2,-
518,-23,rabalder,NO,1513.53,3.15,1600.24,2.04,28.9,-0.37,330,22.0,188,11.0,140,11.0,2,0.0,56.97,-0.5,2026-05-11,-,0,383.0
519,-27,bcnoexceptions,US,1513.48,2.24,1578.9,2.87,21.81,0.21,1025,56.0,520,28.0,486,28.0,19,0.0,50.73,-0.04,2026-05-20,G,4,273.0
520,-18,Tony117,IT,1513.46,5.44,1592.25,10.36,26.26,1.64,693,18.0,368,15.0,320,3.0,5,0.0,53.1,0.8,2026-04-25,-,0,362.0
521,-3,pepikos,NL,1513.37,12.22,1616.44,11.5,34.36,-0.24,193,15.0,93,5.0,98,10.0,2,0.0,48.19,-1.25,2026-04-02,-,0,805.0
522,-47,Medgar,-,1513.28,-4.54,1585.17,-5.81,23.96,-0.42,498,45.0,284,17.0,210,28.0,4,0.0,57.03,-1.91,2026-05-26,-,0,398.0
523,19,justinkejs,-,1513.25,23.97,1604.65,20.42,30.47,-1.18,558,30.0,298,15.0,255,15.0,5,0.0,53.41,-0.19,2026-05-27,G,6,805.0
524,-91,ABQ,HR,1512.98,-23.74,1589.34,-23.63,25.45,0.04,736,30.0,404,6.0,326,23.0,6,1.0,54.89,-1.48,2026-04-22,G,4,461.0
-,-,Xsn,PL,1512.45,-3.48,1655.03,0.0,47.53,1.16,113,0.0,76,0.0,35,0.0,2,0.0,67.26,0.0,2025-02-28,-,0,640.0
525,-65,HomerJr,US,1512.45,-9.96,1602.3,-6.21,29.95,1.25,892,6.0,438,1.0,447,5.0,7,0.0,49.1,-0.22,2026-05-31,G,8,805.0
526,-47,aaaaa,JP,1512.19,-3.5,1592.92,-2.53,26.91,0.33,592,24.0,307,15.0,285,9.0,0,0.0,51.86,0.45,2026-04-27,G,2,546.0
527,-28,khyung,US,1511.87,3.47,1592.62,5.77,26.92,0.77,744,18.0,389,12.0,349,6.0,6,0.0,52.28,0.35,2026-04-16,G,4,466.0
-,-,chiang831,-,1511.66,-2.63,1700.91,0.0,63.09,0.88,72,0.0,48,0.0,24,0.0,0,0.0,66.67,0.0,2022-02-24,-,0,-
-,-,zc74560,-,1511.56,-1.4,1862.55,0.0,117.0,0.47,12,0.0,9,0.0,3,0.0,0,0.0,75.0,0.0,2022-02-01,-,0,-
528,-63,BuWu,DE,1511.43,-10.21,1574.81,-11.82,21.13,-0.54,450,70.0,244,32.0,203,37.0,3,1.0,54.22,-1.57,2026-05-31,-,0,371.0
-,-,Ondra,-,1511.35,-2.69,1693.7,0.0,60.78,0.9,90,0.0,49,0.0,39,0.0,2,0.0,54.44,0.0,2021-06-02,G,8,-
529,-51,Wolar,CZ,1510.88,-5.82,1602.54,0.0,30.55,1.94,535,0.0,296,0.0,234,0.0,5,0.0,55.33,0.0,2025-07-22,-,0,282.0
530,-84,Bobisko,CZ,1510.8,-16.63,1578.22,-13.91,22.47,0.91,870,34.0,478,14.0,387,20.0,5,0.0,54.94,-0.56,2026-05-31,G,2,384.0
-,-,buste,-,1509.13,-4.32,1630.61,0.0,40.5,1.44,413,0.0,209,0.0,203,0.0,1,0.0,50.61,0.0,2024-06-02,G,14,-
531,-38,aivin,PL,1509.01,-2.2,1594.73,-2.75,28.57,-0.18,378,22.0,195,10.0,181,12.0,2,0.0,51.59,-0.38,2026-05-13,-,0,352.0
532,-47,Kvist,DK,1508.81,-3.94,1634.5,0.0,41.89,1.31,111,0.0,69,0.0,41,0.0,1,0.0,62.16,0.0,2026-01-29,-,0,1287.0
533,-23,Mephist,LT,1508.63,3.21,1571.59,3.85,20.99,0.21,656,63.0,333,31.0,319,31.0,4,1.0,50.76,-0.17,2026-05-29,-,0,241.0
534,-82,LordHomeOffice,DE,1508.56,-16.72,1583.49,-19.59,24.98,-0.96,430,50.0,235,27.0,195,23.0,0,0.0,54.65,-0.09,2026-05-31,G,2,576.0
535,-54,Ilidur,-,1508.55,-6.5,1621.71,-11.43,37.72,-1.64,134,15.0,75,3.0,58,12.0,1,0.0,55.97,-4.53,2026-03-27,-,0,805.0
-,-,Alpha775,-,1508.49,-1.28,1889.62,0.0,127.04,0.43,12,0.0,10,0.0,2,0.0,0,0.0,83.33,0.0,2022-02-01,-,0,-
536,-70,Oleksandr,UA,1507.93,-13.39,1594.18,-16.68,28.75,-1.1,249,28.0,134,9.0,113,18.0,2,1.0,53.82,-2.74,2026-05-17,-,0,337.0
537,-23,Ricicle,-,1507.9,5.03,1583.73,7.6,25.28,0.86,853,24.0,403,10.0,441,14.0,9,0.0,47.25,-0.16,2026-05-28,P,4,442.0
538,-52,Zathio,US,1507.44,-5.25,1599.26,-1.69,30.61,1.19,488,8.0,262,2.0,220,6.0,6,0.0,53.69,-0.48,2026-05-28,-,0,989.0
-,-,Mariac,-,1507.27,-2.61,1695.6,0.0,62.77,0.87,48,0.0,30,0.0,18,0.0,0,0.0,62.5,0.0,2024-12-15,-,0,-
539,-45,Tandeta,PL,1507.07,-3.45,1653.58,0.0,48.84,1.15,126,0.0,72,0.0,53,0.0,1,0.0,57.14,0.0,2025-11-13,G,4,695.0
540,200,docpain,-,1506.85,95.11,1655.55,23.66,49.57,-23.82,61,36.0,41,22.0,19,13.0,1,1.0,67.21,-8.79,2026-05-31,-,0,-
541,-126,NozoEli,-,1506.74,-41.63,1666.79,-72.68,53.35,-10.35,55,15.0,32,3.0,21,12.0,2,0.0,58.18,-14.32,2026-03-23,-,0,-
542,-45,martinxjames,-,1506.51,-3.19,1574.62,-6.19,22.7,-1.0,423,64.0,234,36.0,188,28.0,1,0.0,55.32,0.17,2026-05-29,-,0,336.0
543,-24,HopeForLuck,DE,1506.43,5.56,1575.37,7.99,22.98,0.81,636,32.0,349,21.0,282,11.0,5,0.0,54.87,0.57,2026-05-28,-,0,377.0
544,-87,McNulty,US,1506.11,-18.01,1581.42,-13.95,25.1,1.35,895,15.0,463,3.0,424,12.0,8,0.0,51.73,-0.54,2026-05-11,-,0,340.0
545,-83,Netopier,SK,1506.11,-15.94,1623.07,0.0,38.99,5.31,1106,0.0,575,0.0,523,0.0,8,0.0,51.99,0.0,2025-11-30,M,4,97.0
-,-,ttaf,-,1505.81,-1.89,1765.61,0.0,86.6,0.63,42,0.0,36,0.0,6,0.0,0,0.0,85.71,0.0,2023-02-23,-,0,-
546,-57,Arkadiussus,PL,1505.12,-7.38,1565.38,-6.64,20.08,0.24,867,70.0,452,29.0,409,40.0,6,1.0,52.13,-0.94,2026-05-31,-,0,269.0
-,-,Octavian,US,1505.1,-5.65,1607.43,0.0,34.11,1.88,746,0.0,368,0.0,372,0.0,6,0.0,49.33,0.0,2025-05-08,M,1,375.0
547,-27,Antigua,HU,1504.94,4.98,1631.64,-5.91,42.24,-3.63,89,15.0,51,9.0,38,6.0,0,0.0,57.3,0.54,2026-03-28,-,0,757.0
-,-,Tshemmp,DE,1504.73,-4.23,1620.44,0.0,38.57,1.41,223,0.0,138,0.0,84,0.0,1,0.0,61.88,0.0,2024-08-11,-,0,-
-,-,dudzik,-,1504.15,-3.14,1661.14,0.0,52.33,1.05,168,0.0,90,0.0,78,0.0,0,0.0,53.57,0.0,2022-05-26,G,4,-
548,214,Sawell,-,1504.05,100.04,1623.0,69.41,39.65,-10.21,110,33.0,61,25.0,46,8.0,3,0.0,55.45,8.7,2026-05-24,G,2,-
-,-,ChinaWanping,-,1503.84,-2.28,1718.79,0.0,71.65,0.76,48,0.0,40,0.0,8,0.0,0,0.0,83.33,0.0,2021-09-05,-,0,-
549,26,ShPini,-,1503.81,27.26,1615.98,-21.56,37.39,-16.27,104,51.0,57,22.0,47,29.0,0,0.0,54.81,-11.23,2026-05-31,-,0,-
-,-,HollowKnight,-,1503.78,-3.05,1666.65,0.0,54.29,1.02,136,0.0,80,0.0,54,0.0,2,0.0,58.82,0.0,2023-06-06,-,0,-
550,-42,modjoaq,-,1503.27,-2.99,1669.36,0.0,55.36,1.0,94,0.0,60,0.0,34,0.0,0,0.0,63.83,0.0,2026-02-18,-,0,-
551,79,Aekk,-,1503.1,51.76,1686.06,1.51,60.99,-16.75,40,15.0,21,5.0,19,10.0,0,0.0,52.5,-11.5,2026-03-23,-,0,-
-,-,Chungdiddly,-,1502.85,-2.84,1675.39,0.0,57.51,0.95,110,0.0,74,0.0,35,0.0,1,0.0,67.27,0.0,2022-02-27,-,0,-
-,-,deluks917,US,1502.51,-4.81,1641.91,0.0,46.47,1.6,410,0.0,196,0.0,213,0.0,1,0.0,47.8,0.0,2024-02-23,GM,1,-
552,-98,chobodrone,-,1502.5,-22.57,1654.55,-91.96,50.68,-23.13,57,27.0,31,8.0,26,19.0,0,0.0,54.39,-22.28,2026-05-12,-,0,-
553,-22,Cat12,CN,1502.21,6.8,1575.35,7.66,24.38,0.29,516,36.0,283,19.0,231,17.0,2,0.0,54.84,-0.16,2026-05-27,-,0,338.0
554,-43,King.I.T.North,-,1501.57,-3.74,1634.17,0.0,44.2,1.25,134,0.0,75,0.0,59,0.0,0,0.0,55.97,0.0,2025-09-03,-,0,865.0
-,-,HavardG,-,1500.95,-4.35,1618.08,0.0,39.04,1.45,291,0.0,162,0.0,127,0.0,2,0.0,55.67,0.0,2024-07-01,-,0,-
555,309,xiaoduan,-,1500.87,137.01,1717.0,87.36,72.04,-16.55,27,9.0,21,8.0,6,1.0,0,0.0,77.78,5.56,2026-05-31,-,0,-
556,104,nanoprince,-,1500.28,59.43,1601.81,52.96,33.84,-2.16,190,25.0,99,16.0,87,8.0,4,1.0,52.11,1.81,2026-05-20,-,0,382.0
-,-,colonize_N,-,1500.06,-2.33,1710.36,0.0,70.1,0.78,78,0.0,55,0.0,23,0.0,0,0.0,70.51,0.0,2020-12-06,-,0,-
557,-52,GunKer,-,1499.61,-7.23,1598.63,0.0,33.0,2.41,702,0.0,381,0.0,315,0.0,6,0.0,54.27,0.0,2025-08-31,G,2,224.0
-,-,Akstar,-,1498.33,-1.9,1756.89,0.0,86.19,0.63,42,0.0,34,0.0,8,0.0,0,0.0,80.95,0.0,2022-02-13,-,0,-
-,-,GoodSentinel,-,1497.8,-3.49,1638.23,0.0,46.81,1.16,198,0.0,128,0.0,68,0.0,2,0.0,64.65,0.0,2024-02-29,-,0,-
-,-,laozhang,-,1497.15,-4.29,1626.88,0.0,43.24,1.43,277,0.0,131,0.0,139,0.0,7,0.0,47.29,0.0,2023-11-15,G,2,-
-,-,Pirigin,-,1496.96,-2.91,1667.3,0.0,56.78,0.97,77,0.0,51,0.0,23,0.0,3,0.0,66.23,0.0,2024-04-04,-,0,-
-,-,ZRoronoaZ,CZ,1496.83,-5.43,1598.25,0.0,33.81,1.81,516,0.0,286,0.0,225,0.0,5,0.0,55.43,0.0,2025-03-25,-,0,939.0
-,-,matus,-,1496.64,-1.57,1808.18,0.0,103.85,0.52,24,0.0,22,0.0,2,0.0,0,0.0,91.67,0.0,2020-05-24,-,0,-
558,-71,kopu,-,1496.58,-16.08,1610.39,-17.25,37.94,-0.39,204,12.0,132,7.0,70,5.0,2,0.0,64.71,-0.39,2026-05-25,-,0,937.0
-,-,sunian,-,1495.98,-1.51,1820.76,0.0,108.26,0.5,17,0.0,16,0.0,1,0.0,0,0.0,94.12,0.0,2024-12-10,-,0,-
559,-44,Donni,DE,1495.71,-5.92,1586.21,0.0,30.17,1.97,630,0.0,350,0.0,276,0.0,4,0.0,55.56,0.0,2025-06-24,-,0,253.0
560,19,wartin,SK,1495.67,20.76,1571.63,25.62,25.32,1.62,1392,43.0,678,31.0,707,12.0,7,0.0,48.71,0.75,2026-05-31,P,2,275.0
561,51,SafeT,-,1494.65,35.76,1655.51,-10.02,53.62,-15.26,52,22.0,31,13.0,21,9.0,0,0.0,59.62,-0.38,2026-05-20,-,0,-
562,-8,JJsDad,-,1494.61,7.72,1630.09,-7.51,45.16,-5.07,75,15.0,42,6.0,32,9.0,1,0.0,56.0,-4.0,2026-03-21,-,0,989.0
-,-,Stobek,-,1494.52,-3.85,1624.94,0.0,43.47,1.28,246,0.0,146,0.0,97,0.0,3,0.0,59.35,0.0,2024-04-04,-,0,-
-,-,cadol,-,1494.01,-2.42,1700.67,0.0,68.89,0.81,60,0.0,39,0.0,21,0.0,0,0.0,65.0,0.0,2021-08-26,G,2,-
563,51,pavelceska,-,1493.92,36.03,1611.58,-8.18,39.22,-14.74,107,49.0,65,29.0,41,20.0,1,0.0,60.75,-1.32,2026-05-31,-,0,1372.0
-,-,Elpiereo,-,1493.68,-3.44,1638.91,0.0,48.41,1.15,90,0.0,51,0.0,39,0.0,0,0.0,56.67,0.0,2025-03-25,-,0,757.0
565,-56,happyboykt,KR,1493.53,-12.44,1582.22,-7.32,29.56,1.71,720,3.0,378,0.0,337,2.0,5,1.0,52.5,-0.22,2026-03-15,G,2,436.0
564,-3,JoshyWiggins,GB,1493.53,9.27,1555.98,11.69,20.81,0.81,1049,49.0,556,32.0,488,17.0,5,0.0,53.0,0.6,2026-05-30,G,4,346.0
-,-,Rivarama,-,1493.36,-4.16,1621.73,0.0,42.79,1.39,360,0.0,194,0.0,164,0.0,2,0.0,53.89,0.0,2023-11-15,G,2,-
-,-,GregP,US,1493.34,-3.77,1626.68,0.0,44.45,1.26,574,0.0,269,0.0,303,0.0,2,0.0,46.86,0.0,2023-03-01,P,6,-
566,-41,EmiratesOfHacan,-,1493.24,-5.18,1588.89,0.0,31.88,1.73,396,0.0,232,0.0,163,0.0,1,0.0,58.59,0.0,2026-01-16,-,0,786.0
567,-19,EnozamaIV,DE,1492.81,5.12,1563.96,1.9,23.72,-1.08,363,64.0,204,36.0,156,28.0,3,0.0,56.2,0.01,2026-05-27,-,0,369.0
568,-38,lukejones82,-,1492.73,-3.14,1651.74,0.0,53.0,1.05,59,0.0,31,0.0,27,0.0,1,0.0,52.54,0.0,2026-02-21,-,0,729.0
569,8,CRocky,-,1492.68,17.04,1565.76,8.67,24.36,-2.79,291,72.0,164,41.0,124,31.0,3,0.0,56.36,0.2,2026-05-29,-,0,622.0
-,-,CrystalPete420,-,1492.63,-3.72,1628.7,0.0,45.36,1.24,164,0.0,86,0.0,76,0.0,2,0.0,52.44,0.0,2025-02-11,-,0,989.0
570,-31,Sarek,DE,1492.22,0.8,1557.59,1.89,21.79,0.36,838,49.0,439,31.0,393,18.0,6,0.0,52.39,0.68,2026-05-31,-,0,255.0
571,257,Banderjax,-,1492.19,109.95,1647.24,70.88,51.68,-13.02,54,18.0,39,15.0,15,3.0,0,0.0,72.22,5.55,2026-04-28,-,0,1271.0
-,-,Z-man,-,1492.04,-2.59,1681.54,0.0,63.17,0.86,45,0.0,31,0.0,14,0.0,0,0.0,68.89,0.0,2025-03-26,-,0,805.0
572,-36,mria,-,1491.77,-1.28,1874.56,0.0,127.6,0.43,8,0.0,8,0.0,0,0.0,0,0.0,100.0,0.0,2026-02-28,-,0,-
573,-41,CardinalBadger,-,1491.62,-3.78,1623.43,0.0,43.94,1.26,114,0.0,69,0.0,45,0.0,0,0.0,60.53,0.0,2026-01-28,-,0,872.0
574,-46,CoxCz,CZ,1491.61,-5.02,1594.66,0.0,34.35,1.67,333,0.0,193,0.0,139,0.0,1,0.0,57.96,0.0,2025-06-27,G,4,872.0
-,-,gyova,-,1490.89,-2.86,1663.6,0.0,57.57,0.95,120,0.0,64,0.0,55,0.0,1,0.0,53.33,0.0,2021-08-28,P,2,-
575,31,SteelKitten,-,1490.79,30.26,1625.48,11.63,44.9,-6.21,122,18.0,78,8.0,43,9.0,1,1.0,63.93,-3.38,2026-05-24,-,0,-
-,-,Louaym,-,1490.23,-3.99,1624.44,0.0,44.74,1.33,252,0.0,145,0.0,104,0.0,3,0.0,57.54,0.0,2023-09-03,G,2,-
576,-18,BlueCardinal,-,1490.13,4.28,1598.2,-4.12,36.02,-2.8,129,21.0,71,8.0,58,13.0,0,0.0,55.04,-3.29,2026-04-24,-,0,1067.0
577,-21,Gerti,DE,1489.38,2.98,1610.67,-6.36,40.43,-3.11,124,15.0,70,8.0,51,7.0,3,0.0,56.45,-0.43,2026-03-26,-,0,939.0
578,-2,JamesH,GR,1489.24,13.07,1590.78,10.28,33.85,-0.93,310,15.0,163,10.0,144,5.0,3,0.0,52.58,0.72,2026-03-26,-,0,805.0
579,-88,Deschain,-,1488.72,-23.12,1590.49,-25.82,33.92,-0.9,327,15.0,181,5.0,144,10.0,2,0.0,55.35,-1.06,2026-03-20,P,2,-
580,-53,Amitke,IL,1488.47,-9.08,1598.26,-8.79,36.6,0.1,284,7.0,155,2.0,128,5.0,1,0.0,54.58,-0.65,2026-05-12,-,0,-
581,-28,jonzewiespike,DE,1487.92,0.91,1556.22,3.31,22.77,0.8,533,32.0,279,18.0,250,14.0,4,0.0,52.35,0.25,2026-05-31,-,0,310.0
-,-,dxp199062,-,1487.44,-2.09,1722.76,0.0,78.44,0.7,36,0.0,27,0.0,9,0.0,0,0.0,75.0,0.0,2022-08-31,-,0,-
-,-,M-L-E,GR,1486.45,-4.84,1593.2,0.0,35.58,1.61,294,0.0,161,0.0,132,0.0,1,0.0,54.76,0.0,2025-05-31,-,0,572.0
582,-69,FollowerOfCicero,-,1486.23,-16.72,1665.58,-66.5,59.78,-16.59,40,15.0,22,6.0,18,9.0,0,0.0,55.0,-9.0,2026-04-07,-,0,-
583,-40,SaMatra,-,1485.6,-3.6,1622.93,0.0,45.78,1.2,93,0.0,45,0.0,46,0.0,2,0.0,48.39,0.0,2026-01-27,-,0,1278.0
584,49,Depp,CA,1485.55,36.4,1576.04,11.94,30.16,-8.15,173,66.0,101,37.0,72,29.0,0,0.0,58.38,-1.43,2026-05-31,-,0,1245.0
585,-33,Nepgear,-,1485.1,-1.99,1731.29,0.0,82.06,0.66,20,0.0,14,0.0,6,0.0,0,0.0,70.0,0.0,2025-11-18,-,0,709.0
-,-,Dragonheard4,-,1484.78,-3.2,1638.89,0.0,51.37,1.07,86,0.0,54,0.0,31,0.0,1,0.0,62.79,0.0,2024-10-13,-,0,-
-,-,Khar,CZ,1484.67,-4.4,1613.39,0.0,42.91,1.47,336,0.0,193,0.0,141,0.0,2,0.0,57.44,0.0,2023-11-24,-,0,-
-,-,chenstix,-,1484.41,-4.17,1627.1,0.0,47.56,1.39,338,0.0,168,0.0,168,0.0,2,0.0,49.7,0.0,2023-03-01,G,6,-
-,-,Black8,-,1484.4,-3.16,1639.7,0.0,51.77,1.05,99,0.0,53,0.0,45,0.0,1,0.0,53.54,0.0,2024-04-04,-,0,-
-,-,jcc,-,1484.35,-3.35,1635.01,0.0,50.22,1.12,216,0.0,138,0.0,76,0.0,2,0.0,63.89,0.0,2022-09-04,-,0,-
-,-,Snatser,-,1484.18,-4.42,1598.86,0.0,38.22,1.47,267,0.0,163,0.0,104,0.0,0,0.0,61.05,0.0,2025-05-31,-,0,1054.0
-,-,tbat,-,1484.1,-3.88,1613.72,0.0,43.21,1.29,372,0.0,202,0.0,169,0.0,1,0.0,54.3,0.0,2023-09-03,G,4,-
-,-,Birnenschorsch,-,1484.01,-3.01,1648.56,0.0,54.85,1.0,66,0.0,38,0.0,28,0.0,0,0.0,57.58,0.0,2024-08-11,-,0,-
-,-,carygug,-,1483.95,-2.82,1657.17,0.0,57.74,0.94,90,0.0,55,0.0,35,0.0,0,0.0,61.11,0.0,2022-03-06,-,0,-
586,-24,tronnemann,NO,1483.8,-0.26,1549.33,0.87,21.84,0.38,781,45.0,401,23.0,371,21.0,9,1.0,51.34,-0.02,2026-05-15,-,0,333.0
-,-,NyaLala,-,1483.46,-2.31,1696.59,0.0,71.04,0.77,54,0.0,32,0.0,21,0.0,1,0.0,59.26,0.0,2020-12-06,-,0,-
587,187,Caveman90,-,1483.11,81.8,1639.14,37.02,52.01,-14.93,52,22.0,32,15.0,20,7.0,0,0.0,61.54,4.87,2026-05-13,-,0,-
-,-,markino,-,1483.07,-2.64,1671.31,0.0,62.75,0.88,90,0.0,48,0.0,42,0.0,0,0.0,53.33,0.0,2021-03-02,G,6,-
-,-,Dinnser,-,1482.59,-2.98,1654.48,0.0,57.3,0.99,132,0.0,79,0.0,51,0.0,2,0.0,59.85,0.0,2022-02-27,-,0,-
-,-,Finglove,-,1482.55,-4.75,1593.55,0.0,37.0,1.58,568,0.0,310,0.0,258,0.0,0,0.0,54.58,0.0,2024-09-04,G,2,-
-,-,DGMvado,-,1482.34,-3.26,1633.51,0.0,50.39,1.09,94,0.0,48,0.0,45,0.0,1,0.0,51.06,0.0,2024-07-01,-,0,-
588,74,LukeHeinz57,-,1482.29,41.6,1597.29,21.63,38.34,-6.66,130,30.0,73,15.0,57,15.0,0,0.0,56.15,-1.85,2026-05-31,-,0,-
589,-48,comant,RU,1482.18,-7.23,1544.69,-6.53,20.84,0.23,1269,64.0,655,29.0,608,35.0,6,0.0,51.62,-0.33,2026-05-31,-,0,267.0
590,-7,exender,-,1481.36,8.31,1611.89,0.45,43.51,-2.62,85,10.0,46,5.0,39,5.0,0,0.0,54.12,-0.55,2026-03-26,-,0,872.0
591,3,JohnyT,SK,1481.27,14.52,1557.95,10.73,25.56,-1.26,318,54.0,174,33.0,142,21.0,2,0.0,54.72,1.31,2026-05-28,-,0,522.0
-,-,Decolonization,JP,1480.6,-3.48,1626.7,0.0,48.7,1.16,240,0.0,126,0.0,113,0.0,1,0.0,52.5,0.0,2023-03-01,G,6,-
592,10,Voidray,-,1480.48,17.61,1587.09,6.77,35.54,-3.61,153,30.0,67,9.0,84,21.0,2,0.0,43.79,-3.36,2026-05-24,-,0,872.0
593,-53,timaeus,-,1480.39,-10.19,1621.14,-21.11,46.91,-3.64,110,15.0,60,1.0,48,13.0,2,1.0,54.55,-7.56,2026-03-28,-,0,-
594,-37,Thomi,-,1480.24,-6.07,1554.94,-8.78,24.9,-0.9,660,45.0,325,18.0,327,26.0,8,1.0,49.24,-0.68,2026-05-31,-,0,725.0
595,-62,Darek79,-,1480.17,-14.54,1567.58,-19.01,29.14,-1.49,277,33.0,141,15.0,133,16.0,3,2.0,50.9,-0.74,2026-04-21,-,0,922.0
596,-51,Loveschack,DK,1480.13,-8.37,1557.88,0.0,25.92,2.79,980,0.0,538,0.0,437,0.0,5,0.0,54.9,0.0,2026-02-28,-,0,310.0
-,-,Callumf,AU,1480.07,-3.25,1633.21,0.0,51.05,1.08,156,0.0,92,0.0,59,0.0,5,0.0,58.97,0.0,2022-09-04,-,0,-
597,-153,ClaudiusMaurelius,-,1479.76,-47.94,1649.46,-92.0,56.57,-14.69,44,15.0,25,2.0,18,13.0,1,0.0,56.82,-22.49,2026-03-22,-,0,-
598,-48,Gabriele,IT,1479.54,-7.65,1553.85,0.0,24.77,2.55,945,0.0,497,0.0,442,0.0,6,0.0,52.59,0.0,2026-02-01,-,0,314.0
-,-,Jii77,-,1479.52,-3.05,1642.17,0.0,54.22,1.02,144,0.0,77,0.0,66,0.0,1,0.0,53.47,0.0,2022-03-06,G,4,-
-,-,Don_bronzo,-,1479.41,-2.49,1679.13,0.0,66.57,0.83,80,0.0,51,0.0,29,0.0,0,0.0,63.75,0.0,2023-02-05,-,0,-
-,-,Pat_the_Cat,-,1478.98,-2.67,1663.86,0.0,61.63,0.89,56,0.0,36,0.0,20,0.0,0,0.0,64.29,0.0,2024-08-11,-,0,-
599,62,Sirkopczyk,-,1478.93,38.16,1644.15,-9.7,55.07,-15.96,51,21.0,32,12.0,19,9.0,0,0.0,62.75,-3.92,2026-05-14,-,0,-
-,-,Thrune,-,1478.31,-3.63,1615.5,0.0,45.73,1.21,282,0.0,171,0.0,108,0.0,3,0.0,60.64,0.0,2023-03-01,-,0,-
600,unretired,wombats111,-,1478.29,-34.16,1632.49,-56.46,51.4,-7.43,114,24.0,63,15.0,50,9.0,1,0.0,55.26,1.93,2026-05-29,G,4,-
601,-80,sttailtw,-,1478.18,-21.29,1543.98,-19.66,21.93,0.54,1123,57.0,553,17.0,564,40.0,6,0.0,49.24,-1.04,2026-05-27,-,0,419.0
602,-30,theussner79,DE,1478.02,0.65,1540.23,2.77,20.74,0.71,1133,51.0,580,27.0,543,24.0,10,0.0,51.19,0.08,2026-05-25,-,0,356.0
603,-40,Evron,-,1477.93,-6.05,1564.89,0.0,28.99,2.02,321,0.0,190,0.0,130,0.0,1,0.0,59.19,0.0,2026-01-23,-,0,677.0
604,79,Bromios,US,1477.73,44.97,1588.69,39.92,36.99,-1.68,150,15.0,86,11.0,64,4.0,0,0.0,57.33,1.77,2026-03-27,-,0,989.0
-,-,madagelo,-,1477.65,-2.69,1663.74,0.0,62.03,0.9,84,0.0,47,0.0,37,0.0,0,0.0,55.95,0.0,2021-06-02,G,2,-
-,-,TSS,-,1477.39,-1.59,1785.69,0.0,102.77,0.53,16,0.0,10,0.0,5,0.0,1,0.0,62.5,0.0,2022-03-01,-,0,-
605,-58,PyBel,ES,1477.33,-10.45,1579.18,-13.23,33.95,-0.93,348,15.0,194,4.0,152,11.0,2,0.0,55.75,-1.31,2026-03-22,G,2,729.0
606,-57,MarekP,CZ,1477.25,-10.24,1552.24,-5.8,25.0,1.48,761,15.0,381,4.0,375,11.0,5,0.0,50.07,-0.47,2026-03-30,G,6,423.0
-,-,vivimaster,IT,1477.23,-4.64,1592.21,0.0,38.33,1.55,371,0.0,217,0.0,152,0.0,2,0.0,58.49,0.0,2025-05-17,-,0,729.0
-,-,NikeBarbachiara,IT,1476.86,-4.18,1592.78,0.0,38.64,1.39,312,0.0,169,0.0,142,0.0,1,0.0,54.17,0.0,2024-07-01,-,0,-
-,-,nichtey,-,1476.4,-1.44,1817.13,0.0,113.58,0.48,24,0.0,20,0.0,4,0.0,0,0.0,83.33,0.0,2020-05-31,-,0,-
-,-,BureRF,-,1475.77,-4.93,1579.3,0.0,34.51,1.64,288,0.0,148,0.0,136,0.0,4,0.0,51.39,0.0,2025-05-20,-,0,687.0
-,-,Alfredbob,-,1475.68,-2.23,1696.27,0.0,73.53,0.74,54,0.0,37,0.0,16,0.0,1,0.0,68.52,0.0,2020-12-06,-,0,-
607,-36,creamyalfredo,-,1475.16,-3.36,1621.99,0.0,48.94,1.12,67,0.0,46,0.0,21,0.0,0,0.0,68.66,0.0,2026-02-11,-,0,937.0
-,-,Diaz,-,1475.11,-2.66,1660.86,0.0,61.92,0.89,45,0.0,22,0.0,23,0.0,0,0.0,48.89,0.0,2024-07-01,-,0,-
608,-57,MBlueMan,CA,1475.03,-12.09,1549.24,-8.31,24.74,1.26,830,19.0,412,8.0,411,11.0,7,0.0,49.64,-0.18,2026-05-23,-,0,463.0
-,-,Szumo,-,1474.91,-2.96,1650.13,0.0,58.4,0.99,132,0.0,76,0.0,56,0.0,0,0.0,57.58,0.0,2021-08-22,G,2,-
609,8,Giledon,-,1474.47,17.24,1607.08,6.41,44.2,-3.61,90,15.0,52,10.0,38,5.0,0,0.0,57.78,1.78,2026-03-29,-,0,729.0
610,-24,MickeyStein,-,1474.1,1.79,1585.43,3.05,37.11,0.42,296,6.0,172,4.0,121,2.0,3,0.0,58.11,0.18,2026-05-19,-,0,-
-,-,PTactician,-,1473.95,-4.87,1617.39,0.0,47.81,1.62,273,0.0,141,0.0,128,0.0,4,0.0,51.65,0.0,2023-11-15,G,6,-
-,-,smoula892,-,1473.88,-1.56,1787.43,0.0,104.52,0.52,16,0.0,10,0.0,5,0.0,1,0.0,62.5,0.0,2022-03-01,-,0,-
611,-1,Herdeksunek,CZ,1473.42,14.19,1539.12,16.82,21.9,0.88,789,48.0,391,26.0,394,22.0,4,0.0,49.56,0.3,2026-05-31,-,0,362.0
-,-,PatLes5Couronnes,-,1473.28,-3.01,1652.08,0.0,59.6,1.0,90,0.0,35,0.0,51,0.0,4,0.0,38.89,0.0,2025-05-10,-,0,578.0
-,-,ycl,-,1473.08,-2.8,1654.23,0.0,60.38,0.93,48,0.0,26,0.0,22,0.0,0,0.0,54.17,0.0,2025-03-08,-,0,757.0
-,-,Olivyon,-,1472.83,-1.71,1759.97,0.0,95.71,0.57,30,0.0,25,0.0,5,0.0,0,0.0,83.33,0.0,2020-09-27,-,0,-
-,-,Krzesimyr,-,1472.65,-2.22,1694.45,0.0,73.93,0.74,66,0.0,48,0.0,18,0.0,0,0.0,72.73,0.0,2021-08-25,G,2,-
-,-,cookieben,-,1472.11,-3.01,1643.58,0.0,57.15,1.0,140,0.0,84,0.0,55,0.0,1,0.0,60.0,0.0,2022-01-01,G,2,-
-,-,Basse,-,1471.98,-2.12,1704.12,0.0,77.38,0.71,48,0.0,33,0.0,15,0.0,0,0.0,68.75,0.0,2020-03-30,-,0,-
-,-,ddxy,-,1471.53,-1.56,1784.87,0.0,104.45,0.52,16,0.0,10,0.0,6,0.0,0,0.0,62.5,0.0,2022-03-01,-,0,-
-,-,Kojtic,-,1471.45,-3.61,1608.72,0.0,45.76,1.2,112,0.0,61,0.0,51,0.0,0,0.0,54.46,0.0,2024-09-15,-,0,-
-,-,Luckcats,FR,1471.08,-3.16,1629.75,0.0,52.89,1.05,108,0.0,73,0.0,34,0.0,1,0.0,67.59,0.0,2023-09-03,-,0,-
-,-,FFAZ,HK,1470.79,-9.14,1609.29,0.0,46.17,3.05,529,0.0,308,0.0,217,0.0,4,0.0,58.22,0.0,2024-10-01,P,2,-
612,8,extrmn8r,-,1470.16,13.11,1591.2,-10.74,40.35,-7.95,98,30.0,49,13.0,47,16.0,2,1.0,50.0,-2.94,2026-05-26,-,0,805.0
613,-44,tkornai,HU,1470.12,-9.85,1596.4,-11.52,42.09,-0.56,180,6.0,116,2.0,63,4.0,1,0.0,64.44,-1.08,2026-05-07,-,0,-
614,-24,nattee,TH,1470.04,0.9,1539.36,3.0,23.11,0.7,1030,36.0,501,21.0,523,15.0,6,0.0,48.64,0.35,2026-05-31,-,0,429.0
-,-,Pastuino,-,1469.95,-2.16,1700.53,0.0,76.86,0.72,66,0.0,49,0.0,17,0.0,0,0.0,74.24,0.0,2020-11-22,-,0,-
615,55,SirDaan,-,1469.62,32.01,1644.59,-10.02,58.32,-14.01,45,17.0,29,9.0,16,8.0,0,0.0,64.44,-6.99,2026-05-17,-,0,-
616,18,Pompeius12,-,1469.0,20.02,1639.39,-20.22,56.8,-13.41,45,15.0,27,8.0,17,7.0,1,0.0,60.0,-3.33,2026-03-29,-,0,-
617,-14,Daru,PL,1468.53,5.82,1565.44,9.26,32.3,1.15,168,6.0,103,3.0,65,3.0,0,0.0,61.31,-0.42,2026-05-07,-,0,751.0
-,-,HonestSi,-,1468.45,-3.11,1625.17,0.0,52.24,1.04,170,0.0,94,0.0,75,0.0,1,0.0,55.29,0.0,2022-06-05,-,0,-
-,-,Archer1629,TW,1468.27,-2.5,1663.95,0.0,65.23,0.83,45,0.0,32,0.0,12,0.0,1,0.0,71.11,0.0,2025-02-16,-,0,-
618,-18,Teraspena,FI,1468.13,4.21,1550.0,6.29,27.29,0.69,717,18.0,370,12.0,342,6.0,5,0.0,51.6,0.38,2026-04-24,-,0,634.0
619,-28,Kaczas,PL,1468.12,0.27,1552.91,-2.41,28.27,-0.89,338,28.0,177,11.0,161,17.0,0,0.0,52.37,-1.18,2026-05-15,-,0,536.0
620,-32,chefung,-,1467.87,-2.21,1533.77,-0.65,21.97,0.52,864,46.0,427,17.0,433,29.0,4,0.0,49.42,-0.7,2026-05-31,-,0,303.0
-,-,ttaimmortal,-,1467.25,-2.34,1677.05,0.0,69.93,0.78,48,0.0,29,0.0,19,0.0,0,0.0,60.42,0.0,2021-09-05,-,0,-
621,-41,Twistor,FI,1467.18,-7.51,1555.67,-7.12,29.5,0.13,202,15.0,126,6.0,75,8.0,1,1.0,62.38,-1.79,2026-04-07,-,0,679.0
-,-,sorpy,KR,1467.11,-5.16,1567.86,0.0,33.59,1.72,309,0.0,171,0.0,132,0.0,6,0.0,55.34,0.0,2025-03-24,-,0,794.0
-,-,jazzbaek,-,1467.05,-2.05,1705.96,0.0,79.63,0.68,36,0.0,24,0.0,12,0.0,0,0.0,66.67,0.0,2021-03-02,-,0,-
622,-55,Kejml,CZ,1466.7,-14.57,1535.23,-13.51,22.84,0.35,1175,43.0,572,17.0,587,25.0,16,1.0,48.68,-0.35,2026-05-27,G,6,259.0
623,-39,maumastoks,LT,1466.7,-6.16,1562.46,-2.94,31.92,1.07,753,6.0,376,2.0,372,4.0,5,0.0,49.93,-0.14,2026-05-28,G,2,711.0
-,-,CrushU,-,1466.32,-4.38,1582.16,0.0,38.61,1.46,432,0.0,203,0.0,223,0.0,6,0.0,46.99,0.0,2025-03-28,G,2,-
-,-,Biancus,IT,1466.21,-4.66,1582.5,0.0,38.76,1.55,334,0.0,174,0.0,158,0.0,2,0.0,52.1,0.0,2025-03-27,-,0,805.0
624,-69,maciek,PL,1466.09,-20.4,1529.21,-17.65,21.04,0.92,1272,51.0,653,18.0,611,32.0,8,1.0,51.34,-0.67,2026-05-30,-,0,281.0
625,-40,Die12,IT,1465.85,-6.53,1553.94,0.0,29.36,2.18,759,0.0,377,0.0,373,0.0,9,0.0,49.67,0.0,2026-01-28,-,0,352.0
-,-,srfdevotee,US,1465.68,-1.68,1757.54,0.0,97.29,0.56,17,0.0,13,0.0,4,0.0,0,0.0,76.47,0.0,2025-04-26,-,0,1287.0
626,-37,Maharaj_JD,-,1465.64,-4.33,1557.99,-7.71,30.78,-1.13,236,22.0,113,9.0,123,13.0,0,0.0,47.88,-0.72,2026-05-16,-,0,271.0
627,-49,kuzmich,US,1465.57,-9.39,1553.69,-6.66,29.37,0.91,654,15.0,355,4.0,298,11.0,1,0.0,54.28,-0.65,2026-03-23,G,4,520.0
-,-,Shivian,NL,1465.48,-4.3,1587.27,0.0,40.6,1.43,440,0.0,228,0.0,208,0.0,4,0.0,51.82,0.0,2023-11-15,-,0,-
628,214,HumusAmongUs,-,1465.48,87.42,1597.42,27.48,43.98,-19.98,79,40.0,48,21.0,31,19.0,0,0.0,60.76,-8.47,2026-05-29,-,0,-
629,-42,joniboni,-,1465.34,-5.64,1594.33,-9.1,43.0,-1.15,102,7.0,59,2.0,43,5.0,0,0.0,57.84,-2.16,2026-05-23,-,0,786.0
630,15,figs,-,1465.2,19.25,1633.09,14.53,55.96,-1.57,53,4.0,29,2.0,24,2.0,0,0.0,54.72,-0.38,2026-04-08,-,0,872.0
631,4,humanmoves,-,1464.47,15.98,1543.64,9.38,26.39,-2.2,267,46.0,143,24.0,124,22.0,0,0.0,53.56,-0.29,2026-05-28,-,0,454.0
632,-17,Bergen,NO,1464.3,6.46,1527.79,9.02,21.17,0.85,1515,54.0,715,29.0,786,24.0,14,1.0,47.19,0.24,2026-05-31,G,6,386.0
633,-107,TribunX,DE,1464.02,-33.96,1527.17,-29.62,21.05,1.45,1134,36.0,572,6.0,550,30.0,12,0.0,50.44,-1.11,2026-05-29,-,0,286.0
-,-,Woodenman,-,1463.28,-4.21,1587.05,0.0,41.26,1.4,498,0.0,224,0.0,271,0.0,3,0.0,44.98,0.0,2024-03-03,P,4,-
-,-,Gobos,ET,1462.98,-3.62,1600.27,0.0,45.76,1.21,424,0.0,226,0.0,193,0.0,5,0.0,53.3,0.0,2023-04-04,-,0,-
-,-,Dr.Hummsfred,-,1462.88,-2.82,1640.09,0.0,59.07,0.94,132,0.0,71,0.0,61,0.0,0,0.0,53.79,0.0,2021-03-02,G,4,-
634,-7,BirdOfPreyyy,RU,1462.86,8.5,1538.72,7.12,25.29,-0.46,374,40.0,195,23.0,178,17.0,1,0.0,52.14,0.64,2026-05-29,-,0,210.0
-,-,Cadrach,-,1462.65,-3.19,1620.01,0.0,52.45,1.06,162,0.0,84,0.0,77,0.0,1,0.0,51.85,0.0,2022-06-05,G,4,-
-,-,Circadia,-,1462.52,-1.58,1773.05,0.0,103.51,0.53,36,0.0,31,0.0,5,0.0,0,0.0,86.11,0.0,2019-02-17,-,0,-
-,-,toadstool,-,1462.4,-3.06,1626.0,0.0,54.53,1.02,90,0.0,58,0.0,31,0.0,1,0.0,64.44,0.0,2023-04-16,-,0,-
635,-34,Lammoth,DE,1461.82,-2.03,1522.82,0.33,20.33,0.79,1282,55.0,670,28.0,599,26.0,13,1.0,52.26,-0.06,2026-05-29,-,0,423.0
636,-40,kwojtasz,US,1461.5,-4.84,1566.41,0.0,34.97,1.61,377,0.0,204,0.0,167,0.0,6,0.0,54.11,0.0,2026-01-31,-,0,989.0
637,-26,TheElk,US,1460.99,1.98,1526.98,2.47,22.0,0.16,912,49.0,460,26.0,448,22.0,4,1.0,50.44,0.15,2026-05-31,-,0,289.0
638,-9,larshb,DK,1460.91,8.95,1528.34,7.8,22.48,-0.38,813,57.0,405,31.0,402,25.0,6,1.0,49.82,0.35,2026-05-28,G,2,372.0
639,149,KidCanuck,-,1460.62,65.07,1616.73,20.81,52.04,-14.75,51,21.0,31,13.0,20,8.0,0,0.0,60.78,0.78,2026-05-16,-,0,-
640,-103,Tuty,SK,1459.91,-33.08,1544.22,-34.0,28.1,-0.31,680,30.0,348,3.0,325,27.0,7,0.0,51.18,-1.9,2026-05-31,-,0,652.0
641,-59,Michal_Kossakowski,-,1459.81,-13.71,1550.6,-19.28,30.26,-1.86,206,28.0,105,10.0,98,18.0,3,0.0,50.97,-2.4,2026-05-12,-,0,416.0
642,34,Gandy,-,1459.64,23.79,1543.86,19.03,28.07,-1.59,247,34.0,128,21.0,119,13.0,0,0.0,51.82,1.59,2026-05-13,-,0,555.0
-,-,MarSonWar,-,1459.54,-3.46,1605.75,0.0,48.74,1.15,94,0.0,46,0.0,48,0.0,0,0.0,48.94,0.0,2025-05-22,-,0,-
643,-22,Parcival,IT,1459.45,2.83,1537.62,-3.14,26.06,-1.99,276,51.0,149,23.0,124,28.0,3,0.0,53.99,-2.01,2026-05-31,-,0,455.0
644,-225,Pudroe,-,1459.44,-87.11,1637.04,-127.28,59.2,-13.39,44,13.0,26,1.0,18,12.0,0,0.0,59.09,-21.56,2026-05-13,-,0,1259.0
645,-5,Pshemo,-,1459.39,12.12,1530.2,11.23,23.61,-0.29,568,51.0,280,30.0,285,20.0,3,1.0,49.3,0.94,2026-05-28,-,0,305.0
-,-,Paul.,-,1459.31,-2.12,1691.27,0.0,77.32,0.71,30,0.0,16,0.0,14,0.0,0,0.0,53.33,0.0,2023-03-01,-,0,-
-,-,Xovion,-,1459.27,-2.95,1624.85,0.0,55.19,0.98,168,0.0,101,0.0,64,0.0,3,0.0,60.12,0.0,2021-11-28,-,0,-
646,-65,Legoman,CA,1459.13,-15.05,1543.63,-24.03,28.17,-2.99,211,49.0,107,22.0,102,26.0,2,1.0,50.71,-1.76,2026-05-31,-,0,473.0
-,-,Kostello,-,1458.05,-1.99,1703.76,0.0,81.9,0.66,24,0.0,15,0.0,9,0.0,0,0.0,62.5,0.0,2024-02-11,-,0,-
-,-,florian629,-,1457.47,-3.09,1617.1,0.0,53.21,1.03,74,0.0,39,0.0,34,0.0,1,0.0,52.7,0.0,2025-01-31,-,0,989.0
-,-,elracha,PT,1457.41,-3.84,1586.29,0.0,42.96,1.28,427,0.0,242,0.0,184,0.0,1,0.0,56.67,0.0,2023-06-28,-,0,-
647,-39,ZwzwNzw,CN,1457.23,-2.98,1623.67,0.0,55.48,0.99,58,0.0,35,0.0,22,0.0,1,0.0,60.34,0.0,2025-09-23,-,0,746.0
-,-,LudwigVan,-,1457.19,-2.02,1700.25,0.0,81.02,0.67,42,0.0,35,0.0,7,0.0,0,0.0,83.33,0.0,2021-02-20,-,0,-
-,-,WHIZ,-,1457.0,-1.4,1807.61,0.0,116.87,0.47,12,0.0,8,0.0,3,0.0,1,0.0,66.67,0.0,2022-02-01,-,0,-
648,29,putih,-,1456.53,21.66,1693.37,-30.8,78.95,-17.48,21,7.0,14,3.0,6,4.0,1,0.0,66.67,-11.9,2026-05-13,-,0,1256.0
-,-,Elin,US,1456.38,-3.95,1592.96,0.0,45.53,1.32,324,0.0,179,0.0,144,0.0,1,0.0,55.25,0.0,2023-11-25,-,0,-
649,-42,Proteus,-,1456.35,-4.0,1528.87,-5.83,24.17,-0.61,546,46.0,269,21.0,273,25.0,4,0.0,49.27,-0.33,2026-05-13,-,0,426.0
650,21,andykr,GB,1456.33,18.77,1517.77,18.81,20.48,0.01,561,70.0,281,39.0,274,31.0,6,0.0,50.09,0.8,2026-05-31,-,0,442.0
-,-,Serenicus,-,1456.08,-2.72,1636.49,0.0,60.13,0.91,53,0.0,30,0.0,22,0.0,1,0.0,56.6,0.0,2025-03-28,-,0,872.0
651,44,Azerbaperro,-,1456.07,29.52,1600.58,8.46,48.17,-7.02,65,15.0,35,9.0,30,6.0,0,0.0,53.85,1.85,2026-03-28,-,0,989.0
-,-,Mathies,-,1455.6,-3.99,1606.03,0.0,50.14,1.33,267,0.0,141,0.0,124,0.0,2,0.0,52.81,0.0,2023-01-15,G,4,-
-,-,FooledTwice,-,1455.5,-4.87,1558.76,0.0,34.42,1.62,330,0.0,174,0.0,153,0.0,3,0.0,52.73,0.0,2025-04-19,G,2,622.0
-,-,Alexo,-,1454.93,-4.02,1581.86,0.0,42.31,1.34,180,0.0,103,0.0,75,0.0,2,0.0,57.22,0.0,2025-01-17,-,0,1181.0
652,29,Raffaelus,-,1453.81,20.83,1608.64,-6.88,51.61,-9.24,67,15.0,44,9.0,22,6.0,1,0.0,65.67,-1.64,2026-03-31,-,0,1067.0
-,-,gigi lamoroso,-,1453.13,-3.12,1609.95,0.0,52.27,1.04,132,0.0,76,0.0,54,0.0,2,0.0,57.58,0.0,2023-11-28,-,0,-
653,-58,Krayze,GB,1452.65,-14.04,1561.93,0.0,36.43,4.68,422,0.0,232,0.0,175,0.0,15,0.0,54.98,0.0,2025-12-02,-,0,300.0
654,-18,jokerchai,-,1452.43,4.18,1570.87,6.93,39.48,0.92,212,2.0,112,2.0,99,0.0,1,0.0,52.83,0.45,2026-05-17,-,0,-
-,-,_pupu_,-,1452.36,-2.84,1627.12,0.0,58.25,0.95,66,0.0,35,0.0,30,0.0,1,0.0,53.03,0.0,2023-03-01,-,0,-
655,-36,Masterchief,-,1452.34,-4.77,1567.1,0.0,38.25,1.59,219,0.0,119,0.0,99,0.0,1,0.0,54.34,0.0,2025-08-16,-,0,644.0
656,-9,SchutterNL,-,1452.25,7.61,1621.47,-30.21,56.41,-12.61,44,15.0,27,5.0,17,10.0,0,0.0,61.36,-14.5,2026-03-31,-,0,-
657,-83,qhung49,VN,1452.23,-24.47,1549.56,-21.24,32.45,1.08,923,18.0,439,3.0,464,15.0,20,0.0,47.56,-0.62,2026-04-23,M,2,473.0
658,-35,shohei,JP,1451.73,-4.36,1525.96,-5.81,24.75,-0.48,786,45.0,391,24.0,388,21.0,7,0.0,49.75,0.22,2026-05-31,-,0,536.0
-,-,Tmer,-,1451.69,-3.11,1611.0,0.0,53.1,1.04,69,0.0,44,0.0,25,0.0,0,0.0,63.77,0.0,2025-03-28,-,0,754.0
659,-46,Kelern,-,1451.39,-6.81,1515.46,-5.2,21.36,0.54,811,49.0,392,21.0,413,28.0,6,0.0,48.34,-0.35,2026-05-31,-,0,357.0
-,-,Eatoreded,-,1451.32,-3.55,1593.24,0.0,47.31,1.18,210,0.0,111,0.0,98,0.0,1,0.0,52.86,0.0,2023-03-01,-,0,-
-,-,Aquir,-,1451.21,-2.07,1688.13,0.0,78.97,0.69,66,0.0,42,0.0,22,0.0,2,0.0,63.64,0.0,2018-10-14,-,0,-
660,-18,pdx,-,1451.19,4.54,1523.11,2.98,23.97,-0.52,433,46.0,213,20.0,218,26.0,2,0.0,49.19,-0.68,2026-05-31,-,0,479.0
-,-,hinghenry,-,1451.04,-1.94,1703.82,0.0,84.26,0.65,36,0.0,25,0.0,11,0.0,0,0.0,69.44,0.0,2020-09-27,-,0,-
-,-,Rychlik,CZ,1450.04,-2.83,1623.87,0.0,57.94,0.94,68,0.0,35,0.0,32,0.0,1,0.0,51.47,0.0,2024-04-04,-,0,-
661,31,M.T,-,1449.92,22.34,1562.18,22.38,37.42,0.01,144,7.0,84,6.0,59,1.0,1,0.0,58.33,1.4,2026-05-12,-,0,469.0
-,-,DukeAtreides,-,1449.77,-3.93,1574.98,0.0,41.74,1.31,305,0.0,156,0.0,144,0.0,5,0.0,51.15,0.0,2024-07-15,-,0,-
-,-,Nuzzoloo95,-,1449.65,-2.97,1617.03,0.0,55.79,0.99,64,0.0,36,0.0,28,0.0,0,0.0,56.25,0.0,2024-07-01,-,0,-
-,-,gigilamoroso,-,1449.41,-4.37,1576.61,0.0,42.4,1.46,289,0.0,145,0.0,142,0.0,2,0.0,50.17,0.0,2024-07-01,-,0,-
662,18,MichalJar,-,1449.4,16.34,1579.13,2.62,43.24,-4.57,97,15.0,57,7.0,39,8.0,1,0.0,58.76,-2.22,2026-04-06,-,0,1388.0
-,-,nickless0,-,1449.18,-2.02,1692.68,0.0,81.17,0.67,36,0.0,26,0.0,10,0.0,0,0.0,72.22,0.0,2022-11-29,-,0,-
-,-,YSun,-,1448.99,-4.0,1576.81,0.0,42.61,1.33,328,0.0,192,0.0,134,0.0,2,0.0,58.54,0.0,2024-04-04,-,0,-
-,-,Siccarius,US,1448.7,-4.3,1567.49,0.0,39.6,1.43,330,0.0,180,0.0,150,0.0,0,0.0,54.55,0.0,2024-06-02,P,2,-
-,-,Balquaz,NO,1448.38,-4.39,1564.61,0.0,38.75,1.46,355,0.0,201,0.0,152,0.0,2,0.0,56.62,0.0,2024-06-02,-,0,-
-,-,miniexot,-,1448.37,-3.42,1593.82,0.0,48.48,1.14,283,0.0,146,0.0,134,0.0,3,0.0,51.59,0.0,2023-01-15,P,4,-
663,141,Kivok,-,1448.34,59.32,1610.35,6.29,54.0,-17.68,52,22.0,30,14.0,22,8.0,0,0.0,57.69,4.36,2026-05-11,-,0,-
-,-,Olivier000,FR,1448.24,-5.17,1552.28,0.0,34.68,1.72,480,0.0,233,0.0,244,0.0,3,0.0,48.54,0.0,2025-02-12,-,0,805.0
-,-,meleke,-,1447.34,-2.49,1646.43,0.0,66.37,0.83,45,0.0,26,0.0,19,0.0,0,0.0,57.78,0.0,2024-04-04,-,0,-
-,-,CPC_CHAIRMAN,-,1447.33,-4.84,1573.4,0.0,42.02,1.61,227,0.0,116,0.0,110,0.0,1,0.0,51.1,0.0,2024-07-15,-,0,-
-,-,fantasyyu,-,1447.01,-2.05,1685.79,0.0,79.6,0.68,29,0.0,22,0.0,7,0.0,0,0.0,75.86,0.0,2025-02-19,-,0,1112.0
664,115,MoxNox,-,1446.85,47.23,1577.6,17.21,43.58,-10.0,90,30.0,48,20.0,40,9.0,2,1.0,53.33,6.66,2026-05-31,-,0,1262.0
665,-41,CloneFish,NL,1446.34,-8.66,1513.73,-5.52,22.46,1.05,1027,37.0,503,18.0,515,19.0,9,0.0,48.98,-0.01,2026-05-18,-,0,338.0
-,-,leothelion,-,1446.31,-1.58,1756.68,0.0,103.46,0.53,12,0.0,12,0.0,0,0.0,0,0.0,100.0,0.0,2025-05-29,-,0,1262.0
666,-35,petki,-,1446.08,-3.6,1586.89,0.0,46.94,1.2,188,0.0,112,0.0,75,0.0,1,0.0,59.57,0.0,2026-02-05,-,0,-
-,-,soonwoo,-,1445.9,-1.66,1742.05,0.0,98.72,0.55,15,0.0,11,0.0,3,0.0,1,0.0,73.33,0.0,2023-10-09,-,0,-
-,-,Jordanian,NL,1445.82,-3.06,1608.77,0.0,54.32,1.02,168,0.0,102,0.0,65,0.0,1,0.0,60.71,0.0,2022-03-06,-,0,-
667,-19,Nicks,CA,1445.2,0.77,1534.47,0.91,29.76,0.05,497,18.0,233,11.0,258,7.0,6,0.0,46.88,0.53,2026-04-19,-,0,630.0
-,-,Abenteurer86,-,1444.99,-4.1,1563.94,0.0,39.65,1.37,353,0.0,198,0.0,154,0.0,1,0.0,56.09,0.0,2024-04-04,-,0,-
668,-63,StarLakeGuy,-,1444.97,-16.77,1575.21,-30.25,43.41,-4.49,85,15.0,47,3.0,38,12.0,0,0.0,55.29,-7.57,2026-03-26,-,0,805.0
669,-32,NateH,-,1444.89,-3.24,1597.63,0.0,50.91,1.08,66,0.0,34,0.0,32,0.0,0,0.0,51.52,0.0,2026-01-17,-,0,729.0
-,-,LadyWhale,-,1444.18,-3.03,1608.2,0.0,54.67,1.01,132,0.0,70,0.0,60,0.0,2,0.0,53.03,0.0,2023-03-05,-,0,-
-,-,Bravo,-,1444.07,-3.06,1605.4,0.0,53.78,1.02,70,0.0,41,0.0,28,0.0,1,0.0,58.57,0.0,2025-01-27,-,0,989.0
-,-,Andregby,-,1443.77,-1.74,1725.75,0.0,94.0,0.58,30,0.0,25,0.0,4,0.0,1,0.0,83.33,0.0,2021-06-02,-,0,-
-,-,Boogeli,NL,1443.52,-3.74,1578.27,0.0,44.92,1.25,139,0.0,78,0.0,59,0.0,2,0.0,56.12,0.0,2024-06-16,-,0,-
-,-,GrafZahl,DE,1443.3,-3.34,1601.35,0.0,52.68,1.11,120,0.0,83,0.0,35,0.0,2,0.0,69.17,0.0,2025-04-28,-,0,872.0
670,-7,Tomtomparking,FR,1443.23,3.08,1506.97,2.54,21.25,-0.18,1312,64.0,611,30.0,689,33.0,12,1.0,46.57,0.02,2026-05-26,-,0,308.0
671,16,RobertdeSable,-,1443.11,11.61,1518.78,13.04,25.22,0.47,747,30.0,370,19.0,374,11.0,3,0.0,49.53,0.58,2026-05-31,G,6,565.0
-,-,holyknife,-,1442.89,-3.12,1600.37,0.0,52.5,1.04,186,0.0,102,0.0,82,0.0,2,0.0,54.84,0.0,2022-06-05,-,0,-
672,-46,Kermit19,-,1442.65,-12.23,1525.92,-11.36,27.75,0.29,347,19.0,170,7.0,174,11.0,3,1.0,48.99,-0.71,2026-05-20,-,0,403.0
-,-,Waxtax,-,1442.61,-2.46,1642.76,0.0,66.72,0.82,84,0.0,45,0.0,27,0.0,12,0.0,53.57,0.0,2020-11-02,G,2,-
673,-114,Hysen,GB,1442.28,-42.96,1518.21,-39.49,25.31,1.15,387,23.0,192,1.0,192,21.0,3,1.0,49.61,-2.86,2026-04-16,-,0,261.0
674,-28,homura,-,1442.14,-2.61,1632.18,0.0,63.35,0.87,51,0.0,29,0.0,18,0.0,4,0.0,56.86,0.0,2025-12-01,-,0,-
-,-,drzewko,PL,1442.05,-3.68,1581.72,0.0,46.55,1.23,245,0.0,118,0.0,125,0.0,2,0.0,48.16,0.0,2023-04-16,-,0,-
675,50,saZmer,-,1441.83,24.9,1588.08,-48.31,48.75,-24.4,67,37.0,34,17.0,33,20.0,0,0.0,50.75,-5.92,2026-05-19,-,0,-
676,-60,Pelej,PL,1441.65,-15.94,1547.09,-13.54,35.15,0.8,352,6.0,151,0.0,197,6.0,4,0.0,42.9,-0.74,2026-05-29,-,0,-
-,-,default01,-,1441.42,-2.8,1619.48,0.0,59.35,0.93,102,0.0,69,0.0,32,0.0,1,0.0,67.65,0.0,2022-03-06,-,0,-
677,306,rustylantern,-,1441.33,135.54,1620.03,13.7,59.56,-40.61,42,30.0,28,19.0,13,10.0,1,1.0,66.67,-8.33,2026-05-31,-,0,-
678,203,Impr,-,1440.87,85.27,1557.9,32.91,39.01,-17.45,106,52.0,56,26.0,49,25.0,1,1.0,52.83,-2.73,2026-05-31,-,0,1381.0
679,-12,NoelFerrer,-,1440.84,1.53,1612.8,-27.71,57.32,-9.75,45,15.0,24,2.0,21,13.0,0,0.0,53.33,-20.0,2026-03-23,-,0,-
680,-15,RiRu,LV,1440.8,1.29,1502.09,1.84,20.43,0.18,706,70.0,342,32.0,356,38.0,8,0.0,48.44,-0.3,2026-05-31,-,0,331.0
-,-,TheBiggerE,-,1440.77,-3.22,1601.11,0.0,53.45,1.07,188,0.0,104,0.0,79,0.0,5,0.0,55.32,0.0,2022-02-22,-,0,-
681,-56,ElDiabloAzul,US,1440.68,-14.3,1537.67,-11.23,32.33,1.02,561,6.0,272,0.0,283,6.0,6,0.0,48.48,-0.53,2026-05-31,-,0,-
682,unretired,Owen1982,-,1440.32,15.43,1569.52,5.76,43.07,-3.22,230,18.0,132,11.0,97,7.0,1,0.0,57.39,0.31,2026-04-22,-,0,-
-,-,LordBC,AU,1440.23,-3.03,1601.96,0.0,53.91,1.01,76,0.0,42,0.0,32,0.0,2,0.0,55.26,0.0,2025-03-27,-,0,872.0
683,-32,mugumagu,-,1440.21,-3.36,1587.82,0.0,49.2,1.12,75,0.0,39,0.0,36,0.0,0,0.0,52.0,0.0,2026-01-26,-,0,805.0
684,29,SKJaCaRD,FR,1440.14,19.38,1509.5,18.24,23.12,-0.38,432,49.0,215,27.0,217,22.0,0,0.0,49.77,0.68,2026-05-31,-,0,432.0
685,-46,opatulony,PL,1439.59,-7.86,1513.15,-5.91,24.52,0.65,686,30.0,343,14.0,336,16.0,7,0.0,50.0,-0.15,2026-05-31,-,0,368.0
686,-13,sodalppargkppakee,-,1439.42,2.54,1521.12,-1.2,27.23,-1.25,274,39.0,138,15.0,134,24.0,2,0.0,50.36,-1.98,2026-05-31,-,0,422.0
687,7,mowangfeng,-,1439.36,12.8,1581.76,-7.17,47.47,-6.66,68,15.0,40,7.0,27,7.0,1,1.0,58.82,-3.44,2026-03-27,-,0,1375.0
-,-,Henader,PL,1439.01,-3.56,1579.96,0.0,46.99,1.19,242,0.0,140,0.0,102,0.0,0,0.0,57.85,0.0,2023-03-01,-,0,-
688,-20,Cresspahl,US,1438.95,0.69,1504.49,1.95,21.85,0.42,484,45.0,239,25.0,244,20.0,1,0.0,49.38,0.63,2026-05-26,-,0,355.0
689,-85,Brett13,-,1438.92,-23.0,1575.33,-31.94,45.47,-2.98,75,10.0,42,3.0,33,7.0,0,0.0,56.0,-4.0,2026-04-01,-,0,872.0
-,-,Ranior,US,1438.67,-2.53,1633.78,0.0,65.03,0.84,40,0.0,25,0.0,14,0.0,1,0.0,62.5,0.0,2025-03-24,-,0,872.0
-,-,zalarg,-,1438.54,-4.11,1561.2,0.0,40.89,1.37,169,0.0,93,0.0,76,0.0,0,0.0,55.03,0.0,2024-09-04,-,0,-
690,-483,loMucho,-,1438.36,-211.69,1581.87,-264.46,47.84,-17.59,118,42.0,55,13.0,62,29.0,1,0.0,46.61,-8.65,2026-05-31,-,0,-
-,-,Rzheng4,-,1438.1,-2.71,1619.77,0.0,60.56,0.9,45,0.0,29,0.0,16,0.0,0,0.0,64.44,0.0,2025-03-22,-,0,805.0
-,-,Alessannr,-,1438.08,-4.37,1553.07,0.0,38.33,1.46,312,0.0,158,0.0,154,0.0,0,0.0,50.64,0.0,2024-09-04,-,0,-
691,112,Adysian,-,1438.03,48.63,1609.76,-5.1,57.24,-17.91,52,22.0,33,14.0,19,8.0,0,0.0,63.46,0.13,2026-05-23,-,0,-
-,-,JeremyBrokaw,US,1437.93,-3.09,1617.15,0.0,59.74,1.03,153,0.0,74,0.0,78,0.0,1,0.0,48.37,0.0,2021-09-30,P,2,-
-,-,jskunsa,-,1437.52,-2.88,1617.88,0.0,60.12,0.96,108,0.0,55,0.0,53,0.0,0,0.0,50.93,0.0,2021-06-02,-,0,-
692,-34,woodabooga,-,1437.19,-3.78,1524.57,-11.22,29.13,-2.48,224,43.0,104,12.0,120,31.0,0,0.0,46.43,-4.4,2026-05-27,-,0,543.0
-,-,BlueRay,-,1436.77,-2.66,1633.74,0.0,65.65,0.89,72,0.0,36,0.0,36,0.0,0,0.0,50.0,0.0,2021-06-02,G,4,-
693,59,irule,-,1436.55,28.84,1501.97,27.94,21.81,-0.3,484,62.0,240,36.0,242,26.0,2,0.0,49.59,1.25,2026-05-30,-,0,457.0
695,-46,sergraim,-,1436.47,-7.9,1511.67,-4.45,25.07,1.15,927,30.0,457,13.0,460,17.0,10,0.0,49.3,-0.2,2026-05-31,-,0,334.0
694,-22,Ekdezel,-,1436.47,-0.86,1498.61,1.27,20.71,0.71,1237,49.0,606,24.0,620,24.0,11,1.0,48.99,0.0,2026-05-29,-,0,429.0
-,-,BastionvonRaven,-,1436.27,-3.41,1592.52,0.0,52.09,1.14,157,0.0,81,0.0,75,0.0,1,0.0,51.59,0.0,2023-04-16,-,0,-
696,-52,migoet,BE,1436.2,-9.77,1500.06,-6.93,21.29,0.94,1322,49.0,627,21.0,691,28.0,4,0.0,47.43,-0.17,2026-05-26,-,0,378.0
697,19,Vyzvejkanec,-,1436.08,16.67,1551.27,9.11,38.4,-2.52,118,15.0,59,8.0,59,7.0,0,0.0,50.0,0.49,2026-03-30,-,0,939.0
-,-,josqvin,-,1435.74,-2.36,1651.02,0.0,71.76,0.79,74,0.0,45,0.0,26,0.0,3,0.0,60.81,0.0,2022-03-01,-,0,-
698,-23,t-k-421,US,1435.55,-0.33,1497.83,1.08,20.76,0.47,824,58.0,396,30.0,424,28.0,4,0.0,48.06,0.28,2026-05-27,-,0,284.0
-,-,sqwndw,CN,1435.5,-18.15,1674.8,0.0,79.77,6.05,877,0.0,492,0.0,376,0.0,9,0.0,56.1,0.0,2024-10-01,GM,2,-
-,-,satur,-,1435.27,-2.24,1655.36,0.0,73.36,0.75,30,0.0,15,0.0,15,0.0,0,0.0,50.0,0.0,2024-04-04,-,0,-
-,-,dulbbong,-,1434.9,-2.93,1604.94,0.0,56.68,0.98,66,0.0,37,0.0,28,0.0,1,0.0,56.06,0.0,2025-01-11,-,0,989.0
-,-,Enthusio,-,1434.78,-2.88,1613.34,0.0,59.52,0.96,120,0.0,70,0.0,48,0.0,2,0.0,58.33,0.0,2021-08-29,-,0,-
699,-43,Tyristan,-,1434.46,-7.67,1565.25,-13.59,43.6,-1.97,115,12.0,67,7.0,47,5.0,1,0.0,58.26,0.01,2026-05-28,-,0,1388.0
-,-,KenCastle,-,1434.35,-2.65,1622.17,0.0,62.61,0.88,72,0.0,38,0.0,34,0.0,0,0.0,52.78,0.0,2022-02-24,-,0,-
700,2,JoopHuizinga,-,1434.04,9.9,1513.2,-2.04,26.39,-3.98,298,64.0,140,31.0,156,33.0,2,0.0,46.98,0.4,2026-05-28,-,0,852.0
701,-35,Iosefvs,-,1433.84,-5.59,1524.98,0.0,30.38,1.86,853,0.0,408,0.0,440,0.0,5,0.0,47.83,0.0,2026-01-28,-,0,681.0
702,-84,Desgenais,CZ,1433.68,-23.46,1497.29,-21.92,21.2,0.51,1087,57.0,546,17.0,537,40.0,4,0.0,50.23,-1.13,2026-05-31,-,0,388.0
-,-,Milah,-,1433.46,-3.06,1595.85,0.0,54.13,1.02,150,0.0,88,0.0,60,0.0,2,0.0,58.67,0.0,2022-03-06,-,0,-
-,-,GedoMazo,-,1433.34,-2.2,1657.19,0.0,74.61,0.73,30,0.0,16,0.0,14,0.0,0,0.0,53.33,0.0,2024-04-04,-,0,-
703,-21,SteffenViisdom,-,1433.31,0.46,1565.66,-14.26,44.12,-4.91,89,15.0,42,5.0,47,10.0,0,0.0,47.19,-2.81,2026-03-23,-,0,872.0
704,-30,mikemast,-,1433.19,-2.9,1531.54,-10.44,32.79,-2.51,165,27.0,80,8.0,83,19.0,2,0.0,48.48,-3.69,2026-05-19,-,0,488.0
-,-,Luthenoor,-,1432.95,-2.65,1620.84,0.0,62.63,0.88,84,0.0,53,0.0,31,0.0,0,0.0,63.1,0.0,2022-02-01,-,0,-
-,-,Finite,-,1432.78,-1.36,1792.46,0.0,119.89,0.45,12,0.0,12,0.0,0,0.0,0,0.0,100.0,0.0,2021-11-29,-,0,-
705,-36,Peperinni,-,1432.66,-5.22,1527.82,0.0,31.72,1.74,214,0.0,109,0.0,104,0.0,1,0.0,50.93,0.0,2026-02-02,-,0,910.0
706,-208,Faeyon,-,1432.56,-75.86,1609.86,-180.43,59.1,-34.86,101,42.0,44,25.0,56,17.0,1,0.0,43.56,11.36,2026-05-30,-,0,-
707,63,Bizniouf,-,1432.23,30.48,1504.17,24.99,23.98,-1.83,338,63.0,171,33.0,165,30.0,2,0.0,50.59,0.41,2026-05-27,-,0,451.0
708,177,Tasso,-,1431.79,79.79,1528.46,59.49,32.22,-6.76,145,49.0,84,35.0,60,14.0,1,0.0,57.93,6.89,2026-05-31,-,0,1178.0
-,-,DVDripXvid,-,1431.29,-2.89,1601.26,0.0,56.66,0.96,51,0.0,29,0.0,22,0.0,0,0.0,56.86,0.0,2025-04-18,-,0,729.0
709,-68,Tyrtaios,DE,1430.91,-16.21,1504.4,-20.88,24.5,-1.55,297,55.0,149,21.0,147,34.0,1,0.0,50.17,-2.72,2026-05-29,-,0,505.0
-,-,chrislear,-,1430.86,-1.9,1689.15,0.0,86.1,0.63,25,0.0,16,0.0,8,0.0,1,0.0,64.0,0.0,2023-05-14,-,0,-
-,-,Corrsarz,-,1430.82,-1.3,1808.49,0.0,125.89,0.43,18,0.0,15,0.0,3,0.0,0,0.0,83.33,0.0,2020-06-28,-,0,-
710,-3,boogy5,LT,1430.81,7.95,1498.51,10.04,22.56,0.7,918,42.0,449,24.0,453,18.0,16,0.0,48.91,0.39,2026-05-31,-,0,473.0
-,-,Epikoros,-,1430.28,-2.44,1631.66,0.0,67.12,0.81,45,0.0,21,0.0,22,0.0,2,0.0,46.67,0.0,2023-04-16,-,0,-
711,-27,KEIL,PL,1430.16,-2.08,1496.33,-2.35,22.06,-0.09,1001,57.0,480,24.0,515,33.0,6,0.0,47.95,-0.36,2026-05-28,-,0,541.0
712,-113,Kaiserschmarrn,-,1429.62,-34.36,1517.82,-29.93,29.4,1.48,600,12.0,309,0.0,285,12.0,6,0.0,51.5,-1.05,2026-05-26,G,8,407.0
-,-,Giga,IT,1429.54,-4.66,1539.73,0.0,36.73,1.55,462,0.0,235,0.0,225,0.0,2,0.0,50.87,0.0,2024-10-13,G,4,-
713,-10,czaurel,-,1429.45,5.57,1510.71,9.13,27.09,1.19,637,12.0,312,7.0,318,5.0,7,0.0,48.98,0.18,2026-05-30,-,0,529.0
714,117,Gubbstyv,-,1429.1,47.6,1558.56,19.91,43.15,-9.23,82,27.0,44,14.0,38,13.0,0,0.0,53.66,-0.89,2026-05-31,-,0,-
-,-,Serena,AT,1428.59,-4.24,1545.1,0.0,38.83,1.41,162,0.0,80,0.0,81,0.0,1,0.0,49.38,0.0,2025-03-26,-,0,621.0
-,-,DaemonCleaner,NO,1428.41,-3.05,1589.97,0.0,53.85,1.02,94,0.0,55,0.0,39,0.0,0,0.0,58.51,0.0,2024-10-31,-,0,-
715,-5,yhw,-,1428.25,7.24,1542.04,1.36,37.93,-1.96,132,15.0,77,7.0,55,8.0,0,0.0,58.33,-1.5,2026-03-27,-,0,939.0
-,-,Goodgame111,-,1427.62,-2.2,1651.27,0.0,74.55,0.73,38,0.0,28,0.0,10,0.0,0,0.0,73.68,0.0,2023-04-11,-,0,-
-,-,Valsim,-,1427.47,-3.46,1570.59,0.0,47.71,1.15,90,0.0,49,0.0,41,0.0,0,0.0,54.44,0.0,2025-03-22,-,0,939.0
716,-61,Prashanth,-,1427.35,-15.45,1499.76,-15.31,24.14,0.05,365,38.0,184,11.0,179,27.0,2,0.0,50.41,-2.5,2026-05-26,-,0,393.0
-,-,g.threepwood,-,1427.11,-3.32,1576.48,0.0,49.79,1.11,260,0.0,141,0.0,117,0.0,2,0.0,54.23,0.0,2023-05-08,-,0,-
-,-,Vanilla,-,1427.07,-3.34,1574.33,0.0,49.09,1.11,96,0.0,47,0.0,49,0.0,0,0.0,48.96,0.0,2024-09-04,-,0,-
717,-38,NRoy,US,1427.01,-6.36,1508.0,0.0,27.0,2.12,333,0.0,168,0.0,162,0.0,3,0.0,50.45,0.0,2026-02-14,-,0,616.0
718,-80,Bookhouseboy,NO,1426.73,-21.17,1494.62,-20.06,22.63,0.37,1089,49.0,506,13.0,575,36.0,8,0.0,46.46,-0.94,2026-05-31,-,0,456.0
719,-66,Captn4wesome,DE,1426.63,-16.29,1496.07,-15.98,23.14,0.1,455,49.0,219,16.0,235,33.0,1,0.0,48.13,-1.87,2026-05-31,-,0,387.0
720,-34,Synchro,BD,1426.37,-5.2,1543.06,0.0,38.89,1.73,123,0.0,64,0.0,59,0.0,0,0.0,52.03,0.0,2026-02-25,-,0,728.0
721,-1,Carbon14,-,1426.37,8.12,1495.32,10.45,22.98,0.78,1001,36.0,487,20.0,509,15.0,5,1.0,48.65,0.26,2026-05-31,-,0,361.0
-,-,aimo,CN,1426.27,-2.16,1653.31,0.0,75.68,0.72,30,0.0,20,0.0,10,0.0,0,0.0,66.67,0.0,2023-10-05,-,0,-
-,-,samtheman,-,1425.85,-3.09,1597.13,0.0,57.09,1.03,130,0.0,64,0.0,65,0.0,1,0.0,49.23,0.0,2021-12-05,-,0,-
722,-68,Skatanic,-,1425.81,-17.08,1557.51,-30.36,43.9,-4.43,85,15.0,45,3.0,40,12.0,0,0.0,52.94,-7.06,2026-03-25,-,0,872.0
-,-,cal21,-,1425.28,-3.5,1574.78,0.0,49.83,1.17,282,0.0,163,0.0,117,0.0,2,0.0,57.8,0.0,2022-11-23,G,2,-
723,35,nkbobo,IT,1425.15,20.31,1496.26,21.75,23.71,0.48,919,36.0,451,21.0,465,15.0,3,0.0,49.08,0.38,2026-05-31,-,0,461.0
724,-36,blackwave,CN,1424.98,-5.99,1535.12,-17.39,36.72,-3.8,123,25.0,64,10.0,57,15.0,2,0.0,52.03,-3.07,2026-05-13,-,0,655.0
-,-,NicolBolas,-,1424.8,-1.65,1721.12,0.0,98.77,0.55,16,0.0,13,0.0,3,0.0,0,0.0,81.25,0.0,2024-10-31,-,0,-
-,-,Rockdrigo,-,1424.75,-2.29,1638.84,0.0,71.36,0.76,68,0.0,45,0.0,23,0.0,0,0.0,66.18,0.0,2022-01-01,-,0,-
-,-,Mrzout,-,1424.55,-3.93,1554.43,0.0,43.29,1.31,275,0.0,151,0.0,124,0.0,0,0.0,54.91,0.0,2025-03-17,-,0,805.0
725,-61,N4F,-,1424.32,-15.79,1526.3,-11.38,33.99,1.47,170,6.0,89,3.0,80,3.0,1,0.0,52.35,-0.09,2026-05-19,-,0,746.0
726,-76,Sale,-,1423.64,-20.13,1648.12,-98.24,74.83,-26.03,49,15.0,23,8.0,26,7.0,0,0.0,46.94,2.82,2026-03-28,-,0,-
-,-,Honigbaer,DE,1423.45,-4.78,1538.72,0.0,38.42,1.59,469,0.0,256,0.0,204,0.0,9,0.0,54.58,0.0,2024-08-19,-,0,-
-,-,Adrian-2909,-,1423.16,-1.5,1749.43,0.0,108.76,0.5,18,0.0,18,0.0,0,0.0,0,0.0,100.0,0.0,2022-03-06,-,0,-
727,-42,Jappa,NL,1423.09,-8.85,1496.69,0.0,24.53,2.95,762,0.0,368,0.0,390,0.0,4,0.0,48.29,0.0,2026-01-19,G,4,313.0
728,-24,Smilzo,-,1422.66,-0.68,1552.2,-30.96,43.18,-10.1,87,30.0,38,8.0,47,20.0,2,2.0,43.68,-8.95,2026-05-14,-,0,989.0
729,-7,seviech,-,1422.48,4.62,1487.54,7.44,21.69,0.94,1175,36.0,555,18.0,608,18.0,12,0.0,47.23,0.08,2026-05-25,-,0,406.0
730,-29,Mensha,-,1422.03,-2.38,1524.02,-8.13,33.99,-1.92,159,21.0,78,6.0,80,15.0,1,0.0,49.06,-3.11,2026-04-22,-,0,805.0
731,-53,Diogenes,AU,1421.9,-11.82,1485.53,-9.37,21.21,0.82,1293,57.0,618,27.0,664,30.0,11,0.0,47.8,-0.02,2026-05-31,-,0,326.0
732,-43,Vi15So17,DE,1421.68,-8.62,1484.29,-6.46,20.87,0.72,926,49.0,447,20.0,473,29.0,6,0.0,48.27,-0.42,2026-05-29,-,0,365.0
-,-,Ferguse72,-,1421.53,-2.39,1627.27,0.0,68.58,0.8,45,0.0,33,0.0,12,0.0,0,0.0,73.33,0.0,2024-04-04,-,0,-
-,-,Vienneau,-,1421.36,-2.31,1633.53,0.0,70.73,0.77,72,0.0,42,0.0,30,0.0,0,0.0,58.33,0.0,2019-12-30,-,0,-
733,-35,shiro0405,JP,1421.2,-4.66,1529.43,0.0,36.08,1.55,172,0.0,82,0.0,87,0.0,3,0.0,47.67,0.0,2026-02-07,-,0,939.0
-,-,BoBo1983,-,1421.0,-1.69,1710.39,0.0,96.46,0.56,36,0.0,27,0.0,8,0.0,1,0.0,75.0,0.0,2020-09-27,-,0,-
734,-13,Ratsia,FI,1420.52,2.64,1507.08,5.12,28.85,0.83,270,10.0,140,6.0,128,4.0,2,0.0,51.85,0.31,2026-05-13,-,0,802.0
735,-35,DayWeed,-,1420.42,-4.44,1529.4,-3.32,36.33,0.37,157,7.0,102,4.0,54,3.0,1,0.0,64.97,-0.36,2026-05-15,-,0,620.0
-,-,bedtimeformonkeys,-,1420.36,-2.13,1650.85,0.0,76.83,0.71,30,0.0,16,0.0,13,0.0,1,0.0,53.33,0.0,2023-03-01,-,0,-
736,-12,Metil,-,1420.16,2.72,1516.08,1.68,31.97,-0.35,278,15.0,133,6.0,143,8.0,2,1.0,47.84,-0.45,2026-03-29,-,0,939.0
-,-,DALUM,-,1420.04,-2.36,1627.83,0.0,69.26,0.79,60,0.0,37,0.0,22,0.0,1,0.0,61.67,0.0,2021-03-02,-,0,-
737,40,Alfonsillo,-,1420.0,19.14,1505.48,12.87,28.49,-2.09,235,39.0,111,21.0,121,18.0,3,0.0,47.23,1.31,2026-05-29,-,0,1067.0
-,-,PiotrekB,-,1419.89,-4.53,1535.3,0.0,38.47,1.51,324,0.0,177,0.0,146,0.0,1,0.0,54.63,0.0,2025-01-28,-,0,1280.0
-,-,icantdrawanime,-,1419.87,-3.15,1574.5,0.0,51.54,1.05,174,0.0,101,0.0,72,0.0,1,0.0,58.05,0.0,2022-11-25,-,0,-
-,-,Vanillehahn,-,1419.71,-1.39,1772.46,0.0,117.58,0.46,12,0.0,10,0.0,2,0.0,0,0.0,83.33,0.0,2020-11-25,-,0,-
-,-,deleted_user_9275835,-,1419.52,-2.4,1624.44,0.0,68.31,0.8,37,0.0,28,0.0,9,0.0,0,0.0,75.68,0.0,2024-12-04,-,0,1287.0
738,-95,Sophia,-,1419.51,-26.88,1531.65,-39.88,37.38,-4.33,420,30.0,211,12.0,206,18.0,3,0.0,50.24,-0.79,2026-05-28,-,0,-
739,-130,vbogoev,BG,1419.37,-40.18,1486.5,-37.48,22.38,0.9,618,42.0,293,10.0,321,32.0,4,0.0,47.41,-1.72,2026-05-27,-,0,375.0
-,-,DanWins,-,1419.3,-4.42,1528.34,0.0,36.35,1.47,339,0.0,170,0.0,166,0.0,3,0.0,50.15,0.0,2024-12-12,G,2,-
740,-44,Csannerud,NO,1419.2,-7.14,1483.78,-4.59,21.53,0.85,1266,48.0,621,24.0,638,24.0,7,0.0,49.05,0.04,2026-05-25,-,0,394.0
741,-13,stefano-prof,-,1419.19,3.66,1505.66,0.76,28.83,-0.97,539,29.0,267,13.0,266,16.0,6,0.0,49.54,-0.26,2026-04-20,G,2,1057.0
-,-,T3RR4,-,1419.08,-2.61,1613.81,0.0,64.91,0.87,72,0.0,44,0.0,28,0.0,0,0.0,61.11,0.0,2021-09-05,-,0,-
-,-,Reinuvader,HU,1419.01,-4.51,1533.39,0.0,38.13,1.5,394,0.0,214,0.0,178,0.0,2,0.0,54.31,0.0,2025-01-21,-,0,1388.0
742,55,Michcio,-,1418.95,27.97,1509.98,1.26,30.34,-8.9,176,66.0,93,33.0,83,33.0,0,0.0,52.84,-1.71,2026-05-25,-,0,1241.0
-,-,RootNegative,-,1418.39,-2.6,1607.0,0.0,62.87,0.87,72,0.0,50,0.0,21,0.0,1,0.0,69.44,0.0,2022-11-23,-,0,-
-,-,Rockoccodrillo,-,1418.3,-4.91,1521.35,0.0,34.35,1.64,375,0.0,197,0.0,176,0.0,2,0.0,52.53,0.0,2025-03-22,-,0,859.0
-,-,Ramonster,NL,1418.29,-5.03,1530.56,0.0,37.42,1.68,439,0.0,250,0.0,187,0.0,2,0.0,56.95,0.0,2024-09-15,-,0,-
-,-,Diabloz,-,1418.09,-3.67,1565.03,0.0,48.98,1.22,182,0.0,99,0.0,83,0.0,0,0.0,54.4,0.0,2023-03-01,-,0,-
-,-,UnknownMight,-,1418.09,-1.85,1683.6,0.0,88.5,0.62,36,0.0,26,0.0,10,0.0,0,0.0,72.22,0.0,2020-09-27,-,0,-
743,-50,Cleveman,DE,1418.02,-9.08,1482.68,-6.21,21.55,0.96,1330,37.0,613,17.0,704,20.0,13,0.0,46.09,0.0,2026-05-24,-,0,317.0
744,77,OM_Para,-,1417.42,33.87,1565.31,9.95,49.3,-7.97,70,15.0,40,8.0,30,7.0,0,0.0,57.14,-1.04,2026-03-21,-,0,1118.0
-,-,Xxyu,CN,1417.39,-3.84,1586.81,0.0,56.48,1.28,100,0.0,60,0.0,38,0.0,2,0.0,60.0,0.0,2025-01-28,-,0,845.0
745,19,Ti-Guy_Latour,-,1417.35,14.14,1505.39,13.97,29.35,-0.06,414,18.0,214,12.0,197,5.0,3,1.0,51.69,0.68,2026-04-19,-,0,849.0
746,29,taltal,-,1417.27,16.0,1500.98,14.57,27.9,-0.48,292,28.0,135,12.0,153,15.0,4,1.0,46.23,-0.36,2026-05-12,-,0,536.0
747,-13,chris223,-,1416.89,2.9,1482.66,4.27,21.92,0.46,1226,58.0,573,27.0,640,31.0,13,0.0,46.74,-0.01,2026-05-26,-,0,505.0
-,-,jerre8,-,1416.86,-2.37,1624.2,0.0,69.11,0.79,45,0.0,29,0.0,16,0.0,0,0.0,64.44,0.0,2024-04-04,-,0,-
748,-4,Wennejoekel,NL,1416.84,6.97,1493.53,9.5,25.56,0.84,606,18.0,288,10.0,309,7.0,9,1.0,47.52,0.24,2026-05-20,G,2,381.0
749,-92,broskiumenyiora,US,1416.18,-25.82,1503.58,-27.33,29.13,-0.5,289,21.0,138,5.0,148,16.0,3,0.0,47.75,-1.88,2026-05-18,-,0,697.0
-,-,Steak,-,1415.81,-2.67,1599.82,0.0,61.34,0.89,54,0.0,38,0.0,16,0.0,0,0.0,70.37,0.0,2023-12-03,-,0,-
750,new,amadeo,-,1415.69,965.69,1656.87,156.87,80.39,80.39,25,25.0,19,19.0,6,6.0,0,0.0,76.0,76.0,2026-05-13,-,0,-
-,-,TERMINATORDESTROYER,-,1415.65,-1.54,1733.32,0.0,105.89,0.51,18,0.0,14,0.0,3,0.0,1,0.0,77.78,0.0,2020-09-27,-,0,-
-,-,kentropy,-,1415.61,-2.78,1592.52,0.0,58.97,0.93,90,0.0,50,0.0,39,0.0,1,0.0,55.56,0.0,2021-12-05,-,0,-
-,-,XDoge,-,1415.57,-2.88,1588.73,0.0,57.72,0.96,174,0.0,85,0.0,87,0.0,2,0.0,48.85,0.0,2021-06-02,P,4,-
751,5,Dubz,-,1415.45,9.94,1492.82,8.19,25.79,-0.58,383,37.0,188,21.0,194,16.0,1,0.0,49.09,0.82,2026-05-28,-,0,602.0
-,-,nauxuyuh,-,1415.35,-1.38,1770.47,0.0,118.37,0.46,12,0.0,7,0.0,5,0.0,0,0.0,58.33,0.0,2022-02-01,-,0,-
-,-,Fblthp,-,1415.05,-2.9,1584.41,0.0,56.45,0.97,82,0.0,50,0.0,32,0.0,0,0.0,60.98,0.0,2023-08-18,-,0,-
752,-7,ZioKhan,IT,1415.0,5.16,1475.66,7.58,20.22,0.81,1221,55.0,557,30.0,653,24.0,11,1.0,45.62,0.42,2026-05-31,-,0,378.0
753,4,IpaStian,NO,1414.96,9.66,1485.27,7.94,23.44,-0.57,477,52.0,218,24.0,255,28.0,4,0.0,45.7,0.05,2026-05-18,-,0,487.0
-,-,Raze27,-,1414.57,-3.62,1560.56,0.0,48.66,1.21,225,0.0,126,0.0,97,0.0,2,0.0,56.0,0.0,2024-02-26,-,0,-
-,-,Fane,BE,1414.35,-3.79,1557.53,0.0,47.73,1.26,318,0.0,173,0.0,142,0.0,3,0.0,54.4,0.0,2023-03-01,P,2,-
754,-24,Bathman,CL,1414.04,-0.68,1477.77,-1.31,21.24,-0.21,501,64.0,244,27.0,254,36.0,3,1.0,48.7,-0.96,2026-05-31,-,0,412.0
-,-,theChony,MX,1413.86,-4.35,1538.2,0.0,41.45,1.45,641,0.0,306,0.0,324,0.0,11,0.0,47.74,0.0,2024-04-04,G,4,-
755,-19,methak,FR,1413.79,0.39,1489.02,2.83,25.08,0.82,445,23.0,210,9.0,235,14.0,0,0.0,47.19,-0.44,2026-04-23,-,0,622.0
756,-39,Noash,US,1413.31,-5.37,1509.5,0.0,32.06,1.79,578,0.0,297,0.0,279,0.0,2,0.0,51.38,0.0,2026-02-03,-,0,611.0
757,-66,longapple,-,1413.27,-15.08,1588.58,-63.92,58.44,-16.28,45,15.0,22,4.0,23,11.0,0,0.0,48.89,-11.11,2026-03-26,-,0,-
758,-53,Urist,-,1412.94,-10.34,1506.94,-14.83,31.33,-1.49,171,24.0,89,10.0,81,14.0,1,0.0,52.05,-1.69,2026-05-29,-,0,798.0
-,-,KindFortress,-,1412.9,-4.48,1524.34,0.0,37.14,1.49,383,0.0,194,0.0,185,0.0,4,0.0,50.65,0.0,2024-11-19,-,0,1287.0
-,-,Deepthought,PT,1412.73,-3.42,1557.51,0.0,48.26,1.14,237,0.0,126,0.0,111,0.0,0,0.0,53.16,0.0,2023-05-23,G,2,-
-,-,hannes10001,-,1412.22,-2.97,1579.53,0.0,55.77,0.99,174,0.0,92,0.0,82,0.0,0,0.0,52.87,0.0,2021-08-21,-,0,-
-,-,Johannes_n94,-,1412.12,-2.42,1615.2,0.0,67.69,0.81,53,0.0,32,0.0,21,0.0,0,0.0,60.38,0.0,2023-06-28,-,0,-
759,-40,GerwinW,-,1412.09,-6.21,1488.17,-9.63,25.36,-1.14,294,42.0,156,17.0,135,25.0,3,0.0,53.06,-2.1,2026-05-29,-,0,700.0
760,151,Krex,-,1411.96,71.68,1525.81,26.57,37.95,-15.04,105,49.0,60,27.0,45,22.0,0,0.0,57.14,-1.79,2026-05-31,-,0,-
761,-15,brumynut,AU,1411.92,2.19,1476.87,4.7,21.65,0.84,1226,43.0,567,23.0,645,19.0,14,1.0,46.25,0.27,2026-05-26,-,0,459.0
762,206,Patelavache,-,1411.68,99.67,1545.07,69.91,44.46,-9.92,89,30.0,47,14.0,42,16.0,0,0.0,52.81,-3.12,2026-05-17,-,0,1118.0
763,-34,Numsy71,-,1411.59,-3.54,1552.08,0.0,46.83,1.18,82,0.0,40,0.0,42,0.0,0,0.0,48.78,0.0,2026-02-03,-,0,717.0
-,-,Gbro,-,1411.54,-2.71,1602.9,0.0,63.78,0.9,84,0.0,56,0.0,28,0.0,0,0.0,66.67,0.0,2023-03-01,G,2,-
-,-,Vandal,-,1411.5,-3.15,1567.62,0.0,52.04,1.05,89,0.0,37,0.0,52,0.0,0,0.0,41.57,0.0,2024-07-01,-,0,-
764,-53,alittlehorse,-,1411.37,-9.44,1515.14,-10.18,34.59,-0.25,147,11.0,69,3.0,77,8.0,1,0.0,46.94,-1.59,2026-05-16,-,0,593.0
765,15,joecackler,-,1411.34,12.2,1557.61,-2.78,48.76,-4.99,62,12.0,37,7.0,24,5.0,1,0.0,59.68,-0.32,2026-05-24,-,0,868.0
766,-7,Puren94,-,1411.2,6.68,1532.51,-0.25,40.44,-2.31,133,15.0,70,4.0,63,11.0,0,0.0,52.63,-3.3,2026-04-01,-,0,1287.0
767,4,rizor,-,1410.9,9.16,1551.98,-9.88,47.03,-6.35,75,15.0,40,5.0,35,10.0,0,0.0,53.33,-5.0,2026-03-21,-,0,989.0
768,83,McNeil,DK,1410.55,38.8,1513.63,37.51,34.36,-0.43,174,15.0,88,11.0,85,4.0,1,0.0,50.57,2.14,2026-04-03,-,0,726.0
-,-,NagyGL,-,1410.07,-2.01,1654.71,0.0,81.55,0.67,48,0.0,31,0.0,16,0.0,1,0.0,64.58,0.0,2020-02-09,-,0,-
-,-,Pack,-,1410.0,-2.42,1613.34,0.0,67.78,0.81,45,0.0,23,0.0,22,0.0,0,0.0,51.11,0.0,2024-04-04,-,0,-
-,-,Kripa,FI,1409.46,-3.72,1540.17,0.0,43.57,1.24,254,0.0,140,0.0,112,0.0,2,0.0,55.12,0.0,2023-06-28,-,0,-
-,-,trieshard,-,1409.41,-3.5,1566.79,0.0,52.46,1.17,162,0.0,95,0.0,64,0.0,3,0.0,58.64,0.0,2022-12-04,-,0,-
-,-,Intriguing,-,1409.32,-2.64,1603.86,0.0,64.85,0.88,102,0.0,62,0.0,40,0.0,0,0.0,60.78,0.0,2021-03-02,-,0,-
769,45,LeBonus,CA,1409.17,24.36,1506.85,23.91,32.56,-0.15,178,13.0,87,11.0,89,2.0,2,0.0,48.88,2.82,2026-05-21,-,0,622.0
-,-,Makt,-,1409.13,-2.61,1597.97,0.0,62.95,0.87,40,0.0,20,0.0,19,0.0,1,0.0,50.0,0.0,2025-03-26,-,0,872.0
770,-32,joehammerman,US,1408.76,-3.76,1483.54,0.53,24.93,1.43,656,15.0,315,6.0,336,9.0,5,0.0,48.02,-0.19,2026-04-03,-,0,418.0
771,-59,Netrom,-,1408.42,-12.38,1479.28,-11.89,23.62,0.16,485,36.0,237,12.0,242,23.0,6,1.0,48.87,-1.24,2026-05-28,-,0,389.0
-,-,Etherealz,CA,1408.42,-6.88,1514.85,0.0,35.48,2.29,736,0.0,372,0.0,361,0.0,3,0.0,50.54,0.0,2025-02-12,-,0,511.0
-,-,BeetleJuice,CZ,1408.23,-4.51,1521.81,0.0,37.86,1.5,402,0.0,194,0.0,207,0.0,1,0.0,48.26,0.0,2024-12-31,-,0,-
772,-41,Strawer_1982,IT,1407.77,-6.86,1480.84,-4.93,24.36,0.64,597,30.0,289,13.0,307,17.0,1,0.0,48.41,-0.27,2026-05-31,-,0,517.0
773,-34,Spriteule,DE,1407.69,-4.82,1515.04,0.0,35.78,1.61,207,0.0,108,0.0,95,0.0,4,0.0,52.17,0.0,2026-02-04,-,0,872.0
774,50,Jochabeth,-,1407.08,24.04,1486.13,20.87,26.35,-1.05,326,40.0,148,23.0,176,17.0,2,0.0,45.4,1.69,2026-05-11,-,0,452.0
775,-34,kingslayer90,-,1406.87,-4.86,1542.38,-14.66,45.17,-3.27,87,12.0,46,3.0,41,9.0,0,0.0,52.87,-4.46,2026-03-14,-,0,805.0
776,69,Loscy,-,1406.66,32.04,1543.55,14.97,45.63,-5.69,74,15.0,38,7.0,36,8.0,0,0.0,51.35,-1.19,2026-03-25,-,0,-
-,-,HotShot53,-,1406.61,-2.52,1602.73,0.0,65.37,0.84,40,0.0,22,0.0,18,0.0,0,0.0,55.0,0.0,2025-04-02,-,0,872.0
777,-35,Likas11,CZ,1406.54,-4.79,1501.88,-1.95,31.78,0.95,248,7.0,104,4.0,142,3.0,2,0.0,41.94,0.45,2026-05-13,-,0,609.0
-,-,Iwego,-,1405.95,-2.81,1581.14,0.0,58.39,0.94,60,0.0,30,0.0,30,0.0,0,0.0,50.0,0.0,2024-07-01,-,0,-
778,-119,A-Raw,-,1405.49,-35.36,1552.04,-52.46,48.85,-5.7,72,12.0,32,2.0,39,9.0,1,1.0,44.44,-5.56,2026-03-19,-,0,989.0
779,57,Drk,IT,1405.11,24.04,1476.72,23.85,23.87,-0.06,752,42.0,354,24.0,395,18.0,3,0.0,47.07,0.59,2026-05-29,-,0,648.0
780,-15,sausagesky,-,1405.08,2.05,1523.67,1.5,39.53,-0.18,129,6.0,60,3.0,69,3.0,0,0.0,46.51,0.17,2026-05-05,-,0,1067.0
-,-,BedrockLP,-,1405.05,-2.77,1584.41,0.0,59.79,0.92,60,0.0,34,0.0,26,0.0,0,0.0,56.67,0.0,2024-04-04,-,0,-
781,-58,Seppel,-,1404.8,-12.84,1502.17,-13.31,32.46,-0.16,268,15.0,123,6.0,145,9.0,0,0.0,45.9,-0.35,2026-05-31,-,0,750.0
782,53,noobgo,-,1404.4,23.29,1497.18,22.45,30.92,-0.28,592,21.0,282,13.0,300,8.0,10,0.0,47.64,0.53,2026-05-14,-,0,1287.0
-,-,Wildfighter,-,1403.96,-1.49,1733.52,0.0,109.85,0.5,12,0.0,11,0.0,1,0.0,0,0.0,91.67,0.0,2022-05-26,-,0,-
-,-,AxelG,-,1403.81,-3.16,1564.05,0.0,53.41,1.05,126,0.0,70,0.0,55,0.0,1,0.0,55.56,0.0,2022-12-04,-,0,-
-,-,Mads,-,1403.35,-4.74,1517.84,0.0,38.16,1.58,369,0.0,188,0.0,178,0.0,3,0.0,50.95,0.0,2024-10-13,-,0,-
-,-,exfret,-,1403.17,-2.47,1606.85,0.0,67.89,0.82,90,0.0,58,0.0,30,0.0,2,0.0,64.44,0.0,2020-04-08,-,0,-
-,-,TBC,-,1402.96,-2.52,1600.68,0.0,65.91,0.84,51,0.0,31,0.0,19,0.0,1,0.0,60.78,0.0,2024-08-11,-,0,-
783,-30,C3POsMidriff,-,1402.89,-4.79,1511.85,0.0,36.32,1.6,227,0.0,122,0.0,105,0.0,0,0.0,53.74,0.0,2026-01-08,G,2,426.0
784,-66,Imiter,PL,1402.75,-15.65,1493.79,-14.57,30.35,0.36,239,13.0,107,5.0,129,8.0,3,0.0,44.77,-0.36,2026-05-18,-,0,522.0
785,-52,Rob13,BR,1402.51,-11.5,1473.49,-14.81,23.66,-1.1,312,55.0,152,22.0,155,32.0,5,1.0,48.72,-1.86,2026-05-24,-,0,598.0
-,-,Fapoleon,-,1402.41,-3.85,1540.31,0.0,45.97,1.28,156,0.0,82,0.0,74,0.0,0,0.0,52.56,0.0,2024-07-01,-,0,-
-,-,gpeter63,-,1402.4,-4.24,1520.98,0.0,39.53,1.41,363,0.0,191,0.0,171,0.0,1,0.0,52.62,0.0,2024-06-02,-,0,-
786,-71,Ioannis3,GR,1402.39,-17.73,1466.29,-14.71,21.3,1.01,1353,55.0,595,16.0,746,39.0,12,0.0,43.98,-0.63,2026-05-31,-,0,342.0
787,12,Otto_von_Bismarck,-,1402.28,11.43,1528.15,3.77,41.96,-2.55,90,15.0,41,4.0,49,11.0,0,0.0,45.56,-3.77,2026-03-24,-,0,939.0
788,-33,aloci,-,1402.18,-3.94,1527.41,0.0,41.74,1.31,131,0.0,72,0.0,57,0.0,2,0.0,54.96,0.0,2025-08-28,-,0,635.0
789,-35,samgreco,JP,1402.16,-4.03,1526.54,0.0,41.46,1.34,122,0.0,53,0.0,69,0.0,0,0.0,43.44,0.0,2026-01-29,-,0,989.0
-,-,orlin614,-,1402.16,-2.82,1583.76,0.0,60.53,0.94,78,0.0,49,0.0,29,0.0,0,0.0,62.82,0.0,2023-11-27,-,0,-
-,-,Varthos,-,1402.04,-3.11,1563.14,0.0,53.7,1.04,198,0.0,106,0.0,91,0.0,1,0.0,53.54,0.0,2021-12-05,-,0,-
790,-55,Covid_19,-,1402.01,-11.62,1526.03,-19.33,41.34,-2.57,108,15.0,57,2.0,51,13.0,0,0.0,52.78,-6.36,2026-03-25,-,0,-
-,-,macike,-,1401.7,-3.13,1562.63,0.0,53.64,1.04,126,0.0,67,0.0,59,0.0,0,0.0,53.17,0.0,2022-09-04,-,0,-
791,-65,matst379,SE,1401.68,-15.22,1468.54,-10.44,22.29,1.59,781,23.0,386,6.0,392,16.0,3,1.0,49.42,-0.71,2026-05-18,-,0,438.0
-,-,jsjsj,AU,1401.59,-5.16,1524.74,0.0,41.05,1.72,228,0.0,116,0.0,107,0.0,5,0.0,50.88,0.0,2024-10-01,-,0,-
-,-,AdrianosMaximus,-,1401.18,-4.03,1525.97,0.0,41.6,1.34,210,0.0,108,0.0,102,0.0,0,0.0,51.43,0.0,2024-07-01,-,0,-
792,18,Rasputin,-,1401.09,14.57,1465.85,18.06,21.59,1.16,1259,42.0,542,27.0,706,14.0,11,1.0,43.05,0.73,2026-05-31,-,0,403.0
-,-,Exurbitantus,-,1400.65,-2.99,1567.57,0.0,55.64,1.0,89,0.0,48,0.0,41,0.0,0,0.0,53.93,0.0,2023-05-31,-,0,-
-,-,JeroenSchreurs,BE,1400.41,-4.88,1506.56,0.0,35.38,1.63,534,0.0,250,0.0,278,0.0,6,0.0,46.82,0.0,2024-10-01,G,2,-
-,-,Crazybastard77,-,1400.28,-1.52,1722.0,0.0,107.24,0.51,18,0.0,11,0.0,6,0.0,1,0.0,61.11,0.0,2020-09-27,-,0,-
-,-,tongtong,-,1400.23,-2.93,1570.74,0.0,56.84,0.98,61,0.0,32,0.0,29,0.0,0,0.0,52.46,0.0,2025-01-28,-,0,1118.0
793,-50,Foxxx,-,1400.04,-11.09,1541.7,-30.87,47.22,-6.59,75,15.0,37,4.0,38,11.0,0,0.0,49.33,-5.67,2026-03-22,-,0,-
794,-25,Satanislav,-,1399.96,-2.23,1619.81,0.0,73.28,0.74,30,0.0,15,0.0,15,0.0,0,0.0,50.0,0.0,2026-02-05,-,0,-
-,-,Bullya,-,1399.79,-3.83,1528.83,0.0,43.01,1.28,374,0.0,195,0.0,174,0.0,5,0.0,52.14,0.0,2023-06-12,-,0,-
-,-,Biadko,-,1399.74,-3.21,1555.75,0.0,52.0,1.07,210,0.0,115,0.0,94,0.0,1,0.0,54.76,0.0,2022-03-06,-,0,-
-,-,Levia,-,1399.68,-4.31,1514.01,0.0,38.11,1.44,218,0.0,116,0.0,102,0.0,0,0.0,53.21,0.0,2025-01-02,-,0,989.0
795,42,Stedam,-,1399.61,19.49,1543.9,10.22,48.1,-3.09,80,10.0,45,6.0,35,4.0,0,0.0,56.25,0.54,2026-03-26,-,0,939.0
-,-,Bigwellow,NL,1399.33,-5.43,1499.59,0.0,33.42,1.81,354,0.0,174,0.0,175,0.0,5,0.0,49.15,0.0,2025-05-08,-,0,468.0
-,-,Darkksun,-,1399.05,-3.1,1559.4,0.0,53.45,1.03,74,0.0,34,0.0,40,0.0,0,0.0,45.95,0.0,2024-07-01,-,0,-
-,-,wenyu0007,-,1398.8,-1.46,1735.45,0.0,112.22,0.49,18,0.0,16,0.0,2,0.0,0,0.0,88.89,0.0,2021-06-02,-,0,-
-,-,Aksan,-,1398.79,-2.84,1572.27,0.0,57.82,0.95,66,0.0,40,0.0,25,0.0,1,0.0,60.61,0.0,2023-12-03,-,0,-
-,-,BubbaOFC,-,1398.69,-3.66,1548.33,0.0,49.88,1.22,217,0.0,100,0.0,116,0.0,1,0.0,46.08,0.0,2023-01-15,-,0,-
796,82,Asperins,LV,1398.59,41.78,1464.18,44.64,21.86,0.95,575,51.0,262,36.0,311,15.0,2,0.0,45.57,2.44,2026-05-26,-,0,469.0
-,-,Damien.X,-,1398.57,-2.73,1579.17,0.0,60.2,0.91,45,0.0,24,0.0,21,0.0,0,0.0,53.33,0.0,2025-03-20,-,0,805.0
-,-,Henstein,-,1398.42,-2.94,1574.9,0.0,58.83,0.98,77,0.0,35,0.0,42,0.0,0,0.0,45.45,0.0,2024-07-01,-,0,-
797,-36,Frygian,-,1398.38,-5.67,1487.85,0.0,29.82,1.89,257,0.0,124,0.0,132,0.0,1,0.0,48.25,0.0,2026-02-09,-,0,562.0
798,68,Sathran,-,1398.18,35.24,1563.7,-27.83,55.17,-21.02,52,22.0,30,11.0,22,11.0,0,0.0,57.69,-5.64,2026-05-23,-,0,-
799,-33,Nevic,-,1397.94,-4.97,1502.38,0.0,34.81,1.66,293,0.0,129,0.0,161,0.0,3,0.0,44.03,0.0,2025-12-28,G,2,499.0
-,-,Blackbolt53,-,1397.86,-2.45,1599.12,0.0,67.08,0.82,45,0.0,25,0.0,20,0.0,0,0.0,55.56,0.0,2024-04-04,-,0,-
800,-110,tue2k,-,1397.61,-32.18,1563.04,-79.8,55.15,-15.87,51,21.0,28,10.0,23,11.0,0,0.0,54.9,-5.1,2026-05-11,-,0,-
801,-29,jkdvz,-,1397.56,-3.91,1525.67,0.0,42.7,1.3,202,0.0,74,0.0,127,0.0,1,0.0,36.63,0.0,2025-11-09,-,0,-
-,-,BillyPilgrim,-,1397.43,-3.45,1548.48,0.0,50.35,1.15,241,0.0,130,0.0,107,0.0,4,0.0,53.94,0.0,2025-01-20,-,0,989.0
802,-11,EugeneB,-,1397.15,2.7,1490.43,3.63,31.09,0.31,207,12.0,102,8.0,105,4.0,0,0.0,49.28,1.07,2026-05-11,-,0,529.0
803,-97,firlefanzer,-,1397.06,-25.83,1461.95,-26.13,21.63,-0.1,569,64.0,262,15.0,306,49.0,1,0.0,46.05,-2.86,2026-05-31,-,0,414.0
-,-,MarryMeVlaada,-,1397.03,-2.22,1619.6,0.0,74.19,0.74,43,0.0,32,0.0,11,0.0,0,0.0,74.42,0.0,2023-12-03,-,0,-
804,-21,sorecats,ID,1397.02,0.11,1469.9,4.06,24.29,1.32,958,24.0,435,13.0,516,11.0,7,0.0,45.41,0.23,2026-04-26,-,0,552.0
805,-38,deandedean,-,1396.96,-5.84,1534.11,-23.61,45.71,-5.92,75,15.0,41,5.0,33,10.0,1,0.0,54.67,-5.33,2026-03-23,-,0,989.0
-,-,HeartBreakKid,US,1396.6,-3.83,1534.91,0.0,46.1,1.28,186,0.0,88,0.0,96,0.0,2,0.0,47.31,0.0,2024-07-01,-,0,-
806,35,TTTTTT,-,1396.37,18.1,1558.84,-17.27,54.16,-11.79,45,15.0,22,5.0,22,9.0,1,1.0,48.89,-7.78,2026-03-25,-,0,-
-,-,LaDfBC,-,1396.33,-3.0,1560.7,0.0,54.79,1.0,59,0.0,31,0.0,27,0.0,1,0.0,52.54,0.0,2025-05-10,-,0,729.0
-,-,MrMacacavoy,-,1396.09,-2.19,1621.54,0.0,75.15,0.73,40,0.0,20,0.0,20,0.0,0,0.0,50.0,0.0,2023-04-16,-,0,-
807,-25,Cimone,IT,1395.42,-2.22,1616.65,0.0,73.75,0.74,30,0.0,19,0.0,11,0.0,0,0.0,63.33,0.0,2026-01-30,-,0,-
-,-,LeonardoDaVinci016,-,1395.38,-3.36,1546.19,0.0,50.27,1.12,85,0.0,40,0.0,45,0.0,0,0.0,47.06,0.0,2025-05-22,-,0,872.0
-,-,Pika07,-,1395.31,-3.34,1543.16,0.0,49.29,1.11,78,0.0,42,0.0,36,0.0,0,0.0,53.85,0.0,2025-03-23,-,0,872.0
808,1,Adrianobf,BR,1395.13,8.48,1474.04,10.81,26.31,0.78,703,18.0,320,11.0,378,7.0,5,0.0,45.52,0.41,2026-04-18,-,0,514.0
-,-,sbauer9,-,1395.1,-3.16,1551.87,0.0,52.26,1.05,180,0.0,92,0.0,88,0.0,0,0.0,51.11,0.0,2023-08-05,-,0,-
-,-,Guarddoesntsurrender,-,1394.89,-1.72,1679.13,0.0,94.74,0.57,18,0.0,16,0.0,2,0.0,0,0.0,88.89,0.0,2022-09-04,-,0,-
809,-36,Peaceminusone,-,1394.61,-6.76,1482.88,-10.43,29.43,-1.22,478,30.0,227,14.0,250,16.0,1,0.0,47.49,-0.05,2026-05-30,G,2,921.0
810,9,kngoswg,-,1394.26,10.27,1498.3,-0.97,34.68,-3.75,138,27.0,65,11.0,73,16.0,0,0.0,47.1,-1.55,2026-05-26,-,0,780.0
-,-,FlyingDutchman,NL,1394.07,-2.25,1614.52,0.0,73.49,0.75,84,0.0,43,0.0,41,0.0,0,0.0,51.19,0.0,2019-02-17,-,0,-
811,-19,kaeptnblaubaer,DE,1393.7,-0.13,1455.47,0.79,20.59,0.31,1153,62.0,528,30.0,621,32.0,4,0.0,45.79,0.14,2026-05-23,-,0,358.0
812,-65,Paoloco,-,1393.63,-15.99,1471.79,-15.79,26.05,0.07,807,30.0,386,9.0,420,21.0,1,0.0,47.83,-0.69,2026-05-30,G,2,552.0
813,-32,Boardello,GB,1393.56,-5.32,1459.57,0.05,22.0,1.79,1092,20.0,507,8.0,578,12.0,7,0.0,46.43,-0.12,2026-05-18,-,0,432.0
814,-36,GregoryD,PL,1393.52,-6.93,1468.12,-5.48,24.87,0.48,1054,30.0,468,13.0,582,17.0,4,0.0,44.4,-0.03,2026-05-31,P,2,522.0
-,-,Nealio,NL,1393.2,-4.56,1504.51,0.0,37.1,1.52,314,0.0,157,0.0,155,0.0,2,0.0,50.0,0.0,2024-09-22,-,0,-
815,-30,Pants101,-,1392.67,-3.48,1533.95,0.0,47.09,1.16,70,0.0,36,0.0,33,0.0,1,0.0,51.43,0.0,2026-02-07,-,0,872.0
-,-,mpilb,-,1392.65,-1.97,1642.14,0.0,83.16,0.66,36,0.0,21,0.0,15,0.0,0,0.0,58.33,0.0,2020-09-27,-,0,-
816,94,silverpaun,-,1392.47,51.1,1616.64,19.81,74.72,-10.43,29,7.0,15,5.0,14,2.0,0,0.0,51.72,6.27,2026-05-13,-,0,-
-,-,swiftchan,-,1392.45,-1.32,1762.53,0.0,123.36,0.44,18,0.0,15,0.0,3,0.0,0,0.0,83.33,0.0,2020-06-28,-,0,-
-,-,lzzyl,-,1392.16,-1.28,1775.89,0.0,127.91,0.43,8,0.0,6,0.0,2,0.0,0,0.0,75.0,0.0,2022-01-01,-,0,-
-,-,FranszKO,-,1392.16,-2.35,1602.96,0.0,70.27,0.78,66,0.0,40,0.0,24,0.0,2,0.0,60.61,0.0,2021-03-02,-,0,-
817,13,TheYoungDutch,US,1391.7,10.02,1472.0,10.57,26.77,0.18,371,28.0,175,12.0,191,16.0,5,0.0,47.17,-0.35,2026-05-14,-,0,640.0
818,-31,runningnemo,-,1391.54,-4.16,1512.89,0.0,40.45,1.39,120,0.0,62,0.0,58,0.0,0,0.0,51.67,0.0,2026-01-29,-,0,939.0
-,-,Guylikikipoile,-,1391.35,-2.22,1613.69,0.0,74.11,0.74,45,0.0,31,0.0,14,0.0,0,0.0,68.89,0.0,2024-04-04,-,0,-
819,-51,vendogs,RU,1391.29,-11.48,1469.88,0.0,26.2,3.83,883,0.0,427,0.0,450,0.0,6,0.0,48.36,0.0,2026-02-05,-,0,275.0
820,-34,ksfga,-,1391.18,-4.95,1512.04,-18.45,40.29,-4.5,90,18.0,47,7.0,43,11.0,0,0.0,52.22,-3.34,2026-04-16,-,0,872.0
821,-32,Clue72,-,1391.13,-4.15,1519.4,0.0,42.76,1.38,142,0.0,72,0.0,69,0.0,1,0.0,50.7,0.0,2025-11-29,-,0,1421.0
822,-28,Yavuial,-,1391.12,-1.83,1659.76,0.0,89.55,0.61,26,0.0,19,0.0,7,0.0,0,0.0,73.08,0.0,2026-01-17,-,0,-
-,-,Chixx,SE,1390.88,-3.43,1538.89,0.0,49.34,1.14,161,0.0,87,0.0,73,0.0,1,0.0,54.04,0.0,2023-08-28,-,0,-
823,157,Gosho,-,1390.71,82.98,1563.34,35.9,57.54,-15.69,46,17.0,25,8.0,21,9.0,0,0.0,54.35,-4.27,2026-04-10,-,0,-
824,8,SeanHandley,-,1390.4,9.01,1456.84,8.29,22.15,-0.24,457,54.0,214,29.0,241,25.0,2,0.0,46.83,0.92,2026-05-25,-,0,494.0
825,-32,Limdul1988,CZ,1389.82,-3.98,1470.84,-5.39,27.01,-0.47,362,33.0,166,12.0,186,21.0,10,0.0,45.86,-0.95,2026-04-16,-,0,707.0
826,-117,J-Dawg,-,1389.48,-31.91,1522.92,-41.97,44.48,-3.35,82,12.0,35,1.0,46,11.0,1,0.0,42.68,-5.89,2026-03-23,-,0,805.0
827,-51,Largos,-,1389.44,-11.48,1452.47,-10.62,21.01,0.29,1088,57.0,513,19.0,569,38.0,6,0.0,47.15,-0.76,2026-05-30,-,0,480.0
828,-38,luigino71,IT,1389.03,-5.73,1451.33,-3.06,20.77,0.89,1407,48.0,631,25.0,772,23.0,4,0.0,44.85,0.26,2026-05-31,-,0,334.0
-,-,zook,-,1388.94,-2.63,1580.32,0.0,63.79,0.88,114,0.0,61,0.0,53,0.0,0,0.0,53.51,0.0,2020-11-18,P,4,-
-,-,fu1luo,-,1388.37,-3.5,1531.53,0.0,47.72,1.17,149,0.0,71,0.0,74,0.0,4,0.0,47.65,0.0,2024-03-17,-,0,-
829,-27,nicg,US,1388.15,-1.27,1487.54,1.49,33.13,0.92,206,6.0,95,2.0,110,4.0,1,0.0,46.12,-0.38,2026-05-03,-,0,802.0
-,-,Elsumo,-,1388.11,-1.88,1649.06,0.0,86.99,0.63,24,0.0,17,0.0,7,0.0,0,0.0,70.83,0.0,2024-08-30,-,0,-
-,-,Horsard,-,1387.89,-3.94,1522.71,0.0,44.94,1.31,146,0.0,60,0.0,85,0.0,1,0.0,41.1,0.0,2025-02-28,-,0,729.0
-,-,shezbot,-,1387.74,-3.06,1549.46,0.0,53.91,1.02,172,0.0,98,0.0,74,0.0,0,0.0,56.98,0.0,2022-02-27,-,0,-
830,-34,Piter3000,PL,1387.62,-3.93,1518.38,0.0,43.59,1.31,245,0.0,118,0.0,124,0.0,3,0.0,48.16,0.0,2025-12-01,-,0,-
831,-30,Cristiancordeu,AR,1387.44,-3.28,1458.88,1.18,23.81,1.49,965,19.0,451,10.0,502,9.0,12,0.0,46.74,0.12,2026-05-21,-,0,496.0
832,25,Amara,-,1387.04,17.8,1561.4,-49.69,58.12,-22.5,52,22.0,31,9.0,21,13.0,0,0.0,59.62,-13.71,2026-05-11,-,0,-
833,-83,baggioka,HU,1386.59,-22.06,1452.75,-22.46,22.05,-0.14,792,64.0,341,21.0,446,42.0,5,1.0,43.06,-0.9,2026-05-31,-,0,420.0
-,-,Psynergist,-,1386.47,-2.51,1584.05,0.0,65.86,0.84,46,0.0,23,0.0,23,0.0,0,0.0,50.0,0.0,2024-07-01,-,0,-
-,-,hwang,-,1386.38,-2.26,1603.34,0.0,72.32,0.75,38,0.0,20,0.0,18,0.0,0,0.0,52.63,0.0,2023-03-01,-,0,-
834,-85,DrWhom,-,1385.5,-23.41,1516.03,-26.92,43.51,-1.17,183,7.0,93,1.0,90,6.0,0,0.0,50.82,-1.45,2026-05-20,-,0,1178.0
835,-19,LhuCaS,ES,1384.89,0.33,1459.78,3.54,24.96,1.07,898,30.0,414,18.0,479,12.0,5,0.0,46.1,0.48,2026-05-31,-,0,448.0
836,-24,AdumbusPrime,CA,1384.85,-0.7,1500.4,-0.9,38.52,-0.07,115,7.0,53,4.0,62,3.0,0,0.0,46.09,0.72,2026-05-16,-,0,527.0
837,-123,lcesar34,-,1384.77,-35.96,1527.84,-58.02,47.69,-7.35,81,15.0,46,3.0,35,12.0,0,0.0,56.79,-8.36,2026-04-01,-,0,-
-,-,DoNotCopy,-,1384.48,-2.98,1551.45,0.0,55.65,0.99,138,0.0,83,0.0,55,0.0,0,0.0,60.14,0.0,2022-03-06,-,0,-
838,-32,javimb89,ES,1384.43,-4.13,1448.98,-2.25,21.52,0.63,906,70.0,416,31.0,483,38.0,7,1.0,45.92,-0.13,2026-05-29,-,0,446.0
-,-,Kenvi,PL,1384.32,-4.97,1487.24,0.0,34.31,1.66,437,0.0,214,0.0,218,0.0,5,0.0,48.97,0.0,2024-10-01,-,0,-
839,-55,MechJayTi2,-,1384.04,-12.74,1464.74,-17.81,26.9,-1.69,257,42.0,132,17.0,124,24.0,1,1.0,51.36,-2.13,2026-05-30,-,0,705.0
-,-,eLGi,-,1383.79,-2.65,1570.33,0.0,62.18,0.88,72,0.0,39,0.0,32,0.0,1,0.0,54.17,0.0,2022-03-06,-,0,-
840,-29,themightyboost,-,1383.51,-2.15,1612.28,0.0,76.26,0.72,39,0.0,24,0.0,12,0.0,3,0.0,61.54,0.0,2026-01-10,-,0,-
-,-,copesettic,US,1383.44,-3.57,1522.71,0.0,46.42,1.19,203,0.0,103,0.0,98,0.0,2,0.0,50.74,0.0,2023-06-04,-,0,-
-,-,Metz63,-,1383.24,-3.59,1525.95,0.0,47.57,1.2,112,0.0,49,0.0,63,0.0,0,0.0,43.75,0.0,2025-03-08,-,0,939.0
841,-28,petrau77,FI,1383.16,-2.26,1445.68,0.51,20.84,0.92,1616,49.0,704,27.0,904,22.0,8,0.0,43.56,0.36,2026-05-31,P,2,365.0
842,-115,Taeveren,-,1382.87,-32.88,1448.26,-31.03,21.8,0.61,480,46.0,211,9.0,265,36.0,4,1.0,43.96,-2.58,2026-04-18,-,0,409.0
843,-43,DonRaphon,-,1382.77,-8.04,1464.05,0.0,27.09,2.68,857,0.0,396,0.0,454,0.0,7,0.0,46.21,0.0,2025-12-02,-,0,412.0
-,-,mafiasco,-,1382.48,-3.71,1523.98,0.0,47.17,1.24,306,0.0,153,0.0,151,0.0,2,0.0,50.0,0.0,2023-10-15,-,0,-
-,-,wmfjfnlb,-,1382.37,-1.41,1729.97,0.0,115.87,0.47,12,0.0,12,0.0,0,0.0,0,0.0,100.0,0.0,2022-11-23,-,0,-
844,-49,Rius,-,1382.19,-10.38,1609.89,-16.89,75.9,-2.17,28,2.0,19,0.0,9,2.0,0,0.0,67.86,-5.22,2026-03-23,-,0,-
-,-,JakubUhlir,CZ,1382.15,-5.33,1486.62,0.0,34.82,1.78,649,0.0,312,0.0,329,0.0,8,0.0,48.07,0.0,2024-10-01,-,0,-
-,-,Yambomb,-,1382.11,-2.47,1585.11,0.0,67.67,0.82,78,0.0,50,0.0,28,0.0,0,0.0,64.1,0.0,2021-03-02,-,0,-
-,-,LinhVu,-,1381.92,-3.82,1511.88,0.0,43.32,1.27,157,0.0,81,0.0,76,0.0,0,0.0,51.59,0.0,2025-01-28,-,0,989.0
845,-25,Froggy42,DE,1381.85,-1.71,1447.25,-0.78,21.8,0.31,1002,52.0,463,22.0,530,29.0,9,1.0,46.21,-0.21,2026-05-20,-,0,527.0
846,-23,powerbigoud,-,1381.58,-1.7,1447.21,1.39,21.88,1.03,1146,43.0,518,19.0,617,24.0,11,0.0,45.2,-0.04,2026-05-30,-,0,469.0
847,-30,Keyadoria,-,1381.16,-3.24,1535.14,0.0,51.33,1.08,60,0.0,33,0.0,27,0.0,0,0.0,55.0,0.0,2026-01-28,-,0,1067.0
848,-21,micropip,-,1381.15,-1.26,1447.46,2.04,22.11,1.1,1215,42.0,528,17.0,676,25.0,11,0.0,43.46,-0.1,2026-05-30,-,0,555.0
-,-,Ryk_Longspear,-,1380.99,-2.68,1563.78,0.0,60.93,0.89,72,0.0,42,0.0,30,0.0,0,0.0,58.33,0.0,2022-03-06,-,0,-
849,-44,tiffelvet,-,1380.73,-7.89,1485.4,-6.32,34.89,0.52,184,7.0,98,2.0,85,5.0,1,0.0,53.26,-0.98,2026-05-14,-,0,560.0
-,-,lleviadon,-,1380.53,-2.9,1552.21,0.0,57.23,0.97,162,0.0,79,0.0,80,0.0,3,0.0,48.77,0.0,2021-06-02,G,6,-
-,-,Karpik,PL,1380.35,-3.5,1521.67,0.0,47.11,1.17,258,0.0,134,0.0,124,0.0,0,0.0,51.94,0.0,2022-12-04,-,0,-
-,-,gustn_toh,-,1380.24,-3.12,1536.53,0.0,52.1,1.04,210,0.0,101,0.0,106,0.0,3,0.0,48.1,0.0,2022-02-22,G,2,-
850,-35,Quokka,FR,1380.15,-4.45,1470.83,-3.72,30.22,0.24,305,13.0,131,5.0,171,8.0,3,0.0,42.95,-0.2,2026-05-13,-,0,614.0
851,90,lutzifer,-,1379.79,55.19,1560.06,-1.93,60.09,-19.04,40,15.0,21,7.0,19,8.0,0,0.0,52.5,-3.5,2026-03-23,-,0,-
852,-44,TAOxEagle,US,1379.62,-8.66,1470.06,-12.37,30.15,-1.24,503,27.0,240,9.0,255,16.0,8,2.0,47.71,-0.82,2026-05-27,-,0,662.0
853,-28,Scipio1126,US,1379.38,-3.32,1529.7,0.0,50.11,1.11,66,0.0,32,0.0,31,0.0,3,0.0,48.48,0.0,2026-01-06,-,0,805.0
-,-,cbend37,US,1379.15,-3.6,1519.53,0.0,46.8,1.2,170,0.0,69,0.0,100,0.0,1,0.0,40.59,0.0,2024-02-23,-,0,-
-,-,Slavica,HR,1378.81,-4.33,1494.48,0.0,38.56,1.44,187,0.0,85,0.0,99,0.0,3,0.0,45.45,0.0,2025-03-30,-,0,595.0
-,-,CabalSociety,-,1378.07,-3.29,1527.92,0.0,49.95,1.1,174,0.0,99,0.0,74,0.0,1,0.0,56.9,0.0,2023-04-16,-,0,-
-,-,Talbatross,-,1377.67,-4.55,1497.61,0.0,39.98,1.52,414,0.0,206,0.0,205,0.0,3,0.0,49.76,0.0,2024-05-26,-,0,-
-,-,RabidRabbit,US,1377.6,-3.74,1517.26,0.0,46.56,1.25,281,0.0,156,0.0,123,0.0,2,0.0,55.52,0.0,2023-03-01,-,0,-
854,37,icepick_mn,-,1377.56,26.87,1476.74,25.89,33.06,-0.33,178,13.0,80,10.0,97,3.0,1,0.0,44.94,2.52,2026-05-13,-,0,635.0
-,-,jamiu5,-,1377.27,-2.75,1560.93,0.0,61.22,0.92,174,0.0,70,0.0,104,0.0,0,0.0,40.23,0.0,2020-06-28,P,2,-
-,-,Neptian,-,1377.03,-2.14,1606.75,0.0,76.57,0.71,30,0.0,16,0.0,14,0.0,0,0.0,53.33,0.0,2024-04-04,-,0,-
-,-,wep,-,1376.55,-2.44,1578.77,0.0,67.41,0.81,72,0.0,38,0.0,34,0.0,0,0.0,52.78,0.0,2020-08-12,P,2,-
-,-,Enas,-,1376.53,-3.6,1514.04,0.0,45.84,1.2,102,0.0,47,0.0,55,0.0,0,0.0,46.08,0.0,2025-03-19,-,0,836.0
-,-,Kelric,-,1376.36,-3.76,1528.53,0.0,50.72,1.25,216,0.0,103,0.0,108,0.0,5,0.0,47.69,0.0,2023-06-06,-,0,-
855,-17,Alebv,-,1376.16,-3.53,1517.62,0.0,47.16,1.18,75,0.0,40,0.0,35,0.0,0,0.0,53.33,0.0,2026-01-30,-,0,939.0
856,-27,SerBaldur,-,1375.14,-6.9,1455.43,0.0,26.76,2.3,707,0.0,336,0.0,368,0.0,3,0.0,47.52,0.0,2026-02-28,-,0,865.0
857,-31,mahawirasd,ID,1375.03,-7.65,1447.27,0.0,24.08,2.55,1109,0.0,501,0.0,596,0.0,12,0.0,45.18,0.0,2026-01-05,-,0,435.0
858,-8,Happykitten,-,1374.89,3.14,1466.48,4.01,30.53,0.29,318,18.0,165,12.0,150,6.0,3,0.0,51.89,0.89,2026-04-20,-,0,1184.0
859,-25,RedMadMike,PL,1374.72,-6.58,1454.49,0.0,26.59,2.19,372,0.0,172,0.0,198,0.0,2,0.0,46.24,0.0,2026-02-22,-,0,416.0
-,-,CountFab,-,1374.37,-2.62,1562.64,0.0,62.76,0.87,45,0.0,25,0.0,20,0.0,0,0.0,55.56,0.0,2025-03-26,-,0,872.0
860,-17,grace,-,1374.33,-3.47,1518.44,0.0,48.04,1.16,108,0.0,61,0.0,46,0.0,1,0.0,56.48,0.0,2025-07-26,-,0,1172.0
861,135,saiggo16,ES,1373.83,73.17,1469.49,56.74,31.89,-5.48,432,50.0,174,29.0,255,21.0,3,0.0,40.28,2.32,2026-05-28,-,0,-
862,new,Akametsu,-,1372.91,922.91,1567.11,67.11,64.73,64.73,36,36.0,25,25.0,11,11.0,0,0.0,69.44,69.44,2026-05-31,-,0,-
-,-,Sune,-,1372.68,-1.65,1671.77,0.0,99.7,0.55,36,0.0,27,0.0,9,0.0,0,0.0,75.0,0.0,2020-09-27,-,0,-
-,-,ConorS,US,1372.66,-2.84,1547.14,0.0,58.16,0.95,69,0.0,44,0.0,24,0.0,1,0.0,63.77,0.0,2024-04-04,-,0,-
-,-,arnbold,-,1372.6,-3.12,1532.17,0.0,53.19,1.04,103,0.0,58,0.0,45,0.0,0,0.0,56.31,0.0,2023-11-24,-,0,-
863,-9,zackg,US,1372.42,1.98,1445.18,3.54,24.25,0.52,626,31.0,275,15.0,350,16.0,1,0.0,43.93,0.23,2026-05-14,-,0,466.0
864,-24,Lodon,NL,1372.34,-6.54,1453.34,0.0,27.0,2.18,802,0.0,360,0.0,432,0.0,10,0.0,44.89,0.0,2026-02-01,-,0,546.0
-,-,Non-SlimJim,-,1371.82,-2.79,1550.3,0.0,59.49,0.93,108,0.0,55,0.0,52,0.0,1,0.0,50.93,0.0,2021-09-05,-,0,-
-,-,fathotdog,-,1371.59,-2.66,1558.17,0.0,62.19,0.89,84,0.0,37,0.0,47,0.0,0,0.0,44.05,0.0,2021-06-02,-,0,-
865,-19,fridaK,-,1371.2,-3.35,1519.12,0.0,49.31,1.12,75,0.0,38,0.0,37,0.0,0,0.0,50.67,0.0,2026-02-05,-,0,939.0
866,-17,redantx,-,1370.81,-1.31,1474.21,0.22,34.47,0.51,166,7.0,81,4.0,85,3.0,0,0.0,48.8,0.37,2026-05-13,-,0,598.0
-,-,casual_umami,AT,1370.6,-2.61,1560.19,0.0,63.2,0.87,52,0.0,30,0.0,22,0.0,0,0.0,57.69,0.0,2023-12-03,-,0,-
-,-,Brandon12129,US,1370.34,-3.9,1508.95,0.0,46.2,1.3,301,0.0,153,0.0,144,0.0,4,0.0,50.83,0.0,2023-12-03,-,0,-
867,375,Vortex1612,-,1370.32,223.36,1512.64,188.85,47.44,-11.5,101,30.0,46,24.0,55,6.0,0,0.0,45.54,14.55,2026-05-15,-,0,1287.0
868,-21,traskmania,-,1370.01,-3.48,1511.06,0.0,47.02,1.16,90,0.0,38,0.0,51,0.0,1,0.0,42.22,0.0,2026-01-30,-,0,989.0
869,-137,hein,-,1369.68,-44.7,1583.34,-71.29,71.22,-8.86,35,6.0,20,0.0,15,6.0,0,0.0,57.14,-11.83,2026-03-02,-,0,-
870,-22,Doddus,IT,1369.43,-3.55,1509.91,0.0,46.83,1.18,138,0.0,75,0.0,63,0.0,0,0.0,54.35,0.0,2025-07-28,-,0,1388.0
871,-123,ginociccio,-,1369.06,-40.51,1505.66,-51.62,45.53,-3.7,71,12.0,30,1.0,41,11.0,0,0.0,42.25,-6.9,2026-03-15,-,0,939.0
-,-,itsPG,-,1368.99,-4.91,1475.44,0.0,35.48,1.64,659,0.0,311,0.0,340,0.0,8,0.0,47.19,0.0,2025-02-03,-,0,1067.0
-,-,zhenshide,-,1368.84,-1.17,1788.03,0.0,139.73,0.39,7,0.0,7,0.0,0,0.0,0,0.0,100.0,0.0,2024-09-01,-,0,-
874,-2,gulper,-,1368.83,9.36,1459.45,4.75,30.21,-1.54,299,30.0,139,18.0,155,12.0,5,0.0,46.49,1.51,2026-05-20,-,0,645.0
872,-28,Gurhuntar,-,1368.83,-6.2,1483.94,-11.7,38.37,-1.84,130,15.0,60,3.0,69,12.0,1,0.0,46.15,-3.42,2026-03-26,-,0,872.0
873,-8,OrionAlpha,-,1368.83,5.46,1433.08,7.15,21.42,0.56,1419,64.0,587,25.0,811,38.0,21,1.0,41.37,-0.11,2026-05-31,-,0,512.0
-,-,GokuBC,PL,1367.92,-4.67,1475.92,0.0,36.0,1.56,412,0.0,200,0.0,209,0.0,3,0.0,48.54,0.0,2024-09-04,-,0,-
875,-42,Dzsabo,HU,1367.79,-13.6,1430.71,-12.24,20.97,0.45,556,54.0,246,21.0,307,32.0,3,1.0,44.24,-0.58,2026-05-31,-,0,423.0
876,-125,honne,-,1367.5,-40.49,1514.79,-63.76,49.1,-7.76,70,15.0,34,3.0,35,12.0,1,0.0,48.57,-7.79,2026-03-28,-,0,989.0
-,-,wuzhecn,-,1367.39,-2.85,1540.5,0.0,57.71,0.95,108,0.0,54,0.0,52,0.0,2,0.0,50.0,0.0,2022-08-31,-,0,-
-,-,arixe,-,1367.37,-2.54,1564.06,0.0,65.56,0.85,96,0.0,57,0.0,38,0.0,1,0.0,59.38,0.0,2021-08-18,-,0,-
-,-,alibengoeroe,-,1367.31,-3.27,1519.76,0.0,50.82,1.09,151,0.0,72,0.0,78,0.0,1,0.0,47.68,0.0,2024-04-04,-,0,-
-,-,SKM,-,1367.18,-2.92,1535.07,0.0,55.96,0.97,72,0.0,38,0.0,33,0.0,1,0.0,52.78,0.0,2023-09-03,-,0,-
877,-19,Aardwolf44,-,1367.15,-1.41,1461.66,-1.6,31.5,-0.06,621,15.0,260,6.0,357,9.0,4,0.0,41.87,-0.04,2026-03-20,G,2,989.0
878,-8,KubikD,-,1366.81,6.18,1460.03,6.92,31.07,0.25,214,13.0,106,8.0,107,5.0,1,0.0,49.53,0.77,2026-05-19,-,0,529.0
-,-,danodan,-,1366.66,-2.88,1536.73,0.0,56.69,0.96,154,0.0,88,0.0,66,0.0,0,0.0,57.14,0.0,2021-11-15,-,0,-
879,-27,Purplegoo,-,1366.6,-4.66,1436.71,-2.71,23.37,0.65,1284,49.0,568,22.0,710,27.0,6,0.0,44.24,0.03,2026-05-31,-,0,389.0
-,-,zabergau,-,1365.92,-1.2,1773.11,0.0,135.73,0.4,8,0.0,6,0.0,2,0.0,0,0.0,75.0,0.0,2022-01-01,-,0,-
880,-58,FrancoisFerdinand,-,1365.77,-17.69,1460.54,-20.05,31.59,-0.79,252,18.0,124,4.0,124,14.0,4,0.0,49.21,-2.07,2026-04-28,-,0,842.0
-,-,thenobleknave,-,1365.7,-1.63,1666.69,0.0,100.33,0.54,18,0.0,11,0.0,7,0.0,0,0.0,61.11,0.0,2020-06-28,G,2,-
881,-13,skab12,-,1365.53,3.28,1432.88,2.14,22.45,-0.38,751,58.0,311,26.0,429,32.0,11,0.0,41.41,0.28,2026-05-31,-,0,446.0
882,-15,Torneedo,-,1365.4,2.7,1441.63,4.82,25.41,0.71,496,21.0,217,9.0,273,11.0,6,1.0,43.75,-0.04,2026-05-01,-,0,922.0
-,-,Mikeski,-,1365.34,-3.29,1515.19,0.0,49.95,1.1,79,0.0,42,0.0,36,0.0,1,0.0,53.16,0.0,2025-03-24,-,0,939.0
883,-44,Polldrake,-,1365.25,-14.35,1441.7,-14.4,25.48,-0.02,358,31.0,154,12.0,199,19.0,5,0.0,43.02,-0.41,2026-05-31,-,0,485.0
884,-31,aoe2champ,-,1365.17,-6.05,1435.35,-5.98,23.39,0.02,376,42.0,183,16.0,193,26.0,0,0.0,48.67,-1.33,2026-05-31,-,0,690.0
885,-26,baralex,-,1364.75,-3.28,1515.99,0.0,50.41,1.09,75,0.0,34,0.0,41,0.0,0,0.0,45.33,0.0,2026-01-29,-,0,872.0
-,-,CainsAngel,-,1364.18,-2.35,1572.97,0.0,69.6,0.78,43,0.0,23,0.0,20,0.0,0,0.0,53.49,0.0,2025-02-01,-,0,989.0
-,-,Wiles,-,1364.17,-1.9,1622.14,0.0,85.99,0.63,42,0.0,29,0.0,12,0.0,1,0.0,69.05,0.0,2020-11-30,-,0,-
-,-,DHYellow,-,1364.15,-2.71,1547.25,0.0,61.03,0.9,114,0.0,57,0.0,57,0.0,0,0.0,50.0,0.0,2021-11-21,-,0,-
-,-,PedrinhoPT,-,1363.84,-2.41,1567.72,0.0,67.96,0.8,45,0.0,26,0.0,19,0.0,0,0.0,57.78,0.0,2024-04-04,-,0,-
886,-30,Minde,NO,1363.51,-5.9,1455.09,0.0,30.53,1.97,454,0.0,204,0.0,243,0.0,7,0.0,44.93,0.0,2026-01-17,-,0,742.0
887,-25,DonutRapist,-,1363.47,-3.35,1512.0,0.0,49.51,1.12,75,0.0,33,0.0,42,0.0,0,0.0,44.0,0.0,2026-01-31,-,0,729.0
888,-151,GetGot,-,1363.43,-49.69,1551.34,-68.38,62.64,-6.23,36,6.0,19,0.0,17,6.0,0,0.0,52.78,-10.55,2026-03-01,-,0,-
-,-,Mikael.S,-,1363.41,-2.79,1541.78,0.0,59.46,0.93,45,0.0,22,0.0,22,0.0,1,0.0,48.89,0.0,2025-03-20,-,0,939.0
-,-,jezevec_lesni,-,1363.26,-2.78,1540.32,0.0,59.02,0.93,132,0.0,65,0.0,66,0.0,1,0.0,49.24,0.0,2021-03-02,G,2,-
-,-,Akio,-,1363.0,-2.69,1552.37,0.0,63.12,0.9,150,0.0,85,0.0,64,0.0,1,0.0,56.67,0.0,2020-11-27,-,0,-
889,15,sms18004,-,1362.6,18.7,1466.71,20.81,34.7,0.7,330,7.0,143,5.0,184,2.0,3,0.0,43.33,0.61,2026-05-13,-,0,801.0
-,-,demainlesdauphins,-,1362.48,-4.56,1477.54,0.0,38.35,1.52,194,0.0,90,0.0,103,0.0,1,0.0,46.39,0.0,2025-05-21,-,0,681.0
-,-,Aftermath,-,1362.36,-2.12,1593.86,0.0,77.17,0.71,40,0.0,24,0.0,16,0.0,0,0.0,60.0,0.0,2021-11-15,-,0,-
-,-,beecu,-,1362.21,-2.34,1571.77,0.0,69.85,0.78,40,0.0,22,0.0,18,0.0,0,0.0,55.0,0.0,2024-04-04,-,0,-
890,165,ThePerceptiveGamer,-,1362.2,94.14,1475.1,74.34,37.63,-6.6,105,31.0,58,23.0,47,8.0,0,0.0,55.24,7.94,2026-05-26,-,0,845.0
-,-,skanadron,-,1362.11,-2.95,1531.28,0.0,56.39,0.98,134,0.0,65,0.0,68,0.0,1,0.0,48.51,0.0,2022-01-01,-,0,-
-,-,jmw,-,1362.08,-4.48,1476.46,0.0,38.12,1.49,361,0.0,178,0.0,177,0.0,6,0.0,49.31,0.0,2024-08-11,-,0,-
-,-,spectronz,-,1362.07,-2.81,1536.73,0.0,58.22,0.94,108,0.0,55,0.0,53,0.0,0,0.0,50.93,0.0,2021-12-05,-,0,-
-,-,jessjia,-,1361.49,-1.43,1703.78,0.0,114.1,0.48,18,0.0,14,0.0,4,0.0,0,0.0,77.78,0.0,2020-09-27,-,0,-
-,-,DeineMudda,-,1361.29,-2.07,1598.13,0.0,78.95,0.69,30,0.0,14,0.0,16,0.0,0,0.0,46.67,0.0,2023-03-01,-,0,-
891,94,Waaaaaa,-,1361.05,55.34,1533.31,24.66,57.42,-10.23,45,15.0,24,6.0,21,9.0,0,0.0,53.33,-6.67,2026-03-31,-,0,-
-,-,TheOTHERZadok,-,1360.56,-3.12,1528.33,0.0,55.92,1.04,162,0.0,96,0.0,66,0.0,0,0.0,59.26,0.0,2021-12-05,-,0,-
-,-,Styku,-,1360.44,-1.86,1624.74,0.0,88.1,0.62,36,0.0,22,0.0,13,0.0,1,0.0,61.11,0.0,2019-12-30,-,0,-
-,-,Neil.W,-,1360.29,-2.79,1539.0,0.0,59.57,0.93,84,0.0,43,0.0,41,0.0,0,0.0,51.19,0.0,2022-08-29,-,0,-
-,-,Elron,-,1360.1,-1.57,1673.13,0.0,104.34,0.52,18,0.0,10,0.0,8,0.0,0,0.0,55.56,0.0,2020-12-06,-,0,-
-,-,dannymcbride,-,1360.09,-3.41,1505.26,0.0,48.39,1.14,86,0.0,44,0.0,41,0.0,1,0.0,51.16,0.0,2025-02-17,-,0,868.0
892,0,Chris10,DE,1359.9,10.11,1441.71,4.82,27.27,-1.77,250,45.0,114,22.0,134,23.0,2,0.0,45.6,0.72,2026-05-31,-,0,473.0
893,5,AsKier,PL,1359.82,13.06,1440.58,15.44,26.92,0.79,603,18.0,275,13.0,326,5.0,2,0.0,45.61,0.82,2026-05-31,-,0,655.0
-,-,dim,-,1359.8,-3.39,1505.81,0.0,48.67,1.13,89,0.0,43,0.0,46,0.0,0,0.0,48.31,0.0,2025-02-13,-,0,842.0
894,2,gego,-,1359.65,10.98,1459.16,10.94,33.17,-0.01,245,15.0,113,5.0,130,10.0,2,0.0,46.12,-0.84,2026-03-22,-,0,872.0
-,-,Gustavus_Adolphus,-,1359.41,-2.57,1551.74,0.0,64.11,0.86,40,0.0,20,0.0,20,0.0,0,0.0,50.0,0.0,2025-03-26,-,0,939.0
-,-,torstenk,-,1359.26,-3.5,1501.39,0.0,47.37,1.17,96,0.0,53,0.0,42,0.0,1,0.0,55.21,0.0,2025-02-02,-,0,1284.0
895,-35,backspace,-,1358.83,-8.68,1480.98,-9.84,40.72,-0.39,135,6.0,73,2.0,59,4.0,3,0.0,54.07,-0.97,2026-04-25,-,0,1259.0
-,-,Isaca10,-,1358.7,-3.52,1502.34,0.0,47.88,1.17,174,0.0,95,0.0,77,0.0,2,0.0,54.6,0.0,2023-11-18,-,0,-
-,-,Nomisbo,-,1358.39,-1.39,1711.69,0.0,117.77,0.46,18,0.0,15,0.0,3,0.0,0,0.0,83.33,0.0,2021-03-02,-,0,-
896,4,z0pfel,DE,1356.38,10.85,1430.42,5.47,24.68,-1.79,293,57.0,127,24.0,164,31.0,2,2.0,43.34,-0.3,2026-05-28,-,0,709.0
897,56,BadEagle,-,1355.82,35.03,1503.92,13.81,49.37,-7.07,70,15.0,29,6.0,40,8.0,1,1.0,41.43,-0.39,2026-03-30,-,0,1118.0
-,-,5calpel,GB,1355.69,-4.23,1471.74,0.0,38.68,1.41,347,0.0,173,0.0,171,0.0,3,0.0,49.86,0.0,2024-06-02,-,0,-
898,47,Gympanse,-,1355.68,32.34,1473.96,-2.26,39.43,-11.53,92,37.0,43,15.0,48,22.0,1,0.0,46.74,-4.17,2026-05-29,-,0,-
899,-17,Francesco1812,IT,1355.5,-0.07,1417.31,1.13,20.6,0.4,1047,64.0,455,25.0,583,38.0,9,1.0,43.46,-0.28,2026-05-26,-,0,509.0
-,-,Yuit,-,1355.49,-3.36,1503.55,0.0,49.35,1.12,180,0.0,94,0.0,85,0.0,1,0.0,52.22,0.0,2023-02-05,-,0,-
900,-27,Luludumm,-,1355.35,-3.2,1510.32,0.0,51.66,1.07,60,0.0,28,0.0,31,0.0,1,0.0,46.67,0.0,2025-12-12,-,0,805.0
-,-,wirymen,PL,1355.0,-4.3,1472.9,0.0,39.3,1.43,308,0.0,148,0.0,156,0.0,4,0.0,48.05,0.0,2024-07-01,-,0,-
-,-,Schmitztopher,-,1354.89,-2.22,1575.09,0.0,73.4,0.74,54,0.0,30,0.0,24,0.0,0,0.0,55.56,0.0,2020-06-28,G,2,-
-,-,lukewong,-,1354.73,-2.82,1529.19,0.0,58.15,0.94,90,0.0,50,0.0,39,0.0,1,0.0,55.56,0.0,2022-05-29,-,0,-
-,-,laimas123,-,1354.12,-2.81,1529.53,0.0,58.47,0.94,150,0.0,81,0.0,69,0.0,0,0.0,54.0,0.0,2021-05-23,-,0,-
901,164,RougeEconomist,-,1354.05,89.89,1540.27,45.16,62.07,-14.91,39,14.0,20,9.0,19,5.0,0,0.0,51.28,7.28,2026-05-31,-,0,-
-,-,Sweaty-Pie,-,1353.43,-3.56,1493.33,0.0,46.63,1.19,420,0.0,173,0.0,242,0.0,5,0.0,41.19,0.0,2022-12-04,G,2,-
-,-,ssacz,PL,1353.24,-3.93,1478.25,0.0,41.67,1.31,188,0.0,97,0.0,91,0.0,0,0.0,51.6,0.0,2024-04-14,-,0,-
902,-41,collace,-,1353.05,-14.21,1435.75,-20.68,27.57,-2.16,228,48.0,99,12.0,128,36.0,1,0.0,43.42,-4.91,2026-05-24,-,0,989.0
903,-29,StefanGreatFirst,PL,1352.82,-5.49,1449.0,0.0,32.06,1.83,288,0.0,133,0.0,151,0.0,4,0.0,46.18,0.0,2026-02-02,-,0,1067.0
904,-28,DerIch86,-,1352.57,-4.49,1484.02,-7.62,43.82,-1.04,93,7.0,45,2.0,48,5.0,0,0.0,48.39,-1.61,2026-05-18,-,0,872.0
905,-21,Pulpecja,PL,1352.43,0.08,1414.4,1.38,20.66,0.43,829,70.0,357,27.0,468,42.0,4,1.0,43.06,-0.42,2026-05-28,-,0,488.0
-,-,Straanger,-,1352.4,-2.11,1584.93,0.0,77.51,0.7,36,0.0,18,0.0,18,0.0,0,0.0,50.0,0.0,2021-06-02,-,0,-
906,-99,DanielEss,-,1351.97,-36.35,1522.62,-78.15,56.88,-13.93,45,15.0,20,3.0,24,12.0,1,0.0,44.44,-12.23,2026-03-27,-,0,-
-,-,layze23,US,1351.93,-3.97,1479.88,0.0,42.65,1.32,199,0.0,96,0.0,100,0.0,3,0.0,48.24,0.0,2024-06-16,-,0,-
-,-,Claudacia,-,1351.66,-1.8,1624.42,0.0,90.92,0.6,24,0.0,14,0.0,10,0.0,0,0.0,58.33,0.0,2021-02-21,-,0,-
-,-,Tafareeeeel,-,1351.41,-2.35,1560.36,0.0,69.65,0.78,54,0.0,30,0.0,24,0.0,0,0.0,55.56,0.0,2022-03-06,-,0,-
-,-,GWax11,-,1351.1,-3.39,1496.97,0.0,48.62,1.13,195,0.0,96,0.0,98,0.0,1,0.0,49.23,0.0,2023-01-15,-,0,-
-,-,FeedmeHR,-,1351.1,-1.52,1673.06,0.0,107.32,0.51,18,0.0,12,0.0,6,0.0,0,0.0,66.67,0.0,2020-06-28,-,0,-
-,-,deleted_user_9880390,-,1351.05,-3.15,1508.31,0.0,52.42,1.05,87,0.0,49,0.0,38,0.0,0,0.0,56.32,0.0,2024-05-24,-,0,-
-,-,Neron,-,1350.61,-2.53,1544.12,0.0,64.5,0.84,78,0.0,44,0.0,34,0.0,0,0.0,56.41,0.0,2021-06-02,-,0,-
907,68,juzze,-,1350.59,41.1,1524.55,-1.16,57.99,-14.09,45,15.0,21,7.0,24,8.0,0,0.0,46.67,0.0,2026-03-25,-,0,-
908,-25,Mockingbird5,GB,1350.54,-4.06,1420.49,-1.08,23.32,0.99,783,37.0,340,15.0,438,22.0,5,0.0,43.42,-0.15,2026-05-18,-,0,411.0
909,5,michasz,-,1350.54,11.09,1422.37,8.32,23.94,-0.92,365,55.0,164,23.0,198,32.0,3,0.0,44.93,-0.55,2026-05-22,-,0,605.0
-,-,chen.,CN,1350.48,-3.56,1489.68,0.0,46.4,1.19,109,0.0,53,0.0,54,0.0,2,0.0,48.62,0.0,2025-02-12,-,0,720.0
-,-,Sheepstealer,-,1350.25,-2.41,1554.1,0.0,67.95,0.8,40,0.0,24,0.0,16,0.0,0,0.0,60.0,0.0,2024-04-04,-,0,-
-,-,Bluebird503,-,1349.85,-3.31,1498.45,0.0,49.53,1.1,143,0.0,74,0.0,68,0.0,1,0.0,51.75,0.0,2023-03-01,-,0,-
910,-30,Crs,GB,1349.67,-6.66,1411.3,-5.25,20.55,0.47,1117,70.0,453,24.0,657,45.0,7,1.0,40.56,-0.41,2026-05-28,-,0,463.0
911,-113,KMMAL,-,1349.5,-41.38,1475.5,-67.82,42.0,-8.82,99,26.0,52,8.0,47,18.0,0,0.0,52.53,-7.74,2026-04-30,-,0,-
-,-,jratana1,-,1349.27,-1.95,1601.9,0.0,84.21,0.65,33,0.0,22,0.0,11,0.0,0,0.0,66.67,0.0,2024-10-13,-,0,-
-,-,ConquistadorColumbus,-,1349.17,-4.34,1462.59,0.0,37.81,1.45,396,0.0,171,0.0,219,0.0,6,0.0,43.18,0.0,2024-09-04,-,0,-
-,-,xyx,-,1349.03,-1.57,1660.6,0.0,103.86,0.52,18,0.0,14,0.0,4,0.0,0,0.0,77.78,0.0,2024-10-31,-,0,-
912,-26,Opi,-,1348.62,-3.16,1504.66,0.0,52.01,1.05,60,0.0,27,0.0,32,0.0,1,0.0,45.0,0.0,2026-02-04,-,0,989.0
913,-58,Hashlerka,-,1347.67,-22.47,1450.77,-22.84,34.37,-0.12,177,12.0,79,4.0,97,8.0,1,0.0,44.63,-0.82,2026-05-31,-,0,653.0
914,-26,Megatron,GB,1347.44,-4.18,1467.0,0.0,39.85,1.39,350,0.0,166,0.0,180,0.0,4,0.0,47.43,0.0,2025-08-31,-,0,1262.0
915,-21,snowjotunn,-,1347.36,-2.2,1571.1,0.0,74.58,0.73,29,0.0,17,0.0,12,0.0,0,0.0,58.62,0.0,2026-02-01,-,0,-
916,10,Kartek,-,1346.64,14.5,1448.29,-1.87,33.88,-5.46,153,42.0,76,20.0,76,22.0,1,0.0,49.67,-0.78,2026-05-25,-,0,861.0
917,-28,Martin2021,-,1346.63,-4.2,1464.8,0.0,39.39,1.4,149,0.0,71,0.0,78,0.0,0,0.0,47.65,0.0,2025-08-02,-,0,753.0
-,-,leverid,-,1346.62,-1.25,1738.01,0.0,130.46,0.42,12,0.0,8,0.0,4,0.0,0,0.0,66.67,0.0,2022-02-01,-,0,-
918,54,FiveGee,-,1346.45,36.05,1442.49,31.8,32.01,-1.42,196,23.0,87,15.0,107,8.0,2,0.0,44.39,2.77,2026-05-18,-,0,607.0
-,-,antonfstam,-,1346.22,-2.98,1514.61,0.0,56.13,0.99,162,0.0,72,0.0,88,0.0,2,0.0,44.44,0.0,2021-11-22,-,0,-
919,-48,Garban7,-,1345.98,-13.76,1417.36,-12.8,23.79,0.32,844,37.0,362,13.0,479,24.0,3,0.0,42.89,-0.36,2026-05-23,-,0,541.0
-,-,Grobyl,FR,1345.81,-4.01,1489.84,0.0,48.01,1.34,333,0.0,168,0.0,162,0.0,3,0.0,50.45,0.0,2023-02-25,-,0,-
920,-25,ZesPak,-,1345.72,-3.4,1491.13,0.0,48.47,1.13,75,0.0,31,0.0,44,0.0,0,0.0,41.33,0.0,2026-02-03,-,0,939.0
-,-,Cleeve,-,1345.53,-1.94,1599.52,0.0,84.66,0.65,36,0.0,24,0.0,10,0.0,2,0.0,66.67,0.0,2021-06-02,-,0,-
921,-16,albinsix,FR,1345.48,2.54,1414.68,4.77,23.06,0.74,1380,36.0,592,19.0,780,17.0,8,0.0,42.9,0.27,2026-05-31,-,0,517.0
-,-,KachnickaxD,-,1345.4,-2.94,1521.89,0.0,58.83,0.98,114,0.0,59,0.0,55,0.0,0,0.0,51.75,0.0,2022-02-22,-,0,-
922,-35,MarcoM,-,1345.31,-6.42,1442.23,-4.05,32.3,0.79,215,7.0,94,2.0,119,5.0,2,0.0,43.72,-0.51,2026-05-24,-,0,504.0
-,-,AkisProg,GR,1345.21,-3.56,1488.75,0.0,47.85,1.19,234,0.0,115,0.0,118,0.0,1,0.0,49.15,0.0,2023-04-11,-,0,-
-,-,LSF,-,1345.02,-1.43,1688.26,0.0,114.41,0.48,18,0.0,15,0.0,3,0.0,0,0.0,83.33,0.0,2020-09-27,-,0,-
-,-,Vali1590,-,1344.89,-2.86,1520.55,0.0,58.55,0.95,47,0.0,24,0.0,23,0.0,0,0.0,51.06,0.0,2025-03-17,-,0,939.0
-,-,Unternehmer,-,1344.75,-1.27,1731.37,0.0,128.87,0.42,18,0.0,13,0.0,4,0.0,1,0.0,72.22,0.0,2018-10-14,-,0,-
923,-46,EvgenyRazinkov,-,1344.54,-12.45,1481.55,-29.94,45.67,-5.83,80,15.0,36,4.0,42,11.0,2,0.0,45.0,-4.23,2026-04-07,-,0,872.0
-,-,Warpfield,-,1344.51,-2.25,1563.05,0.0,72.85,0.75,30,0.0,16,0.0,14,0.0,0,0.0,53.33,0.0,2025-01-29,-,0,989.0
-,-,kaiwanxiaola,TW,1344.41,-2.72,1524.86,0.0,60.15,0.91,65,0.0,25,0.0,39,0.0,1,0.0,38.46,0.0,2023-04-16,-,0,-
924,-21,oleKanin,NO,1344.31,0.39,1419.02,1.09,24.9,0.23,564,31.0,246,14.0,314,17.0,4,0.0,43.62,0.09,2026-05-29,-,0,469.0
-,-,Arccos,GR,1344.25,-4.73,1494.68,0.0,50.14,1.58,518,0.0,231,0.0,283,0.0,4,0.0,44.59,0.0,2023-05-25,P,4,-
-,-,BrentC,-,1343.81,-2.84,1515.98,0.0,57.39,0.95,178,0.0,78,0.0,97,0.0,3,0.0,43.82,0.0,2021-12-22,-,0,-
-,-,Charcutero,-,1343.67,-4.23,1461.94,0.0,39.42,1.41,262,0.0,121,0.0,138,0.0,3,0.0,46.18,0.0,2024-10-31,-,0,-
925,-50,Wiktor,-,1343.56,-13.97,1419.07,-17.88,25.17,-1.3,371,55.0,162,17.0,209,38.0,0,0.0,43.67,-2.22,2026-05-31,-,0,414.0
926,62,Modiarty,-,1343.13,39.87,1520.86,-12.94,59.24,-17.6,44,15.0,22,6.0,22,9.0,0,0.0,50.0,-5.17,2026-03-28,-,0,-
927,-109,Kayser,-,1342.75,-41.49,1475.78,-56.09,44.35,-4.87,85,15.0,41,1.0,43,13.0,1,1.0,48.24,-8.9,2026-03-27,-,0,872.0
928,-13,kzzzzzz_watch,-,1342.72,4.44,1632.36,-88.0,96.54,-30.81,15,7.0,10,3.0,5,4.0,0,0.0,66.67,-20.83,2026-05-13,-,0,-
-,-,Thantalus,-,1342.31,-2.99,1508.92,0.0,55.54,1.0,95,0.0,44,0.0,51,0.0,0,0.0,46.32,0.0,2023-05-14,-,0,-
929,-30,Bulb,-,1342.03,-4.02,1471.87,0.0,43.28,1.34,136,0.0,61,0.0,74,0.0,1,0.0,44.85,0.0,2025-12-01,-,0,835.0
930,129,QAS,-,1341.6,74.57,1522.62,27.25,60.34,-15.77,40,15.0,18,7.0,22,8.0,0,0.0,45.0,1.0,2026-03-25,-,0,-
931,-18,etJake,US,1341.35,1.74,1426.22,4.11,28.29,0.79,408,19.0,178,10.0,227,9.0,3,0.0,43.63,0.44,2026-05-31,-,0,578.0
-,-,joofajnvyber,-,1340.96,-3.09,1500.42,0.0,53.15,1.03,190,0.0,86,0.0,104,0.0,0,0.0,45.26,0.0,2021-12-05,-,0,-
932,-39,Geegs,-,1340.89,-8.76,1428.48,-7.27,29.2,0.5,593,15.0,254,4.0,334,11.0,5,0.0,42.83,-0.42,2026-03-21,-,0,867.0
933,-31,giannisoad,IT,1340.79,-4.1,1416.25,-2.35,25.15,0.59,789,30.0,342,13.0,444,17.0,3,0.0,43.35,0.0,2026-05-31,-,0,429.0
934,new,quirrell,-,1340.61,890.61,1606.67,106.67,88.69,88.69,18,18.0,11,11.0,7,7.0,0,0.0,61.11,61.11,2026-04-23,-,0,-
-,-,Jerome_Eiffel,-,1340.58,-2.58,1530.95,0.0,63.45,0.86,56,0.0,33,0.0,22,0.0,1,0.0,58.93,0.0,2023-11-29,-,0,-
-,-,Joalm,-,1340.54,-3.23,1495.72,0.0,51.73,1.08,168,0.0,85,0.0,83,0.0,0,0.0,50.6,0.0,2022-09-04,-,0,-
-,-,seyedempire,-,1340.23,-2.63,1538.0,0.0,65.92,0.88,42,0.0,23,0.0,19,0.0,0,0.0,54.76,0.0,2025-03-20,-,0,939.0
-,-,SteveMB55,-,1339.89,-3.26,1491.36,0.0,50.49,1.09,180,0.0,96,0.0,82,0.0,2,0.0,53.33,0.0,2022-09-04,-,0,-
935,-28,srapi,-,1339.73,-2.93,1509.58,0.0,56.62,0.98,50,0.0,22,0.0,28,0.0,0,0.0,44.0,0.0,2025-12-16,-,0,872.0
936,153,Conzi,-,1339.68,89.34,1478.25,34.8,46.19,-18.18,82,37.0,41,18.0,40,19.0,1,0.0,50.0,-1.11,2026-05-20,-,0,-
-,-,Bahul,-,1339.65,-2.53,1534.73,0.0,65.03,0.84,45,0.0,24,0.0,19,0.0,2,0.0,53.33,0.0,2024-04-04,-,0,-
-,-,Onlineguy,-,1339.56,-3.22,1492.87,0.0,51.1,1.07,90,0.0,43,0.0,46,0.0,1,0.0,47.78,0.0,2024-07-01,-,0,-
-,-,warwick716,-,1339.52,-1.99,1586.16,0.0,82.21,0.66,30,0.0,22,0.0,8,0.0,0,0.0,73.33,0.0,2023-09-03,-,0,-
937,-29,ekatar,-,1339.27,-3.14,1497.56,0.0,52.76,1.05,59,0.0,25,0.0,34,0.0,0,0.0,42.37,0.0,2026-01-31,-,0,989.0
938,-29,monkeyml,-,1339.2,-2.39,1420.17,-2.16,26.99,0.08,437,25.0,188,8.0,243,17.0,6,0.0,43.02,-0.67,2026-05-15,-,0,640.0
-,-,clickk,-,1338.99,-2.71,1521.02,0.0,60.68,0.9,45,0.0,16,0.0,28,0.0,1,0.0,35.56,0.0,2025-03-23,-,0,939.0
-,-,Shobalk,US,1338.95,-3.77,1471.19,0.0,44.08,1.26,274,0.0,137,0.0,135,0.0,2,0.0,50.0,0.0,2023-12-03,-,0,-
-,-,Vascostamartins,-,1338.87,-3.71,1488.35,0.0,49.83,1.24,168,0.0,84,0.0,81,0.0,3,0.0,50.0,0.0,2023-09-03,-,0,-
939,-76,Dvd75,IT,1338.68,-25.41,1410.32,-25.85,23.88,-0.15,829,42.0,365,9.0,462,33.0,2,0.0,44.03,-1.21,2026-05-31,-,0,609.0
-,-,Don_B,-,1338.68,-1.43,1680.85,0.0,114.06,0.48,18,0.0,16,0.0,2,0.0,0,0.0,88.89,0.0,2021-06-02,-,0,-
-,-,Nigma,RU,1338.47,-3.37,1487.84,0.0,49.79,1.12,173,0.0,82,0.0,91,0.0,0,0.0,47.4,0.0,2023-03-01,-,0,-
940,-34,Nopeasuoli,FI,1338.43,-4.33,1453.31,0.0,38.29,1.44,116,0.0,59,0.0,56,0.0,1,0.0,50.86,0.0,2026-02-03,-,0,845.0
-,-,rdztfidh,-,1338.23,-1.94,1590.66,0.0,84.14,0.65,22,0.0,13,0.0,9,0.0,0,0.0,59.09,0.0,2023-12-01,-,0,-
941,-40,InGodWeTrust,-,1338.2,-6.8,1530.44,-22.03,64.08,-5.08,37,7.0,14,3.0,23,4.0,0,0.0,37.84,1.17,2026-05-16,-,0,-
-,-,Dedengkot,-,1337.91,-3.41,1486.3,0.0,49.46,1.14,196,0.0,100,0.0,94,0.0,2,0.0,51.02,0.0,2023-12-03,-,0,-
-,-,Scurvydraco,-,1337.68,-3.67,1478.0,0.0,46.77,1.22,102,0.0,46,0.0,56,0.0,0,0.0,45.1,0.0,2025-04-30,-,0,1388.0
-,-,Medicus,-,1337.45,-3.56,1476.26,0.0,46.27,1.19,110,0.0,43,0.0,67,0.0,0,0.0,39.09,0.0,2025-03-04,-,0,939.0
-,-,Tsachi,-,1336.92,-2.47,1536.0,0.0,66.36,0.82,45,0.0,18,0.0,27,0.0,0,0.0,40.0,0.0,2023-04-16,-,0,-
942,12,kev5047,GB,1336.26,16.09,1411.92,13.79,25.22,-0.77,472,49.0,180,23.0,289,26.0,3,0.0,38.14,1.02,2026-05-25,-,0,565.0
943,new,Tomy_hexaper,-,1335.28,885.28,1725.15,225.15,129.95,129.95,7,7.0,6,6.0,1,1.0,0,0.0,85.71,85.71,2026-05-11,-,0,-
-,-,pgierasi,PL,1334.99,-3.8,1463.74,0.0,42.92,1.27,193,0.0,85,0.0,105,0.0,3,0.0,44.04,0.0,2024-02-29,-,0,-
944,-12,GamesClaw,-,1334.57,5.54,1426.29,6.43,30.57,0.29,314,12.0,145,7.0,169,5.0,0,0.0,46.18,0.48,2026-05-18,-,0,805.0
945,-55,salvor7,CA,1334.44,-16.38,1450.1,-16.45,38.55,-0.02,129,6.0,62,1.0,63,5.0,4,0.0,48.06,-1.53,2026-05-02,-,0,1067.0
-,-,Ockham,-,1334.38,-2.5,1531.0,0.0,65.54,0.83,45,0.0,24,0.0,21,0.0,0,0.0,53.33,0.0,2024-04-04,-,0,-
-,-,T-dawg,US,1334.23,-2.41,1538.08,0.0,67.95,0.8,33,0.0,20,0.0,13,0.0,0,0.0,60.61,0.0,2025-02-16,-,0,-
-,-,Backburner,LB,1333.93,-3.54,1476.23,0.0,47.43,1.18,201,0.0,100,0.0,101,0.0,0,0.0,49.75,0.0,2024-04-04,-,0,-
-,-,peracottari,-,1333.77,-4.21,1481.81,0.0,49.35,1.4,459,0.0,205,0.0,249,0.0,5,0.0,44.66,0.0,2023-02-18,-,0,-
946,-30,LudoH,-,1333.66,-3.27,1484.56,0.0,50.3,1.09,70,0.0,27,0.0,42,0.0,1,0.0,38.57,0.0,2026-02-04,-,0,872.0
-,-,Evilc,-,1333.08,-2.16,1560.46,0.0,75.8,0.72,34,0.0,17,0.0,17,0.0,0,0.0,50.0,0.0,2023-03-01,-,0,-
-,-,osterangen,-,1332.97,-4.1,1467.62,0.0,44.88,1.37,399,0.0,196,0.0,196,0.0,7,0.0,49.12,0.0,2023-07-15,-,0,-
-,-,Rajasands,-,1332.31,-3.59,1469.33,0.0,45.67,1.2,108,0.0,47,0.0,60,0.0,1,0.0,43.52,0.0,2025-03-27,-,0,868.0
-,-,RooK666,-,1332.0,-1.6,1638.39,0.0,102.13,0.53,18,0.0,14,0.0,4,0.0,0,0.0,77.78,0.0,2021-09-05,-,0,-
947,-23,pandaczar,-,1331.85,-1.02,1452.29,-7.15,40.15,-2.04,115,15.0,49,3.0,66,12.0,0,0.0,42.61,-3.39,2026-03-31,-,0,939.0
-,-,superginger,-,1331.85,-3.62,1473.68,0.0,47.28,1.21,241,0.0,108,0.0,132,0.0,1,0.0,44.81,0.0,2023-03-05,-,0,-
948,65,ce.re,-,1331.77,36.07,1521.7,-27.98,63.31,-21.35,40,15.0,20,5.0,20,10.0,0,0.0,50.0,-10.0,2026-03-26,-,0,-
-,-,bobis,-,1331.55,-2.84,1505.51,0.0,57.99,0.95,82,0.0,49,0.0,32,0.0,1,0.0,59.76,0.0,2023-08-25,-,0,-
-,-,KristianMedK,-,1331.38,-2.92,1502.46,0.0,57.03,0.97,150,0.0,83,0.0,64,0.0,3,0.0,55.33,0.0,2021-09-05,-,0,-
949,-29,razorsedger,-,1331.3,-3.38,1477.29,0.0,48.66,1.13,73,0.0,36,0.0,36,0.0,1,0.0,49.32,0.0,2026-02-03,-,0,939.0
-,-,Cragheart,DK,1331.12,-3.6,1481.43,0.0,50.1,1.2,176,0.0,84,0.0,91,0.0,1,0.0,47.73,0.0,2023-04-16,-,0,-
950,-29,mikey1nt,-,1330.49,-3.89,1460.7,0.0,43.4,1.3,126,0.0,57,0.0,68,0.0,1,0.0,45.24,0.0,2025-12-01,-,0,1067.0
951,-13,Colorado,-,1330.17,3.25,1440.91,5.29,36.91,0.68,229,6.0,83,2.0,145,4.0,1,0.0,36.24,-0.08,2026-05-29,-,0,-
952,new,jdtyler7,-,1330.09,880.09,1501.26,1.26,57.06,57.06,46,46.0,28,28.0,18,18.0,0,0.0,60.87,60.87,2026-05-26,-,0,-
-,-,Cahir,-,1329.93,-1.37,1686.86,0.0,118.98,0.46,12,0.0,11,0.0,1,0.0,0,0.0,91.67,0.0,2022-02-22,-,0,-
-,-,kwarrend,US,1329.78,-2.38,1536.27,0.0,68.83,0.79,48,0.0,25,0.0,22,0.0,1,0.0,52.08,0.0,2023-03-01,-,0,-
953,87,Chroso,-,1329.69,51.1,1484.92,25.65,51.74,-8.48,75,15.0,32,7.0,42,7.0,1,1.0,42.67,1.0,2026-03-31,-,0,989.0
-,-,cheekysausage,-,1329.62,-2.25,1547.74,0.0,72.71,0.75,60,0.0,35,0.0,25,0.0,0,0.0,58.33,0.0,2021-06-02,-,0,-
-,-,Entername,-,1329.31,-2.73,1511.1,0.0,60.6,0.91,45,0.0,18,0.0,27,0.0,0,0.0,40.0,0.0,2025-03-28,-,0,939.0
-,-,yesod,-,1329.13,-2.73,1516.68,0.0,62.52,0.91,90,0.0,49,0.0,41,0.0,0,0.0,54.44,0.0,2021-12-05,-,0,-
954,-26,RDavy,-,1329.1,-1.24,1724.74,0.0,131.88,0.41,7,0.0,6,0.0,1,0.0,0,0.0,85.71,0.0,2026-02-11,-,0,-
-,-,gaute,-,1328.52,-1.27,1712.6,0.0,128.03,0.42,18,0.0,14,0.0,4,0.0,0,0.0,77.78,0.0,2018-10-14,-,0,-
-,-,Sotinche,-,1328.38,-3.56,1465.2,0.0,45.61,1.19,273,0.0,126,0.0,145,0.0,2,0.0,46.15,0.0,2023-02-28,-,0,-
955,-30,Repick,-,1328.19,-4.01,1452.36,0.0,41.39,1.34,129,0.0,57,0.0,72,0.0,0,0.0,44.19,0.0,2026-02-06,-,0,989.0
-,-,Eyswein,US,1327.98,-3.22,1480.41,0.0,50.81,1.07,79,0.0,38,0.0,41,0.0,0,0.0,48.1,0.0,2025-02-16,-,0,-
956,-34,Bonobours,FR,1327.87,-6.37,1408.49,0.0,26.87,2.12,344,0.0,152,0.0,191,0.0,1,0.0,44.19,0.0,2026-02-08,-,0,679.0
957,-2,dmhalford,IT,1327.68,9.2,1407.05,11.72,26.46,0.84,793,18.0,321,9.0,466,9.0,6,0.0,40.48,0.22,2026-05-02,-,0,700.0
-,-,272194996,-,1327.53,-2.87,1517.16,0.0,63.21,0.96,94,0.0,51,0.0,43,0.0,0,0.0,54.26,0.0,2021-12-05,-,0,-
958,-29,Zzharg,-,1327.42,-2.33,1537.88,0.0,70.15,0.78,29,0.0,11,0.0,18,0.0,0,0.0,37.93,0.0,2026-02-14,-,0,-
-,-,shockway,-,1327.39,-3.74,1479.44,0.0,50.69,1.25,278,0.0,131,0.0,136,0.0,11,0.0,47.12,0.0,2022-11-30,-,0,-
-,-,Palace,-,1327.1,-3.29,1478.85,0.0,50.58,1.1,90,0.0,33,0.0,56,0.0,1,0.0,36.67,0.0,2025-03-30,-,0,757.0
959,-29,Schedar,-,1326.91,-2.77,1418.31,-0.59,30.47,0.73,484,12.0,206,3.0,272,9.0,6,0.0,42.56,-0.45,2026-03-16,-,0,836.0
-,-,Luedegast,-,1326.32,-2.43,1529.69,0.0,67.79,0.81,45,0.0,25,0.0,20,0.0,0,0.0,55.56,0.0,2024-04-04,-,0,-
960,-29,MrTriangle,-,1326.0,-3.11,1495.67,0.0,56.55,1.04,71,0.0,36,0.0,35,0.0,0,0.0,50.7,0.0,2025-09-18,-,0,-
961,4,akira215,US,1325.77,11.48,1393.32,16.2,22.52,1.57,1104,25.0,464,14.0,632,11.0,8,0.0,42.03,0.32,2026-05-31,-,0,457.0
962,-43,greyshade,-,1325.61,-9.48,1400.96,-6.93,25.12,0.85,852,28.0,365,8.0,483,20.0,4,0.0,42.84,-0.49,2026-05-22,-,0,494.0
963,-30,Norgaimen,-,1325.28,-3.64,1461.24,0.0,45.32,1.21,124,0.0,60,0.0,64,0.0,0,0.0,48.39,0.0,2026-02-01,-,0,-
964,160,FireBones,-,1325.27,97.81,1524.07,-59.1,66.27,-52.3,35,25.0,20,13.0,13,10.0,2,2.0,57.14,-12.86,2026-05-25,-,0,-
965,-47,hyudun,-,1325.24,-9.85,1493.59,-47.83,56.11,-12.66,45,15.0,17,3.0,28,12.0,0,0.0,37.78,-8.89,2026-03-24,-,0,-
-,-,thelittlejim,-,1325.23,-4.55,1452.13,0.0,42.3,1.52,301,0.0,138,0.0,159,0.0,4,0.0,45.85,0.0,2024-03-17,-,0,-
966,1,Chenese,-,1325.09,11.39,1460.65,-3.03,45.19,-4.81,75,15.0,32,4.0,42,10.0,1,1.0,42.67,-4.0,2026-03-24,-,0,1118.0
-,-,Ptarr,-,1325.08,-2.93,1498.76,0.0,57.89,0.98,91,0.0,45,0.0,46,0.0,0,0.0,49.45,0.0,2023-01-15,-,0,-
-,-,Devius,-,1324.97,-2.52,1522.0,0.0,65.68,0.84,45,0.0,15,0.0,29,0.0,1,0.0,33.33,0.0,2024-07-01,-,0,-
967,-33,Linsage,-,1324.85,-3.74,1460.62,0.0,45.26,1.25,103,0.0,41,0.0,62,0.0,0,0.0,39.81,0.0,2026-02-02,-,0,757.0
968,-28,Jolli,-,1324.77,-1.11,1396.93,-0.29,24.05,0.27,501,36.0,211,14.0,283,20.0,7,2.0,42.12,-0.25,2026-05-27,-,0,500.0
-,-,Arnekin,-,1324.35,-2.35,1536.53,0.0,70.73,0.78,64,0.0,36,0.0,26,0.0,2,0.0,56.25,0.0,2024-12-03,G,2,1287.0
-,-,chisuru,-,1323.89,-2.82,1500.14,0.0,58.75,0.94,62,0.0,26,0.0,35,0.0,1,0.0,41.94,0.0,2024-04-04,-,0,-
-,-,Melingsguten,-,1323.74,-2.96,1491.1,0.0,55.79,0.99,71,0.0,35,0.0,36,0.0,0,0.0,49.3,0.0,2024-11-14,-,0,1287.0
969,-30,mobeza,-,1323.58,-2.92,1492.45,0.0,56.29,0.97,50,0.0,27,0.0,23,0.0,0,0.0,54.0,0.0,2026-02-01,-,0,1067.0
970,-53,rstrack,-,1323.57,-11.54,1445.55,-18.98,40.66,-2.48,132,15.0,65,4.0,65,11.0,2,0.0,49.24,-2.9,2026-03-24,-,0,1287.0
-,-,Kleopatra,-,1323.53,-2.32,1534.65,0.0,70.37,0.77,54,0.0,28,0.0,25,0.0,1,0.0,51.85,0.0,2021-03-02,-,0,-
-,-,dontatum,-,1323.43,-3.02,1497.0,0.0,57.86,1.01,138,0.0,68,0.0,70,0.0,0,0.0,49.28,0.0,2022-02-28,-,0,-
-,-,uday,PL,1323.09,-4.47,1436.96,0.0,37.96,1.49,203,0.0,90,0.0,111,0.0,2,0.0,44.33,0.0,2025-04-01,-,0,872.0
971,-20,Mejdzr,CZ,1323.04,1.51,1401.4,4.91,26.12,1.13,728,18.0,307,8.0,411,10.0,10,0.0,42.17,0.06,2026-04-17,G,2,536.0
-,-,Maciej,-,1322.2,-3.04,1496.64,0.0,58.15,1.01,81,0.0,41,0.0,40,0.0,0,0.0,50.62,0.0,2024-04-04,-,0,-
972,192,Noa1,-,1322.08,122.31,1524.66,97.4,67.53,-8.3,40,7.0,24,6.0,16,1.0,0,0.0,60.0,5.45,2026-05-19,-,0,-
-,-,legendeman,-,1321.5,-1.4,1671.43,0.0,116.65,0.47,12,0.0,11,0.0,1,0.0,0,0.0,91.67,0.0,2022-02-27,-,0,-
-,-,InquisitorEisenhorn,US,1321.46,-3.2,1485.72,0.0,54.75,1.07,108,0.0,61,0.0,46,0.0,1,0.0,56.48,0.0,2022-12-04,-,0,-
973,33,Lamont_Gu,-,1321.44,23.53,1489.49,-14.71,56.02,-12.75,45,15.0,20,5.0,25,10.0,0,0.0,44.44,-5.56,2026-03-25,-,0,-
-,-,fas723,-,1321.38,-2.43,1525.29,0.0,67.97,0.81,45,0.0,22,0.0,22,0.0,1,0.0,48.89,0.0,2024-04-04,-,0,-
-,-,pilalla,-,1321.18,-2.22,1546.91,0.0,75.24,0.74,54,0.0,30,0.0,24,0.0,0,0.0,55.56,0.0,2020-12-06,-,0,-
-,-,terroirista,-,1321.04,-2.59,1509.63,0.0,62.86,0.86,134,0.0,72,0.0,60,0.0,2,0.0,53.73,0.0,2020-09-24,G,2,-
-,-,mikykcul,-,1320.97,-1.18,1734.92,0.0,137.98,0.39,8,0.0,6,0.0,2,0.0,0,0.0,75.0,0.0,2022-01-01,-,0,-
-,-,ReneTTA,-,1320.95,-2.26,1538.25,0.0,72.43,0.75,36,0.0,25,0.0,11,0.0,0,0.0,69.44,0.0,2024-10-24,-,0,-
-,-,Gadgame,-,1320.89,-2.3,1534.21,0.0,71.11,0.77,40,0.0,20,0.0,19,0.0,1,0.0,50.0,0.0,2024-04-04,-,0,-
-,-,Gwindor,-,1320.52,-3.21,1472.96,0.0,50.81,1.07,145,0.0,65,0.0,80,0.0,0,0.0,44.83,0.0,2023-12-03,-,0,-
974,-95,rrobby,IT,1320.48,-35.98,1441.22,-64.22,40.25,-9.41,106,30.0,41,5.0,64,24.0,1,1.0,38.68,-8.69,2026-05-30,-,0,1287.0
975,-31,JohnDavie,-,1320.41,-3.41,1465.68,0.0,48.42,1.14,75,0.0,30,0.0,45,0.0,0,0.0,40.0,0.0,2026-02-02,-,0,939.0
-,-,HansBugge,NO,1320.34,-5.57,1416.68,0.0,32.11,1.86,574,0.0,273,0.0,295,0.0,6,0.0,47.56,0.0,2025-04-30,-,0,700.0
-,-,darkstar75,IT,1320.28,-3.76,1467.46,0.0,49.06,1.25,240,0.0,116,0.0,123,0.0,1,0.0,48.33,0.0,2023-02-12,-,0,-
976,-49,Jmstoic,-,1320.28,-11.08,1408.54,-18.33,29.42,-2.42,394,37.0,152,11.0,236,26.0,6,0.0,38.58,-0.92,2026-05-28,-,0,1244.0
977,-27,Wolfric,-,1320.27,-1.88,1581.25,0.0,86.99,0.63,30,0.0,13,0.0,17,0.0,0,0.0,43.33,0.0,2026-02-03,-,0,-
978,-22,tanman,-,1320.19,1.85,1394.89,2.27,24.9,0.14,911,36.0,377,13.0,522,22.0,12,1.0,41.38,-0.22,2026-05-29,-,0,570.0
-,-,Emiliano,IT,1320.18,-3.88,1453.03,0.0,44.28,1.29,381,0.0,169,0.0,210,0.0,2,0.0,44.36,0.0,2024-04-04,-,0,-
979,-30,Dumnac,FR,1319.47,-3.22,1389.35,-1.76,23.29,0.48,541,42.0,227,19.0,310,23.0,4,0.0,41.96,0.28,2026-05-31,-,0,611.0
980,-38,Chrono_,-,1319.4,-4.82,1421.9,0.0,34.17,1.61,188,0.0,81,0.0,107,0.0,0,0.0,43.09,0.0,2026-01-29,-,0,534.0
-,-,Stu12,-,1319.32,-1.94,1571.49,0.0,84.06,0.65,48,0.0,28,0.0,20,0.0,0,0.0,58.33,0.0,2019-12-30,-,0,-
-,-,Kunizial,-,1319.27,-2.14,1548.72,0.0,76.48,0.71,29,0.0,13,0.0,16,0.0,0,0.0,44.83,0.0,2025-02-04,-,0,989.0
981,-58,Melon6688,CA,1318.9,-14.05,1392.37,-11.49,24.49,0.85,1254,45.0,540,15.0,700,30.0,14,0.0,43.06,-0.36,2026-05-18,-,0,742.0
982,-22,Monik,LT,1318.76,2.75,1382.56,5.06,21.27,0.77,1392,55.0,562,25.0,820,30.0,10,0.0,40.37,0.21,2026-05-31,-,0,500.0
-,-,pootify,-,1318.69,-1.94,1572.96,0.0,84.76,0.65,24,0.0,12,0.0,12,0.0,0,0.0,50.0,0.0,2025-02-01,-,0,1067.0
983,-86,Sapiocek,-,1318.4,-28.8,1412.67,-25.83,31.42,0.99,495,12.0,212,0.0,278,12.0,5,0.0,42.83,-1.06,2026-05-03,G,2,796.0
-,-,tolong,-,1318.2,-2.11,1550.44,0.0,77.41,0.7,36,0.0,19,0.0,17,0.0,0,0.0,52.78,0.0,2021-06-02,-,0,-
984,101,vansmith3555,-,1318.03,63.27,1504.29,2.96,62.09,-20.1,45,15.0,22,6.0,23,9.0,0,0.0,48.89,-4.44,2026-03-29,-,0,-
985,-23,KTown,-,1317.83,2.74,1392.54,4.2,24.9,0.49,571,30.0,229,16.0,339,14.0,3,0.0,40.11,0.74,2026-05-30,-,0,589.0
986,78,Madivar,-,1317.39,53.05,1467.11,36.09,49.91,-5.65,74,15.0,34,8.0,40,7.0,0,0.0,45.95,1.88,2026-03-20,-,0,1067.0
-,-,grantfive,-,1317.35,-2.46,1516.56,0.0,66.4,0.82,60,0.0,33,0.0,26,0.0,1,0.0,55.0,0.0,2022-03-06,-,0,-
987,-18,Czarny,-,1317.34,6.07,1490.04,-38.2,57.57,-14.76,44,15.0,24,5.0,20,10.0,0,0.0,54.55,-10.97,2026-03-22,-,0,-
988,47,Mammaklaskern,-,1317.34,35.91,1441.55,3.02,41.4,-10.96,86,31.0,41,14.0,45,17.0,0,0.0,47.67,-1.42,2026-05-11,-,0,1375.0
-,-,Jerry2017,-,1316.83,-1.16,1737.93,0.0,140.37,0.39,7,0.0,7,0.0,0,0.0,0,0.0,100.0,0.0,2025-05-26,-,0,1262.0
-,-,Mouette,-,1316.61,-3.76,1455.57,0.0,46.32,1.25,169,0.0,67,0.0,97,0.0,5,0.0,39.64,0.0,2024-10-13,-,0,-
989,-11,Zero_1627,-,1316.52,8.53,1457.31,-6.31,46.93,-4.95,74,15.0,33,4.0,41,11.0,0,0.0,44.59,-4.56,2026-03-24,-,0,989.0
-,-,3soteric,-,1316.5,-1.65,1612.67,0.0,98.72,0.55,24,0.0,17,0.0,7,0.0,0,0.0,70.83,0.0,2021-05-26,-,0,-
-,-,Grandnewby,-,1316.44,-3.26,1467.83,0.0,50.46,1.09,72,0.0,40,0.0,31,0.0,1,0.0,55.56,0.0,2025-04-30,-,0,849.0
-,-,bzburnin,-,1316.22,-5.77,1410.68,0.0,31.49,1.92,1086,0.0,430,0.0,638,0.0,18,0.0,39.59,0.0,2025-05-13,G,6,707.0
-,-,Robson_Ponte,-,1315.6,-4.25,1430.38,0.0,38.26,1.42,353,0.0,167,0.0,183,0.0,3,0.0,47.31,0.0,2024-04-14,-,0,-
-,-,pablocg,-,1315.55,-2.2,1538.4,0.0,74.28,0.73,30,0.0,17,0.0,13,0.0,0,0.0,56.67,0.0,2024-04-04,-,0,-
-,-,Machote,-,1315.3,-2.01,1562.31,0.0,82.33,0.67,22,0.0,9,0.0,13,0.0,0,0.0,40.91,0.0,2024-04-04,-,0,-
-,-,Sir_Smiley,-,1315.01,-2.33,1524.99,0.0,70.0,0.78,54,0.0,28,0.0,24,0.0,2,0.0,51.85,0.0,2021-06-02,-,0,-
-,-,likkle1,GB,1314.99,-4.08,1444.92,0.0,43.31,1.36,240,0.0,104,0.0,136,0.0,0,0.0,43.33,0.0,2024-04-04,-,0,-
990,-32,stshow123,-,1314.91,-2.2,1538.12,0.0,74.4,0.73,25,0.0,15,0.0,10,0.0,0,0.0,60.0,0.0,2025-11-23,-,0,1245.0
991,-54,Rick80,-,1314.63,-12.94,1387.37,-11.74,24.25,0.4,681,31.0,286,12.0,391,19.0,4,0.0,42.0,-0.15,2026-05-31,-,0,618.0
-,-,jabroney,AU,1314.25,-2.92,1482.11,0.0,55.95,0.97,120,0.0,68,0.0,52,0.0,0,0.0,56.67,0.0,2022-08-30,-,0,-
-,-,marcusesses1,CA,1314.25,-4.32,1430.65,0.0,38.8,1.44,301,0.0,137,0.0,162,0.0,2,0.0,45.51,0.0,2025-01-16,-,0,1184.0
-,-,Pluppo,-,1314.22,-2.72,1498.43,0.0,61.4,0.91,108,0.0,57,0.0,51,0.0,0,0.0,52.78,0.0,2021-09-05,-,0,-
-,-,Cruul,-,1314.06,-3.23,1465.37,0.0,50.44,1.08,228,0.0,109,0.0,116,0.0,3,0.0,47.81,0.0,2022-06-05,-,0,-
992,-56,Brickmarck,-,1313.74,-14.11,1406.23,-20.9,30.83,-2.27,252,33.0,103,7.0,147,25.0,2,1.0,40.87,-2.97,2026-04-17,-,0,1067.0
-,-,Ayakonutty,-,1313.61,-3.39,1458.98,0.0,48.46,1.13,88,0.0,42,0.0,46,0.0,0,0.0,47.73,0.0,2025-05-25,-,0,780.0
-,-,pororo2,-,1313.3,-2.86,1488.26,0.0,58.32,0.95,112,0.0,60,0.0,52,0.0,0,0.0,53.57,0.0,2021-12-05,-,0,-
993,93,spdwhat,-,1312.89,58.73,1478.68,23.43,55.26,-11.77,45,15.0,20,6.0,24,8.0,1,1.0,44.44,-2.23,2026-03-27,-,0,-
-,-,Menno,-,1312.77,-4.39,1434.11,0.0,40.45,1.46,333,0.0,142,0.0,188,0.0,3,0.0,42.64,0.0,2024-07-01,G,2,-
-,-,Essios,-,1312.55,-2.16,1543.97,0.0,77.14,0.72,54,0.0,24,0.0,29,0.0,1,0.0,44.44,0.0,2021-03-02,-,0,-
-,-,Valec,-,1311.98,-3.61,1449.74,0.0,45.92,1.2,131,0.0,62,0.0,69,0.0,0,0.0,47.33,0.0,2024-10-31,-,0,-
994,-12,Drizzt84,-,1311.74,5.34,1394.38,7.21,27.55,0.62,541,18.0,198,8.0,340,10.0,3,0.0,36.6,0.27,2026-04-21,-,0,659.0
-,-,Abby1991,-,1311.65,-2.51,1507.03,0.0,65.13,0.84,64,0.0,32,0.0,30,0.0,2,0.0,50.0,0.0,2022-05-29,-,0,-
995,-52,tysat,-,1311.59,-12.4,1391.25,-11.99,26.55,0.13,492,25.0,200,8.0,288,17.0,4,0.0,40.65,-0.46,2026-05-27,-,0,522.0
-,-,fli_pao,-,1311.45,-4.58,1420.06,0.0,36.21,1.53,324,0.0,147,0.0,175,0.0,2,0.0,45.37,0.0,2025-05-14,-,0,716.0
-,-,Khashir,-,1311.18,-1.99,1558.62,0.0,82.48,0.66,36,0.0,23,0.0,13,0.0,0,0.0,63.89,0.0,2021-09-05,-,0,-
996,-37,Buiz,DK,1310.73,-5.48,1408.2,0.0,32.49,1.83,475,0.0,209,0.0,265,0.0,1,0.0,44.0,0.0,2026-02-04,-,0,788.0
-,-,Ado,-,1310.6,-4.01,1464.26,0.0,51.22,1.34,272,0.0,126,0.0,144,0.0,2,0.0,46.32,0.0,2024-08-22,G,2,1245.0
-,-,raymebeats,-,1310.44,-1.69,1601.27,0.0,96.94,0.56,18,0.0,15,0.0,3,0.0,0,0.0,83.33,0.0,2024-03-03,-,0,-
997,12,abobey,ES,1310.38,12.92,1376.37,14.45,22.0,0.51,1185,49.0,470,23.0,703,25.0,12,1.0,39.66,0.31,2026-05-31,-,0,534.0
999,-291,Bigsbyben,-,1310.07,-111.86,1496.11,-189.69,62.01,-25.95,47,22.0,22,6.0,25,16.0,0,0.0,46.81,-17.19,2026-05-18,-,0,-
998,27,RuslanP,-,1310.07,23.4,1498.9,-21.75,62.94,-15.05,45,15.0,19,3.0,26,12.0,0,0.0,42.22,-11.11,2026-03-23,-,0,-
1000,5,HRG,-,1309.98,12.04,1379.99,14.71,23.33,0.89,750,36.0,284,16.0,462,20.0,4,0.0,37.87,0.33,2026-05-31,-,0,517.0
-,-,onerija,-,1309.91,-1.99,1559.7,0.0,83.27,0.66,36,0.0,23,0.0,13,0.0,0,0.0,63.89,0.0,2021-03-02,-,0,-
1001,-44,Joppur,SE,1309.47,-7.68,1394.02,0.0,28.18,2.56,707,0.0,282,0.0,422,0.0,3,0.0,39.89,0.0,2026-02-28,-,0,396.0
-,-,Pandaiga,-,1309.23,-1.71,1596.29,0.0,95.69,0.57,36,0.0,21,0.0,15,0.0,0,0.0,58.33,0.0,2018-10-14,-,0,-
1002,-67,Jume,ES,1308.81,-19.65,1371.85,-17.71,21.01,0.65,632,55.0,249,13.0,376,42.0,7,0.0,39.4,-1.5,2026-05-25,-,0,496.0
1003,-42,Biggi86,-,1308.72,-7.21,1404.17,-4.29,31.82,0.97,256,6.0,119,2.0,137,4.0,0,0.0,46.48,-0.32,2026-04-29,-,0,1067.0
-,-,wicaksonoadi,-,1308.42,-2.48,1508.9,0.0,66.83,0.83,60,0.0,31,0.0,28,0.0,1,0.0,51.67,0.0,2021-08-19,-,0,-
1004,-56,luckrider,DE,1308.34,-14.43,1383.15,-12.8,24.94,0.54,573,31.0,231,8.0,335,22.0,7,1.0,40.31,-0.83,2026-05-31,-,0,432.0
-,-,Scar_702,-,1308.31,-1.76,1587.59,0.0,93.1,0.59,18,0.0,12,0.0,6,0.0,0,0.0,66.67,0.0,2024-06-02,-,0,-
-,-,Aksiom,-,1308.11,-3.29,1465.33,0.0,52.41,1.1,218,0.0,100,0.0,117,0.0,1,0.0,45.87,0.0,2022-03-06,-,0,-
1005,-35,Beewiz,-,1308.1,-2.67,1494.04,0.0,61.98,0.89,45,0.0,20,0.0,25,0.0,0,0.0,44.44,0.0,2026-01-30,-,0,1287.0
-,-,jczas,-,1307.92,-2.06,1545.91,0.0,79.33,0.69,36,0.0,21,0.0,15,0.0,0,0.0,58.33,0.0,2022-05-29,-,0,-
1006,-33,JakPut,-,1306.6,-3.13,1464.7,0.0,52.7,1.04,69,0.0,34,0.0,34,0.0,1,0.0,49.28,0.0,2026-02-01,-,0,872.0
-,-,joaoleal2,-,1306.45,-3.22,1472.8,0.0,55.45,1.07,230,0.0,101,0.0,128,0.0,1,0.0,43.91,0.0,2022-01-01,-,0,-
1007,-30,wrx666,-,1306.36,-1.94,1559.34,0.0,84.33,0.65,30,0.0,14,0.0,16,0.0,0,0.0,46.67,0.0,2026-02-05,-,0,-
1008,-24,vgiannog,-,1306.23,0.5,1390.26,-0.23,28.01,-0.24,265,24.0,114,11.0,148,13.0,3,0.0,43.02,0.28,2026-05-29,-,0,602.0
-,-,Boerpopoer,-,1306.14,-2.83,1483.74,0.0,59.2,0.94,90,0.0,45,0.0,45,0.0,0,0.0,50.0,0.0,2022-03-06,-,0,-
-,-,pdp01,-,1305.8,-2.95,1473.14,0.0,55.78,0.98,162,0.0,80,0.0,82,0.0,0,0.0,49.38,0.0,2021-11-15,-,0,-
1009,-2,Andreyko2003,-,1305.68,8.14,1405.67,6.9,33.33,-0.41,200,13.0,79,7.0,119,6.0,2,0.0,39.5,1.0,2026-05-20,-,0,661.0
-,-,PiftaIsItYou,-,1305.63,-3.23,1464.99,0.0,53.12,1.08,204,0.0,100,0.0,100,0.0,4,0.0,49.02,0.0,2023-06-04,G,2,-
1010,-31,EdWARlock,-,1305.6,-2.33,1516.69,0.0,70.36,0.78,30,0.0,11,0.0,17,0.0,2,0.0,36.67,0.0,2026-02-11,-,0,-
-,-,DocFleischmann,-,1305.42,-2.09,1539.93,0.0,78.17,0.7,30,0.0,12,0.0,17,0.0,1,0.0,40.0,0.0,2024-04-04,-,0,-
1011,-37,Zazabuzao,-,1305.29,-4.37,1419.61,0.0,38.1,1.46,177,0.0,75,0.0,101,0.0,1,0.0,42.37,0.0,2025-10-07,-,0,1116.0
1012,-36,gwfalcon,-,1305.18,-3.71,1439.51,0.0,44.78,1.24,108,0.0,46,0.0,62,0.0,0,0.0,42.59,0.0,2026-02-05,-,0,1118.0
-,-,Pablito,-,1305.15,-3.83,1434.86,0.0,43.24,1.28,407,0.0,182,0.0,223,0.0,2,0.0,44.72,0.0,2023-08-25,-,0,-
-,-,Schlangenfuerst,-,1304.97,-1.13,1738.99,0.0,144.67,0.38,8,0.0,5,0.0,3,0.0,0,0.0,62.5,0.0,2022-01-01,-,0,-
-,-,Grotaron,-,1304.8,-1.66,1600.62,0.0,98.61,0.55,18,0.0,11,0.0,7,0.0,0,0.0,61.11,0.0,2020-12-06,-,0,-
-,-,Garghi,IT,1304.51,-3.22,1458.57,0.0,51.36,1.07,91,0.0,50,0.0,40,0.0,1,0.0,54.95,0.0,2024-03-17,-,0,-
-,-,wylaryzel,AT,1304.15,-3.84,1437.41,0.0,44.42,1.28,272,0.0,130,0.0,139,0.0,3,0.0,47.79,0.0,2023-08-26,-,0,-
-,-,bluestar,-,1304.15,-1.2,1713.01,0.0,136.29,0.4,12,0.0,7,0.0,4,0.0,1,0.0,58.33,0.0,2019-06-13,-,0,-
-,-,CerseiShade,-,1303.62,-2.25,1523.45,0.0,73.28,0.75,54,0.0,25,0.0,28,0.0,1,0.0,46.3,0.0,2020-03-30,-,0,-
-,-,Fysh,-,1303.49,-2.46,1506.03,0.0,67.51,0.82,54,0.0,25,0.0,29,0.0,0,0.0,46.3,0.0,2021-12-05,-,0,-
-,-,Brecker,-,1303.48,-2.83,1478.3,0.0,58.28,0.94,108,0.0,51,0.0,56,0.0,1,0.0,47.22,0.0,2022-08-29,-,0,-
-,-,cibernyam,-,1302.86,-3.5,1445.59,0.0,47.58,1.17,131,0.0,53,0.0,75,0.0,3,0.0,40.46,0.0,2024-05-26,-,0,-
-,-,PhamNuwen,-,1302.75,-3.05,1463.82,0.0,53.69,1.02,72,0.0,36,0.0,35,0.0,1,0.0,50.0,0.0,2025-02-05,-,0,989.0
1013,-27,Gabilou,-,1302.7,-2.24,1407.16,-0.35,34.82,0.63,175,7.0,77,2.0,97,5.0,1,0.0,44.0,-0.64,2026-05-15,-,0,720.0
1014,-68,Mitchum,IT,1302.36,-20.94,1368.25,-20.84,21.96,0.03,567,58.0,224,15.0,341,43.0,2,0.0,39.51,-1.55,2026-05-31,-,0,491.0
-,-,donperizoma,-,1302.34,-2.78,1479.66,0.0,59.11,0.93,45,0.0,22,0.0,23,0.0,0,0.0,48.89,0.0,2025-03-27,-,0,939.0
-,-,1977dragon,-,1302.31,-3.09,1461.32,0.0,53.0,1.03,69,0.0,32,0.0,37,0.0,0,0.0,46.38,0.0,2024-09-04,-,0,1388.0
1015,31,verbalg,-,1302.27,27.88,1407.16,18.82,34.96,-3.02,133,25.0,57,14.0,76,11.0,0,0.0,42.86,3.05,2026-05-26,-,0,720.0
1016,-50,TeriyakiJaccuzi,US,1301.88,-12.09,1365.9,-9.48,21.34,0.87,1247,45.0,480,11.0,753,31.0,14,3.0,38.49,-0.53,2026-05-31,-,0,502.0
-,-,Amstrid,-,1301.54,-3.04,1476.07,0.0,58.18,1.01,104,0.0,51,0.0,52,0.0,1,0.0,49.04,0.0,2023-01-15,-,0,-
-,-,Maukka,-,1301.5,-4.19,1425.15,0.0,41.22,1.4,406,0.0,177,0.0,225,0.0,4,0.0,43.6,0.0,2024-04-04,-,0,-
1017,-36,Helen-the-great,-,1301.43,-5.03,1403.22,0.0,33.93,1.68,316,0.0,143,0.0,170,0.0,3,0.0,45.25,0.0,2026-02-10,-,0,572.0
1018,1,Bedrich_H,-,1301.27,10.25,1375.9,11.94,24.88,0.56,708,36.0,258,18.0,441,18.0,9,0.0,36.44,0.73,2026-05-31,-,0,602.0
-,-,RickLoftson,CA,1300.84,-2.21,1523.36,0.0,74.17,0.74,40,0.0,19,0.0,20,0.0,1,0.0,47.5,0.0,2022-03-06,-,0,-
1019,-1,Ulyssess,IT,1300.79,9.71,1374.9,11.82,24.7,0.7,749,30.0,292,15.0,451,15.0,6,0.0,38.99,0.46,2026-05-26,-,0,491.0
1020,-30,Cowzapper,-,1300.36,-2.22,1521.87,0.0,73.84,0.74,30,0.0,16,0.0,14,0.0,0,0.0,53.33,0.0,2026-02-01,-,0,-
1021,-109,Izayoi,-,1300.31,-39.83,1501.85,-147.09,67.18,-35.75,31,19.0,16,6.0,15,13.0,0,0.0,51.61,-31.72,2026-05-30,-,0,-
1022,new,scaggi,-,1300.07,850.07,1601.98,101.98,100.64,100.64,12,12.0,9,9.0,3,3.0,0,0.0,75.0,75.0,2026-05-25,-,0,-
-,-,Redder,-,1299.93,-1.69,1590.82,0.0,96.96,0.56,19,0.0,10,0.0,9,0.0,0,0.0,52.63,0.0,2023-01-15,-,0,-
1023,-34,colepiechotta,-,1299.87,-3.07,1460.06,0.0,53.4,1.02,55,0.0,21,0.0,34,0.0,0,0.0,38.18,0.0,2026-01-29,-,0,989.0
-,-,luiza,-,1299.64,-2.55,1496.22,0.0,65.53,0.85,72,0.0,40,0.0,32,0.0,0,0.0,55.56,0.0,2021-12-05,-,0,-
1024,-33,datboidankjuice,-,1299.55,-2.17,1526.14,0.0,75.53,0.72,30,0.0,15,0.0,15,0.0,0,0.0,50.0,0.0,2026-02-02,-,0,-
1025,-38,Cyrus_j2s,-,1299.33,-4.81,1404.26,0.0,34.98,1.6,299,0.0,127,0.0,172,0.0,0,0.0,42.47,0.0,2026-02-03,-,0,872.0
1026,-32,N0rBeer,-,1298.86,-2.29,1439.54,-12.66,46.89,-3.46,90,15.0,38,2.0,51,13.0,1,0.0,42.22,-5.78,2026-03-26,-,0,939.0
1027,-56,Chriiiss,FR,1298.73,-11.95,1371.86,-10.04,24.37,0.64,838,37.0,345,13.0,486,23.0,7,1.0,41.17,-0.28,2026-05-31,-,0,445.0
1028,-8,Jaja,CZ,1298.58,7.92,1387.89,7.5,29.77,-0.14,422,27.0,163,7.0,257,20.0,2,0.0,38.63,-0.86,2026-05-26,-,0,1062.0
-,-,Lemth,-,1298.56,-2.85,1475.11,0.0,58.85,0.95,106,0.0,49,0.0,57,0.0,0,0.0,46.23,0.0,2022-03-06,-,0,-
-,-,Runje,-,1298.51,-1.9,1557.01,0.0,86.17,0.63,36,0.0,22,0.0,13,0.0,1,0.0,61.11,0.0,2020-12-06,-,0,-
1029,417,ogre44444,-,1298.1,613.61,1568.77,0.77,90.22,-204.28,20,18.0,15,13.0,5,5.0,0,0.0,75.0,-25.0,2026-05-27,-,0,-
-,-,Elucron,-,1297.84,-1.52,1621.2,0.0,107.79,0.51,18,0.0,14,0.0,4,0.0,0,0.0,77.78,0.0,2020-06-28,-,0,-
-,-,Gwyneraim,-,1297.77,-1.53,1618.01,0.0,106.75,0.51,16,0.0,12,0.0,4,0.0,0,0.0,75.0,0.0,2024-10-31,-,0,-
1030,-35,Deremfi,-,1297.48,-3.18,1455.98,0.0,52.83,1.06,102,0.0,46,0.0,56,0.0,0,0.0,45.1,0.0,2026-01-31,-,0,-
1031,-34,kacavenda,-,1297.43,-3.12,1455.61,-73.17,52.73,-23.35,57,27.0,29,10.0,28,17.0,0,0.0,50.88,-12.45,2026-05-31,-,0,-
-,-,RogueMeeple,-,1297.38,-3.12,1456.89,0.0,53.17,1.04,186,0.0,94,0.0,91,0.0,1,0.0,50.54,0.0,2022-03-06,-,0,-
-,-,KapitanTom,CZ,1296.65,-4.75,1403.67,0.0,35.67,1.58,321,0.0,122,0.0,196,0.0,3,0.0,38.01,0.0,2025-02-28,-,0,852.0
-,-,maffoffo,-,1296.64,-2.89,1466.91,0.0,56.76,0.96,61,0.0,31,0.0,30,0.0,0,0.0,50.82,0.0,2025-04-22,-,0,798.0
-,-,Dometcalf,-,1296.48,-3.11,1456.2,0.0,53.24,1.04,97,0.0,42,0.0,54,0.0,1,0.0,43.3,0.0,2024-02-25,-,0,-
-,-,Sprox,-,1296.11,-2.41,1500.39,0.0,68.1,0.8,40,0.0,20,0.0,20,0.0,0,0.0,50.0,0.0,2024-04-04,-,0,-
-,-,ywgmth,-,1296.09,-2.12,1527.33,0.0,77.08,0.71,42,0.0,26,0.0,15,0.0,1,0.0,61.9,0.0,2022-02-25,-,0,-
-,-,Chubecca,IT,1296.02,-3.65,1436.88,0.0,46.95,1.22,214,0.0,96,0.0,117,0.0,1,0.0,44.86,0.0,2023-06-04,-,0,-
-,-,Rabus,DE,1295.7,-3.9,1421.77,0.0,42.02,1.3,228,0.0,107,0.0,120,0.0,1,0.0,46.93,0.0,2024-04-04,-,0,-
-,-,RobinTheDragon,-,1295.46,-3.6,1433.06,0.0,45.87,1.2,109,0.0,53,0.0,56,0.0,0,0.0,48.62,0.0,2025-02-05,-,0,1067.0
1032,-9,Lenni010,-,1294.93,6.59,1455.39,-14.2,53.49,-6.93,58,12.0,24,3.0,34,9.0,0,0.0,41.38,-4.27,2026-05-31,-,0,-
-,-,Tukhachevsky,-,1294.81,-3.31,1447.49,0.0,50.89,1.1,82,0.0,37,0.0,44,0.0,1,0.0,45.12,0.0,2024-08-11,-,0,-
1033,-31,Jurri,-,1294.62,-3.56,1434.44,0.0,46.61,1.19,74,0.0,36,0.0,38,0.0,0,0.0,48.65,0.0,2026-02-12,-,0,1106.0
1034,-34,Vinny6060,-,1294.53,-4.06,1381.25,-3.24,28.91,0.27,453,18.0,183,6.0,267,12.0,3,0.0,40.4,-0.29,2026-04-24,-,0,872.0
1035,-72,Jobjobsdone,-,1294.45,-20.46,1432.28,-35.17,45.94,-4.9,89,15.0,34,2.0,54,13.0,1,0.0,38.2,-5.04,2026-04-03,-,0,-
1036,5,jandaron,TR,1294.28,16.22,1400.03,14.01,35.25,-0.73,144,15.0,62,6.0,82,9.0,0,0.0,43.06,-0.35,2026-04-05,-,0,1280.0
1037,-36,RoboKay314,US,1294.0,-4.33,1360.59,-2.5,22.2,0.61,854,49.0,333,17.0,516,32.0,5,0.0,38.99,-0.26,2026-05-31,-,0,486.0
-,-,danielusuga,-,1293.96,-3.15,1452.43,0.0,52.82,1.05,108,0.0,45,0.0,56,0.0,7,0.0,41.67,0.0,2024-04-04,-,0,-
-,-,Raq82,-,1293.83,-2.76,1473.73,0.0,59.97,0.92,67,0.0,31,0.0,36,0.0,0,0.0,46.27,0.0,2024-04-14,-,0,-
-,-,JBloodski,-,1293.68,-2.42,1497.25,0.0,67.86,0.81,35,0.0,15,0.0,20,0.0,0,0.0,42.86,0.0,2025-03-04,-,0,939.0
-,-,PostupRed,-,1293.54,-3.08,1464.79,0.0,57.08,1.03,162,0.0,63,0.0,98,0.0,1,0.0,38.89,0.0,2021-11-24,-,0,-
1038,-28,Nacarato,-,1293.52,-3.89,1422.37,0.0,42.95,1.3,265,0.0,85,0.0,178,0.0,2,0.0,32.08,0.0,2026-01-30,-,0,-
1040,-37,Exile,-,1292.84,-5.32,1367.11,-6.06,24.76,-0.25,571,46.0,227,13.0,339,33.0,5,0.0,39.75,-1.01,2026-05-12,-,0,600.0
1039,-46,mahlerian_shadow,US,1292.84,-8.62,1366.36,-6.94,24.51,0.56,681,31.0,278,9.0,400,22.0,3,0.0,40.82,-0.56,2026-05-31,-,0,549.0
-,-,stanel,RO,1292.55,-4.26,1443.43,0.0,50.29,1.42,474,0.0,198,0.0,276,0.0,0,0.0,41.77,0.0,2023-02-28,G,4,-
-,-,Saucisse,-,1292.49,-5.7,1469.91,0.0,59.14,1.9,154,0.0,82,0.0,67,0.0,5,0.0,53.25,0.0,2023-11-15,-,0,-
-,-,pabula,PL,1292.41,-4.98,1404.53,0.0,37.37,1.66,425,0.0,183,0.0,236,0.0,6,0.0,43.06,0.0,2024-10-01,-,0,-
-,-,erlikhan,-,1292.12,-2.75,1470.83,0.0,59.57,0.92,60,0.0,24,0.0,36,0.0,0,0.0,40.0,0.0,2025-02-01,-,0,989.0
-,-,PopoHappy,-,1291.97,-2.79,1470.81,0.0,59.61,0.93,87,0.0,48,0.0,39,0.0,0,0.0,55.17,0.0,2023-10-09,-,0,-
-,-,Sheik-Yerbouti,-,1291.87,-3.76,1422.94,0.0,43.69,1.25,288,0.0,134,0.0,152,0.0,2,0.0,46.53,0.0,2023-11-25,-,0,-
1041,-33,Ragnard,-,1291.7,-5.81,1381.9,0.0,30.07,1.94,614,0.0,236,0.0,370,0.0,8,0.0,38.44,0.0,2026-01-14,-,0,700.0
-,-,Sonaes,-,1291.17,-2.86,1467.83,0.0,58.88,0.95,126,0.0,66,0.0,59,0.0,1,0.0,52.38,0.0,2022-02-27,G,2,-
-,-,varro,-,1291.08,-2.32,1503.43,0.0,70.78,0.77,78,0.0,40,0.0,36,0.0,2,0.0,51.28,0.0,2019-12-30,-,0,-
-,-,ZacDeMundo,CA,1290.95,-4.42,1405.4,0.0,38.15,1.47,298,0.0,124,0.0,172,0.0,2,0.0,41.61,0.0,2024-09-15,-,0,-
-,-,langer,-,1290.93,-1.12,1728.34,0.0,145.8,0.37,8,0.0,6,0.0,2,0.0,0,0.0,75.0,0.0,2022-01-01,-,0,-
-,-,Ananasantti,FI,1290.9,-4.47,1405.08,0.0,38.06,1.49,676,0.0,277,0.0,396,0.0,3,0.0,40.98,0.0,2024-04-04,-,0,-
-,-,holmesiv,-,1290.5,-2.55,1484.32,0.0,64.61,0.85,78,0.0,45,0.0,32,0.0,1,0.0,57.69,0.0,2022-02-26,-,0,-
-,-,Hellomruppercut,-,1290.17,-3.55,1435.97,0.0,48.6,1.18,247,0.0,111,0.0,134,0.0,2,0.0,44.94,0.0,2023-01-15,-,0,-
-,-,Jaykeblakk,-,1290.09,-2.52,1486.78,0.0,65.57,0.84,44,0.0,23,0.0,20,0.0,1,0.0,52.27,0.0,2025-02-14,-,0,1413.0
-,-,Gardir,-,1290.08,-3.82,1425.81,0.0,45.25,1.27,333,0.0,142,0.0,187,0.0,4,0.0,42.64,0.0,2024-04-04,G,6,-
1042,9,jmcj,-,1289.98,19.61,1393.75,7.9,34.59,-3.9,145,37.0,60,11.0,83,26.0,2,0.0,41.38,-3.99,2026-05-31,-,0,1258.0
-,-,Alpha.K,-,1289.83,-2.13,1526.01,0.0,78.73,0.71,35,0.0,11,0.0,20,0.0,4,0.0,31.43,0.0,2023-03-05,-,0,-
-,-,jogkongTW,-,1289.67,-4.32,1403.97,0.0,38.1,1.44,468,0.0,196,0.0,267,0.0,5,0.0,41.88,0.0,2024-06-02,-,0,-
-,-,Major.Tom,SE,1289.66,-1.81,1560.2,0.0,90.18,0.6,24,0.0,15,0.0,9,0.0,0,0.0,62.5,0.0,2024-09-15,-,0,-
-,-,BlaueElise,-,1289.66,-4.92,1413.64,0.0,41.33,1.64,392,0.0,155,0.0,226,0.0,11,0.0,39.54,0.0,2024-11-29,-,0,1287.0
1043,-16,Jaan,-,1289.59,3.98,1471.91,-32.75,60.77,-12.25,40,15.0,16,4.0,24,11.0,0,0.0,40.0,-8.0,2026-03-27,-,0,-
-,-,Derey,-,1289.35,-2.67,1472.96,0.0,61.2,0.89,84,0.0,42,0.0,41,0.0,1,0.0,50.0,0.0,2022-05-27,-,0,-
1044,-33,MaxBoomer,DK,1289.26,-7.38,1390.55,-5.71,33.76,0.56,261,8.0,111,2.0,149,6.0,1,0.0,42.53,-0.55,2026-05-05,-,0,-
-,-,markosalaplaya,-,1289.07,-4.28,1412.32,0.0,41.08,1.43,507,0.0,199,0.0,305,0.0,3,0.0,39.25,0.0,2025-02-20,G,2,1374.0
1045,-41,MikeLowrey,-,1288.83,-9.25,1439.4,-24.66,50.19,-5.14,70,15.0,22,2.0,48,13.0,0,0.0,31.43,-4.93,2026-04-01,-,0,1067.0
1046,-30,Oranim,-,1288.81,-3.34,1436.6,0.0,49.26,1.11,79,0.0,36,0.0,42,0.0,1,0.0,45.57,0.0,2026-02-04,-,0,989.0
-,-,Keffo,-,1288.73,-3.28,1438.69,0.0,49.99,1.09,177,0.0,79,0.0,94,0.0,4,0.0,44.63,0.0,2023-01-15,-,0,-
-,-,stripe999,GB,1288.43,-4.38,1403.64,0.0,38.4,1.46,496,0.0,211,0.0,281,0.0,4,0.0,42.54,0.0,2024-04-14,-,0,-
-,-,Tombo,-,1288.03,-1.33,1656.4,0.0,122.79,0.44,9,0.0,8,0.0,1,0.0,0,0.0,88.89,0.0,2023-04-11,-,0,-
1047,89,Wyszek,-,1287.86,72.01,1446.74,59.4,52.96,-4.2,75,15.0,28,6.0,45,9.0,2,0.0,37.33,0.66,2026-04-01,-,0,1067.0
1048,-31,Rhand,-,1287.82,-3.34,1435.86,0.0,49.35,1.11,70,0.0,27,0.0,43,0.0,0,0.0,38.57,0.0,2026-02-01,-,0,939.0
-,-,Liosan,-,1287.41,-3.22,1440.73,0.0,51.11,1.07,186,0.0,96,0.0,90,0.0,0,0.0,51.61,0.0,2022-11-30,-,0,-
1049,-28,Minkus,-,1287.23,-3.12,1444.84,0.0,52.54,1.04,60,0.0,31,0.0,29,0.0,0,0.0,51.67,0.0,2026-02-03,-,0,1118.0
-,-,Fler,-,1287.04,-2.34,1499.06,0.0,70.67,0.78,90,0.0,42,0.0,47,0.0,1,0.0,46.67,0.0,2020-09-27,-,0,-
1050,new,NateHiggersonJR,-,1286.5,836.5,1679.59,179.59,131.03,131.03,7,7.0,6,6.0,1,1.0,0,0.0,85.71,85.71,2026-05-10,-,0,-
1051,-29,araknid,ES,1286.29,-2.18,1514.27,0.0,75.99,0.73,24,0.0,11,0.0,11,0.0,2,0.0,45.83,0.0,2025-08-30,-,0,1116.0
1052,-37,kalev,-,1286.2,-6.64,1370.61,0.0,28.14,2.21,312,0.0,129,0.0,181,0.0,2,0.0,41.35,0.0,2025-11-30,-,0,576.0
-,-,Davidmel,IL,1286.13,-4.59,1398.31,0.0,37.39,1.53,590,0.0,234,0.0,347,0.0,9,0.0,39.66,0.0,2024-09-15,-,0,-
1053,-89,LeSauvage,BE,1286.01,-28.61,1359.69,-23.66,24.56,1.65,803,18.0,316,0.0,485,18.0,2,0.0,39.35,-0.9,2026-04-13,-,0,565.0
-,-,Prince2B,-,1285.75,-2.18,1511.74,0.0,75.33,0.73,25,0.0,9,0.0,16,0.0,0,0.0,36.0,0.0,2025-01-31,-,0,989.0
1054,6,Ivan04,-,1285.74,18.8,1400.45,4.46,38.24,-4.78,120,24.0,51,9.0,69,15.0,0,0.0,42.5,-1.25,2026-05-21,-,0,1065.0
-,-,Engelpopengel,-,1285.45,-2.82,1462.55,0.0,59.03,0.94,90,0.0,44,0.0,46,0.0,0,0.0,48.89,0.0,2022-03-06,-,0,-
-,-,Suo,-,1285.44,-2.97,1453.71,0.0,56.09,0.99,204,0.0,80,0.0,123,0.0,1,0.0,39.22,0.0,2021-08-17,G,2,-
1055,-63,kabel2,DE,1285.05,-16.6,1358.89,-15.16,24.61,0.48,734,34.0,285,7.0,443,27.0,6,0.0,38.83,-0.88,2026-05-27,-,0,563.0
1056,-28,J-dog,GB,1284.77,-0.18,1355.8,0.28,23.68,0.16,748,51.0,272,15.0,470,36.0,6,0.0,36.36,-0.51,2026-05-21,-,0,593.0
-,-,Drannoc,-,1284.5,-2.76,1465.62,0.0,60.37,0.92,120,0.0,59,0.0,60,0.0,1,0.0,49.17,0.0,2021-06-02,-,0,-
1057,43,Wonski,-,1284.48,39.22,1485.1,-38.82,66.87,-26.01,34,15.0,16,4.0,18,11.0,0,0.0,47.06,-16.1,2026-03-26,-,0,-
-,-,Alnur,-,1283.52,-2.94,1451.13,0.0,55.87,0.98,90,0.0,41,0.0,49,0.0,0,0.0,45.56,0.0,2023-05-25,-,0,-
-,-,Benici,-,1282.74,-2.14,1512.01,0.0,76.42,0.71,30,0.0,15,0.0,15,0.0,0,0.0,50.0,0.0,2024-04-04,-,0,-
1058,-44,MeteorisVulcanus,NL,1282.5,-12.26,1368.56,-11.17,28.69,0.37,285,19.0,115,4.0,170,15.0,0,0.0,40.35,-1.38,2026-05-31,-,0,572.0
-,-,Hornedraccoon,-,1282.41,-2.77,1461.07,0.0,59.55,0.92,69,0.0,33,0.0,35,0.0,1,0.0,47.83,0.0,2024-10-13,-,0,-
1059,-29,bambi4,GB,1282.21,-1.62,1365.58,2.68,27.79,1.44,440,6.0,172,3.0,266,3.0,2,0.0,39.09,0.15,2026-05-15,-,0,675.0
1060,8,Lohmann,-,1281.67,18.61,1415.48,7.33,44.6,-3.76,75,15.0,35,5.0,39,10.0,1,0.0,46.67,-3.33,2026-03-21,-,0,1118.0
-,-,icecreamsushi,US,1281.34,-1.59,1590.05,0.0,102.9,0.53,12,0.0,8,0.0,3,0.0,1,0.0,66.67,0.0,2024-09-15,-,0,-
1061,-29,Tomboy,-,1281.2,-2.14,1510.79,0.0,76.53,0.71,30,0.0,14,0.0,16,0.0,0,0.0,46.67,0.0,2026-02-09,-,0,-
-,-,Toudi,-,1280.99,-2.78,1459.87,0.0,59.63,0.93,72,0.0,33,0.0,38,0.0,1,0.0,45.83,0.0,2022-12-04,-,0,-
1062,-31,Donkeroo,-,1280.85,-2.91,1449.74,0.0,56.29,0.97,59,0.0,25,0.0,34,0.0,0,0.0,42.37,0.0,2026-02-06,-,0,1118.0
-,-,LMH,-,1280.85,-2.41,1484.44,0.0,67.86,0.8,40,0.0,19,0.0,21,0.0,0,0.0,47.5,0.0,2025-03-20,-,0,939.0
-,-,flo3,-,1280.7,-2.75,1459.87,0.0,59.72,0.92,45,0.0,20,0.0,25,0.0,0,0.0,44.44,0.0,2025-03-19,-,0,939.0
1063,-29,Rubberchicken,AU,1280.67,-1.49,1609.59,0.0,109.64,0.5,15,0.0,12,0.0,3,0.0,0,0.0,80.0,0.0,2026-02-13,-,0,-
1064,-28,Shiffdog,-,1280.65,0.38,1352.51,-1.14,23.95,-0.51,377,49.0,135,17.0,239,32.0,3,0.0,35.81,-0.17,2026-05-31,-,0,520.0
1065,-36,Larsusvonundzu,-,1280.53,-4.09,1358.13,-8.78,25.87,-1.57,292,49.0,125,17.0,166,32.0,1,0.0,42.81,-1.63,2026-05-28,-,0,746.0
-,-,Reallaurin,-,1280.5,-1.77,1561.08,0.0,93.53,0.59,30,0.0,21,0.0,7,0.0,2,0.0,70.0,0.0,2021-06-02,-,0,-
1066,-17,OodOok,-,1280.43,9.41,1394.57,-16.54,38.05,-8.65,113,40.0,42,12.0,70,28.0,1,0.0,37.17,-3.93,2026-05-12,-,0,1375.0
-,-,But,-,1280.3,-3.71,1412.87,0.0,44.19,1.24,177,0.0,78,0.0,98,0.0,1,0.0,44.07,0.0,2025-01-28,-,0,1184.0
-,-,Nobi,-,1280.06,-1.11,1719.48,0.0,146.48,0.37,8,0.0,5,0.0,3,0.0,0,0.0,62.5,0.0,2022-01-01,-,0,-
1067,-41,Francis88,-,1280.02,-5.97,1378.38,0.0,32.78,1.99,314,0.0,118,0.0,196,0.0,0,0.0,37.58,0.0,2025-10-16,-,0,611.0
-,-,TEPBEP,-,1279.63,-3.3,1431.35,0.0,50.57,1.1,94,0.0,44,0.0,50,0.0,0,0.0,46.81,0.0,2024-04-04,-,0,-
-,-,BTA,-,1279.43,-3.74,1416.76,0.0,45.78,1.25,314,0.0,125,0.0,184,0.0,5,0.0,39.81,0.0,2023-05-28,-,0,-
1068,-56,HolyOutlaw,US,1279.25,-17.34,1354.76,-15.33,25.17,0.67,704,29.0,266,7.0,433,22.0,5,0.0,37.78,-0.59,2026-05-31,-,0,572.0
1069,-36,HerrBu,-,1279.14,-3.15,1436.1,0.0,52.32,1.05,59,0.0,24,0.0,33,0.0,2,0.0,40.68,0.0,2026-02-02,-,0,989.0
-,-,lordzorath,-,1279.12,-2.14,1509.91,0.0,76.93,0.71,54,0.0,28,0.0,25,0.0,1,0.0,51.85,0.0,2020-12-06,-,0,-
1070,-25,Kozzilla,-,1278.64,4.12,1370.84,6.51,30.73,0.8,329,12.0,123,4.0,202,8.0,4,0.0,37.39,-0.15,2026-05-31,-,0,670.0
1071,13,Moulbaert,-,1278.33,23.32,1453.0,-17.22,58.23,-13.51,45,15.0,19,5.0,26,10.0,0,0.0,42.22,-4.45,2026-03-22,-,0,-
-,-,Purpleseven,-,1278.04,-2.16,1505.22,0.0,75.73,0.72,54,0.0,31,0.0,21,0.0,2,0.0,57.41,0.0,2022-02-16,-,0,-
1072,-34,ballgi,-,1277.5,-1.87,1539.61,0.0,87.37,0.62,21,0.0,14,0.0,7,0.0,0,0.0,66.67,0.0,2026-01-14,-,0,-
1073,-36,Scooti,-,1277.27,-2.11,1510.48,0.0,77.74,0.7,25,0.0,11,0.0,14,0.0,0,0.0,44.0,0.0,2026-02-03,-,0,-
1074,145,deleted_user_5800682,-,1276.64,114.47,1722.63,7.01,148.66,-35.82,6,2.0,3,1.0,3,1.0,0,0.0,50.0,0.0,2026-03-17,-,0,-
-,-,Uslo,UA,1276.27,-2.63,1462.85,0.0,62.19,0.88,60,0.0,29,0.0,29,0.0,2,0.0,48.33,0.0,2022-09-04,-,0,-
-,-,Hokingfai,HK,1276.09,-3.96,1413.27,0.0,45.73,1.32,240,0.0,98,0.0,139,0.0,3,0.0,40.83,0.0,2024-03-17,-,0,-
1075,-36,qige,-,1275.84,-3.3,1425.24,0.0,49.8,1.1,75,0.0,28,0.0,46,0.0,1,0.0,37.33,0.0,2026-02-05,-,0,918.0
-,-,eugeneg,-,1275.74,-3.15,1432.51,0.0,52.26,1.05,202,0.0,95,0.0,105,0.0,2,0.0,47.03,0.0,2022-06-05,-,0,-
1076,-33,Tleilaxx,-,1275.35,-1.97,1524.82,0.0,83.16,0.66,25,0.0,11,0.0,14,0.0,0,0.0,44.0,0.0,2026-02-04,-,0,-
-,-,Goth444,-,1274.93,-1.77,1551.62,0.0,92.23,0.59,30,0.0,17,0.0,13,0.0,0,0.0,56.67,0.0,2024-02-23,-,0,-
1077,-79,Fullynice,-,1274.59,-25.4,1338.53,-22.58,21.31,0.94,1224,49.0,465,10.0,750,39.0,9,0.0,37.99,-0.73,2026-05-31,-,0,508.0
-,-,vosos,-,1273.68,-2.01,1516.95,0.0,81.09,0.67,42,0.0,24,0.0,18,0.0,0,0.0,57.14,0.0,2021-08-28,-,0,-
-,-,Fall87,-,1273.68,-3.12,1433.96,0.0,53.43,1.04,168,0.0,77,0.0,90,0.0,1,0.0,45.83,0.0,2022-03-06,-,0,-
1078,-36,botenmaru82,-,1273.63,-3.8,1406.77,0.0,44.38,1.27,108,0.0,45,0.0,59,0.0,4,0.0,41.67,0.0,2025-12-01,-,0,872.0
1079,-35,JimBryan,-,1273.21,-3.16,1429.76,0.0,52.18,1.05,60,0.0,33,0.0,26,0.0,1,0.0,55.0,0.0,2026-02-07,-,0,1067.0
-,-,LeChuckichu,DK,1273.17,-3.2,1427.83,0.0,51.55,1.07,110,0.0,53,0.0,57,0.0,0,0.0,48.18,0.0,2023-12-03,-,0,-
1080,-133,Emerson6Motorcar,-,1272.83,-50.08,1450.45,-101.05,59.21,-16.99,39,15.0,14,1.0,25,14.0,0,0.0,35.9,-18.27,2026-04-06,-,0,-
-,-,Rossonerix10x,-,1272.78,-4.91,1371.72,0.0,32.98,1.64,662,0.0,283,0.0,373,0.0,6,0.0,42.75,0.0,2025-01-16,-,0,1184.0
-,-,fygarslayer,-,1272.33,-2.6,1461.32,0.0,63.0,0.87,96,0.0,45,0.0,50,0.0,1,0.0,46.88,0.0,2021-03-02,-,0,-
-,-,joshthefunkdoc,-,1272.24,-2.0,1518.58,0.0,82.11,0.67,36,0.0,21,0.0,15,0.0,0,0.0,58.33,0.0,2020-06-28,-,0,-
-,-,Polysics,-,1272.08,-1.61,1577.16,0.0,101.69,0.54,18,0.0,9,0.0,8,0.0,1,0.0,50.0,0.0,2020-12-06,-,0,-
-,-,Minasei,-,1272.02,-2.63,1460.29,0.0,62.76,0.88,104,0.0,44,0.0,60,0.0,0,0.0,42.31,0.0,2021-11-15,-,0,-
-,-,Torfi_Torfnase,-,1271.86,-1.19,1681.87,0.0,136.67,0.4,8,0.0,5,0.0,3,0.0,0,0.0,62.5,0.0,2022-01-01,-,0,-
-,-,Irishdomer08,-,1271.72,-3.13,1431.38,0.0,53.22,1.04,336,0.0,135,0.0,199,0.0,2,0.0,40.18,0.0,2021-09-05,G,4,-
-,-,Tenebrane,-,1271.42,-3.22,1425.81,0.0,51.47,1.07,81,0.0,35,0.0,46,0.0,0,0.0,43.21,0.0,2025-02-03,-,0,1067.0
-,-,CrAzian18,-,1270.86,-3.03,1435.97,0.0,55.04,1.01,75,0.0,33,0.0,42,0.0,0,0.0,44.0,0.0,2025-03-06,-,0,939.0
1081,153,PunchHorse,-,1270.43,118.5,1494.22,41.38,74.6,-25.71,24,12.0,13,7.0,10,4.0,1,1.0,54.17,4.17,2026-05-31,-,0,-
-,-,AmosCai,-,1270.37,-2.67,1454.95,0.0,61.53,0.89,80,0.0,38,0.0,40,0.0,2,0.0,47.5,0.0,2022-08-29,-,0,-
1082,-58,peppe76,-,1270.32,-17.79,1344.84,-15.88,24.84,0.63,826,30.0,317,5.0,498,24.0,11,1.0,38.38,-0.82,2026-05-25,-,0,640.0
-,-,ToastedLion,-,1270.21,-1.34,1634.41,0.0,121.4,0.45,12,0.0,11,0.0,1,0.0,0,0.0,91.67,0.0,2022-08-30,-,0,-
-,-,yojimbo79,PL,1269.8,-3.15,1426.68,0.0,52.29,1.05,136,0.0,66,0.0,69,0.0,1,0.0,48.53,0.0,2022-11-25,-,0,-
-,-,hhahanext,-,1269.68,-2.53,1464.13,0.0,64.82,0.84,40,0.0,16,0.0,24,0.0,0,0.0,40.0,0.0,2025-03-25,-,0,939.0
-,-,RandySandy,-,1269.35,-1.61,1573.97,0.0,101.54,0.54,24,0.0,16,0.0,8,0.0,0,0.0,66.67,0.0,2020-05-26,-,0,-
-,-,maciejka,-,1269.2,-2.04,1509.81,0.0,80.2,0.68,30,0.0,12,0.0,18,0.0,0,0.0,40.0,0.0,2024-04-04,-,0,-
-,-,Massi1971,-,1269.0,-2.55,1465.04,0.0,65.35,0.85,96,0.0,41,0.0,55,0.0,0,0.0,42.71,0.0,2021-03-02,-,0,-
1083,26,Silmegil,-,1268.88,30.07,1429.94,11.41,53.69,-6.22,93,12.0,40,4.0,53,8.0,0,0.0,43.01,-1.43,2026-05-29,-,0,-
-,-,KrolKarol,-,1268.65,-2.46,1468.61,0.0,66.65,0.82,48,0.0,22,0.0,26,0.0,0,0.0,45.83,0.0,2024-04-04,-,0,-
-,-,szaibot,-,1268.65,-3.03,1436.73,0.0,56.03,1.01,192,0.0,84,0.0,108,0.0,0,0.0,43.75,0.0,2021-09-05,-,0,-
1084,unretired,DonStino,BE,1268.12,4.13,1369.19,4.81,33.69,0.23,551,14.0,200,6.0,347,8.0,4,0.0,36.3,0.17,2026-05-31,-,0,1388.0
-,-,berpdreyfuss,-,1268.0,-3.61,1404.74,0.0,45.58,1.2,300,0.0,126,0.0,173,0.0,1,0.0,42.0,0.0,2023-03-01,-,0,-
1085,-16,yezebel,-,1267.9,5.19,1391.76,3.19,41.29,-0.67,93,7.0,38,4.0,55,3.0,0,0.0,40.86,1.33,2026-04-15,-,0,1118.0
-,-,Foujou,-,1267.73,-1.99,1514.92,0.0,82.39,0.66,30,0.0,16,0.0,14,0.0,0,0.0,53.33,0.0,2024-02-23,-,0,-
-,-,Philihp,-,1267.45,-2.95,1443.44,0.0,58.66,0.98,126,0.0,56,0.0,68,0.0,2,0.0,44.44,0.0,2021-12-05,-,0,-
1086,-39,sbaro,-,1267.34,-6.56,1356.47,0.0,29.71,2.19,384,0.0,157,0.0,224,0.0,3,0.0,40.89,0.0,2025-11-30,-,0,578.0
1087,-37,KYO,-,1267.24,-3.31,1416.7,0.0,49.82,1.1,85,0.0,32,0.0,53,0.0,0,0.0,37.65,0.0,2026-02-04,-,0,939.0
1088,-34,ZHULIN,-,1266.84,-1.5,1594.21,0.0,109.12,0.5,11,0.0,6,0.0,5,0.0,0,0.0,54.55,0.0,2026-02-22,-,0,-
1089,-27,Partyshank,-,1266.63,0.29,1350.7,3.9,28.02,1.21,739,12.0,286,5.0,449,7.0,4,0.0,38.7,0.05,2026-05-31,-,0,589.0
-,-,Azazelek,-,1266.45,-3.08,1426.74,0.0,53.43,1.03,77,0.0,30,0.0,45,0.0,2,0.0,38.96,0.0,2024-04-04,-,0,-
-,-,Cuna_General,-,1265.4,-1.85,1529.84,0.0,88.15,0.62,36,0.0,20,0.0,16,0.0,0,0.0,55.56,0.0,2020-12-06,-,0,-
-,-,Hendra,-,1265.33,-3.6,1404.84,0.0,46.5,1.2,231,0.0,97,0.0,131,0.0,3,0.0,41.99,0.0,2023-12-03,-,0,-
-,-,bigbigfanta,-,1264.98,-1.32,1635.72,0.0,123.58,0.44,12,0.0,7,0.0,5,0.0,0,0.0,58.33,0.0,2022-02-01,-,0,-
-,-,orangeextract,-,1264.91,-3.33,1415.01,0.0,50.03,1.11,198,0.0,90,0.0,104,0.0,4,0.0,45.45,0.0,2022-11-27,-,0,-
1090,-37,Tuisku,-,1264.72,-3.68,1399.82,0.0,45.03,1.23,98,0.0,36,0.0,60,0.0,2,0.0,36.73,0.0,2026-02-01,-,0,989.0
1091,-21,Sirovec,HR,1264.69,3.16,1335.58,3.16,23.63,0.0,809,47.0,296,16.0,510,31.0,3,0.0,36.59,-0.16,2026-05-14,-,0,543.0
-,-,Yunseok,-,1264.58,-3.02,1434.58,0.0,56.67,1.01,75,0.0,31,0.0,44,0.0,0,0.0,41.33,0.0,2024-04-04,-,0,-
1092,-140,Ladden,-,1264.44,-56.53,1440.58,-108.92,58.71,-17.46,45,15.0,18,2.0,27,13.0,0,0.0,40.0,-13.33,2026-03-26,-,0,-
-,-,Galten,-,1263.94,-2.01,1508.48,0.0,81.51,0.67,30,0.0,15,0.0,15,0.0,0,0.0,50.0,0.0,2024-02-23,-,0,-
1093,-35,PIRCSUPREME,-,1263.9,-3.15,1424.56,0.0,53.55,1.05,66,0.0,29,0.0,35,0.0,2,0.0,43.94,0.0,2025-07-14,-,0,852.0
-,-,The_strategiser,FR,1263.86,-3.25,1418.55,0.0,51.56,1.08,81,0.0,30,0.0,49,0.0,2,0.0,37.04,0.0,2024-09-15,-,0,-
1094,-33,T.KAZ3-1,-,1263.58,-3.34,1414.42,0.0,50.28,1.11,80,0.0,42,0.0,38,0.0,0,0.0,52.5,0.0,2026-01-16,-,0,-
-,-,Riences,-,1263.34,-2.67,1453.82,0.0,63.49,0.89,96,0.0,45,0.0,49,0.0,2,0.0,46.88,0.0,2021-12-05,-,0,-
1095,-43,Dienekes,-,1263.27,-5.88,1330.98,-2.96,22.57,0.97,1358,49.0,461,15.0,886,34.0,11,0.0,33.95,-0.12,2026-05-26,-,0,533.0
-,-,Vitezslack,-,1263.05,-2.7,1451.7,0.0,62.88,0.9,93,0.0,43,0.0,48,0.0,2,0.0,46.24,0.0,2021-09-05,-,0,-
-,-,Marassi,BR,1262.81,-3.46,1408.32,0.0,48.51,1.15,216,0.0,92,0.0,122,0.0,2,0.0,42.59,0.0,2023-02-22,-,0,-
-,-,est,-,1262.39,-1.73,1545.23,0.0,94.28,0.58,22,0.0,14,0.0,8,0.0,0,0.0,63.64,0.0,2021-12-05,-,0,-
1096,-48,thomas.h.hoff,NO,1262.17,-10.23,1353.73,-9.86,30.52,0.12,402,18.0,145,5.0,256,13.0,1,0.0,36.07,-0.39,2026-05-31,-,0,690.0
-,-,Korn73,-,1262.12,-1.44,1603.28,0.0,113.72,0.48,18,0.0,13,0.0,5,0.0,0,0.0,72.22,0.0,2019-12-30,-,0,-
-,-,Dario5,-,1261.64,-1.74,1544.31,0.0,94.22,0.58,36,0.0,22,0.0,14,0.0,0,0.0,61.11,0.0,2019-02-17,-,0,-
1097,-31,Oso,-,1261.22,-2.9,1418.66,-22.68,52.48,-6.59,61,15.0,22,2.0,39,13.0,0,0.0,36.07,-7.41,2026-03-23,-,0,926.0
-,-,TheMorat,-,1261.07,-2.21,1482.63,0.0,73.85,0.74,36,0.0,14,0.0,22,0.0,0,0.0,38.89,0.0,2023-04-16,-,0,-
-,-,HarryW,-,1260.95,-2.45,1461.69,0.0,66.91,0.82,42,0.0,15,0.0,27,0.0,0,0.0,35.71,0.0,2024-02-20,-,0,-
-,-,Roh,-,1260.66,-1.5,1586.9,0.0,108.75,0.5,18,0.0,13,0.0,5,0.0,0,0.0,72.22,0.0,2021-06-02,-,0,-
-,-,ALEKYD,-,1260.53,-2.43,1462.6,0.0,67.36,0.81,58,0.0,33,0.0,24,0.0,1,0.0,56.9,0.0,2021-12-05,-,0,-
-,-,Lennart,-,1260.48,-2.95,1427.99,0.0,55.84,0.98,112,0.0,45,0.0,67,0.0,0,0.0,40.18,0.0,2024-04-04,-,0,-
1098,-27,PacoHolliday,-,1260.37,-0.84,1336.77,0.32,25.47,0.39,483,30.0,177,10.0,303,20.0,3,0.0,36.65,-0.22,2026-05-17,-,0,505.0
-,-,petite-lambda,-,1260.23,-1.17,1677.98,0.0,139.25,0.39,8,0.0,5,0.0,3,0.0,0,0.0,62.5,0.0,2022-01-01,-,0,-
1099,14,xeveli,CZ,1260.02,23.76,1336.94,24.86,25.64,0.37,539,35.0,191,16.0,348,19.0,0,0.0,35.44,0.72,2026-05-27,-,0,687.0
-,-,oldmutant,-,1259.93,-3.82,1397.57,0.0,45.88,1.27,338,0.0,144,0.0,193,0.0,1,0.0,42.6,0.0,2023-03-05,-,0,-
1100,-43,eaguirre,-,1259.93,-7.23,1352.12,0.0,30.73,2.41,681,0.0,297,0.0,377,0.0,7,0.0,43.61,0.0,2025-11-30,-,0,1181.0
1101,-34,Perrary,-,1259.92,-3.33,1408.8,0.0,49.63,1.11,60,0.0,29,0.0,31,0.0,0,0.0,48.33,0.0,2026-02-03,-,0,989.0
-,-,Mulkabu,-,1259.28,-2.15,1489.66,0.0,76.79,0.72,54,0.0,22,0.0,30,0.0,2,0.0,40.74,0.0,2020-09-27,G,2,-
-,-,TepSloan,-,1258.66,-3.73,1393.5,0.0,44.95,1.24,286,0.0,129,0.0,154,0.0,3,0.0,45.1,0.0,2023-08-24,-,0,-
-,-,Manish05,-,1258.48,-2.71,1449.53,0.0,63.68,0.9,120,0.0,56,0.0,62,0.0,2,0.0,46.67,0.0,2021-03-02,G,2,-
1102,-28,Rako,-,1257.99,-2.39,1464.03,0.0,68.68,0.8,30,0.0,17,0.0,13,0.0,0,0.0,56.67,0.0,2026-02-02,-,0,1287.0
-,-,joelo,-,1257.98,-2.36,1465.74,0.0,69.25,0.79,78,0.0,32,0.0,46,0.0,0,0.0,41.03,0.0,2020-12-06,-,0,-
-,-,cardboard,-,1257.96,-2.0,1503.43,0.0,81.82,0.67,25,0.0,11,0.0,14,0.0,0,0.0,44.0,0.0,2025-02-02,-,0,989.0
-,-,icarium_jag,-,1257.5,-2.89,1431.49,0.0,58.0,0.96,126,0.0,58,0.0,66,0.0,2,0.0,46.03,0.0,2021-12-05,-,0,-
1103,-28,Kuti,-,1257.17,-2.93,1425.24,0.0,56.03,0.98,55,0.0,20,0.0,34,0.0,1,0.0,36.36,0.0,2026-01-30,-,0,1067.0
1104,-41,weed14,SG,1257.16,-7.23,1346.2,0.0,29.68,2.41,853,0.0,345,0.0,504,0.0,4,0.0,40.45,0.0,2025-11-30,-,0,932.0
1105,-32,Nevadar,-,1256.75,-4.07,1380.02,0.0,41.09,1.36,113,0.0,47,0.0,65,0.0,1,0.0,41.59,0.0,2025-08-31,-,0,791.0
-,-,tarmapas,-,1256.58,-2.57,1447.13,0.0,63.52,0.86,95,0.0,45,0.0,49,0.0,1,0.0,47.37,0.0,2023-01-15,-,0,-
1106,new,Kajdi,-,1256.41,806.41,1559.96,59.96,101.18,101.18,12,12.0,8,8.0,4,4.0,0,0.0,66.67,66.67,2026-05-31,-,0,-
1107,-29,Aramirezm,-,1255.99,-1.57,1567.53,0.0,103.85,0.52,16,0.0,8,0.0,6,0.0,2,0.0,50.0,0.0,2026-01-10,-,0,-
-,-,Djurre,-,1255.72,-2.21,1479.6,0.0,74.63,0.74,36,0.0,16,0.0,20,0.0,0,0.0,44.44,0.0,2022-03-06,-,0,-
-,-,Dies,-,1254.98,-2.26,1472.32,0.0,72.45,0.75,54,0.0,29,0.0,25,0.0,0,0.0,53.7,0.0,2021-06-02,-,0,-
1108,-31,Jived,IT,1253.93,-4.76,1358.98,0.0,35.01,1.59,226,0.0,100,0.0,124,0.0,2,0.0,44.25,0.0,2026-01-29,-,0,841.0
1109,40,Krzolek,-,1253.32,43.43,1391.52,21.47,46.06,-7.32,80,27.0,32,9.0,46,17.0,2,1.0,40.0,-3.4,2026-05-25,-,0,1381.0
1110,-38,Igelkotten,-,1253.17,-7.75,1360.79,-6.46,35.87,0.43,155,7.0,62,2.0,92,5.0,1,0.0,40.0,-0.54,2026-05-11,-,0,687.0
-,-,Dugy,-,1253.07,-3.83,1394.69,0.0,47.21,1.28,271,0.0,111,0.0,158,0.0,2,0.0,40.96,0.0,2023-06-04,-,0,-
-,-,AsukaBlank,-,1252.99,-2.63,1441.89,0.0,62.96,0.88,71,0.0,34,0.0,32,0.0,5,0.0,47.89,0.0,2023-01-15,-,0,-
-,-,snowcrush,SG,1252.89,-3.66,1416.36,0.0,54.49,1.22,180,0.0,74,0.0,104,0.0,2,0.0,41.11,0.0,2022-11-27,-,0,-
-,-,DrewTheBold,-,1252.78,-2.22,1478.14,0.0,75.12,0.74,54,0.0,29,0.0,25,0.0,0,0.0,53.7,0.0,2021-03-02,-,0,-
1111,9,Wolfdragons,-,1252.49,23.17,1397.28,20.0,48.26,-1.06,63,6.0,27,3.0,36,3.0,0,0.0,42.86,0.75,2026-05-02,-,0,-
-,-,Chul,-,1252.18,-2.78,1429.47,0.0,59.1,0.93,198,0.0,85,0.0,109,0.0,4,0.0,42.93,0.0,2020-12-06,G,2,-
-,-,ShifuZan,-,1251.93,-1.86,1515.72,0.0,87.93,0.62,24,0.0,12,0.0,12,0.0,0,0.0,50.0,0.0,2021-11-26,-,0,-
1112,-14,Cromlech,-,1251.32,5.64,1338.38,2.53,29.02,-1.03,237,30.0,91,10.0,144,20.0,2,0.0,38.4,-0.73,2026-05-06,-,0,705.0
-,-,Nanu,-,1251.22,-2.42,1454.34,0.0,67.7,0.81,36,0.0,11,0.0,25,0.0,0,0.0,30.56,0.0,2025-03-01,-,0,939.0
-,-,Tugger,-,1251.2,-2.15,1482.48,0.0,77.1,0.72,54,0.0,28,0.0,26,0.0,0,0.0,51.85,0.0,2020-12-06,-,0,-
1113,-37,ClaridadNocturna,ES,1251.02,-7.9,1332.97,-7.59,27.32,0.1,552,25.0,194,6.0,356,19.0,2,0.0,35.14,-0.53,2026-05-13,-,0,700.0
-,-,Sinkadus,SE,1250.98,-3.86,1385.02,0.0,44.68,1.29,286,0.0,122,0.0,160,0.0,4,0.0,42.66,0.0,2024-06-02,-,0,-
-,-,ivantz,-,1250.96,-2.41,1454.5,0.0,67.85,0.8,120,0.0,57,0.0,63,0.0,0,0.0,47.5,0.0,2020-05-24,-,0,-
-,-,zaan,-,1250.87,-1.3,1628.54,0.0,125.89,0.43,18,0.0,11,0.0,6,0.0,1,0.0,61.11,0.0,2020-06-28,-,0,-
-,-,RobertDeSable,-,1250.86,-1.13,1683.7,0.0,144.28,0.38,6,0.0,4,0.0,2,0.0,0,0.0,66.67,0.0,2023-10-09,-,0,-
1114,-33,Korsus,IT,1250.7,-4.78,1355.41,0.0,34.9,1.59,228,0.0,87,0.0,140,0.0,1,0.0,38.16,0.0,2026-02-02,-,0,926.0
-,-,claybirds,-,1250.62,-2.68,1436.48,0.0,61.95,0.89,108,0.0,50,0.0,57,0.0,1,0.0,46.3,0.0,2021-03-02,-,0,-
-,-,Midyat,-,1250.51,-3.08,1411.06,0.0,53.52,1.03,71,0.0,25,0.0,46,0.0,0,0.0,35.21,0.0,2025-01-19,-,0,989.0
-,-,Kirill,-,1250.46,-3.0,1430.7,0.0,60.08,1.0,90,0.0,39,0.0,51,0.0,0,0.0,43.33,0.0,2022-03-06,-,0,-
1115,-59,minzent,-,1250.44,-16.79,1365.77,-19.91,38.44,-1.04,131,12.0,44,2.0,86,10.0,1,0.0,33.59,-1.7,2026-05-29,-,0,913.0
1116,115,yourdearbrother,-,1250.19,97.12,1435.89,70.9,61.9,-8.74,45,15.0,16,6.0,29,9.0,0,0.0,35.56,2.23,2026-03-21,-,0,-
-,-,ManateeOverlord,-,1250.07,-1.61,1553.55,0.0,101.16,0.54,18,0.0,11,0.0,7,0.0,0,0.0,61.11,0.0,2020-09-27,-,0,-
-,-,ibptank,-,1250.03,-1.39,1603.19,0.0,117.72,0.46,12,0.0,5,0.0,7,0.0,0,0.0,41.67,0.0,2022-02-01,-,0,-
-,-,StudyCZ,-,1249.91,-2.83,1424.95,0.0,58.35,0.94,162,0.0,72,0.0,90,0.0,0,0.0,44.44,0.0,2021-05-30,-,0,-
-,-,SuwalaT,-,1249.84,-3.52,1396.55,0.0,48.9,1.17,324,0.0,124,0.0,196,0.0,4,0.0,38.27,0.0,2023-09-03,G,2,-
-,-,Viler,-,1249.54,-3.56,1392.29,0.0,47.58,1.19,189,0.0,74,0.0,114,0.0,1,0.0,39.15,0.0,2024-03-03,-,0,-
-,-,Schallers3000,DE,1249.48,-7.48,1380.07,0.0,43.53,2.49,735,0.0,300,0.0,427,0.0,8,0.0,40.82,0.0,2024-10-01,G,4,-
-,-,Rgjensen,-,1249.26,-2.1,1483.06,0.0,77.93,0.7,30,0.0,12,0.0,18,0.0,0,0.0,40.0,0.0,2025-02-05,-,0,989.0
1117,-38,Vegeta4791,-,1249.1,-7.51,1318.2,-7.76,23.03,-0.08,715,55.0,248,16.0,464,39.0,3,0.0,34.69,-0.46,2026-05-31,-,0,648.0
-,-,DanReyLop,-,1248.86,-2.51,1444.56,0.0,65.23,0.84,40,0.0,20,0.0,20,0.0,0,0.0,50.0,0.0,2025-03-16,-,0,939.0
-,-,jamieIsMyNamie,-,1248.54,-3.07,1420.92,0.0,57.46,1.02,192,0.0,84,0.0,106,0.0,2,0.0,43.75,0.0,2021-08-26,-,0,-
1118,-36,Daze,-,1248.5,-6.74,1331.16,-12.28,27.55,-1.85,328,49.0,108,15.0,214,33.0,6,1.0,32.93,-0.4,2026-05-31,-,0,670.0
-,-,draxius,-,1248.12,-2.8,1423.46,0.0,58.45,0.93,68,0.0,26,0.0,42,0.0,0,0.0,38.24,0.0,2024-04-04,-,0,-
1119,-29,Pieter_NL,-,1247.9,-2.05,1487.76,0.0,79.95,0.68,24,0.0,11,0.0,13,0.0,0,0.0,45.83,0.0,2026-02-06,-,0,-
-,-,Gladue,-,1247.77,-2.12,1479.7,0.0,77.31,0.71,34,0.0,12,0.0,22,0.0,0,0.0,35.29,0.0,2023-03-05,-,0,-
1120,-28,oPPer,-,1247.12,-2.29,1461.33,0.0,71.4,0.76,30,0.0,12,0.0,18,0.0,0,0.0,40.0,0.0,2026-01-29,-,0,-
-,-,CRISPYBABY,-,1246.95,-2.53,1442.44,0.0,65.16,0.84,45,0.0,21,0.0,24,0.0,0,0.0,46.67,0.0,2024-04-04,-,0,-
1121,71,Archangel,-,1246.57,63.04,1373.12,31.33,42.18,-10.57,94,31.0,47,16.0,47,15.0,0,0.0,50.0,0.79,2026-05-28,-,0,1257.0
1122,-123,vuffe,-,1246.25,-52.52,1440.47,-69.46,64.74,-5.65,36,6.0,15,0.0,20,6.0,1,0.0,41.67,-8.33,2026-03-05,-,0,-
-,-,Hamtes,CZ,1245.91,-3.07,1405.74,0.0,53.27,1.02,84,0.0,29,0.0,53,0.0,2,0.0,34.52,0.0,2023-12-03,-,0,-
-,-,Tings,-,1245.81,-1.1,1691.86,0.0,148.68,0.37,7,0.0,7,0.0,0,0.0,0,0.0,100.0,0.0,2024-08-11,-,0,-
-,-,dickhui,-,1245.36,-2.04,1486.76,0.0,80.47,0.68,36,0.0,20,0.0,16,0.0,0,0.0,55.56,0.0,2021-03-02,-,0,-
-,-,MiYA,-,1245.12,-1.08,1696.36,0.0,150.41,0.36,8,0.0,5,0.0,3,0.0,0,0.0,62.5,0.0,2022-01-01,-,0,-
1123,-32,Bonneville22,-,1245.04,-4.82,1334.35,-3.26,29.77,0.52,254,13.0,99,6.0,150,7.0,5,0.0,38.98,0.39,2026-05-12,-,0,836.0
1124,-30,Raasay,-,1245.02,-2.91,1414.48,0.0,56.49,0.97,60,0.0,23,0.0,37,0.0,0,0.0,38.33,0.0,2026-02-10,-,0,989.0
-,-,norkle,-,1244.78,-2.93,1414.18,0.0,56.47,0.98,246,0.0,84,0.0,157,0.0,5,0.0,34.15,0.0,2021-06-02,-,0,-
1125,-32,trojanrabbit,-,1244.72,-4.24,1364.64,0.0,39.97,1.41,180,0.0,76,0.0,103,0.0,1,0.0,42.22,0.0,2026-01-19,-,0,1269.0
-,-,alienchick,-,1244.19,-2.76,1432.09,0.0,62.63,0.92,90,0.0,37,0.0,52,0.0,1,0.0,41.11,0.0,2021-08-16,-,0,-
-,-,RELandREL,-,1243.93,-1.71,1530.87,0.0,95.65,0.57,17,0.0,10,0.0,7,0.0,0,0.0,58.82,0.0,2023-01-22,-,0,-
-,-,Preadicator,-,1243.88,-1.37,1602.08,0.0,119.4,0.46,12,0.0,7,0.0,5,0.0,0,0.0,58.33,0.0,2020-11-28,-,0,-
-,-,rslyzc,-,1243.66,-2.37,1450.98,0.0,69.1,0.79,45,0.0,19,0.0,26,0.0,0,0.0,42.22,0.0,2024-04-04,-,0,-
1126,-38,Claudius74,CA,1243.51,-7.89,1308.73,-6.5,21.74,0.46,1170,64.0,426,15.0,738,48.0,6,1.0,36.41,-0.75,2026-05-25,-,0,558.0
1127,-28,bltoby,-,1243.5,-1.97,1492.43,0.0,82.97,0.66,25,0.0,10,0.0,15,0.0,0,0.0,40.0,0.0,2026-02-02,-,0,-
1128,-32,rem_Abaddon,-,1243.37,-2.93,1411.87,0.0,56.17,0.98,55,0.0,24,0.0,30,0.0,1,0.0,43.64,0.0,2026-01-29,-,0,1067.0
1129,-49,Jesaphi,-,1243.31,-12.69,1315.38,-11.26,24.02,0.48,713,37.0,259,8.0,447,29.0,7,0.0,36.33,-0.8,2026-05-16,-,0,536.0
1130,-28,NedNutt,-,1243.06,-1.98,1491.45,0.0,82.79,0.66,25,0.0,13,0.0,12,0.0,0,0.0,52.0,0.0,2026-02-11,-,0,-
-,-,BoB94,-,1242.86,-2.51,1438.96,0.0,65.37,0.84,45,0.0,14,0.0,30,0.0,1,0.0,31.11,0.0,2024-07-01,-,0,-
-,-,Nieva,-,1242.49,-1.88,1503.55,0.0,87.02,0.63,25,0.0,12,0.0,13,0.0,0,0.0,48.0,0.0,2023-04-02,-,0,-
-,-,18544415,-,1242.05,-1.86,1506.39,0.0,88.11,0.62,21,0.0,11,0.0,10,0.0,0,0.0,52.38,0.0,2025-01-06,-,0,989.0
-,-,GoguGeologul,-,1241.88,-3.24,1411.33,0.0,56.48,1.08,89,0.0,39,0.0,48,0.0,2,0.0,43.82,0.0,2023-09-03,-,0,-
-,-,Petardillo,-,1241.78,-2.52,1436.67,0.0,64.96,0.84,45,0.0,22,0.0,23,0.0,0,0.0,48.89,0.0,2024-04-04,-,0,-
-,-,Caracalla,-,1241.71,-4.82,1346.88,0.0,35.06,1.61,332,0.0,133,0.0,198,0.0,1,0.0,40.06,0.0,2025-02-28,-,0,1170.0
-,-,ivanvanya,RU,1241.67,-1.59,1549.34,0.0,102.55,0.53,18,0.0,11,0.0,5,0.0,2,0.0,61.11,0.0,2023-06-04,-,0,-
1131,-28,ahr,-,1241.61,-2.35,1450.47,0.0,69.62,0.78,30,0.0,10,0.0,20,0.0,0,0.0,33.33,0.0,2026-02-06,-,0,-
-,-,Alyx,-,1239.93,-2.56,1440.98,0.0,67.02,0.85,90,0.0,40,0.0,48,0.0,2,0.0,44.44,0.0,2021-03-02,-,0,-
-,-,NillisLukins,-,1239.57,-1.9,1499.31,0.0,86.58,0.63,36,0.0,22,0.0,14,0.0,0,0.0,61.11,0.0,2020-06-28,-,0,-
1132,-28,P-Funk,-,1239.21,-2.84,1412.97,0.0,57.92,0.95,76,0.0,36,0.0,38,0.0,2,0.0,47.37,0.0,2026-02-14,-,0,-
-,-,Vaalna,-,1239.2,-1.72,1524.59,0.0,95.13,0.57,25,0.0,12,0.0,13,0.0,0,0.0,48.0,0.0,2024-02-23,-,0,-
-,-,Splitx,-,1239.16,-2.78,1420.55,0.0,60.46,0.93,114,0.0,51,0.0,59,0.0,4,0.0,44.74,0.0,2021-11-16,-,0,-
1133,73,Olunia,-,1239.03,66.36,1346.76,39.88,35.91,-8.83,142,49.0,56,20.0,84,29.0,2,0.0,39.44,0.73,2026-05-31,-,0,1416.0
-,-,Jaack,-,1238.22,-3.1,1403.56,0.0,55.11,1.03,166,0.0,74,0.0,88,0.0,4,0.0,44.58,0.0,2022-02-23,-,0,-
1134,-28,Garhett,-,1238.08,-3.3,1390.68,0.0,50.87,1.1,60,0.0,23,0.0,36,0.0,1,0.0,38.33,0.0,2025-12-12,-,0,939.0
1135,-40,JohnnyMac,-,1238.01,-8.35,1305.82,-7.32,22.6,0.34,1224,49.0,449,17.0,753,32.0,22,0.0,36.68,-0.09,2026-05-31,-,0,512.0
-,-,TopDog,-,1237.95,-2.7,1420.99,0.0,61.01,0.9,45,0.0,21,0.0,24,0.0,0,0.0,46.67,0.0,2025-03-26,-,0,939.0
-,-,DangerGranger,-,1237.81,-1.56,1551.91,0.0,104.7,0.52,18,0.0,10,0.0,8,0.0,0,0.0,55.56,0.0,2020-06-28,-,0,-
1136,-49,mooscolly,AU,1237.79,-14.55,1315.48,-13.24,25.89,0.44,793,31.0,266,8.0,524,23.0,3,0.0,33.54,-0.32,2026-05-27,-,0,720.0
1137,-54,Rebel_Rebs,-,1237.76,-17.35,1324.39,-20.12,28.88,-0.92,252,31.0,91,7.0,158,24.0,3,0.0,36.11,-1.9,2026-05-31,-,0,836.0
-,-,lordofwales,DE,1237.69,-1.51,1562.09,0.0,108.13,0.5,18,0.0,12,0.0,6,0.0,0,0.0,66.67,0.0,2020-09-27,-,0,-
-,-,footjoy39,-,1237.48,-2.27,1453.68,0.0,72.07,0.76,30,0.0,17,0.0,13,0.0,0,0.0,56.67,0.0,2025-02-06,-,0,1067.0
-,-,Samus,-,1237.46,-2.29,1451.39,0.0,71.31,0.76,66,0.0,26,0.0,39,0.0,1,0.0,39.39,0.0,2020-12-06,-,0,-
-,-,lorrico,-,1237.39,-1.79,1511.7,0.0,91.44,0.6,42,0.0,26,0.0,16,0.0,0,0.0,61.9,0.0,2020-11-27,-,0,-
-,-,Jiggling,-,1237.39,-2.64,1424.83,0.0,62.48,0.88,108,0.0,42,0.0,66,0.0,0,0.0,38.89,0.0,2022-08-26,-,0,-
-,-,awh1979,-,1237.36,-3.49,1385.69,0.0,49.44,1.16,218,0.0,85,0.0,132,0.0,1,0.0,38.99,0.0,2023-03-01,-,0,-
-,-,Stevenlan90,-,1237.16,-3.04,1404.5,0.0,55.78,1.01,150,0.0,66,0.0,82,0.0,2,0.0,44.0,0.0,2024-02-23,-,0,-
-,-,Piotr33,PL,1236.71,-3.89,1363.93,0.0,42.41,1.3,214,0.0,74,0.0,136,0.0,4,0.0,34.58,0.0,2024-08-11,-,0,-
-,-,AyllonRafa,-,1236.65,-2.36,1445.78,0.0,69.71,0.79,84,0.0,38,0.0,44,0.0,2,0.0,45.24,0.0,2020-11-27,-,0,-
-,-,Twinkles,-,1236.62,-1.93,1491.04,0.0,84.81,0.64,36,0.0,17,0.0,19,0.0,0,0.0,47.22,0.0,2020-09-27,-,0,-
-,-,boltar,-,1236.51,-2.21,1460.43,0.0,74.64,0.74,60,0.0,29,0.0,31,0.0,0,0.0,48.33,0.0,2020-11-20,G,2,-
1138,-30,lzhon002,-,1236.5,-3.66,1371.14,0.0,44.88,1.22,96,0.0,41,0.0,55,0.0,0,0.0,42.71,0.0,2026-02-07,-,0,1184.0
-,-,phixed,-,1236.08,-3.57,1379.96,0.0,47.96,1.19,294,0.0,128,0.0,163,0.0,3,0.0,43.54,0.0,2024-11-30,-,0,1287.0
-,-,Cope,-,1236.06,-2.48,1446.98,0.0,70.31,0.83,66,0.0,33,0.0,33,0.0,0,0.0,50.0,0.0,2021-03-02,-,0,-
1139,28,MarcinWol,-,1235.92,37.55,1422.9,-11.85,62.33,-16.47,45,15.0,19,4.0,26,11.0,0,0.0,42.22,-7.78,2026-03-25,-,0,-
-,-,Oslot,-,1235.92,-3.03,1401.16,0.0,55.08,1.01,115,0.0,54,0.0,61,0.0,0,0.0,46.96,0.0,2023-08-03,-,0,-
1140,-35,NovusIgnis,US,1235.91,-5.59,1333.19,0.0,32.43,1.86,478,0.0,181,0.0,294,0.0,3,0.0,37.87,0.0,2026-02-28,-,0,985.0
1141,173,Dakeyras,-,1235.71,172.05,1535.55,71.84,99.95,-33.4,15,6.0,10,5.0,5,1.0,0,0.0,66.67,11.11,2026-04-23,-,0,-
-,-,JTazz01,-,1235.34,-2.75,1415.75,0.0,60.14,0.92,90,0.0,41,0.0,49,0.0,0,0.0,45.56,0.0,2022-03-06,-,0,-
-,-,Shaeff,-,1235.18,-2.52,1430.13,0.0,64.98,0.84,52,0.0,29,0.0,23,0.0,0,0.0,55.77,0.0,2023-04-16,-,0,-
1142,-32,MadNut86,-,1234.99,-2.72,1415.48,0.0,60.16,0.91,54,0.0,21,0.0,33,0.0,0,0.0,38.89,0.0,2026-02-02,-,0,1067.0
-,-,mazir,-,1234.95,-4.35,1352.78,0.0,39.28,1.45,248,0.0,94,0.0,154,0.0,0,0.0,37.9,0.0,2024-09-04,-,0,-
-,-,FLOW_OF_C_H,-,1234.79,-2.05,1475.2,0.0,80.14,0.68,31,0.0,15,0.0,15,0.0,1,0.0,48.39,0.0,2024-04-04,-,0,-
-,-,Durin_NL,NL,1234.57,-2.91,1403.99,0.0,56.47,0.97,99,0.0,41,0.0,57,0.0,1,0.0,41.41,0.0,2023-02-28,-,0,-
-,-,majortom111,-,1234.57,-3.44,1381.0,0.0,48.81,1.15,233,0.0,94,0.0,137,0.0,2,0.0,40.34,0.0,2023-07-15,-,0,-
1143,-31,sackn,-,1234.42,-2.3,1448.19,0.0,71.26,0.77,30,0.0,12,0.0,17,0.0,1,0.0,40.0,0.0,2026-01-28,-,0,-
-,-,8bitMeeple,-,1234.3,-3.59,1377.6,0.0,47.77,1.2,307,0.0,127,0.0,179,0.0,1,0.0,41.37,0.0,2023-01-15,-,0,-
-,-,ActuaryKing,-,1233.95,-2.57,1425.8,0.0,63.95,0.86,108,0.0,48,0.0,59,0.0,1,0.0,44.44,0.0,2021-03-02,-,0,-
-,-,Hamsert,-,1233.92,-2.46,1434.71,0.0,66.93,0.82,66,0.0,31,0.0,34,0.0,1,0.0,46.97,0.0,2021-09-05,-,0,-
-,-,DDD_D,-,1233.36,-2.21,1456.57,0.0,74.4,0.74,30,0.0,11,0.0,19,0.0,0,0.0,36.67,0.0,2025-01-27,-,0,989.0
-,-,The_Law,ZA,1233.06,-6.05,1332.07,0.0,33.0,2.02,756,0.0,267,0.0,485,0.0,4,0.0,35.32,0.0,2025-04-29,-,0,778.0
1144,-30,cagreat1,-,1232.88,-2.24,1452.56,0.0,73.23,0.75,30,0.0,14,0.0,16,0.0,0,0.0,46.67,0.0,2026-02-03,-,0,-
-,-,Museos,-,1232.7,-1.18,1646.66,0.0,137.99,0.39,12,0.0,8,0.0,4,0.0,0,0.0,66.67,0.0,2020-08-23,-,0,-
-,-,Kaiba0710,-,1232.42,-2.16,1459.36,0.0,75.64,0.72,36,0.0,18,0.0,17,0.0,1,0.0,50.0,0.0,2021-12-05,-,0,-
-,-,Krill,-,1231.81,-2.21,1453.51,0.0,73.9,0.74,72,0.0,31,0.0,41,0.0,0,0.0,43.06,0.0,2020-09-27,-,0,-
-,-,SonnyBB,-,1231.8,-1.95,1483.04,0.0,83.75,0.65,32,0.0,18,0.0,14,0.0,0,0.0,56.25,0.0,2022-02-26,-,0,-
-,-,Betasuppe,-,1231.75,-1.41,1578.95,0.0,115.73,0.47,12,0.0,7,0.0,5,0.0,0,0.0,58.33,0.0,2020-11-18,-,0,-
1145,-34,alcardonac,-,1231.63,-5.28,1329.63,0.0,32.67,1.76,408,0.0,136,0.0,270,0.0,2,0.0,33.33,0.0,2025-08-15,-,0,788.0
-,-,feanorek,-,1231.6,-1.58,1541.39,0.0,103.26,0.53,18,0.0,9,0.0,9,0.0,0,0.0,50.0,0.0,2020-09-27,-,0,-
-,-,Bora_Horsa_Gobuchul,-,1231.54,-2.91,1404.47,0.0,57.65,0.97,63,0.0,26,0.0,37,0.0,0,0.0,41.27,0.0,2025-01-28,-,0,1118.0
-,-,SandorClegan,-,1230.94,-2.19,1456.97,0.0,75.35,0.73,54,0.0,22,0.0,31,0.0,1,0.0,40.74,0.0,2020-12-06,-,0,-
1146,19,Panxo,CL,1230.91,31.87,1328.76,31.07,32.62,-0.27,202,18.0,72,10.0,126,8.0,4,0.0,35.64,1.94,2026-05-31,-,0,922.0
-,-,bloodies,-,1230.58,-1.53,1551.63,0.0,107.02,0.51,18,0.0,14,0.0,4,0.0,0,0.0,77.78,0.0,2021-06-02,-,0,-
-,-,Dave8,-,1230.42,-2.39,1435.85,0.0,68.48,0.8,54,0.0,29,0.0,25,0.0,0,0.0,53.7,0.0,2021-12-05,-,0,-
1147,-31,Voras,-,1229.54,-3.28,1380.54,0.0,50.33,1.09,60,0.0,21,0.0,36,0.0,3,0.0,35.0,0.0,2026-02-01,-,0,989.0
-,-,Bendor,-,1229.45,-2.91,1397.41,0.0,55.99,0.97,168,0.0,70,0.0,98,0.0,0,0.0,41.67,0.0,2021-09-05,-,0,-
-,-,KKluigi,-,1229.31,-4.46,1363.14,0.0,44.61,1.49,349,0.0,139,0.0,205,0.0,5,0.0,39.83,0.0,2024-02-28,-,0,-
-,-,MGdesmadre,-,1229.16,-2.91,1397.1,0.0,55.98,0.97,144,0.0,68,0.0,75,0.0,1,0.0,47.22,0.0,2022-03-06,-,0,-
1148,-31,lavasija,-,1228.45,-3.82,1359.05,0.0,43.53,1.27,123,0.0,51,0.0,70,0.0,2,0.0,41.46,0.0,2025-08-31,-,0,1277.0
-,-,adibendot,-,1228.33,-3.03,1393.45,0.0,55.04,1.01,150,0.0,63,0.0,86,0.0,1,0.0,42.0,0.0,2022-05-30,-,0,-
-,-,Ampersandy,-,1228.13,-2.83,1401.57,0.0,57.81,0.94,150,0.0,76,0.0,74,0.0,0,0.0,50.67,0.0,2021-11-29,-,0,-
1149,-34,kwerra,-,1228.05,-4.87,1331.22,0.0,34.39,1.62,354,0.0,130,0.0,219,0.0,5,0.0,36.72,0.0,2026-02-03,-,0,1118.0
1150,-31,Algomi,-,1227.81,-2.07,1464.53,0.0,78.91,0.69,25,0.0,11,0.0,14,0.0,0,0.0,44.0,0.0,2026-02-08,-,0,-
-,-,fraction,-,1227.81,-3.66,1367.8,0.0,46.66,1.22,313,0.0,117,0.0,189,0.0,7,0.0,37.38,0.0,2024-08-11,-,0,-
-,-,IsleOfDick,-,1227.79,-1.86,1491.19,0.0,87.8,0.62,30,0.0,14,0.0,14,0.0,2,0.0,46.67,0.0,2024-02-23,-,0,-
1151,-44,FabioBE81,-,1227.42,-13.87,1313.62,-9.92,28.74,1.32,477,12.0,156,0.0,320,11.0,1,1.0,32.7,-0.85,2026-05-31,-,0,718.0
-,-,Adam-Collett,-,1227.35,-1.73,1510.85,0.0,94.5,0.58,24,0.0,15,0.0,9,0.0,0,0.0,62.5,0.0,2022-02-28,-,0,-
-,-,Moxielle,-,1227.32,-3.5,1367.54,0.0,46.74,1.17,104,0.0,42,0.0,60,0.0,2,0.0,40.38,0.0,2025-02-20,-,0,868.0
-,-,TomTom69,-,1226.81,-2.2,1450.85,0.0,74.68,0.73,48,0.0,21,0.0,27,0.0,0,0.0,43.75,0.0,2021-03-02,-,0,-
1152,-34,Mirceamsc1,-,1226.53,-3.67,1364.52,0.0,46.0,1.22,95,0.0,34,0.0,60,0.0,1,0.0,35.79,0.0,2026-02-09,-,0,1067.0
-,-,Der_Imperator,-,1226.41,-2.83,1399.78,0.0,57.79,0.94,61,0.0,28,0.0,33,0.0,0,0.0,45.9,0.0,2025-02-05,-,0,1118.0
1154,-33,metternich,IT,1226.41,-2.26,1294.61,-1.19,22.73,0.36,1063,49.0,364,14.0,691,35.0,8,0.0,34.24,-0.28,2026-05-31,-,0,615.0
1153,-52,Raystoneg,-,1226.41,-18.67,1384.59,-24.52,52.72,-1.95,72,6.0,27,0.0,45,6.0,0,0.0,37.5,-3.41,2026-03-11,-,0,-
-,-,ouTlier,-,1226.14,-1.89,1485.91,0.0,86.59,0.63,21,0.0,9,0.0,12,0.0,0,0.0,42.86,0.0,2025-01-04,-,0,989.0
-,-,Maxart,-,1225.68,-2.82,1404.62,0.0,59.65,0.94,106,0.0,44,0.0,62,0.0,0,0.0,41.51,0.0,2021-12-05,-,0,-
-,-,MinSane,-,1224.17,-2.08,1461.14,0.0,78.99,0.69,36,0.0,18,0.0,18,0.0,0,0.0,50.0,0.0,2021-09-05,-,0,-
-,-,orangeblood,-,1223.69,-2.62,1417.16,0.0,64.49,0.87,114,0.0,39,0.0,75,0.0,0,0.0,34.21,0.0,2022-03-01,-,0,-
-,-,ColdSpark,-,1223.4,-1.99,1472.66,0.0,83.09,0.66,28,0.0,12,0.0,16,0.0,0,0.0,42.86,0.0,2022-02-20,-,0,-
-,-,Misio,-,1222.84,-2.18,1460.55,0.0,79.24,0.73,60,0.0,32,0.0,28,0.0,0,0.0,53.33,0.0,2020-11-24,-,0,-
-,-,PietroLiVoti,-,1222.68,-2.67,1412.07,0.0,63.13,0.89,120,0.0,44,0.0,76,0.0,0,0.0,36.67,0.0,2020-09-27,G,4,-
-,-,sleepytown,US,1222.48,-3.23,1375.09,0.0,50.87,1.08,135,0.0,58,0.0,76,0.0,1,0.0,42.96,0.0,2023-02-24,-,0,-
-,-,Eira,-,1222.27,-2.61,1410.01,0.0,62.58,0.87,76,0.0,39,0.0,37,0.0,0,0.0,51.32,0.0,2022-03-06,-,0,-
-,-,Vijaybabu,-,1222.17,-2.64,1408.0,0.0,61.94,0.88,90,0.0,40,0.0,48,0.0,2,0.0,44.44,0.0,2021-08-27,-,0,-
1155,-58,vulinhchelsea,-,1222.09,-24.18,1473.68,-39.25,83.86,-5.02,22,3.0,12,1.0,10,2.0,0,0.0,54.55,-3.34,2026-03-17,-,0,-
-,-,thegruffalo,-,1221.82,-2.15,1450.65,0.0,76.28,0.72,30,0.0,12,0.0,18,0.0,0,0.0,40.0,0.0,2025-02-03,-,0,989.0
-,-,Arius,-,1221.67,-2.8,1400.75,0.0,59.69,0.93,73,0.0,28,0.0,45,0.0,0,0.0,38.36,0.0,2024-04-04,-,0,-
1156,-25,Gr33ny,-,1221.09,0.15,1289.37,1.26,22.76,0.37,1063,49.0,367,15.0,690,34.0,6,0.0,34.52,-0.19,2026-05-27,-,0,600.0
1157,-31,Jocik,-,1221.0,-4.93,1322.7,0.0,33.9,1.64,209,0.0,78,0.0,129,0.0,2,0.0,37.32,0.0,2026-01-30,-,0,757.0
1158,-31,Abuceb,-,1220.27,-5.02,1319.93,0.0,33.22,1.67,205,0.0,76,0.0,126,0.0,3,0.0,37.07,0.0,2025-11-30,-,0,849.0
-,-,Andreasp88,-,1220.06,-3.06,1381.16,0.0,53.7,1.02,92,0.0,33,0.0,58,0.0,1,0.0,35.87,0.0,2024-08-11,-,0,-
1159,-34,Everex,CZ,1219.77,-7.1,1294.56,-4.81,24.93,0.77,790,30.0,255,6.0,529,24.0,6,0.0,32.28,-0.48,2026-05-31,-,0,628.0
1160,-31,Tomek,-,1219.62,-1.86,1485.41,0.0,88.6,0.62,36,0.0,15,0.0,21,0.0,0,0.0,41.67,0.0,2026-02-08,-,0,1287.0
-,-,Huasong,-,1219.4,-1.13,1652.62,0.0,144.41,0.38,8,0.0,5,0.0,2,0.0,1,0.0,62.5,0.0,2022-01-01,-,0,-
1161,-33,Brumkalinka,-,1219.0,-2.68,1402.81,0.0,61.27,0.89,49,0.0,19,0.0,28,0.0,2,0.0,38.78,0.0,2025-12-01,-,0,1067.0
-,-,Azian,-,1218.34,-2.63,1403.82,0.0,61.83,0.88,108,0.0,46,0.0,60,0.0,2,0.0,42.59,0.0,2022-02-27,-,0,-
1162,-40,ThomasM,-,1218.21,-9.85,1316.62,-11.5,32.8,-0.55,252,18.0,81,3.0,168,15.0,3,0.0,32.14,-1.19,2026-04-18,-,0,918.0
-,-,Deardo,-,1217.82,-2.88,1389.08,0.0,57.09,0.96,150,0.0,61,0.0,88,0.0,1,0.0,40.67,0.0,2021-09-05,-,0,-
-,-,Grassman,-,1217.71,-3.54,1361.42,0.0,47.9,1.18,212,0.0,86,0.0,126,0.0,0,0.0,40.57,0.0,2023-02-27,-,0,-
-,-,nge,-,1217.65,-2.93,1388.82,0.0,57.06,0.98,60,0.0,22,0.0,38,0.0,0,0.0,36.67,0.0,2025-01-31,-,0,1184.0
-,-,Sebix,-,1217.15,-2.45,1418.82,0.0,67.22,0.82,45,0.0,16,0.0,29,0.0,0,0.0,35.56,0.0,2025-03-27,-,0,872.0
1163,-33,Amarok,-,1216.92,-4.22,1338.41,0.0,40.5,1.41,136,0.0,45,0.0,91,0.0,0,0.0,33.09,0.0,2026-01-31,-,0,1067.0
-,-,Foloppo_Monty,-,1216.63,-2.34,1426.1,0.0,69.82,0.78,72,0.0,27,0.0,45,0.0,0,0.0,37.5,0.0,2020-12-06,-,0,-
-,-,applearn,-,1216.45,-2.12,1448.92,0.0,77.49,0.71,30,0.0,7,0.0,23,0.0,0,0.0,23.33,0.0,2023-03-01,-,0,-
-,-,wabatt,-,1216.34,-2.04,1460.83,0.0,81.5,0.68,36,0.0,12,0.0,22,0.0,2,0.0,33.33,0.0,2020-09-27,G,2,-
-,-,master176281,DE,1216.24,-3.69,1355.17,0.0,46.31,1.23,408,0.0,168,0.0,236,0.0,4,0.0,41.18,0.0,2023-02-24,-,0,-
-,-,Nakatomy,-,1216.24,-1.73,1499.95,0.0,94.57,0.58,18,0.0,10,0.0,8,0.0,0,0.0,55.56,0.0,2022-12-04,-,0,-
-,-,MetaWiz,-,1216.0,-3.49,1360.85,0.0,48.28,1.16,281,0.0,110,0.0,170,0.0,1,0.0,39.15,0.0,2023-05-25,-,0,-
1164,-32,PatPunisher,-,1215.92,-3.2,1370.06,0.0,51.38,1.07,60,0.0,25,0.0,35,0.0,0,0.0,41.67,0.0,2026-01-29,-,0,1067.0
-,-,nchoong,MY,1215.3,-2.68,1398.11,0.0,60.93,0.89,50,0.0,19,0.0,31,0.0,0,0.0,38.0,0.0,2024-10-31,-,0,-
-,-,Elendil,-,1214.21,-3.75,1347.17,0.0,44.32,1.25,303,0.0,125,0.0,175,0.0,3,0.0,41.25,0.0,2024-09-04,-,0,-
-,-,stupidpiggy2,-,1214.1,-2.01,1458.2,0.0,81.37,0.67,48,0.0,24,0.0,24,0.0,0,0.0,50.0,0.0,2020-09-27,-,0,-
1165,-25,bobcatbob,-,1214.08,-0.76,1277.0,1.31,20.97,0.69,1084,55.0,355,17.0,726,38.0,3,0.0,32.75,-0.1,2026-05-31,-,0,565.0
1166,-31,SargeGunz,-,1213.95,-2.63,1400.59,0.0,62.21,0.88,45,0.0,20,0.0,25,0.0,0,0.0,44.44,0.0,2026-01-31,-,0,-
-,-,Izmar,-,1213.59,-1.59,1522.25,0.0,102.89,0.53,18,0.0,13,0.0,4,0.0,1,0.0,72.22,0.0,2021-06-02,-,0,-
1167,-21,2da6,-,1213.59,2.3,1332.1,1.77,39.5,-0.17,137,6.0,48,3.0,88,3.0,1,0.0,35.04,0.69,2026-04-23,-,0,939.0
-,-,Kermitoos,-,1213.34,-2.14,1444.33,0.0,77.0,0.71,27,0.0,10,0.0,17,0.0,0,0.0,37.04,0.0,2025-01-21,-,0,989.0
-,-,FulcrumActual,-,1213.29,-1.46,1549.16,0.0,111.96,0.49,12,0.0,9,0.0,3,0.0,0,0.0,75.0,0.0,2025-05-29,-,0,1287.0
-,-,Lara13,-,1213.03,-1.99,1463.26,0.0,83.41,0.66,30,0.0,16,0.0,14,0.0,0,0.0,53.33,0.0,2024-06-02,-,0,-
-,-,Lopesllm,-,1212.83,-2.57,1418.65,0.0,68.61,0.86,108,0.0,36,0.0,69,0.0,3,0.0,33.33,0.0,2020-09-27,G,2,-
1168,-29,Camy,-,1212.76,-2.18,1437.7,0.0,74.98,0.73,25,0.0,14,0.0,11,0.0,0,0.0,56.0,0.0,2026-01-31,-,0,-
1169,-32,SunGodREI,-,1212.76,-3.01,1376.43,0.0,54.56,1.0,60,0.0,27,0.0,33,0.0,0,0.0,45.0,0.0,2026-02-07,-,0,1184.0
1170,-32,Ms.QTPi,-,1212.67,-2.57,1403.52,0.0,63.62,0.86,41,0.0,20,0.0,21,0.0,0,0.0,48.78,0.0,2025-08-16,-,0,1170.0
-,-,stmx0v0,-,1212.54,-1.18,1626.6,0.0,138.02,0.39,8,0.0,4,0.0,4,0.0,0,0.0,50.0,0.0,2022-01-01,-,0,-
-,-,PajaBez,-,1212.29,-1.83,1480.93,0.0,89.55,0.61,36,0.0,20,0.0,16,0.0,0,0.0,55.56,0.0,2021-02-20,-,0,-
-,-,Krucik,-,1211.84,-3.63,1369.43,0.0,52.53,1.21,186,0.0,71,0.0,110,0.0,5,0.0,38.17,0.0,2023-03-01,-,0,-
-,-,kirkowitz,-,1211.8,-1.46,1546.36,0.0,111.52,0.49,24,0.0,16,0.0,8,0.0,0,0.0,66.67,0.0,2020-11-26,-,0,-
-,-,Rutgers,-,1211.76,-2.77,1388.69,0.0,58.98,0.92,102,0.0,44,0.0,54,0.0,4,0.0,43.14,0.0,2022-02-23,-,0,-
-,-,Olympia,-,1211.56,-2.08,1448.02,0.0,78.82,0.69,25,0.0,9,0.0,16,0.0,0,0.0,36.0,0.0,2025-02-05,-,0,989.0
-,-,goldeneyeonline,DE,1211.51,-3.25,1362.62,0.0,50.37,1.08,202,0.0,79,0.0,120,0.0,3,0.0,39.11,0.0,2022-12-04,-,0,-
1171,-13,Suddoman,-,1211.43,6.6,1309.43,-0.25,32.67,-2.28,165,30.0,57,8.0,103,22.0,5,0.0,34.55,-1.75,2026-05-16,-,0,932.0
-,-,ScottHMoore,-,1211.3,-1.62,1514.64,0.0,101.11,0.54,18,0.0,7,0.0,11,0.0,0,0.0,38.89,0.0,2020-12-06,-,0,-
-,-,LacekCZ,-,1210.94,-2.0,1473.13,0.0,87.39,0.67,36,0.0,17,0.0,18,0.0,1,0.0,47.22,0.0,2020-09-27,G,2,-
1172,-29,hardsoul,-,1210.9,-2.18,1435.77,0.0,74.96,0.73,30,0.0,9,0.0,21,0.0,0,0.0,30.0,0.0,2026-02-01,-,0,-
-,-,Rodraca,-,1210.69,-1.71,1497.47,0.0,95.59,0.57,19,0.0,10,0.0,9,0.0,0,0.0,52.63,0.0,2023-01-15,-,0,-
1174,-30,Oleg787899,-,1210.14,-2.1,1444.24,0.0,78.04,0.7,30,0.0,10,0.0,20,0.0,0,0.0,33.33,0.0,2026-02-08,-,0,-
1173,new,Marabu8,-,1210.14,760.14,1562.78,62.78,117.54,117.54,11,11.0,8,8.0,3,3.0,0,0.0,72.73,72.73,2026-05-25,-,0,-
-,-,LuisPerdomo,-,1210.03,-1.75,1489.91,0.0,93.29,0.58,30,0.0,15,0.0,15,0.0,0,0.0,50.0,0.0,2024-02-23,-,0,-
-,-,DalHangAri,-,1209.75,-3.07,1373.29,0.0,54.51,1.02,162,0.0,63,0.0,97,0.0,2,0.0,38.89,0.0,2022-06-05,-,0,-
-,-,Heyitstheasian,-,1209.68,-1.38,1565.05,0.0,118.46,0.46,18,0.0,13,0.0,5,0.0,0,0.0,72.22,0.0,2020-09-27,-,0,-
1175,19,Wombelbat,-,1209.51,26.94,1306.24,23.18,32.24,-1.25,369,30.0,116,10.0,249,20.0,4,0.0,31.44,0.17,2026-05-29,-,0,1375.0
-,-,JonJayJanyJanzn,-,1209.26,-2.66,1395.59,0.0,62.11,0.89,57,0.0,27,0.0,30,0.0,0,0.0,47.37,0.0,2025-01-10,-,0,1184.0
-,-,al_boev,RU,1209.12,-2.82,1392.62,0.0,61.17,0.94,57,0.0,25,0.0,30,0.0,2,0.0,43.86,0.0,2025-02-01,-,0,-
1176,-35,BerdBlond,-,1208.74,-5.97,1294.39,0.0,28.55,1.99,615,0.0,222,0.0,386,0.0,7,0.0,36.1,0.0,2026-02-08,-,0,836.0
-,-,MistWalker,-,1208.27,-2.27,1430.54,0.0,74.09,0.76,66,0.0,25,0.0,36,0.0,5,0.0,37.88,0.0,2020-08-15,-,0,-
-,-,HeM99,-,1208.2,-2.29,1425.6,0.0,72.47,0.76,30,0.0,11,0.0,18,0.0,1,0.0,36.67,0.0,2025-02-04,-,0,989.0
-,-,JuanitosCZ,-,1208.1,-3.15,1364.36,0.0,52.09,1.05,184,0.0,77,0.0,105,0.0,2,0.0,41.85,0.0,2022-08-29,-,0,-
-,-,thaes,-,1208.01,-2.41,1411.08,0.0,67.69,0.8,54,0.0,29,0.0,25,0.0,0,0.0,53.7,0.0,2022-06-05,-,0,-
-,-,MySAK,-,1207.58,-3.03,1382.75,0.0,58.39,1.01,138,0.0,53,0.0,80,0.0,5,0.0,38.41,0.0,2021-09-05,-,0,-
-,-,croloris,-,1207.04,-2.52,1402.73,0.0,65.23,0.84,72,0.0,29,0.0,42,0.0,1,0.0,40.28,0.0,2022-06-05,-,0,-
-,-,DanielDose,-,1207.03,-2.41,1410.82,0.0,67.93,0.8,48,0.0,22,0.0,25,0.0,1,0.0,45.83,0.0,2024-06-02,-,0,-
1177,-27,Nimnaros,-,1207.02,-2.32,1419.25,0.0,70.74,0.77,29,0.0,15,0.0,14,0.0,0,0.0,51.72,0.0,2026-02-07,-,0,-
1178,7,daices,US,1206.58,19.68,1338.2,26.91,43.87,2.41,878,12.0,397,7.0,469,5.0,12,0.0,45.22,0.19,2026-05-31,G,2,648.0
1179,-31,SullyWully,-,1206.56,-3.49,1318.74,-2.61,37.39,0.29,162,7.0,58,2.0,102,5.0,2,0.0,35.8,-0.33,2026-05-14,-,0,783.0
1180,-24,Rasti,-,1205.99,-1.36,1565.12,0.0,119.71,0.45,12,0.0,8,0.0,4,0.0,0,0.0,66.67,0.0,2025-11-24,-,0,1287.0
1181,-29,ChipsChipsensen,NL,1205.97,-3.12,1365.94,0.0,53.32,1.04,69,0.0,31,0.0,34,0.0,4,0.0,44.93,0.0,2025-07-28,-,0,1388.0
1182,unretired,Leonidas33,-,1205.73,41.27,1427.96,32.3,74.08,-2.99,33,3.0,16,3.0,17,0.0,0,0.0,48.48,5.15,2026-04-24,-,0,1118.0
1183,-41,Franzy,-,1205.64,-7.91,1295.76,-6.23,30.04,0.56,429,13.0,156,3.0,271,10.0,2,0.0,36.36,-0.42,2026-05-18,-,0,746.0
-,-,Rancho,-,1205.53,-3.14,1361.57,0.0,52.01,1.05,105,0.0,38,0.0,66,0.0,1,0.0,36.19,0.0,2024-05-28,-,0,-
1184,-30,Gramadancho,-,1205.34,-3.0,1369.2,0.0,54.62,1.0,60,0.0,25,0.0,35,0.0,0,0.0,41.67,0.0,2026-01-29,-,0,1118.0
1185,-32,clemy,-,1204.9,-4.03,1409.44,-28.92,68.18,-8.3,37,7.0,12,2.0,24,5.0,1,0.0,32.43,-0.9,2026-05-12,-,0,-
1186,-18,vratia,-,1204.74,8.32,1275.33,9.19,23.53,0.29,599,48.0,181,17.0,416,31.0,2,0.0,30.22,0.46,2026-05-31,-,0,859.0
-,-,ThroughTheVirus,-,1204.69,-1.57,1516.91,0.0,104.07,0.52,18,0.0,12,0.0,6,0.0,0,0.0,66.67,0.0,2022-06-05,-,0,-
-,-,Urbaneq,-,1204.51,-2.27,1424.1,0.0,73.2,0.76,54,0.0,19,0.0,33,0.0,2,0.0,35.19,0.0,2021-09-05,-,0,-
1187,-32,Broens,-,1204.37,-3.1,1363.01,0.0,52.88,1.03,64,0.0,26,0.0,37,0.0,1,0.0,40.62,0.0,2026-02-03,-,0,1118.0
1188,-55,LadyValaria,US,1204.34,-14.09,1282.89,-6.59,26.18,2.5,708,5.0,244,0.0,456,5.0,8,0.0,34.46,-0.25,2026-03-25,-,0,780.0
-,-,GustavEdman,-,1203.67,-2.54,1398.9,0.0,65.07,0.85,90,0.0,37,0.0,53,0.0,0,0.0,41.11,0.0,2021-06-02,-,0,-
-,-,MBK,-,1203.15,-1.41,1551.69,0.0,116.18,0.47,32,0.0,11,0.0,21,0.0,0,0.0,34.38,0.0,2024-02-23,-,0,-
1189,-28,BGTigger,-,1203.09,1.58,1298.02,4.67,31.64,1.03,438,7.0,150,3.0,286,4.0,2,0.0,34.25,0.14,2026-05-14,-,0,751.0
-,-,plaZer,-,1203.08,-2.65,1393.72,0.0,63.55,0.88,119,0.0,39,0.0,80,0.0,0,0.0,32.77,0.0,2023-01-22,-,0,-
-,-,gxmarantes,-,1202.92,-1.35,1566.6,0.0,121.23,0.45,18,0.0,12,0.0,6,0.0,0,0.0,66.67,0.0,2019-09-30,-,0,-
-,-,Kestutelis,-,1202.83,-2.48,1401.46,0.0,66.21,0.83,55,0.0,19,0.0,36,0.0,0,0.0,34.55,0.0,2025-02-06,-,0,989.0
-,-,DonStealth,-,1202.57,-3.58,1341.57,0.0,46.33,1.19,102,0.0,33,0.0,69,0.0,0,0.0,32.35,0.0,2025-01-28,-,0,1184.0
1190,-20,MajorGaz,-,1202.57,7.39,1314.49,3.72,37.31,-1.23,291,13.0,101,5.0,189,8.0,1,0.0,34.71,0.18,2026-05-18,-,0,-
-,-,nexpyru,-,1202.56,-3.53,1345.42,0.0,47.62,1.18,185,0.0,75,0.0,108,0.0,2,0.0,40.54,0.0,2023-07-15,-,0,-
1191,-34,EKogon,-,1202.44,-4.58,1313.11,0.0,36.89,1.53,156,0.0,53,0.0,103,0.0,0,0.0,33.97,0.0,2026-01-26,-,0,928.0
1192,-47,KTMatthews,CA,1202.29,-9.57,1288.21,-8.38,28.64,0.4,520,19.0,156,5.0,362,14.0,2,0.0,30.0,-0.14,2026-05-31,-,0,674.0
-,-,scrambled,-,1202.26,-2.94,1369.82,0.0,55.85,0.98,180,0.0,84,0.0,95,0.0,1,0.0,46.67,0.0,2021-11-16,-,0,-
-,-,Tohuwabohu,-,1202.12,-1.92,1458.67,0.0,85.52,0.64,27,0.0,12,0.0,14,0.0,1,0.0,44.44,0.0,2023-01-15,-,0,-
-,-,Grandmaster_Max,-,1201.8,-2.21,1426.91,0.0,75.04,0.74,54,0.0,27,0.0,26,0.0,1,0.0,50.0,0.0,2020-12-06,-,0,-
1193,14,Revan,DE,1201.7,29.89,1302.07,27.41,33.46,-0.83,383,18.0,112,10.0,269,8.0,2,0.0,29.24,1.29,2026-05-31,-,0,1063.0
1194,-43,mindphaser,CA,1201.63,-7.53,1283.71,0.0,27.36,2.51,1225,0.0,435,0.0,780,0.0,10,0.0,35.51,0.0,2026-02-13,G,2,630.0
-,-,abandonedPlayer,-,1201.53,-1.14,1632.01,0.0,143.49,0.38,8,0.0,4,0.0,4,0.0,0,0.0,50.0,0.0,2022-01-01,-,0,-
-,-,Nardo,-,1201.44,-1.66,1496.03,0.0,98.2,0.55,18,0.0,11,0.0,6,0.0,1,0.0,61.11,0.0,2021-09-05,-,0,-
1195,-11,CuJ,-,1201.13,14.17,1278.92,12.41,25.93,-0.59,375,43.0,118,15.0,256,28.0,1,0.0,31.47,0.45,2026-05-31,-,0,690.0
-,-,Roksis,-,1201.1,-3.74,1347.89,0.0,48.93,1.25,325,0.0,124,0.0,201,0.0,0,0.0,38.15,0.0,2023-01-15,G,2,-
-,-,EnterWrexer,-,1200.97,-1.85,1465.97,0.0,88.33,0.62,30,0.0,19,0.0,11,0.0,0,0.0,63.33,0.0,2020-12-06,-,0,-
-,-,youbib,-,1200.91,-1.5,1527.56,0.0,108.88,0.5,15,0.0,6,0.0,9,0.0,0,0.0,40.0,0.0,2024-02-23,-,0,-
1196,-36,SolPanda,-,1198.62,-3.01,1362.26,0.0,54.55,1.0,60,0.0,18,0.0,41,0.0,1,0.0,30.0,0.0,2026-02-09,-,0,1184.0
-,-,Nikauw,-,1198.21,-2.45,1398.84,0.0,66.88,0.82,46,0.0,17,0.0,29,0.0,0,0.0,36.96,0.0,2024-08-11,-,0,-
1197,-50,RJonkers,NL,1197.9,-13.13,1282.03,-8.2,28.04,1.64,598,6.0,204,0.0,387,6.0,7,0.0,34.11,-0.35,2026-05-26,-,0,655.0
-,-,Swaraj,-,1197.58,-2.84,1372.52,0.0,58.31,0.95,120,0.0,49,0.0,71,0.0,0,0.0,40.83,0.0,2022-06-05,G,2,-
-,-,soundfield,-,1197.47,-1.78,1472.53,0.0,91.69,0.59,30,0.0,16,0.0,14,0.0,0,0.0,53.33,0.0,2021-03-02,-,0,-
1198,128,Sr-Manteca,-,1197.24,158.12,1422.21,75.03,74.99,-27.7,24,12.0,12,7.0,12,5.0,0,0.0,50.0,8.33,2026-05-27,-,0,-
-,-,Lynnir,-,1197.0,-2.33,1410.77,0.0,71.26,0.78,54,0.0,26,0.0,28,0.0,0,0.0,48.15,0.0,2021-06-02,-,0,-
1199,-33,Dave777,-,1196.55,-2.02,1439.31,0.0,80.92,0.67,30,0.0,13,0.0,17,0.0,0,0.0,43.33,0.0,2026-02-08,-,0,-
-,-,betweenworlds,IN,1196.44,-5.53,1303.04,0.0,35.53,1.84,640,0.0,221,0.0,408,0.0,11,0.0,34.53,0.0,2025-01-21,-,0,1245.0
-,-,CombatTom,-,1196.35,-1.84,1464.92,0.0,89.52,0.61,36,0.0,19,0.0,17,0.0,0,0.0,52.78,0.0,2020-12-06,-,0,-
1200,-26,sirlenon,-,1196.27,4.43,1301.13,6.23,34.95,0.6,161,7.0,53,3.0,108,4.0,0,0.0,32.92,0.45,2026-05-13,-,0,742.0
-,-,Yugoslavia,-,1196.15,-1.83,1465.57,0.0,89.81,0.61,24,0.0,12,0.0,12,0.0,0,0.0,50.0,0.0,2021-11-27,-,0,-
-,-,niTRox,-,1196.14,-2.56,1392.47,0.0,65.45,0.85,84,0.0,34,0.0,48,0.0,2,0.0,40.48,0.0,2021-06-02,-,0,-
-,-,Locto,-,1195.99,-2.78,1377.09,0.0,60.37,0.93,132,0.0,56,0.0,76,0.0,0,0.0,42.42,0.0,2021-08-29,-,0,-
-,-,KwonJoonHo,-,1195.91,-3.61,1334.52,0.0,46.2,1.2,102,0.0,45,0.0,51,0.0,6,0.0,44.12,0.0,2024-10-01,-,0,-
-,-,vomisa,-,1195.87,-3.09,1356.41,0.0,53.52,1.03,156,0.0,72,0.0,84,0.0,0,0.0,46.15,0.0,2022-06-05,-,0,-
-,-,Bushel,-,1195.75,-3.57,1338.37,0.0,47.54,1.19,193,0.0,74,0.0,118,0.0,1,0.0,38.34,0.0,2024-02-23,-,0,-
1201,-38,JakubZGandalfova,-,1194.9,-5.72,1284.78,0.0,29.96,1.91,256,0.0,92,0.0,161,0.0,3,0.0,35.94,0.0,2026-02-28,-,0,802.0
1202,-20,prozio,-,1194.27,6.32,1299.32,2.64,35.02,-1.23,185,19.0,67,6.0,110,13.0,8,0.0,36.22,-0.53,2026-05-31,-,0,1287.0
-,-,venansula,-,1193.43,-4.01,1319.7,0.0,42.09,1.34,410,0.0,152,0.0,250,0.0,8,0.0,37.07,0.0,2023-12-03,-,0,-
-,-,ADRILU,-,1193.3,-2.6,1381.93,0.0,62.88,0.87,76,0.0,37,0.0,39,0.0,0,0.0,48.68,0.0,2022-03-06,-,0,-
-,-,RolldUpTrips,-,1193.06,-2.39,1401.39,0.0,69.44,0.8,108,0.0,44,0.0,63,0.0,1,0.0,40.74,0.0,2019-11-10,-,0,-
-,-,GAM3NURD,US,1192.77,-3.86,1322.77,0.0,43.33,1.29,308,0.0,110,0.0,185,0.0,13,0.0,35.71,0.0,2024-12-05,-,0,1287.0
-,-,Daniel87,-,1192.55,-1.69,1481.69,0.0,96.38,0.56,24,0.0,14,0.0,10,0.0,0,0.0,58.33,0.0,2021-02-20,-,0,-
-,-,Igorian,-,1192.39,-2.33,1406.96,0.0,71.52,0.78,54,0.0,30,0.0,24,0.0,0,0.0,55.56,0.0,2021-09-05,-,0,-
-,-,piopapero,-,1192.02,-2.17,1417.31,0.0,75.1,0.72,54,0.0,27,0.0,27,0.0,0,0.0,50.0,0.0,2021-03-02,-,0,-
1203,50,PandaofSooth,-,1191.93,61.64,1420.5,27.83,76.19,-11.27,26,7.0,15,5.0,11,2.0,0,0.0,57.69,5.06,2026-04-14,-,0,-
-,-,Devran,TR,1191.85,-2.34,1402.41,0.0,70.19,0.78,43,0.0,15,0.0,28,0.0,0,0.0,34.88,0.0,2025-01-18,-,0,989.0
-,-,Skarsh,-,1191.29,-2.37,1399.24,0.0,69.32,0.79,45,0.0,18,0.0,26,0.0,1,0.0,40.0,0.0,2024-04-04,-,0,-
-,-,Ranger,-,1191.29,-2.51,1387.28,0.0,65.33,0.84,48,0.0,21,0.0,26,0.0,1,0.0,43.75,0.0,2025-01-30,-,0,1184.0
-,-,pearh,-,1191.18,-1.45,1530.09,0.0,112.97,0.48,18,0.0,12,0.0,6,0.0,0,0.0,66.67,0.0,2020-09-27,-,0,-
1204,unretired,Spudman,-,1191.17,116.49,1387.28,71.67,65.37,-14.94,48,12.0,20,7.0,28,5.0,0,0.0,41.67,5.56,2026-05-24,-,0,-
-,-,JDN115,CA,1190.99,-3.41,1345.03,0.0,51.35,1.14,132,0.0,47,0.0,85,0.0,0,0.0,35.61,0.0,2023-12-03,-,0,-
1205,-27,Micha501,-,1189.83,-0.13,1325.29,-20.83,45.15,-6.9,79,19.0,26,6.0,51,13.0,2,0.0,32.91,-0.42,2026-05-31,-,0,1118.0
1206,-72,wisteria,MO,1189.41,-28.74,1295.02,-36.83,35.2,-2.7,473,30.0,174,6.0,289,23.0,10,1.0,36.79,-1.13,2026-05-31,-,0,1388.0
1207,-11,Glamdring,-,1189.24,8.09,1290.41,2.37,33.73,-1.9,576,30.0,203,11.0,365,19.0,8,0.0,35.24,0.08,2026-05-31,-,0,1174.0
1208,unretired,justnomame,VN,1188.7,17.92,1337.89,2.35,49.73,-5.19,84,14.0,37,6.0,45,7.0,2,1.0,44.05,-0.24,2026-05-18,-,0,-
-,-,Theory,-,1188.66,-1.12,1627.2,0.0,146.18,0.37,8,0.0,4,0.0,4,0.0,0,0.0,50.0,0.0,2022-01-01,-,0,-
-,-,Fivec,-,1188.61,-1.83,1459.7,0.0,90.36,0.61,36,0.0,19,0.0,17,0.0,0,0.0,52.78,0.0,2020-06-28,G,2,-
-,-,Vashek,-,1188.41,-1.94,1441.24,0.0,84.28,0.65,30,0.0,18,0.0,12,0.0,0,0.0,60.0,0.0,2023-11-18,-,0,-
1209,-37,AnBeLi3v4bLe,GR,1187.98,-4.97,1256.58,-2.98,22.87,0.67,1070,49.0,320,12.0,744,37.0,6,0.0,29.91,-0.26,2026-05-27,-,0,670.0
-,-,Holtykins,GB,1187.94,-3.17,1346.62,0.0,52.89,1.06,85,0.0,32,0.0,52,0.0,1,0.0,37.65,0.0,2025-01-14,-,0,1184.0
1210,-37,Dani91,-,1187.75,-4.11,1311.92,0.0,41.39,1.37,108,0.0,45,0.0,58,0.0,5,0.0,41.67,0.0,2025-11-30,-,0,932.0
-,-,Durdler,-,1187.7,-1.54,1505.8,0.0,106.03,0.51,18,0.0,12,0.0,6,0.0,0,0.0,66.67,0.0,2022-06-05,-,0,-
1211,-34,iindianajones,-,1187.68,-2.35,1396.83,0.0,69.72,0.78,36,0.0,15,0.0,21,0.0,0,0.0,41.67,0.0,2026-02-03,-,0,1287.0
-,-,jdl,-,1187.41,-3.99,1315.1,0.0,42.56,1.33,300,0.0,100,0.0,198,0.0,2,0.0,33.33,0.0,2024-05-29,-,0,-
-,-,djed,-,1187.33,-3.39,1331.83,0.0,48.17,1.13,212,0.0,73,0.0,136,0.0,3,0.0,34.43,0.0,2023-03-05,-,0,-
1212,-43,Kruch,DE,1187.17,-8.46,1260.43,-7.24,24.42,0.4,1082,49.0,368,12.0,699,37.0,15,0.0,34.01,-0.45,2026-05-31,-,0,697.0
1213,-42,DeZet,-,1186.77,-7.0,1273.46,0.0,28.9,2.33,669,0.0,217,0.0,434,0.0,18,0.0,32.44,0.0,2025-11-30,-,0,697.0
1214,-33,Kaputsky,-,1186.71,-2.01,1430.85,0.0,81.38,0.67,30,0.0,9,0.0,21,0.0,0,0.0,30.0,0.0,2026-02-05,-,0,-
1215,-36,rofler31337,-,1186.69,-3.02,1351.68,0.0,55.0,1.01,59,0.0,23,0.0,36,0.0,0,0.0,38.98,0.0,2026-02-06,-,0,989.0
1216,-27,vyvy,-,1186.08,0.62,1274.77,-2.49,29.56,-1.04,232,30.0,71,10.0,158,20.0,3,0.0,30.6,0.4,2026-05-25,-,0,755.0
-,-,Kwang202,-,1186.01,-4.09,1319.79,0.0,44.59,1.36,341,0.0,131,0.0,203,0.0,7,0.0,38.42,0.0,2024-06-16,-,0,-
1217,-42,TaoTeo,IT,1185.92,-5.34,1292.28,0.0,35.45,1.78,734,0.0,250,0.0,483,0.0,1,0.0,34.06,0.0,2025-12-01,-,0,1118.0
-,-,linyan,-,1185.84,-1.98,1433.38,0.0,82.51,0.66,31,0.0,13,0.0,17,0.0,1,0.0,41.94,0.0,2023-01-15,-,0,-
-,-,hippie,KR,1185.76,-1.46,1521.33,0.0,111.86,0.49,18,0.0,11,0.0,7,0.0,0,0.0,61.11,0.0,2020-06-28,-,0,-
1218,-35,Nymphaea,DE,1185.32,-2.62,1280.58,-1.56,31.75,0.35,304,12.0,98,4.0,202,8.0,4,0.0,32.24,0.05,2026-05-25,-,0,1271.0
-,-,Oriane,-,1185.06,-2.08,1422.5,0.0,79.14,0.69,54,0.0,26,0.0,28,0.0,0,0.0,48.15,0.0,2020-12-06,-,0,-
-,-,origamifan,-,1184.9,-3.01,1346.15,0.0,53.75,1.0,198,0.0,82,0.0,114,0.0,2,0.0,41.41,0.0,2021-12-05,-,0,-
-,-,Mandrillus,-,1184.8,-2.68,1368.37,0.0,61.19,0.89,66,0.0,22,0.0,43,0.0,1,0.0,33.33,0.0,2023-03-01,-,0,-
1219,-33,Ferris,-,1184.74,-2.14,1414.01,0.0,76.43,0.71,30,0.0,16,0.0,14,0.0,0,0.0,53.33,0.0,2026-02-08,-,0,-
-,-,BusyBeaver,-,1184.4,-1.06,1645.69,0.0,153.76,0.35,12,0.0,9,0.0,3,0.0,0,0.0,75.0,0.0,2020-08-24,-,0,-
-,-,LukeSpraywalker,IN,1184.19,-4.78,1289.72,0.0,35.18,1.59,347,0.0,93,0.0,237,0.0,17,0.0,26.8,0.0,2024-10-01,-,0,-
-,-,ahowlin,-,1184.15,-3.63,1324.44,0.0,46.76,1.21,243,0.0,95,0.0,147,0.0,1,0.0,39.09,0.0,2024-03-03,-,0,-
-,-,Hunkwithsomefunk,-,1183.91,-1.41,1532.1,0.0,116.06,0.47,12,0.0,7,0.0,5,0.0,0,0.0,58.33,0.0,2021-05-28,-,0,-
1220,-32,Msandry,-,1183.2,-3.28,1336.41,0.0,51.07,1.09,84,0.0,30,0.0,54,0.0,0,0.0,35.71,0.0,2026-02-05,-,0,1287.0
-,-,Semicolon42,-,1183.03,-2.17,1409.12,0.0,75.36,0.72,36,0.0,15,0.0,21,0.0,0,0.0,41.67,0.0,2023-08-27,-,0,-
1221,-45,jormapa,-,1182.87,-8.12,1315.32,-21.44,44.15,-4.44,80,18.0,30,5.0,50,13.0,0,0.0,37.5,-2.82,2026-05-29,-,0,-
-,-,Luitheone,-,1182.66,-2.85,1354.65,0.0,57.33,0.95,238,0.0,91,0.0,146,0.0,1,0.0,38.24,0.0,2021-11-15,-,0,-
1222,-35,hbendeguz,-,1182.6,-4.1,1303.86,0.0,40.42,1.37,158,0.0,38,0.0,113,0.0,7,0.0,24.05,0.0,2025-12-08,-,0,-
-,-,essence,IL,1182.57,-2.47,1381.51,0.0,66.31,0.82,45,0.0,18,0.0,26,0.0,1,0.0,40.0,0.0,2023-11-17,-,0,-
-,-,forthetop,-,1182.29,-1.99,1428.68,0.0,82.13,0.66,48,0.0,19,0.0,29,0.0,0,0.0,39.58,0.0,2020-09-27,-,0,-
1223,-43,SnowGolem,-,1182.24,-6.54,1266.32,0.0,28.03,2.18,763,0.0,226,0.0,531,0.0,6,0.0,29.62,0.0,2026-02-28,-,0,630.0
-,-,Albino,-,1182.11,-3.31,1332.57,0.0,50.15,1.1,102,0.0,38,0.0,64,0.0,0,0.0,37.25,0.0,2024-06-02,-,0,-
-,-,karatox,-,1182.09,-6.13,1299.46,0.0,39.12,2.04,542,0.0,206,0.0,328,0.0,8,0.0,38.01,0.0,2024-10-01,-,0,-
-,-,ack,ES,1181.89,-3.33,1336.26,0.0,51.46,1.11,141,0.0,56,0.0,84,0.0,1,0.0,39.72,0.0,2023-06-04,-,0,-
1224,-34,nchenche,-,1181.58,-2.46,1382.39,0.0,66.94,0.82,37,0.0,11,0.0,26,0.0,0,0.0,29.73,0.0,2025-12-01,-,0,939.0
-,-,AHoppy,-,1181.29,-1.84,1448.96,0.0,89.22,0.61,36,0.0,19,0.0,17,0.0,0,0.0,52.78,0.0,2020-09-27,-,0,-
1225,-63,Rob51,NL,1181.26,-19.6,1257.95,-19.18,25.56,0.14,774,36.0,270,7.0,499,29.0,5,0.0,34.88,-0.76,2026-05-26,-,0,857.0
1226,-33,Izio,IT,1180.84,-1.85,1258.05,-0.1,25.74,0.58,813,33.0,252,9.0,554,23.0,7,1.0,31.0,-0.15,2026-05-18,-,0,655.0
1227,-32,Frank92,-,1180.11,-1.97,1428.48,0.0,82.79,0.66,25,0.0,15,0.0,10,0.0,0,0.0,60.0,0.0,2025-11-16,-,0,1286.0
1228,-37,jasondh10,AU,1179.55,-4.01,1304.99,0.0,41.82,1.34,105,0.0,38,0.0,66,0.0,1,0.0,36.19,0.0,2026-02-01,-,0,928.0
-,-,Kelvinator,CA,1179.19,-4.2,1301.8,0.0,40.87,1.4,318,0.0,112,0.0,204,0.0,2,0.0,35.22,0.0,2025-04-17,-,0,1280.0
-,-,marizee412,PH,1178.51,-4.8,1285.73,0.0,35.74,1.6,533,0.0,146,0.0,385,0.0,2,0.0,27.39,0.0,2025-01-29,-,0,1284.0
-,-,mythianan,-,1178.12,-2.32,1389.58,0.0,70.49,0.77,45,0.0,17,0.0,28,0.0,0,0.0,37.78,0.0,2024-04-04,-,0,-
-,-,Iba,-,1177.89,-3.7,1331.09,0.0,51.07,1.23,268,0.0,99,0.0,165,0.0,4,0.0,36.94,0.0,2022-12-04,-,0,-
-,-,pyjamarama,-,1177.66,-1.92,1433.09,0.0,85.14,0.64,36,0.0,14,0.0,21,0.0,1,0.0,38.89,0.0,2020-09-27,-,0,-
1229,-31,UNICOKRATOS,-,1176.96,-3.14,1334.68,0.0,52.57,1.05,75,0.0,31,0.0,44,0.0,0,0.0,41.33,0.0,2026-01-31,-,0,939.0
-,-,Grishnakk,-,1176.94,-1.97,1425.96,0.0,83.01,0.66,30,0.0,8,0.0,21,0.0,1,0.0,26.67,0.0,2024-04-04,-,0,-
-,-,Namian,-,1176.92,-2.71,1360.39,0.0,61.16,0.9,75,0.0,28,0.0,47,0.0,0,0.0,37.33,0.0,2024-04-04,-,0,-
-,-,Graankoning,-,1176.67,-3.03,1343.02,0.0,55.45,1.01,129,0.0,40,0.0,82,0.0,7,0.0,31.01,0.0,2024-11-17,-,0,1287.0
-,-,Legolukadad,-,1175.9,-1.43,1519.16,0.0,114.42,0.48,18,0.0,9,0.0,9,0.0,0,0.0,50.0,0.0,2020-06-28,-,0,-
1230,-33,Dimitris,GR,1175.51,-5.48,1248.63,-4.65,24.37,0.28,901,46.0,268,12.0,624,34.0,9,0.0,29.74,-0.2,2026-05-31,-,0,628.0
-,-,sbronzisjhonson,-,1175.14,-4.6,1292.13,0.0,39.0,1.53,315,0.0,93,0.0,217,0.0,5,0.0,29.52,0.0,2025-01-14,-,0,1287.0
-,-,paixhaine,-,1174.93,-2.25,1393.03,0.0,72.7,0.75,36,0.0,12,0.0,23,0.0,1,0.0,33.33,0.0,2022-06-05,-,0,-
-,-,campsbayrich,-,1174.79,-3.27,1329.81,0.0,51.67,1.09,216,0.0,78,0.0,134,0.0,4,0.0,36.11,0.0,2022-06-05,-,0,-
1231,-32,MareTheEnlightened,-,1174.01,-2.98,1338.76,0.0,54.91,0.99,55,0.0,21,0.0,33,0.0,1,0.0,38.18,0.0,2026-02-03,-,0,1067.0
-,-,AlexGc,-,1173.75,-1.3,1551.42,0.0,125.89,0.43,18,0.0,10,0.0,8,0.0,0,0.0,55.56,0.0,2020-06-28,-,0,-
-,-,Nyalala,-,1173.72,-1.37,1531.27,0.0,119.19,0.46,18,0.0,11,0.0,7,0.0,0,0.0,61.11,0.0,2020-03-30,-,0,-
-,-,Weston,-,1173.59,-2.42,1386.27,0.0,70.89,0.81,72,0.0,31,0.0,40,0.0,1,0.0,43.06,0.0,2021-02-21,G,2,-
1232,-15,olawaco,-,1173.47,9.77,1275.96,12.41,34.16,0.88,222,5.0,80,4.0,141,1.0,1,0.0,36.04,1.02,2026-03-18,-,0,1118.0
1233,-32,Lexa7,-,1172.82,-2.48,1371.12,0.0,66.1,0.83,34,0.0,15,0.0,19,0.0,0,0.0,44.12,0.0,2026-02-01,-,0,-
1234,-75,KorXo,ES,1172.81,-29.23,1277.11,-17.69,34.76,3.85,1051,6.0,403,0.0,624,6.0,24,0.0,38.34,-0.22,2026-05-15,G,2,596.0
-,-,RainyDay,-,1172.48,-3.42,1316.86,0.0,48.13,1.14,131,0.0,35,0.0,86,0.0,10,0.0,26.72,0.0,2024-04-04,-,0,-
-,-,dejwut,-,1172.4,-1.96,1422.69,0.0,83.43,0.65,30,0.0,12,0.0,18,0.0,0,0.0,40.0,0.0,2024-02-23,-,0,-
-,-,ALANGOGMAN,-,1172.24,-2.49,1368.53,0.0,65.43,0.83,72,0.0,29,0.0,43,0.0,0,0.0,40.28,0.0,2022-02-28,-,0,-
-,-,Joetaptaco,-,1172.2,-2.72,1352.21,0.0,60.01,0.91,90,0.0,36,0.0,54,0.0,0,0.0,40.0,0.0,2022-03-06,-,0,-
1235,-33,LordMichaelDerGrosse,-,1171.68,-3.05,1332.88,0.0,53.74,1.02,59,0.0,22,0.0,37,0.0,0,0.0,37.29,0.0,2026-01-30,-,0,1118.0
1236,-36,tiagosilva,-,1171.32,-4.91,1274.43,0.0,34.37,1.64,450,0.0,137,0.0,309,0.0,4,0.0,30.44,0.0,2025-12-05,-,0,1050.0
1237,-34,haakonaugustus,-,1170.99,-2.3,1384.82,0.0,71.28,0.77,30,0.0,9,0.0,21,0.0,0,0.0,30.0,0.0,2026-02-05,-,0,-
-,-,MP87,-,1170.89,-2.47,1372.65,0.0,67.25,0.82,45,0.0,12,0.0,33,0.0,0,0.0,26.67,0.0,2024-02-23,-,0,-
-,-,Stinus,-,1170.42,-1.85,1435.89,0.0,88.49,0.62,24,0.0,11,0.0,13,0.0,0,0.0,45.83,0.0,2024-08-11,-,0,-
-,-,HHH,-,1170.33,-2.07,1409.5,0.0,79.72,0.69,36,0.0,20,0.0,14,0.0,2,0.0,55.56,0.0,2021-06-02,-,0,-
-,-,LordEenon,-,1170.13,-2.25,1387.93,0.0,72.6,0.75,60,0.0,29,0.0,31,0.0,0,0.0,48.33,0.0,2021-05-18,-,0,-
-,-,OGWiseman,-,1170.04,-2.11,1402.3,0.0,77.42,0.7,30,0.0,14,0.0,16,0.0,0,0.0,46.67,0.0,2024-02-23,-,0,-
-,-,nosnah,PL,1169.92,-4.97,1280.74,0.0,36.94,1.66,779,0.0,278,0.0,492,0.0,9,0.0,35.69,0.0,2024-06-16,-,0,-
-,-,Faustoguby,-,1169.88,-4.2,1301.84,0.0,43.99,1.4,392,0.0,138,0.0,252,0.0,2,0.0,35.2,0.0,2024-02-23,-,0,-
-,-,Andras,-,1169.87,-1.88,1432.49,0.0,87.54,0.63,48,0.0,21,0.0,27,0.0,0,0.0,43.75,0.0,2018-06-17,-,0,-
1238,-33,Rivendell,-,1169.25,-3.89,1299.7,0.0,43.49,1.3,393,0.0,133,0.0,258,0.0,2,0.0,33.84,0.0,2026-01-12,-,0,-
1239,-116,Muttley444,-,1168.97,-58.98,1377.85,-122.79,69.63,-21.27,28,12.0,9,0.0,19,12.0,0,0.0,32.14,-24.11,2026-05-26,-,0,-
-,-,alexruzzier,-,1168.82,-2.1,1403.42,0.0,78.2,0.7,31,0.0,11,0.0,19,0.0,1,0.0,35.48,0.0,2024-04-04,-,0,-
1240,-31,KeNMansters,-,1168.53,-2.17,1395.32,0.0,75.6,0.72,25,0.0,11,0.0,14,0.0,0,0.0,44.0,0.0,2026-01-30,-,0,-
1241,-37,GWItheUltimate,CA,1168.47,-4.68,1277.98,0.0,36.5,1.56,199,0.0,54,0.0,139,0.0,6,0.0,27.14,0.0,2026-01-08,-,0,1114.0
1242,-34,Leoneed.P87,-,1168.35,-2.39,1374.25,0.0,68.63,0.8,30,0.0,12,0.0,18,0.0,0,0.0,40.0,0.0,2026-01-29,-,0,-
-,-,anworsy,-,1168.29,-2.49,1368.52,0.0,66.74,0.83,120,0.0,49,0.0,70,0.0,1,0.0,40.83,0.0,2020-06-28,-,0,-
-,-,Thomas91,-,1167.42,-3.07,1343.86,0.0,58.81,1.02,150,0.0,57,0.0,88,0.0,5,0.0,38.0,0.0,2021-12-05,-,0,-
-,-,Ankaru,-,1166.96,-4.18,1290.32,0.0,41.12,1.39,191,0.0,72,0.0,118,0.0,1,0.0,37.7,0.0,2025-02-02,-,0,1067.0
-,-,Mochi1214,-,1166.73,-2.01,1411.47,0.0,81.58,0.67,30,0.0,13,0.0,16,0.0,1,0.0,43.33,0.0,2024-02-23,-,0,-
-,-,somanyrocks,-,1166.34,-1.56,1479.77,0.0,104.48,0.52,15,0.0,6,0.0,9,0.0,0,0.0,40.0,0.0,2023-01-15,-,0,-
-,-,Holotrop,-,1165.91,-1.77,1442.46,0.0,92.18,0.59,24,0.0,11,0.0,13,0.0,0,0.0,45.83,0.0,2021-02-23,-,0,-
-,-,DAVOC,-,1165.8,-3.31,1318.83,0.0,51.01,1.1,204,0.0,69,0.0,134,0.0,1,0.0,33.82,0.0,2023-02-12,-,0,-
1243,-33,schumaky,-,1165.45,-3.19,1320.56,0.0,51.7,1.06,82,0.0,26,0.0,56,0.0,0,0.0,31.71,0.0,2026-02-05,-,0,1184.0
-,-,midr,-,1165.42,-1.55,1481.93,0.0,105.5,0.52,15,0.0,5,0.0,10,0.0,0,0.0,33.33,0.0,2024-02-23,-,0,-
1244,-33,Qirgi,-,1165.28,-2.81,1340.09,0.0,58.27,0.94,55,0.0,27,0.0,28,0.0,0,0.0,49.09,0.0,2026-02-03,-,0,1067.0
-,-,nachof,-,1165.21,-2.05,1404.72,0.0,79.83,0.68,66,0.0,22,0.0,43,0.0,1,0.0,33.33,0.0,2018-10-14,-,0,-
-,-,Jerry_Kacmar,-,1164.99,-2.24,1387.57,0.0,74.19,0.75,58,0.0,21,0.0,37,0.0,0,0.0,36.21,0.0,2021-11-15,-,0,-
1245,-33,Irmo,-,1164.98,-2.37,1372.26,0.0,69.09,0.79,30,0.0,8,0.0,22,0.0,0,0.0,26.67,0.0,2026-01-29,-,0,-
-,-,dburstin,-,1164.81,-2.17,1391.47,0.0,75.55,0.72,31,0.0,13,0.0,18,0.0,0,0.0,41.94,0.0,2025-03-01,-,0,939.0
-,-,Soiled_Undercrackers,-,1164.73,-2.55,1359.83,0.0,65.03,0.85,66,0.0,26,0.0,39,0.0,1,0.0,39.39,0.0,2022-05-29,-,0,-
1246,-33,Veggis,-,1164.62,-2.4,1369.73,0.0,68.37,0.8,30,0.0,8,0.0,22,0.0,0,0.0,26.67,0.0,2026-02-05,-,0,-
-,-,nasing,-,1164.43,-2.45,1368.61,0.0,68.06,0.82,105,0.0,37,0.0,67,0.0,1,0.0,35.24,0.0,2023-01-15,-,0,-
-,-,Stupidstupidrat,-,1164.43,-3.12,1325.26,0.0,53.61,1.04,67,0.0,24,0.0,42,0.0,1,0.0,35.82,0.0,2025-05-23,-,0,1278.0
1247,-32,Igordol,-,1164.16,-0.64,1265.01,2.0,33.62,0.88,253,12.0,71,2.0,178,10.0,4,0.0,28.06,-0.57,2026-05-31,-,0,1174.0
-,-,quartersmostly,-,1164.0,-2.14,1393.56,0.0,76.52,0.71,30,0.0,11,0.0,19,0.0,0,0.0,36.67,0.0,2025-01-24,-,0,989.0
-,-,meeplematero,-,1163.98,-3.05,1325.91,0.0,53.98,1.02,96,0.0,31,0.0,63,0.0,2,0.0,32.29,0.0,2024-10-01,-,0,-
-,-,XiePei,-,1163.72,-1.98,1417.74,0.0,84.67,0.66,42,0.0,17,0.0,24,0.0,1,0.0,40.48,0.0,2022-02-01,-,0,-
-,-,Thyrus,-,1163.44,-5.03,1267.73,0.0,34.76,1.68,374,0.0,106,0.0,261,0.0,7,0.0,28.34,0.0,2025-05-31,-,0,1054.0
-,-,Greenilocks,-,1163.36,-2.67,1347.4,0.0,61.35,0.89,168,0.0,59,0.0,109,0.0,0,0.0,35.12,0.0,2020-11-23,-,0,-
1248,9,buso1705,-,1163.25,35.64,1325.67,-96.34,54.14,-43.99,50,36.0,18,11.0,28,22.0,4,3.0,36.0,-14.0,2026-05-31,-,0,1388.0
-,-,GomJabbar,CA,1163.22,-1.88,1423.7,0.0,86.83,0.63,27,0.0,13,0.0,14,0.0,0,0.0,48.15,0.0,2023-04-11,-,0,-
-,-,Bonte,-,1162.86,-1.64,1461.32,0.0,99.49,0.55,15,0.0,5,0.0,10,0.0,0,0.0,33.33,0.0,2024-02-23,-,0,-
-,-,juancho1976,-,1162.42,-3.15,1320.92,0.0,52.84,1.05,174,0.0,64,0.0,109,0.0,1,0.0,36.78,0.0,2024-02-23,-,0,-
-,-,Paracelso,-,1162.25,-3.52,1302.84,0.0,46.86,1.17,171,0.0,45,0.0,117,0.0,9,0.0,26.32,0.0,2025-02-03,-,0,986.0
-,-,samlives,-,1161.79,-2.97,1332.8,0.0,57.0,0.99,104,0.0,34,0.0,69,0.0,1,0.0,32.69,0.0,2025-05-06,-,0,1429.0
1249,-33,Macin,-,1161.71,-2.86,1333.98,0.0,57.42,0.95,53,0.0,20,0.0,33,0.0,0,0.0,37.74,0.0,2025-08-18,-,0,1259.0
-,-,deleted_user_1946622,-,1160.61,-4.1,1293.51,0.0,44.3,1.37,108,0.0,26,0.0,78,0.0,4,0.0,24.07,0.0,2024-10-01,-,0,-
-,-,Mikio,-,1160.36,-1.89,1423.5,0.0,87.71,0.63,30,0.0,8,0.0,22,0.0,0,0.0,26.67,0.0,2020-12-06,-,0,-
-,-,SayNoToGreen,-,1160.26,-2.28,1377.4,0.0,72.38,0.76,54,0.0,27,0.0,27,0.0,0,0.0,50.0,0.0,2021-06-02,-,0,-
-,-,Ian357,-,1159.91,-2.7,1343.12,0.0,61.07,0.9,68,0.0,25,0.0,41,0.0,2,0.0,36.76,0.0,2024-10-13,-,0,-
-,-,TonyMc1961,-,1159.65,-2.59,1350.54,0.0,63.63,0.86,120,0.0,40,0.0,80,0.0,0,0.0,33.33,0.0,2020-12-06,-,0,-
-,-,Argent123,-,1159.26,-2.15,1388.13,0.0,76.29,0.72,36,0.0,17,0.0,19,0.0,0,0.0,47.22,0.0,2021-12-05,-,0,-
1250,-32,PeskyGekko,-,1158.78,-3.46,1302.27,0.0,47.83,1.15,96,0.0,32,0.0,62,0.0,2,0.0,33.33,0.0,2026-01-19,-,0,1118.0
-,-,wejejeei,-,1158.77,-1.95,1416.52,0.0,85.92,0.65,63,0.0,16,0.0,46,0.0,1,0.0,25.4,0.0,2024-04-04,-,0,-
1251,-29,Koberski,-,1158.69,-2.19,1382.78,0.0,74.7,0.73,30,0.0,10,0.0,20,0.0,0,0.0,33.33,0.0,2026-02-03,-,0,-
1252,-32,gusanitocruz,-,1158.63,-2.69,1342.25,0.0,61.21,0.9,54,0.0,16,0.0,38,0.0,0,0.0,29.63,0.0,2025-12-01,-,0,1109.0
1253,-32,Kecso,-,1158.51,-2.68,1344.51,0.0,62.0,0.89,60,0.0,26,0.0,34,0.0,0,0.0,43.33,0.0,2026-01-29,-,0,1118.0
1254,-31,jes-terday,-,1157.78,-3.06,1319.77,0.0,53.99,1.02,60,0.0,21,0.0,39,0.0,0,0.0,35.0,0.0,2026-01-28,-,0,1118.0
-,-,omegasun,-,1157.37,-1.97,1407.27,0.0,83.3,0.66,36,0.0,20,0.0,15,0.0,1,0.0,55.56,0.0,2020-12-06,-,0,-
-,-,Tutux,FR,1156.58,-5.34,1303.71,0.0,49.04,1.78,276,0.0,93,0.0,174,0.0,9,0.0,33.7,0.0,2024-12-21,-,0,-
-,-,ozzy666,-,1156.09,-3.7,1301.85,0.0,48.59,1.23,214,0.0,84,0.0,127,0.0,3,0.0,39.25,0.0,2024-03-17,-,0,-
-,-,hsss,-,1155.91,-2.14,1385.14,0.0,76.41,0.71,30,0.0,11,0.0,18,0.0,1,0.0,36.67,0.0,2025-02-01,-,0,1118.0
-,-,CuteAnn,-,1155.77,-3.4,1300.99,0.0,48.41,1.13,99,0.0,28,0.0,71,0.0,0,0.0,28.28,0.0,2025-05-17,-,0,1114.0
-,-,Shadez22,-,1155.45,-2.3,1368.85,0.0,71.13,0.77,72,0.0,24,0.0,48,0.0,0,0.0,33.33,0.0,2020-12-06,-,0,-
1255,-29,stanze,-,1154.96,-3.68,1296.09,-5.51,47.04,-0.61,76,6.0,28,2.0,48,4.0,0,0.0,36.84,-0.3,2026-05-18,-,0,1118.0
-,-,Kirian,-,1154.91,-2.27,1370.97,0.0,72.02,0.76,30,0.0,11,0.0,18,0.0,1,0.0,36.67,0.0,2025-02-02,-,0,1067.0
1256,-29,SirHorse,-,1154.88,-2.93,1322.57,0.0,55.9,0.98,55,0.0,26,0.0,29,0.0,0,0.0,47.27,0.0,2026-02-05,-,0,1067.0
-,-,Horazon,-,1154.85,-1.48,1486.31,0.0,110.49,0.49,18,0.0,12,0.0,6,0.0,0,0.0,66.67,0.0,2021-03-02,-,0,-
1257,-29,TuZhao,-,1154.68,-2.78,1334.97,0.0,60.1,0.93,70,0.0,21,0.0,49,0.0,0,0.0,30.0,0.0,2026-02-02,-,0,1287.0
-,-,GeneralWaste,-,1154.22,-1.72,1438.79,0.0,94.86,0.57,19,0.0,8,0.0,11,0.0,0,0.0,42.11,0.0,2023-01-15,-,0,-
1258,-29,Vlasy,-,1153.88,-3.5,1295.47,0.0,47.2,1.17,102,0.0,28,0.0,73,0.0,1,0.0,27.45,0.0,2026-01-29,-,0,1184.0
-,-,KytteKatte,-,1153.78,-1.59,1461.98,0.0,102.73,0.53,17,0.0,6,0.0,11,0.0,0,0.0,35.29,0.0,2023-01-22,-,0,-
-,-,ferion,-,1153.76,-2.11,1385.82,0.0,77.35,0.7,54,0.0,22,0.0,31,0.0,1,0.0,40.74,0.0,2020-06-28,-,0,-
1259,-35,WraightCZ,CZ,1153.58,-5.56,1225.14,-4.71,23.85,0.28,796,47.0,193,11.0,601,36.0,2,0.0,24.25,-0.05,2026-05-31,-,0,778.0
-,-,Michael1101,DE,1152.93,-2.67,1337.38,0.0,61.48,0.89,65,0.0,23,0.0,41,0.0,1,0.0,35.38,0.0,2023-04-16,-,0,-
-,-,lpoulter,GB,1152.6,-2.05,1392.14,0.0,79.85,0.68,50,0.0,19,0.0,31,0.0,0,0.0,38.0,0.0,2021-11-15,-,0,-
1260,-30,Warstoryteller,-,1152.48,-3.07,1312.41,0.0,53.31,1.02,60,0.0,16,0.0,44,0.0,0,0.0,26.67,0.0,2026-02-03,-,0,1118.0
-,-,Mirazzle,-,1152.08,-2.25,1375.09,0.0,74.34,0.75,54,0.0,15,0.0,37,0.0,2,0.0,27.78,0.0,2020-03-30,-,0,-
-,-,Klapaucjusz,PL,1152.04,-1.29,1531.99,0.0,126.65,0.43,18,0.0,11,0.0,7,0.0,0,0.0,61.11,0.0,2020-06-28,-,0,-
-,-,Moondarra,-,1152.02,-2.8,1327.62,0.0,58.53,0.93,87,0.0,33,0.0,53,0.0,1,0.0,37.93,0.0,2023-05-30,-,0,-
-,-,Bummelmuhkuh,-,1151.89,-1.81,1422.32,0.0,90.14,0.6,30,0.0,17,0.0,13,0.0,0,0.0,56.67,0.0,2021-05-19,-,0,-
-,-,Martinsunbeam,-,1151.4,-3.14,1310.56,0.0,53.05,1.05,186,0.0,67,0.0,117,0.0,2,0.0,36.02,0.0,2022-06-05,-,0,-
1261,77,Redders,-,1151.12,124.96,1373.63,66.24,74.17,-19.57,37,12.0,18,7.0,19,5.0,0,0.0,48.65,4.65,2026-05-14,-,0,-
-,-,Miir,-,1150.73,-1.71,1437.1,0.0,95.46,0.57,30,0.0,14,0.0,15,0.0,1,0.0,46.67,0.0,2020-09-27,-,0,-
-,-,busto_fidli,-,1150.69,-1.1,1598.83,0.0,149.38,0.37,8,0.0,4,0.0,4,0.0,0,0.0,50.0,0.0,2022-01-01,-,0,-
-,-,kilfara,-,1150.49,-1.15,1576.59,0.0,142.03,0.38,12,0.0,9,0.0,3,0.0,0,0.0,75.0,0.0,2019-11-10,-,0,-
-,-,SMASH,-,1150.42,-2.3,1363.15,0.0,70.91,0.77,78,0.0,32,0.0,46,0.0,0,0.0,41.03,0.0,2021-02-15,-,0,-
-,-,sam4sam4sam,-,1150.38,-2.67,1342.6,0.0,64.07,0.89,54,0.0,23,0.0,30,0.0,1,0.0,42.59,0.0,2025-02-28,-,0,1421.0
1262,-22,pj79,-,1149.76,1.22,1239.48,3.18,29.91,0.65,430,13.0,142,5.0,279,8.0,9,0.0,33.02,0.17,2026-05-29,-,0,791.0
-,-,MonsieurFlynn,-,1149.64,-1.99,1400.15,0.0,83.5,0.66,54,0.0,25,0.0,29,0.0,0,0.0,46.3,0.0,2020-08-30,-,0,-
1263,-30,IrenaX,-,1149.45,-2.5,1217.44,-1.0,22.66,0.5,725,54.0,189,13.0,531,41.0,5,0.0,26.07,-0.16,2026-05-31,-,0,645.0
-,-,ctcheung,-,1149.38,-4.19,1273.4,0.0,41.34,1.4,167,0.0,50,0.0,110,0.0,7,0.0,29.94,0.0,2025-04-24,-,0,857.0
1264,-27,Athafil,-,1149.35,-0.13,1317.39,-24.9,56.01,-8.26,54,15.0,21,2.0,33,13.0,0,0.0,38.89,-9.83,2026-03-31,-,0,-
-,-,Richy_DNF,-,1149.26,-2.27,1365.61,0.0,72.12,0.76,84,0.0,33,0.0,50,0.0,1,0.0,39.29,0.0,2020-11-22,-,0,-
1265,-29,Gavatar82,-,1149.25,-2.24,1368.52,0.0,73.09,0.75,25,0.0,9,0.0,16,0.0,0,0.0,36.0,0.0,2026-01-31,-,0,-
1266,-28,DBaker17,-,1148.97,-0.16,1235.95,1.03,28.99,0.4,637,24.0,167,6.0,468,18.0,2,0.0,26.22,-0.04,2026-05-14,-,0,651.0
1267,-35,IngussTT,LV,1148.59,-4.06,1276.84,0.0,42.75,1.35,124,0.0,43,0.0,80,0.0,1,0.0,34.68,0.0,2025-12-20,-,0,1184.0
-,-,Bsquared,-,1148.42,-1.51,1471.87,0.0,107.82,0.5,18,0.0,9,0.0,8,0.0,1,0.0,50.0,0.0,2021-03-02,-,0,-
1268,-33,Bruce.Twarze,-,1148.22,-3.42,1292.73,0.0,48.17,1.14,89,0.0,28,0.0,61,0.0,0,0.0,31.46,0.0,2026-02-07,-,0,1118.0
-,-,prnv1992,-,1147.39,-2.37,1356.9,0.0,69.84,0.79,40,0.0,13,0.0,26,0.0,1,0.0,32.5,0.0,2024-04-04,-,0,-
1269,-44,LMB,-,1147.39,-11.53,1335.8,-101.19,62.8,-29.89,36,18.0,13,3.0,23,15.0,0,0.0,36.11,-19.45,2026-05-03,-,0,-
-,-,matti5215,-,1147.21,-4.91,1250.37,0.0,34.39,1.64,755,0.0,245,0.0,503,0.0,7,0.0,32.45,0.0,2024-11-26,-,0,1287.0
-,-,SwedishFish,-,1147.08,-1.89,1407.13,0.0,86.68,0.63,21,0.0,8,0.0,13,0.0,0,0.0,38.1,0.0,2025-01-19,-,0,1184.0
1270,-31,MLucient,-,1146.57,-2.1,1380.07,0.0,77.83,0.7,30,0.0,10,0.0,19,0.0,1,0.0,33.33,0.0,2026-02-04,-,0,-
-,-,Crygen,-,1145.85,-2.34,1356.22,0.0,70.12,0.78,78,0.0,25,0.0,53,0.0,0,0.0,32.05,0.0,2020-12-06,-,0,-
-,-,megathong,-,1145.85,-2.81,1322.82,0.0,58.99,0.94,192,0.0,71,0.0,120,0.0,1,0.0,36.98,0.0,2021-12-05,-,0,-
-,-,Thaddeus,-,1145.56,-3.28,1297.26,0.0,50.57,1.09,345,0.0,117,0.0,224,0.0,4,0.0,33.91,0.0,2023-01-15,-,0,-
-,-,PocketAmazing,-,1145.35,-2.37,1352.55,0.0,69.07,0.79,66,0.0,24,0.0,42,0.0,0,0.0,36.36,0.0,2024-02-23,-,0,-
-,-,ndzwdz,-,1144.57,-4.21,1264.84,0.0,40.09,1.4,296,0.0,99,0.0,195,0.0,2,0.0,33.45,0.0,2024-10-31,-,0,-
-,-,Droopy999,-,1144.53,-3.04,1305.77,0.0,53.75,1.01,186,0.0,77,0.0,109,0.0,0,0.0,41.4,0.0,2022-03-06,-,0,-
-,-,e_townsend,-,1144.15,-2.62,1339.18,0.0,65.01,0.87,90,0.0,35,0.0,55,0.0,0,0.0,38.89,0.0,2021-06-02,-,0,-
-,-,Schlotzky,-,1143.95,-2.78,1323.74,0.0,59.93,0.93,216,0.0,71,0.0,141,0.0,4,0.0,32.87,0.0,2021-05-21,-,0,-
-,-,Jinster99,-,1143.94,-2.44,1345.11,0.0,67.05,0.81,108,0.0,35,0.0,72,0.0,1,0.0,32.41,0.0,2020-12-06,-,0,-
-,-,Lizabove,-,1143.7,-1.17,1563.21,0.0,139.84,0.39,8,0.0,4,0.0,4,0.0,0,0.0,50.0,0.0,2022-01-01,-,0,-
1271,-27,Moshmir,-,1143.68,-2.25,1361.72,0.0,72.68,0.75,30,0.0,13,0.0,17,0.0,0,0.0,43.33,0.0,2026-01-30,-,0,-
-,-,Eduard69,-,1143.55,-2.04,1384.24,0.0,80.23,0.68,25,0.0,11,0.0,14,0.0,0,0.0,44.0,0.0,2025-02-03,-,0,1067.0
1272,-29,Serrapac,-,1143.47,-2.94,1311.13,0.0,55.89,0.98,55,0.0,21,0.0,34,0.0,0,0.0,38.18,0.0,2026-02-01,-,0,1118.0
-,-,Togodomus,-,1143.31,-1.92,1399.03,0.0,85.24,0.64,30,0.0,10,0.0,20,0.0,0,0.0,33.33,0.0,2024-02-23,-,0,-
-,-,Martinp,-,1142.57,-1.57,1454.65,0.0,104.03,0.52,18,0.0,7,0.0,11,0.0,0,0.0,38.89,0.0,2020-09-27,-,0,-
1273,-32,filgonfin,ES,1142.53,-5.84,1242.55,0.0,33.34,1.95,552,0.0,166,0.0,382,0.0,4,0.0,30.07,0.0,2026-02-04,-,0,1280.0
-,-,Saish,ES,1142.49,-4.23,1264.25,0.0,40.59,1.41,393,0.0,118,0.0,274,0.0,1,0.0,30.03,0.0,2025-02-21,-,0,1173.0
1274,-29,TheCenturion,-,1142.42,-3.31,1292.15,0.0,49.91,1.1,79,0.0,23,0.0,56,0.0,0,0.0,29.11,0.0,2026-02-05,-,0,989.0
-,-,Kruz,-,1142.0,-1.88,1405.1,0.0,87.7,0.63,24,0.0,9,0.0,15,0.0,0,0.0,37.5,0.0,2022-05-25,-,0,-
-,-,Joshweiss789,-,1141.67,-2.2,1366.49,0.0,74.94,0.73,34,0.0,15,0.0,17,0.0,2,0.0,44.12,0.0,2025-02-13,-,0,-
-,-,Blizzo,-,1141.48,-2.41,1345.27,0.0,67.93,0.8,54,0.0,21,0.0,33,0.0,0,0.0,38.89,0.0,2022-06-05,-,0,-
-,-,JFK2016,US,1141.32,-4.36,1270.39,0.0,43.02,1.45,580,0.0,191,0.0,384,0.0,5,0.0,32.93,0.0,2023-11-30,-,0,-
-,-,JoeBa,-,1140.62,-3.54,1280.65,0.0,46.68,1.18,134,0.0,42,0.0,91,0.0,1,0.0,31.34,0.0,2024-06-02,-,0,-
-,-,Scotty4s,-,1140.61,-1.85,1405.82,0.0,88.4,0.62,20,0.0,9,0.0,11,0.0,0,0.0,45.0,0.0,2025-02-04,-,0,1067.0
-,-,O.K.,-,1139.99,-3.47,1285.7,0.0,48.57,1.16,131,0.0,37,0.0,91,0.0,3,0.0,28.24,0.0,2025-02-03,-,0,1118.0
1275,-29,EbaN,-,1139.54,-2.14,1368.91,0.0,76.46,0.71,30,0.0,9,0.0,21,0.0,0,0.0,30.0,0.0,2026-02-11,-,0,-
1276,11,MarsU-NL,-,1139.13,35.79,1346.73,-11.07,69.2,-15.62,45,15.0,13,2.0,31,12.0,1,1.0,28.89,-7.78,2026-04-11,-,0,-
-,-,TTTE,-,1139.09,-1.28,1520.38,0.0,127.1,0.43,9,0.0,6,0.0,3,0.0,0,0.0,66.67,0.0,2025-02-17,-,0,1375.0
-,-,calculex,-,1138.98,-2.62,1328.23,0.0,63.08,0.87,72,0.0,27,0.0,45,0.0,0,0.0,37.5,0.0,2022-08-22,-,0,-
-,-,Samn4ation,-,1137.9,-1.67,1431.39,0.0,97.83,0.56,24,0.0,11,0.0,13,0.0,0,0.0,45.83,0.0,2020-11-27,-,0,-
-,-,yellow23,-,1137.45,-1.38,1492.39,0.0,118.31,0.46,12,0.0,7,0.0,5,0.0,0,0.0,58.33,0.0,2022-02-21,-,0,-
-,-,Chairman_Marv,-,1137.14,-1.99,1383.16,0.0,82.01,0.66,48,0.0,18,0.0,30,0.0,0,0.0,37.5,0.0,2020-03-30,-,0,-
-,-,Ske,-,1137.0,-1.27,1523.86,0.0,128.95,0.42,12,0.0,8,0.0,4,0.0,0,0.0,66.67,0.0,2020-11-24,-,0,-
-,-,Vee,IN,1136.76,-1.9,1394.91,0.0,86.05,0.63,33,0.0,14,0.0,19,0.0,0,0.0,42.42,0.0,2023-11-17,-,0,-
-,-,drivebyrobot,-,1136.73,-1.26,1524.33,0.0,129.2,0.42,18,0.0,12,0.0,6,0.0,0,0.0,66.67,0.0,2020-06-28,-,0,-
1277,new,Nati_1916,-,1136.69,686.69,1437.09,-62.91,100.13,100.13,12,12.0,6,6.0,6,6.0,0,0.0,50.0,50.0,2026-05-27,-,0,-
-,-,dyz,-,1136.41,-1.82,1408.77,0.0,90.79,0.61,23,0.0,6,0.0,17,0.0,0,0.0,26.09,0.0,2023-01-15,-,0,-
-,-,jabroner,-,1136.32,-1.35,1498.3,0.0,120.66,0.45,12,0.0,6,0.0,6,0.0,0,0.0,50.0,0.0,2021-02-25,-,0,-
-,-,marialy,-,1136.25,-1.41,1483.32,0.0,115.69,0.47,12,0.0,8,0.0,4,0.0,0,0.0,66.67,0.0,2024-08-30,-,0,-
1278,-31,babaganoosh,-,1136.21,-2.72,1317.5,0.0,60.43,0.91,60,0.0,20,0.0,40,0.0,0,0.0,33.33,0.0,2026-01-30,-,0,1067.0
-,-,fadenpendler,-,1135.96,-0.86,1705.47,0.0,189.84,0.29,4,0.0,4,0.0,0,0.0,0,0.0,100.0,0.0,2025-02-06,-,0,-
-,-,Brzoza,-,1135.53,-2.33,1348.19,0.0,70.89,0.78,54,0.0,22,0.0,32,0.0,0,0.0,40.74,0.0,2021-05-25,-,0,-
-,-,monsieurt,-,1135.49,-2.68,1318.97,0.0,61.16,0.89,58,0.0,20,0.0,38,0.0,0,0.0,34.48,0.0,2025-01-29,-,0,1067.0
-,-,RyGuy123,-,1135.19,-2.02,1377.64,0.0,80.82,0.67,30,0.0,10,0.0,20,0.0,0,0.0,33.33,0.0,2024-02-23,-,0,-
-,-,DeNnY0810,-,1135.02,-4.18,1260.53,0.0,41.84,1.39,225,0.0,69,0.0,152,0.0,4,0.0,30.67,0.0,2024-04-14,-,0,-
-,-,Richy_Doulares,-,1134.74,-1.66,1430.15,0.0,98.47,0.55,18,0.0,9,0.0,8,0.0,1,0.0,50.0,0.0,2024-03-03,-,0,-
1279,-29,Jaspie,-,1134.49,-0.94,1653.83,0.0,173.12,0.31,4,0.0,2,0.0,2,0.0,0,0.0,50.0,0.0,2026-02-16,-,0,-
-,-,Supergabibbo,-,1134.13,-1.57,1447.05,0.0,104.31,0.52,18,0.0,9,0.0,9,0.0,0,0.0,50.0,0.0,2020-12-06,-,0,-
-,-,icedrakin,-,1133.76,-2.44,1334.22,0.0,66.82,0.81,53,0.0,22,0.0,31,0.0,0,0.0,41.51,0.0,2023-01-22,-,0,-
-,-,kissfish,-,1133.65,-1.26,1522.19,0.0,129.52,0.42,18,0.0,8,0.0,9,0.0,1,0.0,44.44,0.0,2018-06-17,-,0,-
-,-,Hot.Cocoa,-,1133.58,-2.74,1315.99,0.0,60.8,0.91,67,0.0,21,0.0,41,0.0,5,0.0,31.34,0.0,2024-09-22,-,0,-
-,-,Diegaccio,IT,1133.4,-3.43,1278.82,0.0,48.47,1.14,222,0.0,64,0.0,155,0.0,3,0.0,28.83,0.0,2024-04-04,-,0,-
1280,-32,szyszuniawiesz,-,1133.31,-4.26,1252.57,0.0,39.76,1.42,163,0.0,51,0.0,109,0.0,3,0.0,31.29,0.0,2026-01-30,-,0,1184.0
-,-,KingPerun,-,1132.74,-3.03,1294.98,0.0,54.08,1.01,69,0.0,25,0.0,43,0.0,1,0.0,36.23,0.0,2025-01-27,-,0,1184.0
1281,-27,Dolling,-,1132.37,2.73,1298.66,-16.21,55.43,-6.31,64,15.0,22,2.0,42,13.0,0,0.0,34.38,-6.44,2026-03-20,-,0,1118.0
-,-,theblender,-,1132.18,-3.04,1299.85,0.0,55.89,1.01,129,0.0,41,0.0,76,0.0,12,0.0,31.78,0.0,2024-05-25,-,0,-
-,-,fokos,-,1132.13,-2.45,1344.2,0.0,70.69,0.82,54,0.0,20,0.0,33,0.0,1,0.0,37.04,0.0,2021-09-05,-,0,-
-,-,mysoli,-,1132.09,-1.5,1458.9,0.0,108.94,0.5,12,0.0,7,0.0,5,0.0,0,0.0,58.33,0.0,2025-02-28,-,0,1287.0
1282,-31,BlackSmyth,-,1131.51,-3.1,1290.78,0.0,53.09,1.03,79,0.0,23,0.0,56,0.0,0,0.0,29.11,0.0,2026-02-03,-,0,1118.0
-,-,hopek,-,1130.61,-1.22,1530.61,0.0,133.33,0.41,7,0.0,3,0.0,4,0.0,0,0.0,42.86,0.0,2023-10-05,-,0,-
1283,-31,RAKoS,-,1130.21,-3.64,1266.21,0.0,45.33,1.21,99,0.0,32,0.0,66,0.0,1,0.0,32.32,0.0,2026-01-28,-,0,1067.0
-,-,SiliconMeeple,-,1130.03,-3.28,1287.58,0.0,52.52,1.09,180,0.0,60,0.0,120,0.0,0,0.0,33.33,0.0,2022-09-04,-,0,-
-,-,TimtheGreat,-,1129.93,-1.78,1404.37,0.0,91.48,0.59,36,0.0,18,0.0,17,0.0,1,0.0,50.0,0.0,2020-09-27,-,0,-
-,-,Left-fire-egg,-,1129.58,-1.94,1382.57,0.0,84.33,0.65,33,0.0,13,0.0,20,0.0,0,0.0,39.39,0.0,2024-10-13,-,0,-
-,-,Dariusz,-,1129.55,-2.3,1343.08,0.0,71.18,0.77,30,0.0,13,0.0,17,0.0,0,0.0,43.33,0.0,2025-02-01,-,0,1067.0
-,-,dylyla,-,1128.96,-1.95,1380.58,0.0,83.87,0.65,36,0.0,17,0.0,19,0.0,0,0.0,47.22,0.0,2021-03-02,-,0,-
-,-,Campanulas,-,1128.24,-3.69,1263.71,0.0,45.16,1.23,153,0.0,42,0.0,110,0.0,1,0.0,27.45,0.0,2024-10-13,-,0,-
-,-,zeminith,-,1128.2,-2.09,1364.82,0.0,78.87,0.7,60,0.0,24,0.0,34,0.0,2,0.0,40.0,0.0,2020-06-28,-,0,-
-,-,Sabastapul,-,1126.81,-2.1,1362.96,0.0,78.72,0.7,45,0.0,16,0.0,28,0.0,1,0.0,35.56,0.0,2025-02-04,-,0,1118.0
-,-,t-die,-,1126.7,-1.42,1470.67,0.0,114.66,0.47,12,0.0,7,0.0,5,0.0,0,0.0,58.33,0.0,2022-11-30,-,0,-
1284,-23,Icarium,US,1125.81,-0.08,1197.11,1.1,23.77,0.39,1169,49.0,314,12.0,844,37.0,11,0.0,26.86,-0.1,2026-05-31,-,0,690.0
-,-,yeokaiwei,-,1125.65,-1.18,1540.59,0.0,138.31,0.39,12,0.0,7,0.0,3,0.0,2,0.0,58.33,0.0,2020-02-09,-,0,-
1285,-29,sparkyal,-,1125.65,-1.98,1376.92,0.0,83.76,0.66,48,0.0,15,0.0,33,0.0,0,0.0,31.25,0.0,2026-02-02,-,0,-
-,-,Ringbearer,NL,1125.47,-3.1,1286.35,0.0,53.63,1.03,144,0.0,60,0.0,83,0.0,1,0.0,41.67,0.0,2022-09-04,-,0,-
-,-,Zenmaster,-,1125.15,-1.42,1470.03,0.0,114.96,0.47,12,0.0,5,0.0,7,0.0,0,0.0,41.67,0.0,2020-11-18,-,0,-
-,-,PinkrAnger,-,1124.79,-3.79,1260.92,0.0,45.38,1.26,440,0.0,134,0.0,294,0.0,12,0.0,30.45,0.0,2023-06-04,-,0,-
1286,-28,janbandit,-,1124.74,-2.78,1301.77,0.0,59.01,0.93,50,0.0,14,0.0,36,0.0,0,0.0,28.0,0.0,2026-02-07,-,0,1118.0
-,-,billymorph,-,1124.34,-1.53,1443.72,0.0,106.46,0.51,18,0.0,9,0.0,9,0.0,0,0.0,50.0,0.0,2021-06-02,-,0,-
-,-,pansiano,-,1124.02,-2.09,1358.73,0.0,78.24,0.7,36,0.0,16,0.0,19,0.0,1,0.0,44.44,0.0,2021-12-05,-,0,-
1287,-28,kulho,-,1123.8,-2.12,1355.07,0.0,77.09,0.71,25,0.0,9,0.0,16,0.0,0,0.0,36.0,0.0,2026-02-07,-,0,-
-,-,FWN,-,1123.63,-0.87,1688.82,0.0,188.4,0.29,4,0.0,3,0.0,1,0.0,0,0.0,75.0,0.0,2021-11-15,-,0,-
1288,-26,sjgardner3,-,1122.68,-2.65,1309.46,0.0,62.26,0.88,69,0.0,22,0.0,47,0.0,0,0.0,31.88,0.0,2026-02-01,-,0,1184.0
1289,-26,kemal,-,1122.23,-2.34,1333.12,0.0,70.3,0.78,36,0.0,12,0.0,24,0.0,0,0.0,33.33,0.0,2026-01-31,-,0,1184.0
1290,-35,Tonino,-,1122.15,-5.95,1193.51,-4.42,23.79,0.51,1168,48.0,301,10.0,842,38.0,25,0.0,25.77,-0.21,2026-05-31,-,0,788.0
1291,26,jjk,-,1121.94,63.87,1325.78,50.8,67.95,-4.36,43,7.0,11,3.0,28,4.0,4,0.0,25.58,3.36,2026-05-14,-,0,-
-,-,wahrlator,-,1121.58,-3.45,1268.22,0.0,48.88,1.15,217,0.0,68,0.0,148,0.0,1,0.0,31.34,0.0,2025-05-17,-,0,1051.0
1292,-32,Jacko65,-,1120.94,-4.97,1225.87,0.0,34.98,1.66,475,0.0,136,0.0,336,0.0,3,0.0,28.63,0.0,2025-12-07,-,0,1184.0
-,-,alban,-,1120.91,-2.32,1332.45,0.0,70.51,0.77,30,0.0,10,0.0,20,0.0,0,0.0,33.33,0.0,2025-02-12,-,0,1118.0
1293,-29,Francesco_,-,1120.9,-2.38,1327.61,0.0,68.91,0.79,30,0.0,10,0.0,20,0.0,0,0.0,33.33,0.0,2026-02-12,-,0,-
-,-,Sephiroth83,-,1120.59,-2.95,1298.88,0.0,59.43,0.98,138,0.0,45,0.0,89,0.0,4,0.0,32.61,0.0,2021-09-05,-,0,-
1294,7,Saph4ir,-,1120.55,46.41,1238.02,34.82,39.16,-3.86,135,31.0,36,10.0,98,21.0,1,0.0,26.67,1.67,2026-05-17,-,0,1241.0
1295,-29,Decontest,-,1120.52,-2.35,1330.32,0.0,69.93,0.78,36,0.0,14,0.0,21,0.0,1,0.0,38.89,0.0,2026-01-31,-,0,1287.0
-,-,Rikelev,-,1119.26,-2.76,1297.77,0.0,59.5,0.92,90,0.0,34,0.0,55,0.0,1,0.0,37.78,0.0,2022-06-05,-,0,-
-,-,szesophie,-,1119.14,-4.33,1234.84,0.0,38.57,1.44,315,0.0,98,0.0,217,0.0,0,0.0,31.11,0.0,2024-11-17,-,0,1287.0
1296,-29,rubenman,-,1118.74,-3.17,1273.69,0.0,51.65,1.06,79,0.0,24,0.0,55,0.0,0,0.0,30.38,0.0,2026-01-31,-,0,-
1297,-29,FSY,-,1117.94,-1.95,1371.49,0.0,84.52,0.65,28,0.0,14,0.0,14,0.0,0,0.0,50.0,0.0,2025-07-19,-,0,1063.0
1298,-33,MartinCZE,CZ,1117.12,-5.76,1218.29,0.0,33.72,1.92,545,0.0,139,0.0,393,0.0,13,0.0,25.5,0.0,2026-01-17,-,0,915.0
-,-,thundermain,-,1117.07,-1.96,1367.24,0.0,83.39,0.65,30,0.0,12,0.0,18,0.0,0,0.0,40.0,0.0,2024-02-23,-,0,-
-,-,Secretfool,-,1116.81,-2.37,1324.65,0.0,69.28,0.79,48,0.0,20,0.0,28,0.0,0,0.0,41.67,0.0,2022-06-05,-,0,-
1299,-29,Bafbeer,-,1116.64,-2.02,1359.4,0.0,80.92,0.67,25,0.0,7,0.0,18,0.0,0,0.0,28.0,0.0,2026-01-31,-,0,-
1300,-51,johnboy,-,1116.6,-20.15,1254.61,-23.24,46.0,-1.03,80,7.0,23,0.0,56,7.0,1,0.0,28.75,-2.76,2026-05-19,-,0,989.0
1301,-32,XRipper,-,1116.45,-2.33,1327.69,0.0,70.41,0.78,30,0.0,8,0.0,22,0.0,0,0.0,26.67,0.0,2026-02-04,-,0,-
1302,new,tytw,-,1116.42,666.42,1799.63,299.63,227.74,227.74,3,3.0,3,3.0,0,0.0,0,0.0,100.0,100.0,2026-05-05,-,0,-
-,-,AoR,-,1116.2,-2.49,1317.91,0.0,67.24,0.83,67,0.0,25,0.0,41,0.0,1,0.0,37.31,0.0,2023-01-15,-,0,-
1303,-22,Ilyanep,-,1115.99,9.85,1218.19,10.52,34.07,0.23,377,14.0,105,4.0,271,10.0,1,0.0,27.85,0.03,2026-04-20,-,0,1271.0
-,-,gengelstein,-,1115.85,-2.35,1325.13,0.0,69.76,0.78,72,0.0,26,0.0,46,0.0,0,0.0,36.11,0.0,2021-03-02,-,0,-
-,-,logocentric,-,1115.63,-3.04,1280.68,0.0,55.02,1.01,180,0.0,57,0.0,121,0.0,2,0.0,31.67,0.0,2022-02-23,-,0,-
1304,-33,OffDutyDad,-,1115.44,-2.27,1332.46,0.0,72.34,0.76,42,0.0,14,0.0,28,0.0,0,0.0,33.33,0.0,2025-12-01,-,0,1287.0
-,-,Volt65,-,1115.27,-1.29,1496.94,0.0,127.22,0.43,16,0.0,10,0.0,6,0.0,0,0.0,62.5,0.0,2020-02-17,-,0,-
-,-,RagingKozak,-,1114.83,-2.79,1293.65,0.0,59.61,0.93,150,0.0,58,0.0,92,0.0,0,0.0,38.67,0.0,2021-09-05,-,0,-
-,-,GreatKingRat78,-,1114.65,-1.86,1377.56,0.0,87.64,0.62,20,0.0,6,0.0,14,0.0,0,0.0,30.0,0.0,2025-01-30,-,0,1118.0
-,-,Ralpher,-,1114.26,-1.38,1469.66,0.0,118.47,0.46,18,0.0,9,0.0,9,0.0,0,0.0,50.0,0.0,2020-06-28,-,0,-
-,-,calatravag,-,1113.52,-2.19,1338.34,0.0,74.94,0.73,35,0.0,9,0.0,24,0.0,2,0.0,25.71,0.0,2024-04-04,-,0,-
1305,-33,Atomtomate,DE,1113.13,-3.91,1245.34,0.0,44.07,1.3,159,0.0,39,0.0,118,0.0,2,0.0,24.53,0.0,2025-12-01,-,0,932.0
1306,-33,Marchely,-,1112.61,-2.64,1299.49,0.0,62.29,0.88,53,0.0,18,0.0,35,0.0,0,0.0,33.96,0.0,2025-12-02,-,0,1118.0
-,-,Doc.Fusion,-,1111.91,-1.14,1539.7,0.0,142.6,0.38,8,0.0,3,0.0,5,0.0,0,0.0,37.5,0.0,2022-01-01,-,0,-
-,-,FlyFelix,-,1111.76,-1.45,1449.44,0.0,112.56,0.48,12,0.0,7,0.0,4,0.0,1,0.0,58.33,0.0,2024-02-27,-,0,-
-,-,PortugueseBandit,-,1111.65,-2.24,1330.73,0.0,73.03,0.75,30,0.0,11,0.0,19,0.0,0,0.0,36.67,0.0,2025-02-04,-,0,1118.0
-,-,Flamingpichu,-,1111.1,-2.77,1291.79,0.0,60.23,0.92,95,0.0,27,0.0,59,0.0,9,0.0,28.42,0.0,2023-01-22,-,0,-
-,-,Swingles,-,1111.05,-2.26,1328.79,0.0,72.58,0.75,48,0.0,24,0.0,24,0.0,0,0.0,50.0,0.0,2022-06-05,-,0,-
1307,-33,ToSt,PL,1110.58,-4.11,1231.56,0.0,40.33,1.37,253,0.0,68,0.0,183,0.0,2,0.0,26.88,0.0,2026-02-07,-,0,-
-,-,flogae,-,1110.57,-1.51,1435.85,0.0,108.43,0.5,18,0.0,12,0.0,5,0.0,1,0.0,66.67,0.0,2021-03-02,-,0,-
-,-,ergates,-,1109.91,-1.36,1469.08,0.0,119.72,0.45,18,0.0,9,0.0,8,0.0,1,0.0,50.0,0.0,2018-10-14,-,0,-
-,-,DPRK,-,1109.73,-1.95,1360.84,0.0,83.7,0.65,30,0.0,10,0.0,20,0.0,0,0.0,33.33,0.0,2025-02-01,-,0,989.0
-,-,Cormcolash,-,1109.69,-2.21,1332.08,0.0,74.13,0.74,30,0.0,13,0.0,17,0.0,0,0.0,43.33,0.0,2025-04-18,-,0,1373.0
-,-,Somerent,-,1109.5,-2.87,1280.88,0.0,57.13,0.96,126,0.0,51,0.0,75,0.0,0,0.0,40.48,0.0,2022-06-05,-,0,-
-,-,DislexicBigot,-,1109.06,-1.94,1361.07,0.0,84.0,0.65,36,0.0,17,0.0,19,0.0,0,0.0,47.22,0.0,2021-06-02,-,0,-
-,-,Ryktus,-,1108.91,-2.87,1286.66,0.0,59.25,0.96,108,0.0,38,0.0,69,0.0,1,0.0,35.19,0.0,2022-03-06,-,0,-
-,-,Hanthelmor,BR,1108.74,-4.91,1229.61,0.0,40.29,1.64,595,0.0,155,0.0,430,0.0,10,0.0,26.05,0.0,2024-06-16,-,0,-
1308,-32,CJcj,-,1108.63,-1.82,1379.16,0.0,90.18,0.61,18,0.0,8,0.0,10,0.0,0,0.0,44.44,0.0,2025-12-01,-,0,-
-,-,RiccardoRaso,-,1108.3,-3.21,1264.76,0.0,52.15,1.07,141,0.0,41,0.0,99,0.0,1,0.0,29.08,0.0,2023-01-15,-,0,-
1309,-23,Hampsink,-,1107.65,4.05,1228.75,4.23,40.37,0.06,144,7.0,36,2.0,108,5.0,0,0.0,25.0,0.18,2026-05-11,-,0,863.0
-,-,flacoforro,-,1107.6,-2.41,1313.81,0.0,68.74,0.8,40,0.0,13,0.0,27,0.0,0,0.0,32.5,0.0,2025-03-25,-,0,939.0
-,-,SunTiger,-,1106.37,-2.12,1337.74,0.0,77.12,0.71,30,0.0,11,0.0,19,0.0,0,0.0,36.67,0.0,2025-01-27,-,0,1184.0
1310,-35,Dunketelin,-,1106.08,-6.99,1182.75,-6.12,25.56,0.29,832,37.0,205,7.0,625,30.0,2,0.0,24.64,-0.27,2026-05-14,-,0,676.0
-,-,Shalif,FR,1105.92,-3.62,1244.39,0.0,46.16,1.21,195,0.0,54,0.0,137,0.0,4,0.0,27.69,0.0,2025-01-13,-,0,1184.0
1311,-32,madmanmatt666,-,1105.5,-1.99,1353.3,0.0,82.6,0.66,36,0.0,11,0.0,24,0.0,1,0.0,30.56,0.0,2026-02-06,-,0,1287.0
-,-,Zeclion,-,1105.22,-2.9,1276.51,0.0,57.1,0.97,254,0.0,65,0.0,174,0.0,15,0.0,25.59,0.0,2021-03-02,-,0,-
1312,-34,cultro,-,1104.62,-2.88,1277.75,0.0,57.71,0.96,60,0.0,10,0.0,48,0.0,2,0.0,16.67,0.0,2025-12-08,-,0,1287.0
-,-,FuManchu,-,1104.43,-4.55,1211.87,0.0,35.81,1.52,374,0.0,95,0.0,275,0.0,4,0.0,25.4,0.0,2025-05-26,-,0,1051.0
-,-,Esraymuk,-,1103.39,-1.98,1350.56,0.0,82.39,0.66,42,0.0,15,0.0,26,0.0,1,0.0,35.71,0.0,2021-05-15,-,0,-
-,-,dww,-,1102.6,-1.16,1526.36,0.0,141.25,0.39,8,0.0,4,0.0,4,0.0,0,0.0,50.0,0.0,2022-01-01,-,0,-
-,-,Sonalator,-,1102.33,-3.07,1262.5,0.0,53.39,1.02,80,0.0,22,0.0,58,0.0,0,0.0,27.5,0.0,2025-02-14,-,0,932.0
1313,-29,Papella,-,1102.28,-2.32,1314.05,0.0,70.59,0.77,30,0.0,9,0.0,21,0.0,0,0.0,30.0,0.0,2026-02-03,-,0,-
-,-,bach0910,-,1101.1,-1.96,1361.61,0.0,86.84,0.65,54,0.0,26,0.0,27,0.0,1,0.0,48.15,0.0,2020-08-10,-,0,-
1314,-32,Romulus07,-,1100.86,-4.48,1212.91,0.0,37.35,1.49,167,0.0,49,0.0,115,0.0,3,0.0,29.34,0.0,2026-02-28,-,0,1065.0
1315,-32,Kazan,-,1100.29,-4.79,1211.37,0.0,37.03,1.6,252,0.0,70,0.0,172,0.0,10,0.0,27.78,0.0,2026-02-01,-,0,1184.0
1316,-27,Nitrosaurus24,US,1099.36,-0.19,1191.02,1.36,30.55,0.52,564,13.0,130,4.0,423,9.0,11,0.0,23.05,0.18,2026-05-16,-,0,844.0
-,-,Wirbin,-,1099.33,-1.9,1358.09,0.0,86.25,0.63,36,0.0,13,0.0,23,0.0,0,0.0,36.11,0.0,2020-09-27,-,0,-
-,-,Darzic,-,1099.26,-1.43,1441.55,0.0,114.1,0.48,18,0.0,8,0.0,10,0.0,0,0.0,44.44,0.0,2020-09-27,-,0,-
1317,-37,Redda,-,1099.25,-7.82,1190.04,-9.17,30.26,-0.45,219,25.0,55,4.0,160,20.0,4,1.0,25.11,-1.18,2026-05-31,-,0,939.0
-,-,dongz,-,1098.98,-1.71,1386.06,0.0,95.69,0.57,18,0.0,8,0.0,10,0.0,0,0.0,44.44,0.0,2022-03-06,-,0,-
-,-,pupukani,-,1098.77,-1.95,1349.93,0.0,83.72,0.65,36,0.0,17,0.0,19,0.0,0,0.0,47.22,0.0,2022-05-29,-,0,-
1318,-33,Batallon,-,1098.47,-5.21,1198.94,0.0,33.49,1.74,455,0.0,129,0.0,322,0.0,4,0.0,28.35,0.0,2025-12-01,-,0,845.0
-,-,Svaldini,CA,1098.46,-2.6,1289.66,0.0,63.73,0.87,63,0.0,20,0.0,43,0.0,0,0.0,31.75,0.0,2023-02-23,-,0,-
-,-,Bartas,-,1097.55,-2.26,1314.52,0.0,72.33,0.75,36,0.0,12,0.0,22,0.0,2,0.0,33.33,0.0,2023-06-04,-,0,-
1319,-31,JS619,US,1097.43,-4.91,1171.87,-4.42,24.81,0.16,1189,49.0,246,10.0,931,39.0,12,0.0,20.69,-0.01,2026-05-30,-,0,798.0
-,-,jbuergel,-,1097.33,-1.84,1365.09,0.0,89.25,0.61,36,0.0,13,0.0,21,0.0,2,0.0,36.11,0.0,2020-08-23,-,0,-
1320,-30,davidx,-,1097.01,-2.08,1335.3,0.0,79.43,0.69,27,0.0,11,0.0,15,0.0,1,0.0,40.74,0.0,2025-08-26,-,0,-
-,-,ZguZimZguZa,-,1096.56,-1.54,1415.55,0.0,106.33,0.51,15,0.0,5,0.0,10,0.0,0,0.0,33.33,0.0,2023-01-15,-,0,-
-,-,Beru,-,1096.55,-2.2,1320.1,0.0,74.52,0.73,40,0.0,17,0.0,23,0.0,0,0.0,42.5,0.0,2021-12-05,-,0,-
-,-,Gervais,IT,1095.26,-4.09,1222.2,0.0,42.32,1.36,385,0.0,114,0.0,266,0.0,5,0.0,29.61,0.0,2024-12-14,-,0,1287.0
1321,new,Yeoman,-,1095.06,645.06,1298.77,-201.23,67.91,67.91,30,30.0,11,11.0,18,18.0,1,1.0,36.67,36.67,2026-05-31,-,0,-
-,-,Midkenium,-,1094.79,-1.78,1370.26,0.0,91.82,0.59,36,0.0,15,0.0,21,0.0,0,0.0,41.67,0.0,2020-09-27,-,0,-
1322,-30,Execut0r,-,1094.43,-2.94,1262.57,0.0,56.05,0.98,49,0.0,13,0.0,36,0.0,0,0.0,26.53,0.0,2026-01-30,-,0,1118.0
1323,-32,NerAlgert,-,1094.37,-3.97,1221.17,0.0,42.27,1.32,108,0.0,30,0.0,76,0.0,2,0.0,27.78,0.0,2026-02-28,-,0,1385.0
-,-,Jbob2626,-,1093.49,-2.12,1327.79,0.0,78.1,0.71,30,0.0,14,0.0,16,0.0,0,0.0,46.67,0.0,2025-01-31,-,0,1118.0
-,-,opk,-,1093.14,-2.67,1278.83,0.0,61.9,0.89,60,0.0,16,0.0,44,0.0,0,0.0,26.67,0.0,2025-02-02,-,0,1118.0
-,-,mmarr,-,1091.93,-1.63,1393.42,0.0,100.5,0.54,26,0.0,10,0.0,16,0.0,0,0.0,38.46,0.0,2018-11-09,-,0,-
-,-,Mlhovan,-,1091.87,-3.75,1226.72,0.0,44.95,1.25,304,0.0,84,0.0,214,0.0,6,0.0,27.63,0.0,2024-10-13,-,0,-
1324,-31,Nomade,-,1091.36,-4.21,1213.99,0.0,40.88,1.4,255,0.0,79,0.0,175,0.0,1,0.0,30.98,0.0,2025-12-10,-,0,1118.0
-,-,CleanerCode,-,1090.63,-1.9,1361.38,0.0,90.25,0.63,36,0.0,15,0.0,21,0.0,0,0.0,41.67,0.0,2020-12-06,-,0,-
-,-,oginostok,-,1090.07,-1.9,1347.42,0.0,85.78,0.63,36,0.0,17,0.0,19,0.0,0,0.0,47.22,0.0,2020-12-06,-,0,-
-,-,Raphi,-,1089.38,-3.02,1252.97,0.0,54.53,1.01,69,0.0,16,0.0,53,0.0,0,0.0,23.19,0.0,2025-02-12,-,0,1184.0
-,-,J.J.,-,1088.63,-2.23,1309.91,0.0,73.76,0.74,76,0.0,22,0.0,54,0.0,0,0.0,28.95,0.0,2020-04-08,-,0,-
1325,-48,Czechlands,-,1088.43,-19.49,1306.73,-58.0,72.77,-12.84,40,15.0,14,0.0,26,15.0,0,0.0,35.0,-21.0,2026-03-23,-,0,-
-,-,JanusXXIII,-,1088.15,-1.06,1550.82,0.0,154.22,0.35,9,0.0,5,0.0,4,0.0,0,0.0,55.56,0.0,2023-11-07,-,0,-
-,-,Math4u,-,1088.15,-3.34,1246.08,0.0,52.64,1.11,131,0.0,37,0.0,94,0.0,0,0.0,28.24,0.0,2024-01-16,-,0,-
1326,-17,ViznessDaBizness,-,1087.41,17.81,1293.09,2.5,68.56,-5.1,34,4.0,14,2.0,20,2.0,0,0.0,41.18,1.18,2026-05-18,-,0,-
-,-,Signor_Darcy,-,1087.37,-3.52,1228.89,0.0,47.17,1.17,292,0.0,80,0.0,211,0.0,1,0.0,27.4,0.0,2024-01-16,-,0,-
1327,-33,Kugi,-,1087.23,-2.11,1324.87,0.0,79.21,0.7,44,0.0,11,0.0,33,0.0,0,0.0,25.0,0.0,2026-01-28,-,0,1287.0
-,-,EmporerAndrew,-,1086.44,-0.77,1719.14,0.0,210.9,0.26,4,0.0,3,0.0,1,0.0,0,0.0,75.0,0.0,2021-11-15,-,0,-
1328,-31,gutibudoka,-,1086.1,5.27,1174.12,6.28,29.34,0.34,336,19.0,104,7.0,232,12.0,0,0.0,30.95,0.35,2026-05-21,-,0,915.0
-,-,MikeyB,-,1086.04,-2.24,1305.73,0.0,73.23,0.75,42,0.0,10,0.0,31,0.0,1,0.0,23.81,0.0,2024-05-15,-,0,-
1329,-34,Samantho,-,1085.88,2.71,1168.73,4.65,27.62,0.64,786,30.0,176,6.0,606,24.0,4,0.0,22.39,-0.1,2026-05-31,-,0,718.0
-,-,FRadar,-,1085.87,-2.11,1318.85,0.0,77.66,0.7,30,0.0,8,0.0,22,0.0,0,0.0,26.67,0.0,2024-02-23,-,0,-
-,-,gameofstu,-,1085.61,-1.85,1351.68,0.0,88.69,0.62,36,0.0,14,0.0,22,0.0,0,0.0,38.89,0.0,2019-12-30,-,0,-
-,-,SirTommoth,-,1085.53,-2.33,1296.52,0.0,70.33,0.78,48,0.0,19,0.0,28,0.0,1,0.0,39.58,0.0,2022-06-05,-,0,-
1330,-30,Merclaw,-,1085.46,11.13,1227.57,9.19,47.37,-0.65,74,6.0,17,2.0,57,4.0,0,0.0,22.97,0.91,2026-05-26,-,0,928.0
-,-,biso,-,1085.44,-3.73,1229.91,0.0,48.16,1.24,270,0.0,83,0.0,183,0.0,4,0.0,30.74,0.0,2025-01-26,-,0,1416.0
-,-,Four-Zero,-,1085.08,-1.72,1380.69,0.0,98.54,0.57,30,0.0,18,0.0,11,0.0,1,0.0,60.0,0.0,2022-06-05,-,0,-
-,-,Adunak,-,1085.04,-2.0,1329.88,0.0,81.61,0.67,36,0.0,13,0.0,22,0.0,1,0.0,36.11,0.0,2021-06-02,-,0,-
-,-,toptheworld,-,1084.75,-2.74,1264.41,0.0,59.89,0.91,60,0.0,15,0.0,45,0.0,0,0.0,25.0,0.0,2025-02-03,-,0,1184.0
-,-,Friedthelt,-,1084.28,-2.24,1303.54,0.0,73.09,0.75,45,0.0,17,0.0,28,0.0,0,0.0,37.78,0.0,2025-02-07,-,0,1118.0
-,-,vladslavBR,-,1082.11,-1.94,1336.78,0.0,84.89,0.65,36,0.0,10,0.0,19,0.0,7,0.0,27.78,0.0,2019-12-30,-,0,-
-,-,Bricks718,-,1081.58,-2.27,1298.31,0.0,72.25,0.76,40,0.0,12,0.0,28,0.0,0,0.0,30.0,0.0,2024-04-04,-,0,-
-,-,Edge613,-,1081.54,-4.22,1200.95,0.0,39.81,1.41,270,0.0,78,0.0,190,0.0,2,0.0,28.89,0.0,2025-04-22,-,0,1433.0
-,-,Adrianucho,-,1081.16,-1.98,1328.46,0.0,82.43,0.66,30,0.0,11,0.0,19,0.0,0,0.0,36.67,0.0,2024-02-23,-,0,-
-,-,DionysosKing,-,1080.94,-1.62,1383.52,0.0,100.86,0.54,18,0.0,9,0.0,9,0.0,0,0.0,50.0,0.0,2023-02-05,-,0,-
1331,-35,zhangyuchen,-,1080.84,-0.74,1740.15,0.0,219.77,0.25,3,0.0,3,0.0,0,0.0,0,0.0,100.0,0.0,2025-11-05,-,0,-
-,-,Abssalom,-,1080.68,-2.24,1299.27,0.0,72.86,0.75,42,0.0,16,0.0,26,0.0,0,0.0,38.1,0.0,2024-01-16,-,0,-
-,-,Dreadpiratejosh,-,1080.24,-1.77,1356.38,0.0,92.05,0.59,36,0.0,17,0.0,19,0.0,0,0.0,47.22,0.0,2019-02-17,-,0,-
-,-,psutera,-,1079.99,-1.44,1420.72,0.0,113.57,0.48,24,0.0,10,0.0,14,0.0,0,0.0,41.67,0.0,2020-05-20,-,0,-
-,-,Alabastero,-,1079.99,-1.44,1420.72,0.0,113.57,0.48,24,0.0,10,0.0,14,0.0,0,0.0,41.67,0.0,2020-05-28,-,0,-
-,-,Gondis,-,1079.99,-1.44,1420.72,0.0,113.57,0.48,24,0.0,10,0.0,14,0.0,0,0.0,41.67,0.0,2020-05-19,-,0,-
-,-,CharlieFish,-,1079.91,-2.2,1302.92,0.0,74.34,0.73,30,0.0,12,0.0,18,0.0,0,0.0,40.0,0.0,2025-01-27,-,0,1118.0
1332,-11,Clarinachos,-,1079.17,26.48,1203.64,20.57,41.49,-1.97,150,18.0,36,7.0,114,11.0,0,0.0,24.0,2.03,2026-04-20,-,0,1271.0
-,-,MythMoth,-,1078.88,-2.36,1287.41,0.0,69.51,0.79,47,0.0,13,0.0,31,0.0,3,0.0,27.66,0.0,2023-02-28,-,0,-
-,-,DaMeager,-,1078.38,-2.02,1322.47,0.0,81.36,0.67,36,0.0,13,0.0,23,0.0,0,0.0,36.11,0.0,2021-12-05,-,0,-
-,-,-BARBAR-,-,1077.41,-1.48,1408.82,0.0,110.47,0.49,19,0.0,6,0.0,11,0.0,2,0.0,31.58,0.0,2023-01-15,-,0,-
1333,-35,Devonia,-,1076.98,-3.13,1235.29,0.0,52.77,1.04,70,0.0,17,0.0,53,0.0,0,0.0,24.29,0.0,2026-02-02,-,0,1118.0
1334,-35,Mighke,-,1075.6,-2.89,1245.63,0.0,56.68,0.96,58,0.0,16,0.0,42,0.0,0,0.0,27.59,0.0,2026-02-01,-,0,1118.0
-,-,Pastiness,-,1075.54,-1.99,1321.56,0.0,82.01,0.66,30,0.0,8,0.0,22,0.0,0,0.0,26.67,0.0,2024-04-04,-,0,-
-,-,Werlix,-,1075.01,-1.73,1357.58,0.0,94.19,0.58,36,0.0,13,0.0,23,0.0,0,0.0,36.11,0.0,2018-10-14,-,0,-
-,-,whiteraven,-,1074.6,-1.38,1430.08,0.0,118.49,0.46,18,0.0,8,0.0,9,0.0,1,0.0,44.44,0.0,2020-06-28,-,0,-
-,-,Penisbursche,-,1074.28,-1.87,1339.65,0.0,88.46,0.62,36,0.0,15,0.0,21,0.0,0,0.0,41.67,0.0,2020-06-28,-,0,-
-,-,DrThyme,-,1073.55,-1.18,1486.62,0.0,137.69,0.39,12,0.0,6,0.0,6,0.0,0,0.0,50.0,0.0,2020-08-18,-,0,-
-,-,Tomo,-,1072.96,-3.93,1203.22,0.0,43.42,1.31,362,0.0,93,0.0,267,0.0,2,0.0,25.69,0.0,2024-03-17,-,0,-
-,-,Naismith,-,1071.67,-1.58,1382.62,0.0,103.65,0.53,18,0.0,6,0.0,12,0.0,0,0.0,33.33,0.0,2020-09-27,-,0,-
1335,-33,Azami,-,1070.7,-2.27,1287.04,0.0,72.12,0.76,36,0.0,10,0.0,26,0.0,0,0.0,27.78,0.0,2026-02-04,-,0,1287.0
-,-,funkenschlag,-,1070.21,-3.32,1224.05,0.0,51.28,1.11,379,0.0,93,0.0,280,0.0,6,0.0,24.54,0.0,2023-01-15,-,0,-
-,-,Krisztciii,-,1070.11,-3.24,1224.75,0.0,51.55,1.08,235,0.0,55,0.0,177,0.0,3,0.0,23.4,0.0,2023-02-05,-,0,-
-,-,Chuie,-,1070.08,-1.33,1438.43,0.0,122.78,0.44,18,0.0,9,0.0,9,0.0,0,0.0,50.0,0.0,2019-12-30,-,0,-
1336,-32,AvanAgornin,-,1069.74,-2.22,1291.05,0.0,73.77,0.74,30,0.0,6,0.0,24,0.0,0,0.0,20.0,0.0,2026-01-28,-,0,-
1337,-31,lengesses,-,1069.25,-2.65,1254.92,0.0,61.89,0.88,51,0.0,9,0.0,42,0.0,0,0.0,17.65,0.0,2026-02-03,-,0,1184.0
-,-,SatoruGojo,-,1068.88,-1.76,1347.6,0.0,92.91,0.59,30,0.0,10,0.0,19,0.0,1,0.0,33.33,0.0,2024-02-23,-,0,-
1338,-31,vekijo,-,1068.05,-2.3,1281.99,0.0,71.31,0.77,30,0.0,10,0.0,20,0.0,0,0.0,33.33,0.0,2026-02-04,-,0,-
-,-,Xayide,-,1068.02,-1.46,1404.07,0.0,112.02,0.49,18,0.0,8,0.0,10,0.0,0,0.0,44.44,0.0,2020-03-30,-,0,-
1339,-31,NapoRules,-,1067.89,-2.09,1302.22,0.0,78.11,0.7,25,0.0,13,0.0,12,0.0,0,0.0,52.0,0.0,2025-11-08,-,0,1416.0
-,-,Rusticista,-,1067.84,-1.78,1343.71,0.0,91.96,0.59,23,0.0,7,0.0,16,0.0,0,0.0,30.43,0.0,2023-01-15,-,0,-
1340,-35,firstfloorfinest,BE,1067.64,-4.26,1185.47,0.0,39.28,1.42,382,0.0,97,0.0,282,0.0,3,0.0,25.39,0.0,2025-12-13,-,0,-
-,-,sztukam,-,1067.58,-1.35,1430.71,0.0,121.05,0.45,12,0.0,6,0.0,5,0.0,1,0.0,50.0,0.0,2021-02-21,-,0,-
-,-,Finch,-,1067.54,-1.36,1426.61,0.0,119.69,0.45,18,0.0,8,0.0,10,0.0,0,0.0,44.44,0.0,2020-06-28,-,0,-
1341,-31,greslack,-,1067.03,-2.36,1275.75,0.0,69.57,0.79,42,0.0,14,0.0,27,0.0,1,0.0,33.33,0.0,2026-01-31,-,0,-
-,-,Athelis,-,1066.92,-1.76,1345.71,0.0,92.93,0.59,19,0.0,4,0.0,14,0.0,1,0.0,21.05,0.0,2023-03-05,-,0,-
1342,-39,RodaxIII,-,1066.26,-6.03,1169.04,0.0,34.26,2.01,279,0.0,85,0.0,182,0.0,12,0.0,30.47,0.0,2025-11-30,-,0,1270.0
-,-,Yerdua,-,1065.43,-2.01,1310.73,0.0,81.77,0.67,54,0.0,19,0.0,34,0.0,1,0.0,35.19,0.0,2020-09-27,-,0,-
1343,-32,Wing,-,1065.38,-2.46,1266.24,0.0,66.95,0.82,37,0.0,8,0.0,28,0.0,1,0.0,21.62,0.0,2025-12-08,-,0,1118.0
-,-,Wooojciech,-,1064.88,-1.9,1323.3,0.0,86.14,0.63,36,0.0,11,0.0,25,0.0,0,0.0,30.56,0.0,2021-02-20,-,0,-
-,-,hkl,-,1064.86,-1.86,1332.0,0.0,89.05,0.62,23,0.0,5,0.0,17,0.0,1,0.0,21.74,0.0,2023-01-15,-,0,-
-,-,Prablemzzz,-,1064.79,-2.37,1271.47,0.0,68.89,0.79,54,0.0,23,0.0,30,0.0,1,0.0,42.59,0.0,2022-03-06,-,0,-
1344,-32,Meklaurufen,-,1064.19,-2.13,1295.28,0.0,77.03,0.71,29,0.0,10,0.0,19,0.0,0,0.0,34.48,0.0,2026-02-03,-,0,-
1345,new,NoJoVin,-,1063.56,613.56,1337.38,-162.62,91.27,91.27,18,18.0,5,5.0,13,13.0,0,0.0,27.78,27.78,2026-04-22,-,0,-
-,-,adocen,-,1063.2,-1.6,1369.53,0.0,102.11,0.53,24,0.0,9,0.0,13,0.0,2,0.0,37.5,0.0,2020-11-15,-,0,-
-,-,lulligator,-,1062.77,-1.89,1347.77,0.0,95.0,0.63,42,0.0,22,0.0,20,0.0,0,0.0,52.38,0.0,2020-06-28,-,0,-
-,-,wkawkfl,-,1061.86,-2.46,1262.3,0.0,66.82,0.82,96,0.0,27,0.0,67,0.0,2,0.0,28.12,0.0,2021-08-24,-,0,-
-,-,liladre,-,1061.78,-4.52,1196.1,0.0,44.77,1.51,459,0.0,121,0.0,336,0.0,2,0.0,26.36,0.0,2023-11-17,-,0,-
1346,-33,Zielonus,-,1061.55,-2.83,1235.47,0.0,57.98,0.94,60,0.0,18,0.0,42,0.0,0,0.0,30.0,0.0,2026-02-08,-,0,1118.0
-,-,Samut,-,1061.13,-1.82,1330.81,0.0,89.89,0.61,30,0.0,11,0.0,19,0.0,0,0.0,36.67,0.0,2024-02-23,-,0,-
-,-,BlueJay,-,1060.45,-2.26,1278.11,0.0,72.56,0.75,30,0.0,9,0.0,21,0.0,0,0.0,30.0,0.0,2025-02-02,-,0,1184.0
-,-,henk,-,1059.82,-2.28,1280.09,0.0,73.42,0.76,48,0.0,14,0.0,28,0.0,6,0.0,29.17,0.0,2021-06-02,-,0,-
-,-,lxy,-,1059.75,-1.61,1364.32,0.0,101.52,0.54,24,0.0,12,0.0,12,0.0,0,0.0,50.0,0.0,2020-05-25,-,0,-
-,-,MadAvenger,-,1059.55,-3.46,1205.08,0.0,48.51,1.15,315,0.0,74,0.0,238,0.0,3,0.0,23.49,0.0,2023-05-23,-,0,-
1347,-32,thebigcheese,-,1058.77,-2.9,1228.73,0.0,56.65,0.97,66,0.0,16,0.0,50,0.0,0,0.0,24.24,0.0,2026-02-02,-,0,1287.0
-,-,Judiot,-,1058.35,-1.98,1306.69,0.0,82.78,0.66,30,0.0,7,0.0,23,0.0,0,0.0,23.33,0.0,2024-02-23,-,0,-
-,-,ackbleh,-,1058.11,-1.22,1459.71,0.0,133.87,0.41,12,0.0,7,0.0,5,0.0,0,0.0,58.33,0.0,2020-11-19,-,0,-
-,-,CeeJ,-,1057.04,-2.1,1290.92,0.0,77.96,0.7,44,0.0,13,0.0,31,0.0,0,0.0,29.55,0.0,2024-01-16,-,0,-
-,-,yoyo0507,-,1056.44,-1.93,1312.15,0.0,85.23,0.64,44,0.0,18,0.0,24,0.0,2,0.0,40.91,0.0,2023-04-02,-,0,-
-,-,Druen,-,1056.32,-1.07,1515.34,0.0,153.01,0.36,8,0.0,4,0.0,4,0.0,0,0.0,50.0,0.0,2022-01-01,-,0,-
1348,-32,FabioMP,-,1055.19,-5.29,1158.08,0.0,34.3,1.76,625,0.0,159,0.0,464,0.0,2,0.0,25.44,0.0,2026-01-29,-,0,1245.0
-,-,Rugan,-,1055.11,-1.16,1477.46,0.0,140.78,0.39,8,0.0,3,0.0,5,0.0,0,0.0,37.5,0.0,2022-01-01,-,0,-
-,-,Dharkan_Kaazar,-,1055.01,-1.68,1347.09,0.0,97.36,0.56,15,0.0,3,0.0,12,0.0,0,0.0,20.0,0.0,2024-02-23,-,0,-
-,-,Ritocito,-,1054.72,-1.11,1494.02,0.0,146.43,0.37,6,0.0,2,0.0,2,0.0,2,0.0,33.33,0.0,2023-10-05,-,0,-
1349,-19,Rickanchamun,-,1054.45,19.23,1228.04,-3.4,57.86,-7.54,48,12.0,12,3.0,36,9.0,0,0.0,25.0,0.0,2026-05-31,-,0,1381.0
1350,-32,Gregoriocasa,-,1054.14,-2.4,1258.88,0.0,68.25,0.8,30,0.0,9,0.0,21,0.0,0,0.0,30.0,0.0,2026-02-05,-,0,-
-,-,Kykelodeon,-,1053.59,-2.5,1253.88,0.0,66.76,0.83,90,0.0,30,0.0,60,0.0,0,0.0,33.33,0.0,2021-03-02,-,0,-
-,-,Alexd,-,1053.13,-1.9,1311.64,0.0,86.17,0.63,30,0.0,12,0.0,18,0.0,0,0.0,40.0,0.0,2021-08-23,-,0,-
-,-,JibehArcher,-,1052.71,-1.15,1478.5,0.0,141.93,0.38,12,0.0,6,0.0,6,0.0,0,0.0,50.0,0.0,2021-05-27,-,0,-
-,-,FoglyOgly,-,1051.91,-2.03,1294.03,0.0,80.71,0.68,54,0.0,12,0.0,41,0.0,1,0.0,22.22,0.0,2021-05-07,-,0,-
-,-,MadsB,-,1051.78,-3.05,1213.71,0.0,53.98,1.02,95,0.0,27,0.0,68,0.0,0,0.0,28.42,0.0,2023-09-24,-,0,-
1351,-31,Giulio_GC,-,1051.67,-2.18,1276.52,0.0,74.95,0.73,30,0.0,6,0.0,24,0.0,0,0.0,20.0,0.0,2026-01-29,-,0,-
1352,-33,Tietzsche,-,1051.33,-3.09,1211.16,0.0,53.28,1.03,96,0.0,23,0.0,72,0.0,1,0.0,23.96,0.0,2026-02-07,-,0,1109.0
-,-,Sukhjit,-,1049.59,-1.6,1356.77,0.0,102.39,0.53,42,0.0,15,0.0,27,0.0,0,0.0,35.71,0.0,2020-11-24,-,0,-
-,-,Althaj,SK,1049.34,-2.94,1218.27,0.0,56.31,0.98,75,0.0,16,0.0,58,0.0,1,0.0,21.33,0.0,2024-09-15,-,0,-
-,-,KuddelFA,-,1048.84,-2.1,1282.55,0.0,77.9,0.7,52,0.0,13,0.0,37,0.0,2,0.0,25.0,0.0,2020-08-15,-,0,-
1353,-31,TarisI,-,1048.72,-2.22,1269.76,0.0,73.68,0.74,30,0.0,9,0.0,21,0.0,0,0.0,30.0,0.0,2026-01-29,-,0,-
-,-,Petoss,-,1047.28,-1.37,1403.79,0.0,118.84,0.46,9,0.0,3,0.0,6,0.0,0,0.0,33.33,0.0,2023-04-11,-,0,-
-,-,ludnunes,-,1046.19,-2.47,1244.91,0.0,66.24,0.82,81,0.0,21,0.0,59,0.0,1,0.0,25.93,0.0,2023-01-15,-,0,-
-,-,Ben96,-,1046.05,-2.17,1272.21,0.0,75.39,0.72,72,0.0,22,0.0,50,0.0,0,0.0,30.56,0.0,2020-09-27,-,0,-
-,-,marcelodadf,-,1045.05,-1.53,1364.33,0.0,106.43,0.51,15,0.0,4,0.0,11,0.0,0,0.0,26.67,0.0,2024-02-23,-,0,-
-,-,anyhotcountry,-,1044.65,-1.36,1403.82,0.0,119.72,0.45,18,0.0,9,0.0,9,0.0,0,0.0,50.0,0.0,2018-10-14,-,0,-
1354,-31,Dexray,-,1044.49,-1.89,1304.45,0.0,86.65,0.63,25,0.0,10,0.0,15,0.0,0,0.0,40.0,0.0,2026-01-30,-,0,-
-,-,Ivalice,-,1043.0,-1.82,1311.97,0.0,89.66,0.61,36,0.0,15,0.0,20,0.0,1,0.0,41.67,0.0,2019-12-30,-,0,-
-,-,ThonosP,BE,1041.43,-2.34,1251.31,0.0,69.96,0.78,39,0.0,8,0.0,27,0.0,4,0.0,20.51,0.0,2024-06-16,-,0,-
-,-,GeoHub,-,1041.34,-1.84,1309.91,0.0,89.52,0.61,48,0.0,15,0.0,33,0.0,0,0.0,31.25,0.0,2020-11-26,-,0,-
1355,new,Pigeonpostman,-,1040.87,590.87,1606.04,106.04,188.39,188.39,4,4.0,3,3.0,1,1.0,0,0.0,75.0,75.0,2026-05-22,-,0,-
1356,-31,Smithereens,-,1040.34,-1.63,1340.18,0.0,99.95,0.54,16,0.0,6,0.0,9,0.0,1,0.0,37.5,0.0,2026-01-11,-,0,-
-,-,LyraInfinite,-,1040.28,-0.86,1611.36,0.0,190.36,0.29,4,0.0,2,0.0,2,0.0,0,0.0,50.0,0.0,2021-11-15,-,0,-
-,-,Gorky,-,1039.88,-1.04,1511.71,0.0,157.28,0.35,8,0.0,4,0.0,4,0.0,0,0.0,50.0,0.0,2022-01-01,-,0,-
1357,-33,MATADORDELMAR,-,1039.85,-3.21,1195.17,0.0,51.77,1.07,75,0.0,16,0.0,58,0.0,1,0.0,21.33,0.0,2026-01-29,-,0,1287.0
-,-,cymerdown,-,1039.42,-2.18,1264.76,0.0,75.11,0.73,30,0.0,8,0.0,18,0.0,4,0.0,26.67,0.0,2025-02-28,-,0,1287.0
-,-,PandaJJ,-,1038.39,-2.37,1248.82,0.0,70.14,0.79,36,0.0,8,0.0,28,0.0,0,0.0,22.22,0.0,2025-01-21,-,0,1112.0
-,-,lolcese,-,1038.32,-3.03,1203.82,0.0,55.17,1.01,156,0.0,40,0.0,115,0.0,1,0.0,25.64,0.0,2023-11-29,-,0,-
-,-,pepinecko,-,1037.78,-2.72,1219.51,0.0,60.58,0.91,69,0.0,23,0.0,46,0.0,0,0.0,33.33,0.0,2024-12-08,-,0,1287.0
-,-,hongcha,-,1036.61,-1.69,1326.61,0.0,96.66,0.56,19,0.0,1,0.0,13,0.0,5,0.0,5.26,0.0,2023-01-15,-,0,-
1358,-144,NixonSparrow,-,1035.69,-130.0,1308.62,-401.96,90.98,-90.65,24,20.0,9,7.0,15,13.0,0,0.0,37.5,-12.5,2026-04-25,-,0,-
-,-,Albertotron,-,1034.83,-0.89,1587.19,0.0,184.12,0.3,4,0.0,2,0.0,2,0.0,0,0.0,50.0,0.0,2021-11-15,-,0,-
1359,-32,Castanicus,-,1034.52,-2.7,1216.35,0.0,60.61,0.9,60,0.0,12,0.0,48,0.0,0,0.0,20.0,0.0,2026-02-16,-,0,1184.0
-,-,DarthElendil,-,1033.45,-1.69,1323.04,0.0,96.53,0.56,18,0.0,8,0.0,10,0.0,0,0.0,44.44,0.0,2025-05-04,-,0,1388.0
1360,-31,Lint,-,1032.92,-2.35,1242.2,0.0,69.76,0.78,42,0.0,7,0.0,35,0.0,0,0.0,16.67,0.0,2026-02-02,-,0,-
-,-,Tasslehoff,-,1032.25,-1.92,1288.67,0.0,85.47,0.64,36,0.0,12,0.0,24,0.0,0,0.0,33.33,0.0,2020-12-06,-,0,-
-,-,meni,-,1031.82,-1.38,1387.04,0.0,118.41,0.46,9,0.0,3,0.0,6,0.0,0,0.0,33.33,0.0,2023-02-12,-,0,-
-,-,Master_Nodu,-,1031.11,-2.61,1218.98,0.0,62.62,0.87,66,0.0,21,0.0,44,0.0,1,0.0,31.82,0.0,2023-02-05,-,0,-
1361,-30,beny85,IT,1030.57,-2.78,1125.42,-5.28,31.62,-0.84,352,40.0,55,5.0,281,35.0,16,0.0,15.62,-0.41,2026-05-31,-,0,796.0
-,-,zcarvalh87,-,1030.33,-1.64,1330.95,0.0,100.21,0.55,24,0.0,6,0.0,18,0.0,0,0.0,25.0,0.0,2020-11-24,-,0,-
1362,-34,Seabrook,-,1030.31,-6.16,1123.24,0.0,30.98,2.05,328,0.0,51,0.0,253,0.0,24,0.0,15.55,0.0,2025-11-30,-,0,1060.0
-,-,Jakuu,-,1029.81,-2.55,1222.52,0.0,64.24,0.85,60,0.0,11,0.0,49,0.0,0,0.0,18.33,0.0,2025-02-05,-,0,1184.0
-,-,mliszewski,-,1029.52,-1.86,1293.22,0.0,87.9,0.62,36,0.0,14,0.0,22,0.0,0,0.0,38.89,0.0,2020-12-06,-,0,-
-,-,aps29965319,-,1029.33,-2.11,1266.04,0.0,78.91,0.7,48,0.0,12,0.0,32,0.0,4,0.0,25.0,0.0,2021-11-16,-,0,-
1363,-19,Gaulamos,-,1029.25,10.8,1131.81,12.62,34.19,0.61,500,6.0,118,5.0,379,1.0,3,0.0,23.6,0.73,2026-05-20,-,0,1287.0
-,-,blubeck,-,1028.99,-2.6,1218.73,0.0,63.25,0.87,90,0.0,29,0.0,60,0.0,1,0.0,32.22,0.0,2022-06-05,-,0,-
1364,-31,omoi,-,1028.58,-0.63,1212.04,-13.37,61.16,-4.25,45,7.0,12,1.0,33,6.0,0,0.0,26.67,-2.28,2026-05-16,-,0,-
-,-,nima_msg,-,1027.5,-1.55,1344.09,0.0,105.53,0.52,18,0.0,9,0.0,9,0.0,0,0.0,50.0,0.0,2023-09-03,-,0,-
-,-,captpirat,-,1026.68,-2.31,1241.18,0.0,71.5,0.77,44,0.0,11,0.0,33,0.0,0,0.0,25.0,0.0,2024-01-16,-,0,-
1365,-31,weide,-,1026.67,-1.92,1281.71,0.0,85.01,0.64,21,0.0,5,0.0,16,0.0,0,0.0,23.81,0.0,2026-01-05,-,0,-
-,-,apobel,-,1025.44,-2.59,1220.99,0.0,65.18,0.86,102,0.0,19,0.0,79,0.0,4,0.0,18.63,0.0,2020-12-06,-,0,-
1366,-31,Trek,-,1025.04,-2.79,1201.54,0.0,58.83,0.93,55,0.0,13,0.0,42,0.0,0,0.0,23.64,0.0,2026-02-04,-,0,1118.0
1367,-30,majin,-,1024.52,-1.64,1322.51,0.0,99.33,0.55,15,0.0,1,0.0,14,0.0,0,0.0,6.67,0.0,2025-12-06,-,0,-
-,-,Lindoro,-,1024.37,-2.38,1230.94,0.0,68.85,0.79,36,0.0,15,0.0,21,0.0,0,0.0,41.67,0.0,2024-08-11,-,0,-
-,-,vince_ma,-,1024.0,-1.64,1323.11,0.0,99.7,0.55,18,0.0,8,0.0,10,0.0,0,0.0,44.44,0.0,2022-03-06,-,0,-
-,-,PierrotLeFoul,-,1023.88,-0.75,1674.33,0.0,216.82,0.25,2,0.0,2,0.0,0,0.0,0,0.0,100.0,0.0,2023-04-02,-,0,-
-,-,jobe,-,1023.83,-2.53,1218.81,0.0,64.99,0.84,62,0.0,17,0.0,45,0.0,0,0.0,27.42,0.0,2025-02-28,-,0,1421.0
-,-,danjoy72,-,1023.67,-1.93,1277.6,0.0,84.64,0.64,30,0.0,9,0.0,21,0.0,0,0.0,30.0,0.0,2024-02-23,-,0,-
1368,-32,Oyvind,-,1023.37,-2.81,1198.37,0.0,58.33,0.94,70,0.0,15,0.0,55,0.0,0,0.0,21.43,0.0,2025-12-11,-,0,1184.0
1369,-37,VladBenez,IT,1023.26,-6.97,1126.11,-7.68,34.28,-0.24,241,16.0,41,3.0,200,13.0,0,0.0,17.01,0.12,2026-05-31,-,0,861.0
-,-,carlinator,-,1021.35,-1.57,1333.95,0.0,104.2,0.52,12,0.0,3,0.0,9,0.0,0,0.0,25.0,0.0,2023-11-29,-,0,-
-,-,CefreBunda,-,1021.22,-1.79,1295.68,0.0,91.49,0.6,48,0.0,12,0.0,35,0.0,1,0.0,25.0,0.0,2018-06-17,-,0,-
-,-,reddog,-,1021.04,-1.99,1267.16,0.0,82.04,0.66,30,0.0,7,0.0,23,0.0,0,0.0,23.33,0.0,2025-02-01,-,0,1184.0
-,-,Jagophile,-,1020.89,-1.86,1284.79,0.0,87.97,0.62,30,0.0,7,0.0,23,0.0,0,0.0,23.33,0.0,2024-02-23,-,0,-
-,-,Spip74,-,1020.76,-2.84,1193.54,0.0,57.59,0.95,132,0.0,32,0.0,100,0.0,0,0.0,24.24,0.0,2022-06-05,-,0,-
-,-,Dim_,-,1020.54,-2.12,1252.4,0.0,77.29,0.71,45,0.0,12,0.0,32,0.0,1,0.0,26.67,0.0,2023-01-15,-,0,-
1370,-30,Ivan_A_Destructalot,-,1020.27,-2.58,1210.73,0.0,63.49,0.86,37,0.0,7,0.0,30,0.0,0,0.0,18.92,0.0,2026-02-11,-,0,-
-,-,Ruthless741,-,1020.27,-1.45,1358.56,0.0,112.76,0.48,18,0.0,7,0.0,11,0.0,0,0.0,38.89,0.0,2020-06-28,-,0,-
-,-,Quality_Jones,-,1020.22,-2.16,1247.66,0.0,75.81,0.72,45,0.0,13,0.0,32,0.0,0,0.0,28.89,0.0,2023-01-22,-,0,-
1371,-30,Gigot,-,1019.81,-2.99,1184.32,0.0,54.84,1.0,60,0.0,12,0.0,47,0.0,1,0.0,20.0,0.0,2026-01-28,-,0,1184.0
-,-,BartoszN,-,1019.68,-2.18,1247.36,0.0,75.9,0.73,46,0.0,12,0.0,31,0.0,3,0.0,26.09,0.0,2022-02-18,-,0,-
-,-,welchi,-,1019.57,-1.48,1351.02,0.0,110.48,0.49,18,0.0,7,0.0,10,0.0,1,0.0,38.89,0.0,2020-09-27,-,0,-
-,-,UrbanSammie,-,1019.5,-1.3,1397.17,0.0,125.89,0.43,18,0.0,7,0.0,11,0.0,0,0.0,38.89,0.0,2020-06-28,-,0,-
1372,-33,Vaibhavaiyar,-,1018.79,-4.16,1142.62,0.0,41.28,1.39,286,0.0,63,0.0,216,0.0,7,0.0,22.03,0.0,2026-01-31,-,0,1184.0
-,-,mdross1,-,1018.19,-1.8,1290.59,0.0,90.8,0.6,40,0.0,13,0.0,27,0.0,0,0.0,32.5,0.0,2020-09-27,-,0,-
1373,-31,Tapio,-,1018.16,-2.32,1232.32,0.0,71.39,0.77,60,0.0,14,0.0,46,0.0,0,0.0,23.33,0.0,2026-01-27,-,0,1287.0
-,-,Chesswizard42,-,1018.16,-1.05,1482.17,0.0,154.67,0.35,12,0.0,7,0.0,5,0.0,0,0.0,58.33,0.0,2020-02-09,-,0,-
-,-,Nognix,-,1017.85,-2.0,1263.53,0.0,81.89,0.67,28,0.0,9,0.0,18,0.0,1,0.0,32.14,0.0,2024-02-23,-,0,-
1374,-31,landrew,-,1017.49,-2.42,1220.51,0.0,67.67,0.81,54,0.0,14,0.0,40,0.0,0,0.0,25.93,0.0,2026-02-05,-,0,-
-,-,TheCat,-,1017.38,-1.48,1348.2,0.0,110.27,0.49,20,0.0,7,0.0,13,0.0,0,0.0,35.0,0.0,2020-04-08,-,0,-
-,-,maurice986,-,1017.26,-1.99,1265.8,0.0,82.85,0.66,30,0.0,7,0.0,23,0.0,0,0.0,23.33,0.0,2025-01-30,-,0,1118.0
-,-,gregg900,-,1016.97,-1.91,1277.42,0.0,86.82,0.64,36,0.0,11,0.0,25,0.0,0,0.0,30.56,0.0,2020-09-27,-,0,-
-,-,Dr.MilkDuck,-,1015.9,-1.51,1340.59,0.0,108.23,0.5,18,0.0,6,0.0,12,0.0,0,0.0,33.33,0.0,2020-12-06,-,0,-
1375,new,Mister_Pazel,-,1015.61,565.61,1292.78,-207.22,92.39,92.39,17,17.0,5,5.0,12,12.0,0,0.0,29.41,29.41,2026-05-27,-,0,-
-,-,Billtje,-,1015.25,-1.52,1336.54,0.0,107.1,0.51,18,0.0,9,0.0,9,0.0,0,0.0,50.0,0.0,2021-03-02,-,0,-
1376,-30,Maximouse,-,1015.05,-1.49,1344.88,0.0,109.94,0.5,15,0.0,2,0.0,13,0.0,0,0.0,13.33,0.0,2025-12-14,-,0,-
1377,-32,kackajoni,-,1014.7,-2.69,1198.45,0.0,61.25,0.9,60,0.0,19,0.0,41,0.0,0,0.0,31.67,0.0,2026-02-03,-,0,1118.0
-,-,greatscotttch,-,1014.33,-2.53,1210.69,0.0,65.45,0.84,90,0.0,20,0.0,64,0.0,6,0.0,22.22,0.0,2021-11-16,-,0,-
-,-,LucaDiGennaro,-,1014.28,-1.32,1385.37,0.0,123.7,0.44,18,0.0,8,0.0,10,0.0,0,0.0,44.44,0.0,2018-10-14,-,0,-
-,-,MrDosu,-,1014.05,-1.38,1368.89,0.0,118.28,0.46,18,0.0,6,0.0,12,0.0,0,0.0,33.33,0.0,2020-03-30,-,0,-
-,-,kunayala,-,1013.75,-1.77,1290.34,0.0,92.2,0.59,34,0.0,12,0.0,22,0.0,0,0.0,35.29,0.0,2020-09-27,-,0,-
-,-,BigAAA,-,1012.61,-1.87,1275.26,0.0,87.55,0.62,25,0.0,2,0.0,23,0.0,0,0.0,8.0,0.0,2024-04-04,-,0,-
-,-,Inco,-,1012.55,-1.82,1282.45,0.0,89.97,0.61,48,0.0,14,0.0,33,0.0,1,0.0,29.17,0.0,2019-12-30,-,0,-
-,-,PikaSex,-,1012.4,-1.86,1277.09,0.0,88.23,0.62,36,0.0,9,0.0,27,0.0,0,0.0,25.0,0.0,2020-06-28,-,0,-
1378,new,anonaki,-,1012.32,562.32,1426.64,-73.36,138.11,138.11,7,7.0,3,3.0,4,4.0,0,0.0,42.86,42.86,2026-05-16,-,0,-
-,-,Rona_the_Terrible,-,1011.69,-1.65,1309.63,0.0,99.32,0.55,18,0.0,7,0.0,10,0.0,1,0.0,38.89,0.0,2024-03-03,-,0,-
-,-,Nele,-,1011.46,-3.0,1175.2,0.0,54.58,1.0,125,0.0,22,0.0,100,0.0,3,0.0,17.6,0.0,2023-07-15,-,0,-
1379,-32,jurgen18,-,1011.44,-2.54,1205.24,0.0,64.6,0.85,45,0.0,11,0.0,34,0.0,0,0.0,24.44,0.0,2026-02-08,-,0,1287.0
1380,-31,Caps,-,1010.83,-2.09,1245.24,0.0,78.14,0.7,25,0.0,6,0.0,18,0.0,1,0.0,24.0,0.0,2026-01-30,-,0,-
-,-,DrDuff,-,1010.43,-1.68,1303.07,0.0,97.55,0.56,21,0.0,8,0.0,13,0.0,0,0.0,38.1,0.0,2024-02-23,-,0,-
-,-,mehanik,-,1010.43,-2.04,1253.85,0.0,81.14,0.68,27,0.0,6,0.0,21,0.0,0,0.0,22.22,0.0,2023-01-15,-,0,-
1381,-16,emifon90,-,1010.21,30.14,1179.01,15.8,56.26,-4.78,51,12.0,11,3.0,40,9.0,0,0.0,21.57,1.06,2026-05-29,-,0,1421.0
-,-,mowglee,-,1010.11,-1.92,1269.35,0.0,86.42,0.64,36,0.0,10,0.0,26,0.0,0,0.0,27.78,0.0,2019-12-30,-,0,-
-,-,Jusaz,-,1009.97,-3.37,1158.57,0.0,49.53,1.12,210,0.0,49,0.0,160,0.0,1,0.0,23.33,0.0,2024-12-06,-,0,1287.0
-,-,Narsil,-,1009.67,-1.95,1264.8,0.0,85.04,0.65,42,0.0,18,0.0,22,0.0,2,0.0,42.86,0.0,2021-02-17,-,0,-
-,-,thallium,-,1007.41,-1.18,1421.37,0.0,137.99,0.39,12,0.0,4,0.0,8,0.0,0,0.0,33.33,0.0,2020-08-15,-,0,-
-,-,Aluc4rd,-,1006.84,-2.07,1246.2,0.0,79.79,0.69,36,0.0,7,0.0,26,0.0,3,0.0,19.44,0.0,2021-06-02,-,0,-
-,-,Xioph,-,1006.69,-2.22,1235.26,0.0,76.19,0.74,54,0.0,18,0.0,36,0.0,0,0.0,33.33,0.0,2021-03-02,-,0,-
1382,-28,Sopelek,-,1006.43,7.8,1127.32,9.05,40.3,0.42,169,7.0,33,2.0,133,5.0,3,0.0,19.53,0.39,2026-05-18,-,0,912.0
-,-,sirivanhoe,-,1004.47,-1.38,1358.81,0.0,118.11,0.46,18,0.0,6,0.0,12,0.0,0,0.0,33.33,0.0,2020-06-28,-,0,-
-,-,Silent82,-,1004.21,-2.15,1231.79,0.0,75.86,0.72,52,0.0,11,0.0,41,0.0,0,0.0,21.15,0.0,2021-11-15,-,0,-
-,-,checkmate4200,-,1004.04,-1.76,1282.62,0.0,92.86,0.59,48,0.0,14,0.0,34,0.0,0,0.0,29.17,0.0,2018-06-17,-,0,-
-,-,1point21gigawatts,-,1004.04,-1.83,1272.46,0.0,89.48,0.61,47,0.0,14,0.0,33,0.0,0,0.0,29.79,0.0,2019-05-13,-,0,-
-,-,Drenteller,-,1004.01,-1.26,1391.63,0.0,129.21,0.42,18,0.0,10,0.0,7,0.0,1,0.0,55.56,0.0,2020-09-27,-,0,-
-,-,Mazino,-,1003.46,-1.22,1403.51,0.0,133.35,0.41,9,0.0,5,0.0,4,0.0,0,0.0,55.56,0.0,2023-02-12,-,0,-
-,-,tricky5,-,1003.36,-1.2,1411.18,0.0,135.94,0.4,12,0.0,6,0.0,6,0.0,0,0.0,50.0,0.0,2021-02-27,-,0,-
-,-,Ender17,-,1001.79,-1.73,1285.25,0.0,94.48,0.58,30,0.0,4,0.0,26,0.0,0,0.0,13.33,0.0,2022-07-06,-,0,-
-,-,jacobmaster,-,1001.08,-1.72,1286.55,0.0,95.16,0.57,19,0.0,6,0.0,13,0.0,0,0.0,31.58,0.0,2023-01-15,-,0,-
1383,-31,FeroDigital,-,1000.84,-1.65,1298.49,0.0,99.22,0.55,15,0.0,2,0.0,12,0.0,1,0.0,13.33,0.0,2025-12-09,-,0,-
-,-,tts,-,1000.5,-1.08,1453.63,0.0,151.04,0.36,8,0.0,3,0.0,5,0.0,0,0.0,37.5,0.0,2022-01-01,-,0,-
1384,-36,moigaren,-,998.61,-14.93,1175.73,-37.94,59.04,-7.67,48,12.0,7,1.0,40,11.0,1,0.0,14.58,-2.09,2026-05-27,-,0,1385.0
-,-,RayBird,-,998.54,-1.64,1297.56,0.0,99.67,0.55,15,0.0,1,0.0,14,0.0,0,0.0,6.67,0.0,2023-03-01,-,0,-
1385,-32,mkuz18,-,998.47,-2.74,1179.69,0.0,60.4,0.91,46,0.0,10,0.0,34,0.0,2,0.0,21.74,0.0,2026-01-14,-,0,1118.0
-,-,Ryuk,-,998.41,-1.12,1434.1,0.0,145.23,0.37,8,0.0,2,0.0,6,0.0,0,0.0,25.0,0.0,2022-01-01,-,0,-
1386,-35,Less5,-,998.41,-4.63,1106.04,0.0,35.88,1.54,195,0.0,40,0.0,155,0.0,0,0.0,20.51,0.0,2026-01-22,-,0,987.0
1387,-1,DaddySparky,-,997.78,61.63,1209.2,-30.62,70.48,-30.75,30,18.0,6,4.0,22,14.0,2,0.0,20.0,3.33,2026-04-26,-,0,-
-,-,Seif,-,997.53,-1.42,1342.6,0.0,115.02,0.47,18,0.0,8,0.0,10,0.0,0,0.0,44.44,0.0,2020-03-30,-,0,-
-,-,VesperDraco,-,995.3,-2.13,1226.52,0.0,77.07,0.71,66,0.0,22,0.0,44,0.0,0,0.0,33.33,0.0,2020-09-27,-,0,-
1388,-33,Guerrita,-,995.04,-2.4,1200.22,0.0,68.4,0.8,36,0.0,5,0.0,30,0.0,1,0.0,13.89,0.0,2026-02-22,-,0,1385.0
1389,-33,paroova,-,994.43,-1.55,1311.23,0.0,105.6,0.52,15,0.0,2,0.0,13,0.0,0,0.0,13.33,0.0,2025-12-21,-,0,-
-,-,VOLDO1989,-,993.8,-1.3,1371.46,0.0,125.89,0.43,18,0.0,6,0.0,11,0.0,1,0.0,33.33,0.0,2020-06-28,-,0,-
-,-,machine_elf,-,993.57,-1.61,1297.56,0.0,101.33,0.54,30,0.0,14,0.0,16,0.0,0,0.0,46.67,0.0,2019-05-26,-,0,-
-,-,zyx19951124,-,993.46,-1.83,1263.23,0.0,89.92,0.61,54,0.0,13,0.0,40,0.0,1,0.0,24.07,0.0,2020-09-27,-,0,-
1390,-33,LottiePreston,-,993.25,-1.09,1443.41,0.0,150.05,0.36,7,0.0,5,0.0,2,0.0,0,0.0,71.43,0.0,2026-02-09,-,0,-
-,-,cvetopluk,-,993.04,-1.49,1322.6,0.0,109.85,0.5,30,0.0,9,0.0,20,0.0,1,0.0,30.0,0.0,2017-11-10,-,0,-
-,-,UncleBenon,-,993.03,-1.52,1315.67,0.0,107.54,0.51,12,0.0,3,0.0,9,0.0,0,0.0,25.0,0.0,2025-05-31,-,0,1421.0
-,-,aigarsgaa,-,992.31,-1.84,1260.24,0.0,89.31,0.61,36,0.0,11,0.0,25,0.0,0,0.0,30.56,0.0,2021-03-02,-,0,-
-,-,ghudbishs,-,992.29,-1.63,1293.65,0.0,100.45,0.54,15,0.0,5,0.0,10,0.0,0,0.0,33.33,0.0,2024-12-16,-,0,1287.0
1391,-33,Xirf,-,991.2,-2.02,1234.7,0.0,81.17,0.67,25,0.0,11,0.0,14,0.0,0,0.0,44.0,0.0,2026-01-27,-,0,-
-,-,Naawi,-,991.04,-1.71,1278.57,0.0,95.84,0.57,18,0.0,6,0.0,12,0.0,0,0.0,33.33,0.0,2022-06-05,-,0,-
-,-,Blahu,-,990.98,-1.71,1277.75,0.0,95.59,0.57,25,0.0,4,0.0,21,0.0,0,0.0,16.0,0.0,2024-02-23,-,0,-
-,-,Chris_Bray,-,990.74,-2.33,1201.81,0.0,70.36,0.78,72,0.0,18,0.0,54,0.0,0,0.0,25.0,0.0,2021-05-20,-,0,-
-,-,mdscolour,-,990.3,-1.84,1262.39,0.0,90.7,0.61,36,0.0,13,0.0,23,0.0,0,0.0,36.11,0.0,2020-09-27,-,0,-
-,-,namenloser,-,989.72,-2.59,1189.18,0.0,66.49,0.86,134,0.0,26,0.0,108,0.0,0,0.0,19.4,0.0,2023-02-27,-,0,-
-,-,jineegood,-,988.64,-1.95,1241.94,0.0,84.43,0.65,23,0.0,3,0.0,20,0.0,0,0.0,13.04,0.0,2023-01-15,-,0,-
-,-,Ramoneror,-,988.51,-1.85,1253.51,0.0,88.33,0.62,26,0.0,8,0.0,18,0.0,0,0.0,30.77,0.0,2022-03-06,-,0,-
-,-,cord_red,-,988.2,-1.19,1399.61,0.0,137.14,0.4,8,0.0,4,0.0,4,0.0,0,0.0,50.0,0.0,2024-12-04,-,0,1184.0
-,-,rhode,-,987.87,-0.86,1558.84,0.0,190.32,0.29,4,0.0,2,0.0,2,0.0,0,0.0,50.0,0.0,2021-11-15,-,0,-
1392,-32,deleted_user_6305131,-,987.76,-1.68,1279.73,0.0,97.32,0.56,14,0.0,0,0.0,10,0.0,4,0.0,0.0,0.0,2026-01-19,-,0,-
-,-,GlobalT,-,987.59,-1.39,1340.33,0.0,117.58,0.46,12,0.0,4,0.0,8,0.0,0,0.0,33.33,0.0,2021-02-18,-,0,-
-,-,Neyragrat,-,987.19,-1.61,1292.52,0.0,101.78,0.54,15,0.0,3,0.0,12,0.0,0,0.0,20.0,0.0,2023-01-15,-,0,-
-,-,Xela1988,-,986.6,-2.63,1174.68,0.0,62.69,0.88,53,0.0,12,0.0,41,0.0,0,0.0,22.64,0.0,2025-01-29,-,0,1184.0
1393,-32,Mathilda,-,985.79,-1.81,1256.92,0.0,90.38,0.6,15,0.0,1,0.0,14,0.0,0,0.0,6.67,0.0,2025-12-12,-,0,-
-,-,Nyita,-,985.6,-1.62,1287.65,0.0,100.68,0.54,19,0.0,4,0.0,15,0.0,0,0.0,21.05,0.0,2023-01-15,-,0,-
-,-,TbeDataGuy,-,985.53,-2.05,1225.62,0.0,80.03,0.68,30,0.0,5,0.0,25,0.0,0,0.0,16.67,0.0,2024-04-04,-,0,-
-,-,monads,-,985.09,-1.43,1326.6,0.0,113.84,0.48,18,0.0,6,0.0,12,0.0,0,0.0,33.33,0.0,2020-03-16,-,0,-
-,-,Gyrocopter,-,984.79,-1.48,1315.32,0.0,110.18,0.49,18,0.0,8,0.0,10,0.0,0,0.0,44.44,0.0,2021-03-02,-,0,-
-,-,ijthegreat,-,984.61,-1.39,1337.98,0.0,117.79,0.46,12,0.0,0,0.0,9,0.0,3,0.0,0.0,0.0,2020-11-25,-,0,-
-,-,Paeoc,BR,984.35,-1.27,1370.35,0.0,128.67,0.42,9,0.0,4,0.0,5,0.0,0,0.0,44.44,0.0,2023-04-11,-,0,-
-,-,DrunkenPete,-,984.16,-2.11,1216.57,0.0,77.47,0.7,30,0.0,5,0.0,25,0.0,0,0.0,16.67,0.0,2025-02-03,-,0,1184.0
-,-,anakbawang,-,983.91,-1.34,1348.6,0.0,121.56,0.45,23,0.0,6,0.0,17,0.0,0,0.0,26.09,0.0,2018-05-12,-,0,-
-,-,Maraxus,-,983.81,-1.91,1241.6,0.0,85.93,0.64,36,0.0,10,0.0,26,0.0,0,0.0,27.78,0.0,2020-12-06,-,0,-
-,-,salmonpizza,-,983.61,-2.06,1225.19,0.0,80.53,0.69,44,0.0,11,0.0,31,0.0,2,0.0,25.0,0.0,2022-02-20,-,0,-
-,-,krull007,-,983.58,-1.28,1364.83,0.0,127.08,0.43,18,0.0,7,0.0,11,0.0,0,0.0,38.89,0.0,2019-09-30,-,0,-
-,-,flautert,-,983.43,-0.86,1551.88,0.0,189.48,0.29,4,0.0,2,0.0,2,0.0,0,0.0,50.0,0.0,2021-11-15,-,0,-
-,-,OxyGee,-,983.1,-2.09,1222.7,0.0,79.87,0.7,72,0.0,16,0.0,55,0.0,1,0.0,22.22,0.0,2021-02-14,-,0,-
1394,-28,Moskbnea,-,982.35,3.44,1067.52,4.15,28.39,0.24,579,31.0,112,7.0,466,24.0,1,0.0,19.34,0.18,2026-05-30,-,0,1057.0
1395,-33,SpillisWillis,-,982.34,-2.51,1178.07,0.0,65.24,0.84,42,0.0,8,0.0,34,0.0,0,0.0,19.05,0.0,2025-08-31,-,0,1177.0
1396,-32,S.C.U.D.,-,982.04,-2.14,1211.82,0.0,76.59,0.71,33,0.0,5,0.0,23,0.0,5,0.0,15.15,0.0,2025-12-01,-,0,1067.0
-,-,DecMoon,FR,981.6,-4.25,1106.02,0.0,41.47,1.42,350,0.0,74,0.0,273,0.0,3,0.0,21.14,0.0,2024-04-14,-,0,-
1397,-34,SCN,-,981.48,-3.15,1139.01,0.0,52.51,1.05,70,0.0,12,0.0,58,0.0,0,0.0,17.14,0.0,2026-02-04,-,0,1184.0
-,-,HnNAdventures,-,981.2,-3.43,1124.8,0.0,47.87,1.14,311,0.0,61,0.0,250,0.0,0,0.0,19.61,0.0,2024-02-23,-,0,-
-,-,eotta,-,981.17,-2.58,1171.85,0.0,63.56,0.86,60,0.0,14,0.0,45,0.0,1,0.0,23.33,0.0,2024-10-31,-,0,-
-,-,KaiMorten,-,980.75,-2.18,1205.58,0.0,74.94,0.73,28,0.0,6,0.0,22,0.0,0,0.0,21.43,0.0,2025-01-31,-,0,1184.0
-,-,loggum,-,980.2,-1.75,1260.45,0.0,93.42,0.58,30,0.0,8,0.0,21,0.0,1,0.0,26.67,0.0,2020-03-30,-,0,-
-,-,T_error,-,979.94,-3.23,1135.55,0.0,51.87,1.08,243,0.0,56,0.0,184,0.0,3,0.0,23.05,0.0,2023-01-22,-,0,-
-,-,KingBilly,-,979.93,-1.99,1226.38,0.0,82.15,0.66,30,0.0,6,0.0,24,0.0,0,0.0,20.0,0.0,2024-02-23,-,0,-
-,-,Nethrix,-,979.39,-1.18,1393.85,0.0,138.15,0.39,12,0.0,5,0.0,7,0.0,0,0.0,41.67,0.0,2020-08-24,-,0,-
-,-,Dashing,-,978.92,-2.13,1209.1,0.0,76.73,0.71,72,0.0,20,0.0,50,0.0,2,0.0,27.78,0.0,2020-09-27,-,0,-
1398,13,Vojvoda_Micko,-,978.79,130.25,1221.62,78.49,80.94,-17.25,27,12.0,5,4.0,22,8.0,0,0.0,18.52,11.85,2026-05-31,-,0,-
-,-,funpaul66,-,977.06,-3.29,1131.3,0.0,51.41,1.1,209,0.0,49,0.0,155,0.0,5,0.0,23.44,0.0,2023-06-04,-,0,-
-,-,rvanloon,-,977.01,-2.34,1188.43,0.0,70.47,0.78,72,0.0,17,0.0,55,0.0,0,0.0,23.61,0.0,2021-02-15,-,0,-
-,-,Badavan,-,976.28,-1.54,1294.61,0.0,106.11,0.51,21,0.0,8,0.0,12,0.0,1,0.0,38.1,0.0,2024-02-23,-,0,-
-,-,DaveBG,-,976.04,-1.1,1422.28,0.0,148.75,0.37,8,0.0,2,0.0,5,0.0,1,0.0,25.0,0.0,2022-01-01,-,0,-
-,-,kinmener,-,975.99,-1.74,1258.24,0.0,94.08,0.58,24,0.0,8,0.0,16,0.0,0,0.0,33.33,0.0,2021-02-26,-,0,-
-,-,Emir,-,975.88,-1.24,1370.89,0.0,131.67,0.41,12,0.0,7,0.0,4,0.0,1,0.0,58.33,0.0,2024-03-17,-,0,-
1399,-40,Frabac,-,975.15,-15.62,1065.91,-13.42,30.26,0.73,817,30.0,107,0.0,706,30.0,4,0.0,13.1,-0.5,2026-05-25,-,0,711.0
-,-,SPEEDOWAGON,-,974.33,-2.34,1184.3,0.0,69.99,0.78,45,0.0,10,0.0,34,0.0,1,0.0,22.22,0.0,2024-11-19,-,0,1287.0
1400,-33,Wookiebutcher,-,973.75,-2.96,1173.58,-1.17,66.61,0.6,78,2.0,18,0.0,60,2.0,0,0.0,23.08,-0.6,2026-03-26,-,0,-
-,-,bigbird85,-,972.46,-2.04,1213.34,0.0,80.29,0.68,30,0.0,9,0.0,20,0.0,1,0.0,30.0,0.0,2022-03-06,-,0,-
-,-,machalCZ,-,971.91,-1.77,1249.41,0.0,92.5,0.59,36,0.0,8,0.0,28,0.0,0,0.0,22.22,0.0,2020-09-27,-,0,-
-,-,CapraTriada,-,971.28,-2.14,1201.38,0.0,76.7,0.71,36,0.0,12,0.0,24,0.0,0,0.0,33.33,0.0,2022-09-04,-,0,-
-,-,Jango,-,970.9,-1.4,1321.64,0.0,116.92,0.47,12,0.0,3,0.0,8,0.0,1,0.0,25.0,0.0,2024-05-15,-,0,-
-,-,Arensivia,-,970.66,-1.49,1298.53,0.0,109.29,0.5,12,0.0,3,0.0,9,0.0,0,0.0,25.0,0.0,2022-08-23,-,0,-
1401,-33,I-Y-T,TR,970.31,-2.38,1176.47,0.0,68.72,0.79,42,0.0,5,0.0,37,0.0,0,0.0,11.9,0.0,2026-02-01,-,0,-
-,-,Lookaszk,-,969.78,-1.43,1312.73,0.0,114.31,0.48,12,0.0,4,0.0,8,0.0,0,0.0,33.33,0.0,2024-08-26,-,0,-
-,-,xoiben,-,969.76,-2.08,1209.03,0.0,79.76,0.69,54,0.0,14,0.0,40,0.0,0,0.0,25.93,0.0,2020-08-24,-,0,-
-,-,Kefka,-,969.31,-1.69,1258.4,0.0,96.36,0.56,30,0.0,13,0.0,17,0.0,0,0.0,43.33,0.0,2019-12-30,-,0,-
-,-,hors7,-,968.8,-2.97,1135.22,0.0,55.47,0.99,91,0.0,7,0.0,76,0.0,8,0.0,7.69,0.0,2023-11-15,-,0,-
1402,-32,Daliman13,-,968.8,-2.39,1175.22,0.0,68.81,0.8,66,0.0,14,0.0,49,0.0,3,0.0,21.21,0.0,2025-11-27,-,0,1421.0
1403,-32,Monty1979,-,968.53,-2.27,1188.69,0.0,73.39,0.76,42,0.0,13,0.0,29,0.0,0,0.0,30.95,0.0,2025-11-28,-,0,1183.0
1404,-32,GoodThoughtRhythm,-,968.45,-1.8,1240.59,0.0,90.71,0.6,21,0.0,5,0.0,16,0.0,0,0.0,23.81,0.0,2026-01-31,-,0,-
1405,16,BuddhaBoost,-,967.55,169.61,1154.55,49.34,62.33,-40.09,56,44.0,10,9.0,45,34.0,1,1.0,17.86,9.53,2026-05-31,-,0,-
1406,-37,Fifagi,-,966.62,-5.92,1176.77,-5.87,70.05,0.02,32,2.0,5,0.0,25,2.0,2,0.0,15.62,-1.05,2026-05-20,-,0,-
1407,-34,TomaszW,-,966.5,-1.79,1239.75,0.0,91.08,0.6,15,0.0,0,0.0,15,0.0,0,0.0,0.0,0.0,2025-12-13,-,0,-
-,-,Anchy,-,966.34,-2.44,1168.37,0.0,67.34,0.81,58,0.0,13,0.0,44,0.0,1,0.0,22.41,0.0,2022-06-05,-,0,-
-,-,Kokhran,-,965.18,-1.93,1220.99,0.0,85.27,0.64,36,0.0,6,0.0,30,0.0,0,0.0,16.67,0.0,2021-05-26,-,0,-
-,-,Prezez,-,964.84,-1.57,1276.52,0.0,103.89,0.52,16,0.0,6,0.0,10,0.0,0,0.0,37.5,0.0,2022-02-24,-,0,-
-,-,F1087,-,963.89,-2.11,1196.79,0.0,77.63,0.7,36,0.0,9,0.0,26,0.0,1,0.0,25.0,0.0,2022-03-06,-,0,-
-,-,Pir4t,-,963.71,-1.68,1256.03,0.0,97.44,0.56,36,0.0,11,0.0,24,0.0,1,0.0,30.56,0.0,2020-09-27,-,0,-
1408,-34,Axius9,-,963.53,-2.56,1156.08,0.0,64.18,0.85,40,0.0,8,0.0,32,0.0,0,0.0,20.0,0.0,2025-12-08,-,0,1184.0
-,-,AlexanderChwiszczuk,-,963.3,-1.2,1372.84,0.0,136.51,0.4,12,0.0,4,0.0,8,0.0,0,0.0,33.33,0.0,2020-08-15,-,0,-
-,-,postalrat,-,963.26,-1.83,1230.58,0.0,89.11,0.61,30,0.0,10,0.0,20,0.0,0,0.0,33.33,0.0,2024-02-23,-,0,-
-,-,TomaszWielki,-,962.62,-1.45,1300.91,0.0,112.76,0.48,18,0.0,6,0.0,12,0.0,0,0.0,33.33,0.0,2020-06-28,-,0,-
-,-,fuxio82,-,961.98,-2.77,1141.04,0.0,59.69,0.92,116,0.0,24,0.0,89,0.0,3,0.0,20.69,0.0,2022-01-01,-,0,-
-,-,ArrogantMenace,-,959.85,-1.74,1241.94,0.0,94.03,0.58,36,0.0,8,0.0,28,0.0,0,0.0,22.22,0.0,2020-08-18,-,0,-
-,-,manulao,-,959.71,-0.88,1512.9,0.0,184.4,0.29,4,0.0,2,0.0,2,0.0,0,0.0,50.0,0.0,2021-11-15,-,0,-
1409,-33,qman,-,959.59,-2.61,1149.35,0.0,63.25,0.87,45,0.0,8,0.0,37,0.0,0,0.0,17.78,0.0,2025-12-13,-,0,1184.0
1410,-33,BennyV,-,958.96,-1.85,1224.19,0.0,88.41,0.62,15,0.0,1,0.0,14,0.0,0,0.0,6.67,0.0,2025-12-12,-,0,-
1411,-36,wheelerruss,GB,958.79,-5.23,1058.43,0.0,33.21,1.74,704,0.0,117,0.0,572,0.0,15,0.0,16.62,0.0,2025-12-01,-,0,1111.0
-,-,Pampio,-,958.76,-1.45,1296.58,0.0,112.61,0.48,18,0.0,8,0.0,10,0.0,0,0.0,44.44,0.0,2020-09-27,-,0,-
-,-,hehasmoments,-,958.56,-0.94,1477.66,0.0,173.03,0.31,4,0.0,2,0.0,2,0.0,0,0.0,50.0,0.0,2021-11-15,-,0,-
-,-,PabloSalinas,-,957.06,-0.98,1453.94,0.0,165.63,0.33,8,0.0,2,0.0,6,0.0,0,0.0,25.0,0.0,2022-01-01,-,0,-
1412,-34,Kuraiite,-,955.23,-1.82,1224.6,0.0,89.79,0.61,15,0.0,1,0.0,14,0.0,0,0.0,6.67,0.0,2025-12-07,-,0,-
-,-,Malekith,-,954.67,-1.92,1209.88,0.0,85.07,0.64,30,0.0,4,0.0,26,0.0,0,0.0,13.33,0.0,2025-02-02,-,0,1184.0
1413,-34,K0ncept,-,954.42,-2.31,1167.95,0.0,71.18,0.77,32,0.0,5,0.0,25,0.0,2,0.0,15.62,0.0,2025-10-09,-,0,1429.0
-,-,Furlan,-,953.56,-1.4,1303.32,0.0,116.59,0.47,19,0.0,3,0.0,16,0.0,0,0.0,15.79,0.0,2023-01-15,-,0,-
-,-,valvonauta,IT,953.15,-3.03,1116.27,0.0,54.37,1.01,99,0.0,13,0.0,83,0.0,3,0.0,13.13,0.0,2024-09-15,-,0,-
-,-,CantGetAway,-,952.6,-1.31,1325.79,0.0,124.4,0.44,12,0.0,4,0.0,8,0.0,0,0.0,33.33,0.0,2020-08-12,-,0,-
-,-,Kubenboa,-,952.38,-2.53,1145.99,0.0,64.54,0.84,73,0.0,17,0.0,55,0.0,1,0.0,23.29,0.0,2023-01-15,-,0,-
-,-,transporter96,-,952.16,-1.58,1268.16,0.0,105.33,0.53,24,0.0,6,0.0,17,0.0,1,0.0,25.0,0.0,2025-02-28,-,0,1381.0
-,-,Cubeec,-,951.83,-1.43,1295.29,0.0,114.49,0.48,18,0.0,6,0.0,12,0.0,0,0.0,33.33,0.0,2020-06-28,-,0,-
1414,-34,woogi,-,951.31,-1.59,1259.49,0.0,102.73,0.53,15,0.0,3,0.0,12,0.0,0,0.0,20.0,0.0,2025-12-05,-,0,-
-,-,scalp,-,950.95,-2.3,1166.56,0.0,71.87,0.77,60,0.0,14,0.0,43,0.0,3,0.0,23.33,0.0,2021-03-02,-,0,-
-,-,SagYer,-,950.32,-1.58,1259.71,0.0,103.13,0.53,17,0.0,4,0.0,13,0.0,0,0.0,23.53,0.0,2023-01-22,-,0,-
-,-,alex20030190,-,950.04,-1.76,1230.18,0.0,93.38,0.59,30,0.0,7,0.0,22,0.0,1,0.0,23.33,0.0,2020-09-27,-,0,-
-,-,Lidocaina,-,949.69,-1.16,1371.77,0.0,140.69,0.39,8,0.0,2,0.0,6,0.0,0,0.0,25.0,0.0,2022-01-01,-,0,-
-,-,Apriori1,-,949.63,-2.03,1191.05,0.0,80.47,0.68,30,0.0,6,0.0,24,0.0,0,0.0,20.0,0.0,2025-01-31,-,0,1184.0
-,-,Markariah,-,949.36,-1.78,1224.44,0.0,91.69,0.59,24,0.0,5,0.0,13,0.0,6,0.0,20.83,0.0,2023-11-20,-,0,-
-,-,popdragon,-,948.84,-1.92,1203.78,0.0,84.98,0.64,32,0.0,5,0.0,27,0.0,0,0.0,15.62,0.0,2024-01-16,-,0,-
-,-,Goozy_Sosa,-,947.87,-1.1,1391.29,0.0,147.81,0.37,8,0.0,4,0.0,4,0.0,0,0.0,50.0,0.0,2024-12-20,-,0,-
1415,-34,monorator,-,947.39,-3.61,1085.15,0.0,45.92,1.2,198,0.0,26,0.0,170,0.0,2,0.0,13.13,0.0,2025-12-14,-,0,1184.0
-,-,Mincha,-,946.5,-1.27,1331.12,0.0,128.21,0.42,12,0.0,6,0.0,6,0.0,0,0.0,50.0,0.0,2022-05-29,-,0,-
-,-,rakimmitt,-,946.35,-1.54,1263.9,0.0,105.85,0.51,30,0.0,6,0.0,23,0.0,1,0.0,20.0,0.0,2020-09-27,-,0,-
1416,-34,Viktoria301296,-,945.38,-1.88,1207.03,0.0,87.22,0.63,25,0.0,9,0.0,16,0.0,0,0.0,36.0,0.0,2026-02-02,-,0,-
-,-,lissi,-,945.27,-2.2,1169.16,0.0,74.63,0.73,32,0.0,6,0.0,23,0.0,3,0.0,18.75,0.0,2024-06-02,-,0,-
1417,-34,ZeroMaximus,-,944.84,-2.24,1163.72,0.0,72.96,0.75,45,0.0,7,0.0,37,0.0,1,0.0,15.56,0.0,2026-01-30,-,0,-
-,-,Toniolamachine,-,944.76,-2.72,1125.04,0.0,60.1,0.91,94,0.0,19,0.0,75,0.0,0,0.0,20.21,0.0,2022-09-04,-,0,-
-,-,astrostl,-,944.03,-1.64,1242.72,0.0,99.56,0.55,30,0.0,8,0.0,19,0.0,3,0.0,26.67,0.0,2021-11-15,-,0,-
-,-,Inteq,-,943.9,-1.67,1246.57,0.0,100.89,0.56,30,0.0,11,0.0,18,0.0,1,0.0,36.67,0.0,2020-09-27,-,0,-
-,-,ValeriaDeMot,-,942.31,-1.29,1322.61,0.0,126.76,0.43,12,0.0,4,0.0,8,0.0,0,0.0,33.33,0.0,2021-02-18,-,0,-
1418,-34,Rox123,-,941.84,-1.79,1215.27,0.0,91.14,0.6,15,0.0,2,0.0,13,0.0,0,0.0,13.33,0.0,2025-12-10,-,0,-
-,-,Zosia,-,941.15,-1.98,1188.59,0.0,82.48,0.66,36,0.0,11,0.0,25,0.0,0,0.0,30.56,0.0,2023-06-04,-,0,-
-,-,JohnMarc,-,941.14,-3.06,1108.24,0.0,55.7,1.02,180,0.0,34,0.0,143,0.0,3,0.0,18.89,0.0,2022-09-04,-,0,-
-,-,NomadicPpl,-,939.66,-1.24,1335.95,0.0,132.09,0.41,18,0.0,7,0.0,10,0.0,1,0.0,38.89,0.0,2020-06-28,-,0,-
-,-,Sultos,-,939.55,-1.88,1200.01,0.0,86.82,0.63,30,0.0,8,0.0,21,0.0,1,0.0,26.67,0.0,2020-12-06,-,0,-
1419,-34,andregois,-,938.05,-1.78,1213.94,0.0,91.96,0.59,30,0.0,9,0.0,21,0.0,0,0.0,30.0,0.0,2026-02-02,-,0,-
-,-,Jazper,-,937.5,-1.15,1363.31,0.0,141.94,0.38,12,0.0,5,0.0,7,0.0,0,0.0,41.67,0.0,2020-08-19,-,0,-
-,-,alanbateman,-,937.4,-1.43,1280.66,0.0,114.42,0.48,18,0.0,4,0.0,14,0.0,0,0.0,22.22,0.0,2020-06-28,-,0,-
-,-,Mustarda,PT,936.74,-1.41,1284.2,0.0,115.82,0.47,12,0.0,2,0.0,10,0.0,0,0.0,16.67,0.0,2024-06-16,-,0,-
-,-,Gelsomiina,-,936.11,-1.83,1203.25,0.0,89.05,0.61,21,0.0,4,0.0,17,0.0,0,0.0,19.05,0.0,2025-01-09,-,0,1184.0
-,-,Kacperniak,-,935.95,-1.93,1190.43,0.0,84.83,0.64,27,0.0,8,0.0,19,0.0,0,0.0,29.63,0.0,2024-03-12,-,0,-
-,-,Karhaix,-,935.62,-0.86,1504.12,0.0,189.5,0.29,4,0.0,2,0.0,2,0.0,0,0.0,50.0,0.0,2021-11-15,-,0,-
-,-,IndieErikJones,-,935.31,-1.97,1184.85,0.0,83.18,0.66,30,0.0,7,0.0,23,0.0,0,0.0,23.33,0.0,2024-02-23,-,0,-
-,-,jjmancini,-,935.05,-1.6,1241.1,0.0,102.02,0.53,22,0.0,6,0.0,16,0.0,0,0.0,27.27,0.0,2024-01-16,-,0,-
1420,new,Seiza,-,934.88,484.88,1675.19,175.19,246.77,246.77,2,2.0,2,2.0,0,0.0,0,0.0,100.0,100.0,2026-05-31,-,0,-
-,-,S0neca_,-,934.09,-1.34,1299.98,0.0,121.96,0.45,10,0.0,3,0.0,7,0.0,0,0.0,30.0,0.0,2024-12-06,-,0,1287.0
-,-,halbsodoppelt,-,931.89,-2.37,1138.42,0.0,68.84,0.79,44,0.0,10,0.0,32,0.0,2,0.0,22.73,0.0,2024-10-22,-,0,-
-,-,Vxn,-,930.34,-1.94,1183.7,0.0,84.45,0.65,27,0.0,6,0.0,20,0.0,1,0.0,22.22,0.0,2023-06-04,-,0,-
-,-,Zelbot,-,929.8,-0.88,1488.05,0.0,186.08,0.29,4,0.0,2,0.0,2,0.0,0,0.0,50.0,0.0,2021-11-15,-,0,-
1421,-34,captainparadise,FR,929.11,-4.11,1052.47,0.0,41.12,1.37,147,0.0,17,0.0,119,0.0,11,0.0,11.56,0.0,2025-11-30,-,0,1415.0
-,-,Calamar,-,929.02,-2.0,1174.28,0.0,81.75,0.67,29,0.0,6,0.0,23,0.0,0,0.0,20.69,0.0,2024-02-23,-,0,-
1422,-34,Estia,-,928.88,-1.57,1241.58,0.0,104.23,0.52,12,0.0,0,0.0,12,0.0,0,0.0,0.0,0.0,2025-12-01,-,0,-
-,-,Mmcgo2,-,928.65,-1.68,1220.82,0.0,97.39,0.56,18,0.0,4,0.0,14,0.0,0,0.0,22.22,0.0,2022-03-06,-,0,-
1423,-34,FabioFurious,-,928.64,-1.76,1207.37,0.0,92.91,0.59,15,0.0,0,0.0,15,0.0,0,0.0,0.0,0.0,2025-12-08,-,0,-
-,-,Sir_Jacob,-,928.03,-2.97,1095.85,0.0,55.94,0.99,132,0.0,19,0.0,111,0.0,2,0.0,14.39,0.0,2023-11-07,-,0,-
-,-,Proximo,-,927.93,-1.92,1184.25,0.0,85.44,0.64,21,0.0,2,0.0,19,0.0,0,0.0,9.52,0.0,2025-01-12,-,0,1184.0
-,-,Totox,-,927.87,-1.3,1303.7,0.0,125.27,0.43,9,0.0,3,0.0,6,0.0,0,0.0,33.33,0.0,2023-02-12,-,0,-
-,-,RockStar3AG,-,927.74,-1.98,1175.22,0.0,82.49,0.66,36,0.0,6,0.0,28,0.0,2,0.0,16.67,0.0,2021-06-02,-,0,-
-,-,roderigo,-,927.22,-1.6,1232.94,0.0,101.91,0.53,34,0.0,8,0.0,25,0.0,1,0.0,23.53,0.0,2020-01-27,-,0,-
-,-,SlemmeOdder,-,927.08,-0.81,1531.25,0.0,201.39,0.27,4,0.0,2,0.0,2,0.0,0,0.0,50.0,0.0,2021-11-15,-,0,-
-,-,Dleco,-,926.3,-1.72,1211.15,0.0,94.95,0.57,18,0.0,4,0.0,14,0.0,0,0.0,22.22,0.0,2021-12-05,-,0,-
-,-,Melo0,-,926.24,-1.69,1215.62,0.0,96.46,0.56,15,0.0,0,0.0,14,0.0,1,0.0,0.0,0.0,2023-01-15,-,0,-
-,-,forofo27,-,926.07,-1.11,1367.16,0.0,147.03,0.37,12,0.0,7,0.0,5,0.0,0,0.0,58.33,0.0,2020-08-25,-,0,-
-,-,Millership,-,925.97,-3.42,1071.01,0.0,48.35,1.14,230,0.0,27,0.0,199,0.0,4,0.0,11.74,0.0,2024-05-27,-,0,-
1424,-34,Captain_Alex,-,925.62,-2.19,1150.03,0.0,74.8,0.73,30,0.0,3,0.0,27,0.0,0,0.0,10.0,0.0,2025-12-10,-,0,-
-,-,Jammykins,-,925.2,-1.47,1258.07,0.0,110.95,0.49,18,0.0,5,0.0,13,0.0,0,0.0,27.78,0.0,2020-06-28,-,0,-
-,-,defazze,-,924.69,-1.72,1209.66,0.0,94.99,0.57,19,0.0,2,0.0,16,0.0,1,0.0,10.53,0.0,2023-03-05,-,0,-
-,-,FidelC,-,923.65,-2.81,1101.41,0.0,59.25,0.94,126,0.0,23,0.0,103,0.0,0,0.0,18.25,0.0,2022-09-04,-,0,-
-,-,Graffuh,-,923.4,-1.58,1233.12,0.0,103.24,0.53,18,0.0,6,0.0,12,0.0,0,0.0,33.33,0.0,2022-06-05,-,0,-
-,-,Fembrosia,-,922.4,-1.68,1214.01,0.0,97.2,0.56,18,0.0,5,0.0,13,0.0,0,0.0,27.78,0.0,2022-03-06,-,0,-
1425,-34,Rocodo,-,922.21,-1.47,1256.29,0.0,111.36,0.49,16,0.0,6,0.0,9,0.0,1,0.0,37.5,0.0,2025-09-25,-,0,1413.0
1426,-34,PriestCthulhu,-,920.63,-1.82,1190.13,0.0,89.83,0.61,15,0.0,1,0.0,14,0.0,0,0.0,6.67,0.0,2025-12-11,-,0,-
-,-,Szymonn,-,919.83,-1.55,1235.77,0.0,105.31,0.52,15,0.0,1,0.0,14,0.0,0,0.0,6.67,0.0,2023-10-09,-,0,-
-,-,Dipac,-,919.81,-2.1,1153.97,0.0,78.05,0.7,30,0.0,5,0.0,25,0.0,0,0.0,16.67,0.0,2025-02-04,-,0,1184.0
-,-,JaBulani,CH,918.65,-0.82,1512.59,0.0,197.98,0.27,4,0.0,3,0.0,1,0.0,0,0.0,75.0,0.0,2025-05-22,-,0,-
-,-,aramaic,-,918.65,-2.42,1122.38,0.0,67.91,0.81,76,0.0,18,0.0,56,0.0,2,0.0,23.68,0.0,2024-02-23,-,0,-
-,-,Apofis,BG,918.31,-1.67,1212.31,0.0,98.0,0.56,15,0.0,1,0.0,14,0.0,0,0.0,6.67,0.0,2023-01-15,-,0,-
-,-,Conor_Osullivan,-,918.16,-1.85,1182.87,0.0,88.24,0.62,42,0.0,9,0.0,33,0.0,0,0.0,21.43,0.0,2020-05-22,-,0,-
-,-,Tippin,-,917.41,-1.46,1252.07,0.0,111.55,0.49,15,0.0,1,0.0,14,0.0,0,0.0,6.67,0.0,2024-02-23,-,0,-
-,-,Sorio,-,917.37,-2.54,1110.72,0.0,64.45,0.85,73,0.0,13,0.0,60,0.0,0,0.0,17.81,0.0,2023-08-24,-,0,-
-,-,Zeti,-,917.23,-1.84,1187.66,0.0,90.14,0.61,42,0.0,10,0.0,27,0.0,5,0.0,23.81,0.0,2020-06-28,-,0,-
1427,-34,Kradmesor,-,917.14,-2.06,1155.06,0.0,79.31,0.69,45,0.0,3,0.0,42,0.0,0,0.0,6.67,0.0,2025-12-08,-,0,1287.0
-,-,Ostua,-,916.51,-0.8,1529.04,0.0,204.18,0.27,4,0.0,2,0.0,2,0.0,0,0.0,50.0,0.0,2021-11-15,-,0,-
-,-,Cespac,-,916.23,-2.27,1132.04,0.0,71.94,0.76,57,0.0,8,0.0,46,0.0,3,0.0,14.04,0.0,2024-01-16,-,0,-
-,-,Swup,-,915.7,-1.22,1318.12,0.0,134.14,0.41,12,0.0,6,0.0,6,0.0,0,0.0,50.0,0.0,2020-08-21,-,0,-
1428,-34,Mewunit,-,915.24,-1.83,1182.9,0.0,89.22,0.61,15,0.0,0,0.0,15,0.0,0,0.0,0.0,0.0,2025-12-08,-,0,-
-,-,Mochiman,-,914.26,-1.34,1280.19,0.0,121.98,0.45,18,0.0,5,0.0,12,0.0,1,0.0,27.78,0.0,2019-09-30,-,0,-
1429,new,paul7xyz,-,914.14,464.14,1187.99,-312.01,91.28,91.28,18,18.0,2,2.0,16,16.0,0,0.0,11.11,11.11,2026-04-22,-,0,-
-,-,Tleilax,-,913.84,-1.38,1268.76,0.0,118.31,0.46,10,0.0,2,0.0,8,0.0,0,0.0,20.0,0.0,2024-04-28,-,0,-
-,-,Fyn,-,913.03,-1.01,1395.56,0.0,160.84,0.34,4,0.0,1,0.0,3,0.0,0,0.0,25.0,0.0,2023-07-15,-,0,-
-,-,Walleywalker,-,912.33,-1.43,1254.24,0.0,113.97,0.48,18,0.0,6,0.0,12,0.0,0,0.0,33.33,0.0,2021-03-02,-,0,-
-,-,Moon2g,-,911.97,-1.82,1181.69,0.0,89.9,0.61,42,0.0,9,0.0,32,0.0,1,0.0,21.43,0.0,2020-06-28,-,0,-
-,-,omniswitcher,-,911.87,-2.56,1104.6,0.0,64.24,0.85,120,0.0,23,0.0,97,0.0,0,0.0,19.17,0.0,2021-08-19,-,0,-
-,-,Calo,-,911.85,-0.78,1538.03,0.0,208.72,0.26,4,0.0,2,0.0,2,0.0,0,0.0,50.0,0.0,2021-11-15,-,0,-
-,-,Flam3ister,-,911.47,-1.65,1208.07,0.0,98.87,0.55,15,0.0,1,0.0,14,0.0,0,0.0,6.67,0.0,2023-01-15,-,0,-
1430,-35,mariyka,RU,911.3,-3.31,1061.98,0.0,50.23,1.1,151,0.0,24,0.0,126,0.0,1,0.0,15.89,0.0,2025-12-02,-,0,1287.0
-,-,Amadeus,-,911.24,-1.47,1243.89,0.0,110.88,0.49,12,0.0,0,0.0,10,0.0,2,0.0,0.0,0.0,2024-05-24,-,0,-
-,-,qifeng,-,910.31,-0.92,1441.5,0.0,177.06,0.31,4,0.0,2,0.0,2,0.0,0,0.0,50.0,0.0,2021-11-15,-,0,-
-,-,ancientmagellan,-,910.05,-2.36,1122.61,0.0,70.85,0.79,72,0.0,16,0.0,54,0.0,2,0.0,22.22,0.0,2021-02-19,-,0,-
-,-,AmazingMrHedge,-,909.73,-1.37,1267.65,0.0,119.31,0.46,15,0.0,3,0.0,12,0.0,0,0.0,20.0,0.0,2024-02-23,-,0,-
-,-,HumptyMonkey,-,909.71,-2.46,1112.83,0.0,67.71,0.82,102,0.0,21,0.0,80,0.0,1,0.0,20.59,0.0,2021-06-02,-,0,-
-,-,ZenosHoplite,-,908.24,-0.86,1479.32,0.0,190.36,0.29,4,0.0,1,0.0,3,0.0,0,0.0,25.0,0.0,2021-11-15,-,0,-
1431,-35,Durpan,-,908.19,-2.28,1123.54,0.0,71.78,0.76,45,0.0,5,0.0,40,0.0,0,0.0,11.11,0.0,2025-12-09,-,0,1184.0
-,-,kivirowei,-,907.42,-2.4,1112.34,0.0,68.31,0.8,37,0.0,3,0.0,34,0.0,0,0.0,8.11,0.0,2025-05-16,-,0,1174.0
-,-,TwoFold,-,906.55,-1.93,1160.51,0.0,84.65,0.64,36,0.0,5,0.0,31,0.0,0,0.0,13.89,0.0,2025-01-11,-,0,1184.0
1432,-35,Titiman,-,906.37,-3.01,1069.92,0.0,54.52,1.0,75,0.0,10,0.0,64,0.0,1,0.0,13.33,0.0,2026-02-03,-,0,1287.0
-,-,kissnicky,-,906.04,-1.06,1367.32,0.0,153.76,0.35,12,0.0,6,0.0,6,0.0,0,0.0,50.0,0.0,2020-08-10,-,0,-
-,-,Terumo,-,904.95,-0.82,1503.18,0.0,199.41,0.27,4,0.0,2,0.0,2,0.0,0,0.0,50.0,0.0,2021-11-15,-,0,-
-,-,CaveMan8683,-,904.89,-1.54,1223.21,0.0,106.11,0.51,15,0.0,1,0.0,14,0.0,0,0.0,6.67,0.0,2024-12-05,-,0,1287.0
-,-,Jonasmeister,-,904.55,-1.78,1180.18,0.0,91.88,0.59,18,0.0,2,0.0,14,0.0,2,0.0,11.11,0.0,2023-12-03,-,0,-
-,-,Jaydash808,-,904.53,-1.39,1255.73,0.0,117.07,0.46,18,0.0,5,0.0,13,0.0,0,0.0,27.78,0.0,2020-06-28,-,0,-
1433,-35,Shuvo2406,-,903.97,-1.75,1184.22,0.0,93.42,0.58,18,0.0,0,0.0,15,0.0,3,0.0,0.0,0.0,2025-10-06,-,0,1435.0
1434,-35,joonseok,-,903.57,-1.07,1359.38,0.0,151.93,0.36,6,0.0,3,0.0,3,0.0,0,0.0,50.0,0.0,2026-01-31,-,0,-
-,-,pollitis,-,903.38,-2.03,1146.23,0.0,80.95,0.68,54,0.0,11,0.0,42,0.0,1,0.0,20.37,0.0,2019-09-30,-,0,-
-,-,Johnthemilkman,-,901.26,-2.06,1140.88,0.0,79.87,0.69,54,0.0,8,0.0,42,0.0,4,0.0,14.81,0.0,2021-11-21,-,0,-
1435,-35,Saginse,-,901.03,-2.59,1091.17,0.0,63.38,0.86,87,0.0,14,0.0,73,0.0,0,0.0,16.09,0.0,2025-12-19,-,0,-
-,-,Aogaog,-,900.63,-1.25,1291.71,0.0,130.36,0.42,12,0.0,4,0.0,8,0.0,0,0.0,33.33,0.0,2020-08-17,-,0,-
-,-,chizcw,-,900.54,-2.04,1141.17,0.0,80.21,0.68,54,0.0,12,0.0,41,0.0,1,0.0,22.22,0.0,2021-03-02,-,0,-
1436,-86,Hetman,-,900.45,-108.3,1377.81,-319.16,159.12,-70.29,8,6.0,5,3.0,3,3.0,0,0.0,62.5,-37.5,2026-05-17,-,0,-
-,-,CharmingP,-,900.04,-1.61,1204.09,0.0,101.35,0.54,18,0.0,6,0.0,11,0.0,1,0.0,33.33,0.0,2023-06-04,-,0,-
-,-,GuiStempelme,-,899.96,-1.66,1194.63,0.0,98.22,0.55,15,0.0,0,0.0,14,0.0,1,0.0,0.0,0.0,2023-01-15,-,0,-
-,-,torang_ei,-,899.1,-1.61,1203.65,0.0,101.52,0.54,15,0.0,2,0.0,13,0.0,0,0.0,13.33,0.0,2024-02-23,-,0,-
-,-,ElArchitekto,-,899.05,-2.11,1131.91,0.0,77.62,0.7,30,0.0,6,0.0,24,0.0,0,0.0,20.0,0.0,2025-02-02,-,0,1184.0
-,-,Lnena,-,897.71,-1.5,1224.57,0.0,108.95,0.5,15,0.0,5,0.0,10,0.0,0,0.0,33.33,0.0,2024-01-16,-,0,-
-,-,Drako,-,897.21,-1.8,1169.15,0.0,90.64,0.6,25,0.0,5,0.0,20,0.0,0,0.0,20.0,0.0,2024-02-23,-,0,-
-,-,tbrofromspace,-,896.25,-1.58,1209.8,0.0,104.51,0.53,16,0.0,4,0.0,12,0.0,0,0.0,25.0,0.0,2025-01-13,-,0,1184.0
-,-,fader_master,-,896.06,-2.69,1079.93,0.0,61.29,0.9,126,0.0,19,0.0,107,0.0,0,0.0,15.08,0.0,2022-03-06,-,0,-
-,-,Rincy73,-,895.72,-1.71,1182.01,0.0,95.43,0.57,19,0.0,2,0.0,17,0.0,0,0.0,10.53,0.0,2023-01-15,-,0,-
-,-,pasin11,-,895.38,-2.02,1138.86,0.0,81.16,0.67,30,0.0,3,0.0,27,0.0,0,0.0,10.0,0.0,2024-01-16,-,0,-
-,-,balarithon,-,895.28,-3.5,1042.94,0.0,49.22,1.17,304,0.0,41,0.0,261,0.0,2,0.0,13.49,0.0,2023-06-04,-,0,-
-,-,ukjohnboy,-,894.49,-1.89,1154.58,0.0,86.7,0.63,36,0.0,8,0.0,24,0.0,4,0.0,22.22,0.0,2021-09-05,-,0,-
-,-,Maximus,-,893.09,-1.43,1236.98,0.0,114.63,0.48,24,0.0,8,0.0,16,0.0,0,0.0,33.33,0.0,2021-05-21,-,0,-
-,-,SoupyDan,-,892.72,-1.27,1278.52,0.0,128.6,0.42,18,0.0,5,0.0,11,0.0,2,0.0,27.78,0.0,2020-06-28,-,0,-
-,-,denguny,-,890.96,-1.3,1268.63,0.0,125.89,0.43,18,0.0,4,0.0,13,0.0,1,0.0,22.22,0.0,2020-06-28,-,0,-
1437,-36,Shary,-,890.28,-1.56,1204.45,0.0,104.73,0.52,15,0.0,0,0.0,14,0.0,1,0.0,0.0,0.0,2025-12-13,-,0,-
-,-,badoomboom,-,890.19,-1.49,1219.44,0.0,109.75,0.5,15,0.0,3,0.0,12,0.0,0,0.0,20.0,0.0,2024-12-06,-,0,1287.0
-,-,thokk,-,889.2,-1.85,1154.54,0.0,88.45,0.62,18,0.0,0,0.0,15,0.0,3,0.0,0.0,0.0,2024-06-02,-,0,-
-,-,Skrad,-,889.07,-1.24,1283.35,0.0,131.42,0.41,12,0.0,5,0.0,7,0.0,0,0.0,41.67,0.0,2020-11-21,-,0,-
-,-,Cesaras,-,888.89,-1.38,1244.67,0.0,118.59,0.46,16,0.0,5,0.0,11,0.0,0,0.0,31.25,0.0,2020-06-28,-,0,-
-,-,Fakkus,-,888.6,-2.11,1120.9,0.0,77.44,0.7,33,0.0,5,0.0,26,0.0,2,0.0,15.15,0.0,2023-06-04,-,0,-
-,-,LordCreed,-,888.21,-1.52,1210.82,0.0,107.54,0.51,18,0.0,1,0.0,17,0.0,0,0.0,5.56,0.0,2020-09-27,-,0,-
-,-,huihuang,-,887.29,-0.83,1476.4,0.0,196.37,0.28,4,0.0,2,0.0,2,0.0,0,0.0,50.0,0.0,2021-11-15,-,0,-
-,-,snoozefest,-,887.14,-1.77,1164.88,0.0,92.58,0.59,36,0.0,6,0.0,30,0.0,0,0.0,16.67,0.0,2020-09-27,-,0,-
-,-,BabaYega,-,886.53,-1.3,1261.93,0.0,125.13,0.43,12,0.0,4,0.0,8,0.0,0,0.0,33.33,0.0,2021-08-24,-,0,-
-,-,SpectralB4dger,-,886.46,-1.74,1168.17,0.0,93.9,0.58,21,0.0,3,0.0,18,0.0,0,0.0,14.29,0.0,2025-01-08,-,0,1184.0
-,-,avo_liao,-,886.19,-1.29,1266.22,0.0,126.68,0.43,12,0.0,2,0.0,10,0.0,0,0.0,16.67,0.0,2020-11-20,-,0,-
-,-,JediPrzemo,-,886.19,-0.86,1457.64,0.0,190.49,0.29,4,0.0,2,0.0,2,0.0,0,0.0,50.0,0.0,2021-11-15,-,0,-
1438,new,ArthursDad,US,886.1,436.1,1670.16,170.16,261.35,261.35,2,2.0,2,2.0,0,0.0,0,0.0,100.0,100.0,2026-05-19,-,0,-
-,-,kuatz,-,885.87,-1.65,1182.6,0.0,98.91,0.55,19,0.0,2,0.0,17,0.0,0,0.0,10.53,0.0,2023-01-15,-,0,-
-,-,Hubcap4x4,-,885.46,-1.54,1203.84,0.0,106.13,0.51,30,0.0,11,0.0,19,0.0,0,0.0,36.67,0.0,2019-06-23,-,0,-
-,-,Melonduck4000,-,884.61,-1.53,1204.34,0.0,106.58,0.51,15,0.0,2,0.0,13,0.0,0,0.0,13.33,0.0,2024-02-23,-,0,-
-,-,Kozzie,-,884.51,-1.6,1190.52,0.0,102.0,0.53,18,0.0,5,0.0,13,0.0,0,0.0,27.78,0.0,2024-08-11,-,0,-
1439,-37,Hengoroth,-,883.69,-2.47,1086.04,0.0,67.45,0.82,75,0.0,14,0.0,61,0.0,0,0.0,18.67,0.0,2026-02-11,-,0,1184.0
-,-,Michael437,-,883.21,-1.58,1193.42,0.0,103.4,0.53,18,0.0,2,0.0,15,0.0,1,0.0,11.11,0.0,2020-03-30,-,0,-
-,-,Yahtzee12,-,882.08,-3.2,1040.73,0.0,52.88,1.07,303,0.0,37,0.0,258,0.0,8,0.0,12.21,0.0,2024-02-26,-,0,-
-,-,iLuden,-,881.61,-1.76,1161.33,0.0,93.24,0.59,40,0.0,7,0.0,30,0.0,3,0.0,17.5,0.0,2020-12-06,-,0,-
-,-,Bossland,-,881.6,-1.87,1149.24,0.0,89.21,0.62,30,0.0,8,0.0,22,0.0,0,0.0,26.67,0.0,2020-12-06,-,0,-
-,-,MartyParty,-,881.24,-1.43,1224.4,0.0,114.39,0.48,19,0.0,3,0.0,16,0.0,0,0.0,15.79,0.0,2023-01-15,-,0,-
-,-,Tosser,-,880.59,-0.82,1476.77,0.0,198.72,0.27,4,0.0,1,0.0,3,0.0,0,0.0,25.0,0.0,2021-11-15,-,0,-
-,-,Chatir,-,880.16,-2.19,1104.32,0.0,74.72,0.73,66,0.0,12,0.0,54,0.0,0,0.0,18.18,0.0,2021-06-02,-,0,-
-,-,Alain23,-,879.64,-2.22,1101.64,0.0,74.0,0.74,30,0.0,4,0.0,26,0.0,0,0.0,13.33,0.0,2025-01-31,-,0,1184.0
-,-,GullyRiddims,-,879.41,-1.98,1126.83,0.0,82.48,0.66,36,0.0,8,0.0,28,0.0,0,0.0,22.22,0.0,2021-09-05,-,0,-
-,-,budi,-,878.52,-1.52,1200.01,0.0,107.17,0.51,18,0.0,3,0.0,15,0.0,0,0.0,16.67,0.0,2021-03-02,-,0,-
-,-,IndianaJones,-,878.05,-2.21,1101.19,0.0,74.38,0.74,45,0.0,5,0.0,37,0.0,3,0.0,11.11,0.0,2023-02-25,-,0,-
-,-,Baseballbob,-,876.98,-1.66,1172.45,0.0,98.49,0.55,30,0.0,5,0.0,25,0.0,0,0.0,16.67,0.0,2020-08-07,-,0,-
-,-,GreyFrog,-,876.78,-1.25,1269.66,0.0,130.96,0.42,18,0.0,5,0.0,11,0.0,2,0.0,27.78,0.0,2018-10-14,-,0,-
-,-,hbattosai83,-,876.53,-1.89,1136.46,0.0,86.64,0.63,36,0.0,9,0.0,27,0.0,0,0.0,25.0,0.0,2021-06-02,-,0,-
-,-,Tikki,US,874.63,-2.75,1053.2,0.0,59.52,0.92,148,0.0,16,0.0,127,0.0,5,0.0,10.81,0.0,2022-06-05,-,0,-
-,-,KILLERST,-,874.08,-1.64,1173.71,0.0,99.88,0.55,24,0.0,5,0.0,19,0.0,0,0.0,20.83,0.0,2021-05-20,-,0,-
-,-,alanala,-,872.08,-1.3,1247.89,0.0,125.27,0.43,18,0.0,7,0.0,10,0.0,1,0.0,38.89,0.0,2018-10-14,-,0,-
-,-,nikos63,-,871.62,-1.06,1332.9,0.0,153.76,0.35,12,0.0,6,0.0,6,0.0,0,0.0,50.0,0.0,2020-08-09,-,0,-
-,-,Bender86,-,870.86,-2.05,1111.72,0.0,80.29,0.68,48,0.0,5,0.0,41,0.0,2,0.0,10.42,0.0,2022-05-31,-,0,-
-,-,Gideon333,-,870.48,-1.06,1333.16,0.0,154.22,0.35,9,0.0,3,0.0,6,0.0,0,0.0,33.33,0.0,2023-11-07,-,0,-
-,-,mitroCZECH,-,870.05,-1.5,1196.51,0.0,108.82,0.5,18,0.0,7,0.0,11,0.0,0,0.0,38.89,0.0,2020-12-06,-,0,-
1440,-37,KingMomo,-,869.74,-2.56,1062.77,0.0,64.34,0.85,52,0.0,6,0.0,45,0.0,1,0.0,11.54,0.0,2025-12-01,-,0,1287.0
-,-,Maghda,-,869.3,-1.57,1182.23,0.0,104.31,0.52,18,0.0,0,0.0,13,0.0,5,0.0,0.0,0.0,2020-12-06,-,0,-
-,-,MrPandy,-,869.1,-1.66,1165.23,0.0,98.71,0.55,24,0.0,6,0.0,18,0.0,0,0.0,25.0,0.0,2021-02-22,-,0,-
-,-,Sleepwalker,-,867.03,-1.41,1214.99,0.0,115.99,0.47,18,0.0,6,0.0,12,0.0,0,0.0,33.33,0.0,2019-12-30,-,0,-
-,-,cleantroll,-,866.61,-0.83,1455.1,0.0,196.16,0.28,4,0.0,2,0.0,2,0.0,0,0.0,50.0,0.0,2021-11-15,-,0,-
1441,-37,Paajosh,-,866.6,-2.05,1107.18,0.0,80.19,0.68,60,0.0,10,0.0,49,0.0,1,0.0,16.67,0.0,2025-12-18,-,0,1118.0
-,-,Aghamin,-,866.01,-3.76,1003.6,0.0,45.86,1.25,489,0.0,59,0.0,428,0.0,2,0.0,12.07,0.0,2023-09-24,-,0,-
-,-,Copocioff,-,865.94,-1.39,1218.28,0.0,117.45,0.46,13,0.0,4,0.0,9,0.0,0,0.0,30.77,0.0,2024-08-11,-,0,-
-,-,NICKnACK,-,865.25,-1.3,1242.92,0.0,125.89,0.43,18,0.0,3,0.0,13,0.0,2,0.0,16.67,0.0,2020-06-28,-,0,-
-,-,noppi,-,864.48,-1.33,1232.83,0.0,122.78,0.44,18,0.0,6,0.0,12,0.0,0,0.0,33.33,0.0,2019-12-30,-,0,-
-,-,ZappBranigan,-,863.36,-1.97,1112.57,0.0,83.07,0.66,30,0.0,2,0.0,28,0.0,0,0.0,6.67,0.0,2024-02-23,-,0,-
1442,-37,Dolio,-,861.64,-1.47,1196.07,0.0,111.47,0.49,15,0.0,1,0.0,14,0.0,0,0.0,6.67,0.0,2025-12-11,-,0,-
1443,-37,psztika,-,861.47,-1.44,1201.12,0.0,113.21,0.48,15,0.0,1,0.0,14,0.0,0,0.0,6.67,0.0,2025-12-14,-,0,-
-,-,xqcjfway,-,860.98,-1.61,1177.75,0.0,105.59,0.54,30,0.0,13,0.0,15,0.0,2,0.0,43.33,0.0,2023-02-05,-,0,-
-,-,James2at8,-,859.94,-1.56,1173.13,0.0,104.4,0.52,15,0.0,0,0.0,15,0.0,0,0.0,0.0,0.0,2024-02-23,-,0,-
-,-,Edenys,-,859.6,-1.55,1175.79,0.0,105.4,0.52,21,0.0,2,0.0,19,0.0,0,0.0,9.52,0.0,2023-01-22,-,0,-
1444,-17,Podrik,-,859.57,91.47,1084.93,41.9,75.12,-16.52,39,21.0,5,4.0,34,17.0,0,0.0,12.82,7.26,2026-04-26,-,0,-
1445,-37,Vroshnak,-,859.49,-1.46,1195.55,0.0,112.02,0.49,12,0.0,0,0.0,12,0.0,0,0.0,0.0,0.0,2025-12-01,-,0,-
1446,-39,pjorge,-,858.98,-2.81,1034.11,0.0,58.37,0.94,88,0.0,9,0.0,77,0.0,2,0.0,10.23,0.0,2025-12-15,-,0,1184.0
-,-,eduarsu,-,858.78,-1.56,1173.1,0.0,104.77,0.52,16,0.0,1,0.0,12,0.0,3,0.0,6.25,0.0,2024-09-22,-,0,-
1447,-38,Marabu.,-,858.3,-1.22,1259.99,0.0,133.9,0.41,6,0.0,0,0.0,5,0.0,1,0.0,0.0,0.0,2025-12-01,-,0,-
-,-,Nagato,-,858.1,-0.83,1446.77,0.0,196.22,0.28,4,0.0,1,0.0,3,0.0,0,0.0,25.0,0.0,2021-11-15,-,0,-
-,-,kamilya,-,857.91,-1.27,1243.4,0.0,128.5,0.42,10,0.0,1,0.0,8,0.0,1,0.0,10.0,0.0,2024-12-10,-,0,1287.0
-,-,NicolasJavier,-,857.75,-2.0,1102.7,0.0,81.65,0.67,30,0.0,2,0.0,28,0.0,0,0.0,6.67,0.0,2025-01-31,-,0,1184.0
-,-,Beldaran10,-,857.59,-1.65,1156.18,0.0,99.53,0.55,36,0.0,6,0.0,29,0.0,1,0.0,16.67,0.0,2020-09-27,-,0,-
-,-,Gripperas,-,857.42,-1.35,1219.07,0.0,120.55,0.45,12,0.0,0,0.0,4,0.0,8,0.0,0.0,0.0,2023-11-19,-,0,-
-,-,fmfglkhk,-,855.63,-1.57,1167.03,0.0,103.8,0.52,15,0.0,0,0.0,14,0.0,1,0.0,0.0,0.0,2023-01-15,-,0,-
-,-,intelligentskeleton,VN,855.07,-1.38,1208.71,0.0,117.88,0.46,12,0.0,1,0.0,11,0.0,0,0.0,8.33,0.0,2024-06-16,-,0,-
-,-,Tsu,-,854.84,-1.69,1144.71,0.0,96.63,0.56,33,0.0,5,0.0,26,0.0,2,0.0,15.15,0.0,2020-09-27,-,0,-
-,-,Scottus,-,854.78,-1.35,1216.42,0.0,120.55,0.45,12,0.0,4,0.0,8,0.0,0,0.0,33.33,0.0,2022-05-29,-,0,-
-,-,Oenaud,-,853.9,-1.72,1138.84,0.0,94.98,0.57,24,0.0,4,0.0,20,0.0,0,0.0,16.67,0.0,2022-02-24,-,0,-
-,-,williamtywong,-,853.29,-2.13,1085.57,0.0,77.43,0.71,48,0.0,10,0.0,34,0.0,4,0.0,20.83,0.0,2021-03-02,-,0,-
-,-,BillyTheBanana,-,852.73,-1.14,1283.66,0.0,143.65,0.38,8,0.0,2,0.0,6,0.0,0,0.0,25.0,0.0,2019-03-01,-,0,-
-,-,Xanpat,-,851.09,-1.88,1112.37,0.0,87.09,0.63,45,0.0,7,0.0,37,0.0,1,0.0,15.56,0.0,2020-09-27,-,0,-
-,-,whq115,-,850.78,-0.94,1369.88,0.0,173.03,0.31,4,0.0,1,0.0,3,0.0,0,0.0,25.0,0.0,2021-11-15,-,0,-
-,-,Hank62299,-,850.66,-1.44,1190.83,0.0,113.39,0.48,12,0.0,2,0.0,10,0.0,0,0.0,16.67,0.0,2021-11-19,-,0,-
-,-,FilipDabrowski,-,850.28,-1.26,1251.32,0.0,133.68,0.42,24,0.0,7,0.0,17,0.0,0,0.0,29.17,0.0,2024-03-12,-,0,-
-,-,Adas,-,848.78,-1.61,1152.47,0.0,101.23,0.54,30,0.0,6,0.0,24,0.0,0,0.0,20.0,0.0,2020-09-27,-,0,-
-,-,Hapetiitti,-,848.5,-0.94,1368.59,0.0,173.36,0.31,4,0.0,1,0.0,3,0.0,0,0.0,25.0,0.0,2021-11-15,-,0,-
-,-,BGMafia12,-,848.42,-1.47,1182.25,0.0,111.27,0.49,18,0.0,6,0.0,12,0.0,0,0.0,33.33,0.0,2021-06-02,-,0,-
-,-,Eels,-,847.95,-1.51,1172.9,0.0,108.31,0.5,12,0.0,1,0.0,9,0.0,2,0.0,8.33,0.0,2025-02-28,-,0,1375.0
-,-,wolvie02,-,847.93,-0.86,1418.31,0.0,190.13,0.29,4,0.0,1,0.0,3,0.0,0,0.0,25.0,0.0,2021-11-15,-,0,-
-,-,Desossi,-,847.48,-1.36,1208.33,0.0,120.28,0.45,12,0.0,3,0.0,9,0.0,0,0.0,25.0,0.0,2022-08-29,-,0,-
1448,-38,Natulya,-,846.93,-1.77,1123.45,0.0,92.18,0.59,15,0.0,1,0.0,14,0.0,0,0.0,6.67,0.0,2025-12-08,-,0,-
-,-,Pachuca74,-,846.88,-2.98,1013.06,0.0,55.39,0.99,306,0.0,38,0.0,268,0.0,0,0.0,12.42,0.0,2022-09-04,-,0,-
1449,-36,Etro,-,845.65,-1.2,1254.59,0.0,136.31,0.4,6,0.0,0,0.0,6,0.0,0,0.0,0.0,0.0,2025-12-01,-,0,-
1450,-38,William_Adama,-,845.43,-1.42,1189.24,0.0,114.6,0.47,12,0.0,0,0.0,12,0.0,0,0.0,0.0,0.0,2025-12-03,-,0,-
-,-,StartPlayer,GB,845.29,-1.62,1148.58,0.0,101.1,0.54,15,0.0,0,0.0,14,0.0,1,0.0,0.0,0.0,2023-01-15,-,0,-
-,-,PennyOrange,-,844.9,-1.88,1106.44,0.0,87.18,0.63,30,0.0,0,0.0,30,0.0,0,0.0,0.0,0.0,2024-12-11,-,0,1287.0
-,-,Vv_Sazer,-,844.26,-1.87,1106.63,0.0,87.46,0.62,36,0.0,4,0.0,25,0.0,7,0.0,11.11,0.0,2021-06-02,-,0,-
-,-,shall7,-,843.47,-1.57,1156.63,0.0,104.39,0.52,18,0.0,0,0.0,18,0.0,0,0.0,0.0,0.0,2020-06-28,-,0,-
-,-,denwiller,-,843.41,-1.7,1131.52,0.0,96.04,0.57,25,0.0,1,0.0,23,0.0,1,0.0,4.0,0.0,2024-12-08,-,0,1287.0
-,-,LaFuria,-,843.23,-1.17,1261.06,0.0,139.28,0.39,12,0.0,6,0.0,6,0.0,0,0.0,50.0,0.0,2021-05-26,-,0,-
-,-,GMass,-,841.25,-0.91,1378.85,0.0,179.2,0.3,4,0.0,1,0.0,3,0.0,0,0.0,25.0,0.0,2021-11-15,-,0,-
-,-,bigshotrob,-,840.25,-1.5,1167.04,0.0,108.93,0.5,18,0.0,4,0.0,14,0.0,0,0.0,22.22,0.0,2020-09-27,-,0,-
-,-,Hectek,-,839.92,-2.24,1060.23,0.0,73.44,0.75,36,0.0,0,0.0,36,0.0,0,0.0,0.0,0.0,2025-04-18,-,0,1433.0
-,-,lolowest,-,839.75,-1.65,1136.84,0.0,99.03,0.55,15,0.0,0,0.0,15,0.0,0,0.0,0.0,0.0,2023-01-15,-,0,-
-,-,DanielLin,-,839.08,-0.78,1463.64,0.0,208.19,0.26,4,0.0,2,0.0,2,0.0,0,0.0,50.0,0.0,2021-11-15,-,0,-
-,-,SrLantes,-,839.05,-1.4,1188.0,0.0,116.32,0.47,18,0.0,4,0.0,13,0.0,1,0.0,22.22,0.0,2019-12-30,-,0,-
-,-,CanisLupus,-,838.28,-1.13,1270.64,0.0,144.12,0.38,6,0.0,0,0.0,4,0.0,2,0.0,0.0,0.0,2024-11-18,-,0,1287.0
-,-,Stefanos,-,837.62,-2.32,1051.15,0.0,71.18,0.77,78,0.0,9,0.0,69,0.0,0,0.0,11.54,0.0,2021-12-05,-,0,-
1451,-37,Pecheros,-,837.53,-2.46,1038.15,0.0,66.88,0.82,93,0.0,5,0.0,81,0.0,7,0.0,5.38,0.0,2025-12-01,-,0,-
-,-,switch201,-,837.49,-1.89,1096.7,0.0,86.4,0.63,19,0.0,1,0.0,18,0.0,0,0.0,5.26,0.0,2025-02-28,-,0,1416.0
-,-,Sobain,-,837.34,-1.13,1271.59,0.0,144.75,0.38,9,0.0,2,0.0,6,0.0,1,0.0,22.22,0.0,2023-02-12,-,0,-
1452,-37,Monken,-,836.46,-1.89,1095.34,0.0,86.29,0.63,45,0.0,6,0.0,39,0.0,0,0.0,13.33,0.0,2025-12-07,-,0,1287.0
-,-,Strange,-,836.0,-1.78,1110.75,0.0,91.58,0.59,48,0.0,10,0.0,38,0.0,0,0.0,20.83,0.0,2020-03-30,-,0,-
-,-,janneskoehler,-,834.67,-1.57,1146.86,0.0,104.07,0.52,15,0.0,3,0.0,12,0.0,0,0.0,20.0,0.0,2025-05-31,-,0,1421.0
-,-,AlbertoMCS,-,834.56,-1.52,1156.18,0.0,107.2,0.51,18,0.0,5,0.0,12,0.0,1,0.0,27.78,0.0,2021-12-05,-,0,-
1453,unretired,dra49,-,833.0,5.15,1023.7,4.34,63.57,-0.27,109,2.0,10,0.0,97,1.0,2,1.0,9.17,-0.18,2026-05-18,-,0,-
-,-,Sooroosh,-,831.65,-1.15,1257.38,0.0,141.91,0.38,6,0.0,0,0.0,6,0.0,0,0.0,0.0,0.0,2024-11-18,-,0,-
-,-,doodoo,-,831.5,-1.49,1161.05,0.0,109.85,0.5,18,0.0,3,0.0,15,0.0,0,0.0,16.67,0.0,2020-12-06,-,0,-
-,-,toooooof,-,830.32,-0.93,1356.38,0.0,175.35,0.31,4,0.0,1,0.0,3,0.0,0,0.0,25.0,0.0,2021-11-15,-,0,-
1454,-38,JackoKun,-,829.45,-2.34,1039.54,0.0,70.03,0.78,42,0.0,2,0.0,39,0.0,1,0.0,4.76,0.0,2026-02-07,-,0,1287.0
-,-,Muzerious,-,829.03,-1.48,1159.99,0.0,110.32,0.49,12,0.0,0,0.0,12,0.0,0,0.0,0.0,0.0,2024-11-30,-,0,1287.0
-,-,Igrokratiya,-,828.56,-1.89,1087.69,0.0,86.38,0.63,32,0.0,1,0.0,31,0.0,0,0.0,3.12,0.0,2025-01-29,-,0,1184.0
-,-,Asturia,-,827.43,-1.53,1148.45,0.0,107.01,0.51,21,0.0,1,0.0,20,0.0,0,0.0,4.76,0.0,2023-01-22,-,0,-
-,-,N2ll,-,826.98,-1.14,1255.83,0.0,142.95,0.38,12,0.0,5,0.0,7,0.0,0,0.0,41.67,0.0,2020-08-23,-,0,-
-,-,ralba,-,826.56,-1.96,1077.29,0.0,83.57,0.65,36,0.0,4,0.0,32,0.0,0,0.0,11.11,0.0,2022-06-05,-,0,-
-,-,FalcoLombardi,-,826.54,-0.82,1425.62,0.0,199.7,0.27,4,0.0,2,0.0,2,0.0,0,0.0,50.0,0.0,2021-11-15,-,0,-
1455,-38,BubaTwenty4,-,826.11,-1.16,1247.85,0.0,140.58,0.39,6,0.0,0,0.0,6,0.0,0,0.0,0.0,0.0,2025-12-01,-,0,-
-,-,Agathon,TR,825.74,-1.29,1204.52,0.0,126.26,0.43,15,0.0,1,0.0,14,0.0,0,0.0,6.67,0.0,2025-04-05,-,0,-
-,-,bananarepublic,-,824.9,-1.62,1128.33,0.0,101.14,0.54,18,0.0,3,0.0,15,0.0,0,0.0,16.67,0.0,2021-06-02,-,0,-
-,-,paulydev,-,824.6,-1.18,1239.06,0.0,138.16,0.39,12,0.0,3,0.0,9,0.0,0,0.0,25.0,0.0,2020-08-24,-,0,-
-,-,pilscobra,-,824.35,-0.89,1372.12,0.0,182.59,0.3,4,0.0,1,0.0,3,0.0,0,0.0,25.0,0.0,2021-11-15,-,0,-
-,-,12thManStanding,-,824.23,-1.29,1202.49,0.0,126.09,0.43,18,0.0,3,0.0,15,0.0,0,0.0,16.67,0.0,2018-06-17,-,0,-
-,-,stacy_ovsyanka,-,823.26,-1.27,1209.04,0.0,128.59,0.42,12,0.0,0,0.0,9,0.0,3,0.0,0.0,0.0,2020-11-18,-,0,-
-,-,Roybocop,-,822.57,-1.82,1093.48,0.0,90.3,0.61,36,0.0,5,0.0,29,0.0,2,0.0,13.89,0.0,2022-03-06,-,0,-
-,-,bence233,-,821.49,-1.42,1166.75,0.0,115.09,0.47,12,0.0,0,0.0,9,0.0,3,0.0,0.0,0.0,2023-05-22,-,0,-
-,-,dudurban,-,821.4,-1.5,1147.53,0.0,108.71,0.5,15,0.0,3,0.0,12,0.0,0,0.0,20.0,0.0,2024-01-16,-,0,-
-,-,Casaubon,-,820.8,-1.56,1140.18,0.0,106.46,0.52,24,0.0,10,0.0,14,0.0,0,0.0,41.67,0.0,2021-02-28,-,0,-
-,-,HectorDart,-,818.86,-1.65,1116.51,0.0,99.22,0.55,18,0.0,2,0.0,16,0.0,0,0.0,11.11,0.0,2023-06-04,-,0,-
-,-,lingdianyike,-,818.81,-1.77,1096.12,0.0,92.44,0.59,25,0.0,1,0.0,24,0.0,0,0.0,4.0,0.0,2024-01-16,-,0,-
-,-,TheJamesBlake,-,817.28,-1.63,1118.63,0.0,100.45,0.54,15,0.0,0,0.0,15,0.0,0,0.0,0.0,0.0,2023-01-15,-,0,-
-,-,miberale,-,817.26,-2.82,993.41,0.0,58.72,0.94,88,0.0,1,0.0,83,0.0,4,0.0,1.14,0.0,2023-07-15,-,0,-
-,-,Imperator_Europy,-,815.99,-1.7,1104.59,0.0,96.2,0.57,30,0.0,5,0.0,24,0.0,1,0.0,16.67,0.0,2020-11-21,-,0,-
-,-,Golgotha,-,815.7,-1.38,1170.77,0.0,118.36,0.46,18,0.0,6,0.0,12,0.0,0,0.0,33.33,0.0,2020-09-27,-,0,-
-,-,DiegoCoelho,-,815.68,-1.91,1073.39,0.0,85.9,0.64,36,0.0,5,0.0,31,0.0,0,0.0,13.89,0.0,2022-06-05,-,0,-
-,-,Khimbo,-,815.63,-1.49,1145.2,0.0,109.86,0.5,30,0.0,4,0.0,26,0.0,0,0.0,13.33,0.0,2017-11-10,-,0,-
-,-,irvan,-,815.4,-1.48,1147.64,0.0,110.75,0.49,28,0.0,3,0.0,25,0.0,0,0.0,10.71,0.0,2021-11-15,-,0,-
-,-,ligohigh,-,815.07,-0.73,1483.43,0.0,222.78,0.24,4,0.0,2,0.0,2,0.0,0,0.0,50.0,0.0,2021-11-15,-,0,-
-,-,MacBad,-,814.6,-1.57,1126.92,0.0,104.11,0.52,18,0.0,0,0.0,18,0.0,0,0.0,0.0,0.0,2020-06-28,-,0,-
1456,-38,ScubaPig,-,814.26,-1.21,1220.24,0.0,135.33,0.4,6,0.0,0,0.0,6,0.0,0,0.0,0.0,0.0,2025-12-01,-,0,-
-,-,PixiePete,-,813.31,-1.7,1102.36,0.0,96.35,0.57,36,0.0,9,0.0,27,0.0,0,0.0,25.0,0.0,2020-09-27,-,0,-
1457,-38,Soul_Viper,-,812.51,-1.11,1251.55,0.0,146.35,0.37,6,0.0,0,0.0,4,0.0,2,0.0,0.0,0.0,2025-12-01,-,0,-
-,-,to118,-,811.79,-1.89,1074.2,0.0,87.47,0.63,36,0.0,7,0.0,28,0.0,1,0.0,19.44,0.0,2020-12-06,-,0,-
-,-,rporrini,-,810.56,-2.34,1023.67,0.0,71.04,0.78,174,0.0,21,0.0,146,0.0,7,0.0,12.07,0.0,2019-12-30,-,0,-
-,-,cassini23,-,810.32,-1.73,1093.35,0.0,94.34,0.58,18,0.0,0,0.0,17,0.0,1,0.0,0.0,0.0,2023-06-04,-,0,-
-,-,KorE,US,809.17,-1.25,1202.13,0.0,130.99,0.42,9,0.0,1,0.0,8,0.0,0,0.0,11.11,0.0,2023-02-12,-,0,-
-,-,Marthy,-,808.81,-1.45,1147.72,0.0,112.97,0.48,21,0.0,3,0.0,14,0.0,4,0.0,14.29,0.0,2024-02-23,-,0,-
-,-,Ronald1,-,808.67,-1.46,1143.56,0.0,111.63,0.49,15,0.0,4,0.0,11,0.0,0,0.0,26.67,0.0,2024-01-16,-,0,-
-,-,Tapis_volant,-,806.3,-1.47,1138.85,0.0,110.85,0.49,18,0.0,5,0.0,13,0.0,0,0.0,27.78,0.0,2020-09-27,-,0,-
-,-,WulfstanCyning,-,805.88,-1.83,1073.57,0.0,89.23,0.61,36,0.0,5,0.0,31,0.0,0,0.0,13.89,0.0,2020-09-27,-,0,-
1458,new,horangz,-,804.65,354.65,1118.09,-381.91,104.48,104.48,12,12.0,0,0.0,12,12.0,0,0.0,0.0,0.0,2026-05-31,-,0,-
-,-,wik84,-,804.0,-1.27,1188.98,0.0,128.33,0.42,12,0.0,2,0.0,10,0.0,0,0.0,16.67,0.0,2020-08-29,-,0,-
-,-,Nelissanne,-,803.97,-0.88,1362.22,0.0,186.08,0.29,4,0.0,1,0.0,3,0.0,0,0.0,25.0,0.0,2021-11-15,-,0,-
-,-,Athenaios,-,803.81,-1.53,1124.1,0.0,106.76,0.51,18,0.0,0,0.0,18,0.0,0,0.0,0.0,0.0,2020-06-28,-,0,-
-,-,Duilin,-,803.68,-0.88,1358.33,0.0,184.88,0.29,4,0.0,1,0.0,3,0.0,0,0.0,25.0,0.0,2021-11-15,-,0,-
-,-,Flynn,-,803.39,-1.86,1067.45,0.0,88.02,0.62,66,0.0,8,0.0,57,0.0,1,0.0,12.12,0.0,2018-10-14,-,0,-
-,-,LUISPI,-,803.31,-0.87,1368.5,0.0,188.4,0.29,4,0.0,1,0.0,3,0.0,0,0.0,25.0,0.0,2021-11-15,-,0,-
-,-,Ev85,-,802.74,-1.71,1090.02,0.0,95.76,0.57,18,0.0,3,0.0,15,0.0,0,0.0,16.67,0.0,2025-05-05,-,0,1429.0
-,-,Pascalculate,VN,802.65,-2.52,998.06,0.0,65.13,0.84,129,0.0,11,0.0,114,0.0,4,0.0,8.53,0.0,2023-06-04,-,0,-
-,-,Muki,-,801.26,-0.92,1335.22,0.0,177.99,0.31,4,0.0,0,0.0,3,0.0,1,0.0,0.0,0.0,2021-11-15,-,0,-
-,-,atry,-,800.64,-1.19,1213.72,0.0,137.69,0.4,12,0.0,3,0.0,9,0.0,0,0.0,25.0,0.0,2020-08-08,-,0,-
-,-,Toreander,-,800.62,-1.54,1118.72,0.0,106.03,0.51,18,0.0,0,0.0,15,0.0,3,0.0,0.0,0.0,2021-03-02,-,0,-
1459,-39,Dunedrain,-,800.31,-2.05,1039.82,0.0,79.83,0.68,36,0.0,3,0.0,33,0.0,0,0.0,8.33,0.0,2025-07-31,-,0,1435.0
-,-,Baso,IT,799.76,-0.82,1399.69,0.0,199.98,0.27,4,0.0,1,0.0,3,0.0,0,0.0,25.0,0.0,2021-11-15,-,0,-
-,-,MortenStor,-,799.11,-1.36,1158.79,0.0,119.89,0.45,12,0.0,2,0.0,10,0.0,0,0.0,16.67,0.0,2021-11-29,-,0,-
-,-,Yannis,-,797.48,-1.76,1076.31,0.0,92.94,0.59,36,0.0,3,0.0,30,0.0,3,0.0,8.33,0.0,2020-09-27,-,0,-
-,-,Majunior,-,795.4,-1.08,1250.02,0.0,151.54,0.36,6,0.0,0,0.0,4,0.0,2,0.0,0.0,0.0,2024-11-21,-,0,1287.0
-,-,Kerrigan99,-,794.57,-1.71,1081.76,0.0,95.73,0.57,20,0.0,0,0.0,15,0.0,5,0.0,0.0,0.0,2025-01-28,-,0,1435.0
-,-,CivEnginner,-,794.11,-1.04,1265.8,0.0,157.23,0.35,12,0.0,5,0.0,7,0.0,0,0.0,41.67,0.0,2020-08-22,-,0,-
-,-,Rhop8,-,793.64,-1.7,1082.39,0.0,96.25,0.57,24,0.0,3,0.0,21,0.0,0,0.0,12.5,0.0,2022-11-30,-,0,-
1460,new,Alex2297,-,792.83,342.83,1068.65,-431.35,91.94,91.94,18,18.0,2,2.0,16,16.0,0,0.0,11.11,11.11,2026-04-28,-,0,-
-,-,XenoMatt,-,792.29,-1.33,1160.61,0.0,122.77,0.44,12,0.0,2,0.0,10,0.0,0,0.0,16.67,0.0,2021-05-20,-,0,-
-,-,Demianv,-,792.1,-1.84,1059.36,0.0,89.09,0.61,66,0.0,6,0.0,59,0.0,1,0.0,9.09,0.0,2019-02-17,-,0,-
-,-,Majinbuu,-,791.46,-2.5,988.02,0.0,65.52,0.83,86,0.0,5,0.0,78,0.0,3,0.0,5.81,0.0,2024-01-16,-,0,-
-,-,Sislar,-,790.28,-1.38,1145.69,0.0,118.47,0.46,12,0.0,0,0.0,12,0.0,0,0.0,0.0,0.0,2024-12-02,-,0,1287.0
-,-,sleepwalker,-,790.16,-1.1,1233.89,0.0,147.91,0.37,6,0.0,0,0.0,6,0.0,0,0.0,0.0,0.0,2025-05-01,-,0,-
-,-,woosan,-,789.53,-1.48,1119.92,0.0,110.13,0.49,12,0.0,2,0.0,10,0.0,0,0.0,16.67,0.0,2023-08-31,-,0,-
-,-,Frimandyr,-,788.13,-1.3,1165.8,0.0,125.89,0.43,18,0.0,2,0.0,15,0.0,1,0.0,11.11,0.0,2020-06-28,-,0,-
-,-,Borewitsch,-,787.51,-1.43,1130.76,0.0,114.42,0.48,18,0.0,4,0.0,14,0.0,0,0.0,22.22,0.0,2020-09-27,-,0,-
-,-,gvasil,-,786.85,-1.7,1076.46,0.0,96.54,0.57,42,0.0,4,0.0,38,0.0,0,0.0,9.52,0.0,2020-06-28,-,0,-
-,-,Feel_Young,-,784.96,-1.31,1158.96,0.0,124.67,0.44,12,0.0,0,0.0,12,0.0,0,0.0,0.0,0.0,2020-11-16,-,0,-
1461,-39,Viceroy,-,784.95,-1.88,1046.29,0.0,87.11,0.63,21,0.0,2,0.0,19,0.0,0,0.0,9.52,0.0,2026-01-05,-,0,-
-,-,aboadaa,-,784.62,-1.4,1135.58,0.0,116.99,0.47,18,0.0,6,0.0,12,0.0,0,0.0,33.33,0.0,2021-03-02,-,0,-
-,-,jeannot_la_pinte,-,784.41,-0.93,1310.46,0.0,175.35,0.31,4,0.0,1,0.0,3,0.0,0,0.0,25.0,0.0,2021-11-15,-,0,-
1462,-39,Readicculus,-,783.72,-1.12,1221.09,0.0,145.79,0.37,6,0.0,0,0.0,6,0.0,0,0.0,0.0,0.0,2025-12-01,-,0,-
-,-,DancingQuinn,-,782.35,-1.1,1227.43,0.0,148.36,0.37,6,0.0,2,0.0,4,0.0,0,0.0,33.33,0.0,2024-08-04,-,0,-
-,-,snowwll,-,782.29,-1.35,1143.94,0.0,120.55,0.45,12,0.0,0,0.0,6,0.0,6,0.0,0.0,0.0,2023-11-24,-,0,-
-,-,Donnin,-,781.06,-1.58,1090.81,0.0,103.25,0.53,22,0.0,1,0.0,18,0.0,3,0.0,4.55,0.0,2021-11-15,-,0,-
1463,-39,Boniu_bon,-,780.05,-0.87,1339.61,0.0,186.52,0.29,4,0.0,0,0.0,4,0.0,0,0.0,0.0,0.0,2026-02-17,-,0,-
-,-,hcllineker,-,779.98,-0.82,1378.53,0.0,199.51,0.27,4,0.0,1,0.0,3,0.0,0,0.0,25.0,0.0,2021-11-15,-,0,-
-,-,SirBrandalot,-,779.92,-1.43,1123.08,0.0,114.39,0.48,18,0.0,3,0.0,15,0.0,0,0.0,16.67,0.0,2020-09-27,-,0,-
1464,-39,Telanis,-,777.77,-1.09,1226.26,0.0,149.5,0.36,6,0.0,0,0.0,6,0.0,0,0.0,0.0,0.0,2025-12-01,-,0,-
-,-,Davidson,-,777.31,-0.92,1306.56,0.0,176.42,0.31,4,0.0,0,0.0,4,0.0,0,0.0,0.0,0.0,2025-02-05,-,0,-
-,-,Guernnister,-,776.0,-1.2,1183.78,0.0,135.93,0.4,12,0.0,3,0.0,9,0.0,0,0.0,25.0,0.0,2020-08-19,-,0,-
-,-,Paakit,AR,775.9,-2.15,1004.86,0.0,76.32,0.72,33,0.0,0,0.0,32,0.0,1,0.0,0.0,0.0,2023-01-15,-,0,-
1465,-39,Sexyboy,-,775.29,-1.11,1218.17,0.0,147.62,0.37,6,0.0,0,0.0,6,0.0,0,0.0,0.0,0.0,2025-12-01,-,0,-
-,-,ImPlayingN4K3D,-,774.86,-1.51,1098.98,0.0,108.04,0.5,18,0.0,1,0.0,14,0.0,3,0.0,5.56,0.0,2021-03-02,-,0,-
-,-,Zurabman,-,773.98,-1.55,1090.94,0.0,105.65,0.52,18,0.0,1,0.0,17,0.0,0,0.0,5.56,0.0,2020-12-06,-,0,-
-,-,Grobir,-,773.81,-1.09,1224.17,0.0,150.12,0.36,6,0.0,0,0.0,6,0.0,0,0.0,0.0,0.0,2024-02-23,-,0,-
-,-,gaberosser,-,773.42,-1.8,1046.63,0.0,91.07,0.6,30,0.0,1,0.0,29,0.0,0,0.0,3.33,0.0,2024-01-16,-,0,-
-,-,VeniVidiVindi,-,772.46,-1.47,1106.29,0.0,111.28,0.49,18,0.0,5,0.0,13,0.0,0,0.0,27.78,0.0,2021-06-02,-,0,-
-,-,Grisen,-,771.92,-0.85,1349.09,0.0,192.39,0.28,4,0.0,1,0.0,3,0.0,0,0.0,25.0,0.0,2021-11-15,-,0,-
-,-,LavenderQueen,-,771.32,-1.41,1118.06,0.0,115.58,0.47,15,0.0,0,0.0,12,0.0,3,0.0,0.0,0.0,2024-01-16,-,0,-
-,-,captanc,-,771.2,-1.5,1098.14,0.0,108.98,0.5,12,0.0,0,0.0,12,0.0,0,0.0,0.0,0.0,2021-11-16,-,0,-
-,-,simone.farina,-,770.32,-1.6,1095.7,0.0,108.46,0.53,30,0.0,11,0.0,19,0.0,0,0.0,36.67,0.0,2020-06-28,-,0,-
-,-,MaLoY,-,769.64,-1.46,1105.67,0.0,112.01,0.49,12,0.0,0,0.0,12,0.0,0,0.0,0.0,0.0,2022-08-24,-,0,-
-,-,JurisII,-,768.56,-2.26,986.26,0.0,72.57,0.75,41,0.0,2,0.0,38,0.0,1,0.0,4.88,0.0,2023-04-16,-,0,-
-,-,jeffcorrie,-,767.4,-1.38,1122.18,0.0,118.26,0.46,18,0.0,2,0.0,16,0.0,0,0.0,11.11,0.0,2019-09-30,-,0,-
-,-,Firo,-,766.62,-0.85,1344.63,0.0,192.67,0.28,4,0.0,0,0.0,3,0.0,1,0.0,0.0,0.0,2021-11-15,-,0,-
-,-,Moncop,-,765.68,-1.65,1062.53,0.0,98.95,0.55,18,0.0,0,0.0,17,0.0,1,0.0,0.0,0.0,2021-12-05,-,0,-
1466,-38,gmathes,-,765.09,-1.19,1176.76,0.0,137.23,0.4,6,0.0,0,0.0,6,0.0,0,0.0,0.0,0.0,2025-12-01,-,0,-
-,-,Kangaroodi,-,764.52,-1.29,1144.48,0.0,126.65,0.43,18,0.0,4,0.0,14,0.0,0,0.0,22.22,0.0,2020-06-28,-,0,-
-,-,Nordenwatch,-,763.23,-1.44,1104.44,0.0,113.73,0.48,18,0.0,0,0.0,15,0.0,3,0.0,0.0,0.0,2020-06-28,-,0,-
-,-,LeoLeo,-,763.23,-1.44,1104.44,0.0,113.73,0.48,18,0.0,0,0.0,15,0.0,3,0.0,0.0,0.0,2020-06-28,-,0,-
-,-,Adamantium18,-,762.86,-1.44,1103.59,0.0,113.58,0.48,24,0.0,2,0.0,22,0.0,0,0.0,8.33,0.0,2020-05-24,-,0,-
-,-,hewb2006,-,762.42,-1.89,1022.1,0.0,86.56,0.63,58,0.0,4,0.0,52,0.0,2,0.0,6.9,0.0,2021-11-30,-,0,-
-,-,Anto-8080,-,761.4,-1.38,1115.82,0.0,118.14,0.46,18,0.0,4,0.0,14,0.0,0,0.0,22.22,0.0,2020-09-27,-,0,-
-,-,CuteMiner,-,760.26,-1.52,1081.88,0.0,107.21,0.51,18,0.0,3,0.0,14,0.0,1,0.0,16.67,0.0,2021-12-05,-,0,-
-,-,Paiaso,-,758.32,-0.97,1260.5,0.0,167.39,0.32,4,0.0,0,0.0,4,0.0,0,0.0,0.0,0.0,2021-11-15,-,0,-
-,-,jasdrakken,-,757.65,-1.61,1062.49,0.0,101.61,0.54,36,0.0,6,0.0,29,0.0,1,0.0,16.67,0.0,2019-05-26,-,0,-
-,-,putritralala,-,756.5,-1.49,1086.55,0.0,110.02,0.5,30,0.0,5,0.0,25,0.0,0,0.0,16.67,0.0,2021-06-02,-,0,-
-,-,Kaspipos,-,755.64,-1.39,1107.92,0.0,117.43,0.46,15,0.0,0,0.0,15,0.0,0,0.0,0.0,0.0,2024-12-12,-,0,1287.0
-,-,Toledator,-,755.28,-1.35,1118.98,0.0,121.23,0.45,18,0.0,1,0.0,13,0.0,4,0.0,5.56,0.0,2019-09-30,-,0,-
1467,-38,Neno011,-,753.77,-1.08,1207.61,0.0,151.28,0.36,6,0.0,0,0.0,6,0.0,0,0.0,0.0,0.0,2025-12-01,-,0,-
1468,-38,8840806,-,753.65,-0.86,1322.61,0.0,189.65,0.29,3,0.0,0,0.0,3,0.0,0,0.0,0.0,0.0,2025-11-11,-,0,-
-,-,Xunguito,-,753.54,-0.8,1367.68,0.0,204.71,0.27,4,0.0,1,0.0,3,0.0,0,0.0,25.0,0.0,2021-11-15,-,0,-
-,-,Diglosgr,-,752.93,-1.76,1031.54,0.0,92.87,0.59,24,0.0,1,0.0,23,0.0,0,0.0,4.17,0.0,2022-11-23,-,0,-
-,-,Zembo,-,751.66,-1.09,1202.04,0.0,150.13,0.36,6,0.0,0,0.0,6,0.0,0,0.0,0.0,0.0,2024-12-05,-,0,1287.0
-,-,StarFollower,-,751.56,-1.54,1070.62,0.0,106.35,0.51,12,0.0,0,0.0,12,0.0,0,0.0,0.0,0.0,2023-11-28,-,0,-
-,-,gavanoza,-,750.94,-1.46,1087.16,0.0,112.07,0.49,12,0.0,0,0.0,12,0.0,0,0.0,0.0,0.0,2023-05-22,-,0,-
-,-,hs8127,-,750.83,-1.33,1119.49,0.0,122.89,0.44,9,0.0,0,0.0,9,0.0,0,0.0,0.0,0.0,2023-02-12,-,0,-
-,-,CaiChengzhi,-,749.72,-1.1,1195.27,0.0,148.52,0.37,6,0.0,0,0.0,6,0.0,0,0.0,0.0,0.0,2024-11-14,-,0,1287.0
-,-,whitepand,-,749.04,-1.66,1044.49,0.0,98.48,0.55,18,0.0,0,0.0,18,0.0,0,0.0,0.0,0.0,2021-09-05,-,0,-
-,-,__Alex__,-,748.79,-2.71,933.67,0.0,61.63,0.9,120,0.0,13,0.0,99,0.0,8,0.0,10.83,0.0,2024-10-01,-,0,-
-,-,Solon,-,748.28,-0.98,1248.47,0.0,166.73,0.33,4,0.0,0,0.0,4,0.0,0,0.0,0.0,0.0,2021-11-15,-,0,-
-,-,john1325,-,747.63,-2.3,962.41,0.0,71.59,0.77,168,0.0,19,0.0,148,0.0,1,0.0,11.31,0.0,2021-08-28,-,0,-
-,-,Claudio,-,747.52,-1.71,1034.38,0.0,95.62,0.57,42,0.0,5,0.0,35,0.0,2,0.0,11.9,0.0,2020-02-09,-,0,-
-,-,Ragnar18,-,747.27,-1.44,1087.68,0.0,113.47,0.48,12,0.0,0,0.0,12,0.0,0,0.0,0.0,0.0,2022-08-27,-,0,-
-,-,TroutYossarian,-,747.17,-1.47,1079.62,0.0,110.82,0.49,12,0.0,0,0.0,12,0.0,0,0.0,0.0,0.0,2022-08-24,-,0,-
-,-,Freddy1986,-,746.3,-0.83,1335.41,0.0,196.37,0.28,4,0.0,1,0.0,3,0.0,0,0.0,25.0,0.0,2021-11-15,-,0,-
1469,-38,Rikard,-,744.37,-1.57,1056.27,0.0,103.97,0.52,15,0.0,1,0.0,14,0.0,0,0.0,6.67,0.0,2025-12-09,-,0,-
-,-,timmypolilla92,-,744.35,-1.33,1113.86,0.0,123.17,0.44,18,0.0,0,0.0,17,0.0,1,0.0,0.0,0.0,2020-06-28,-,0,-
-,-,deaddams,-,743.87,-1.9,1002.74,0.0,86.29,0.63,60,0.0,7,0.0,53,0.0,0,0.0,11.67,0.0,2021-03-02,-,0,-
-,-,amit871,-,743.54,-1.57,1055.95,0.0,104.14,0.52,16,0.0,1,0.0,14,0.0,1,0.0,6.25,0.0,2024-12-03,-,0,-
-,-,syc8295,-,741.83,-1.37,1098.34,0.0,118.84,0.46,18,0.0,0,0.0,18,0.0,0,0.0,0.0,0.0,2020-09-27,-,0,-
1470,new,Karmoth,-,739.79,289.79,1500.0,0.0,253.4,253.4,2,2.0,1,1.0,1,1.0,0,0.0,50.0,50.0,2026-05-15,-,0,-
-,-,Arual,-,738.83,-2.0,984.88,0.0,82.02,0.67,72,0.0,9,0.0,63,0.0,0,0.0,12.5,0.0,2020-05-25,-,0,-
-,-,bouzou,-,738.57,-1.12,1177.45,0.0,146.29,0.37,12,0.0,3,0.0,9,0.0,0,0.0,25.0,0.0,2021-02-26,-,0,-
-,-,HostileApostle,-,733.86,-1.91,990.04,0.0,85.39,0.64,78,0.0,9,0.0,67,0.0,2,0.0,11.54,0.0,2020-03-30,-,0,-
-,-,Fad23,-,733.48,-1.3,1110.98,0.0,125.83,0.43,18,0.0,3,0.0,15,0.0,0,0.0,16.67,0.0,2018-06-17,-,0,-
-,-,Overmindless,-,733.48,-1.63,1033.8,0.0,100.11,0.54,18,0.0,0,0.0,18,0.0,0,0.0,0.0,0.0,2021-09-05,-,0,-
-,-,fedevet86,-,733.13,-1.64,1032.46,0.0,99.78,0.55,18,0.0,0,0.0,14,0.0,4,0.0,0.0,0.0,2022-06-05,-,0,-
-,-,Masaka,-,732.48,-1.61,1037.52,0.0,101.68,0.54,36,0.0,4,0.0,32,0.0,0,0.0,11.11,0.0,2021-03-02,-,0,-
-,-,JasonZhang0826,-,732.17,-1.46,1068.53,0.0,112.12,0.49,12,0.0,0,0.0,11,0.0,1,0.0,0.0,0.0,2022-05-28,-,0,-
-,-,jimlaughs64,-,731.16,-1.47,1065.72,0.0,111.52,0.49,15,0.0,2,0.0,13,0.0,0,0.0,13.33,0.0,2024-12-18,-,0,1287.0
-,-,JaneHatke,-,730.97,-2.51,926.57,0.0,65.2,0.84,228,0.0,19,0.0,208,0.0,1,0.0,8.33,0.0,2022-02-28,-,0,-
1471,-39,Pancake1,-,730.89,-2.51,926.94,0.0,65.35,0.84,76,0.0,5,0.0,70,0.0,1,0.0,6.58,0.0,2025-12-13,-,0,-
-,-,disszy,-,730.81,-1.31,1105.72,0.0,124.97,0.44,12,0.0,0,0.0,12,0.0,0,0.0,0.0,0.0,2021-05-31,-,0,-
-,-,Kittyclaws,-,730.55,-1.62,1033.98,0.0,101.14,0.54,18,0.0,0,0.0,18,0.0,0,0.0,0.0,0.0,2021-06-02,-,0,-
1472,-37,FabienB,-,730.49,-1.04,1201.8,0.0,157.1,0.35,6,0.0,0,0.0,6,0.0,0,0.0,0.0,0.0,2025-12-01,-,0,-
1473,-40,ruben_san,-,730.01,-1.68,1022.1,0.0,97.36,0.56,21,0.0,1,0.0,19,0.0,1,0.0,4.76,0.0,2025-12-01,-,0,-
-,-,Nanozawr,-,730.0,-1.48,1061.46,0.0,110.49,0.49,18,0.0,1,0.0,16,0.0,1,0.0,5.56,0.0,2020-09-27,-,0,-
1474,-40,plamen,-,729.7,-1.93,983.71,0.0,84.67,0.64,30,0.0,0,0.0,30,0.0,0,0.0,0.0,0.0,2025-12-01,-,0,1287.0
-,-,Wicked_Liz,-,729.64,-1.33,1097.22,0.0,122.53,0.44,15,0.0,3,0.0,12,0.0,0,0.0,20.0,0.0,2024-01-16,-,0,-
1475,-39,OBILIC,-,728.03,-1.1,1174.32,0.0,148.76,0.37,6,0.0,0,0.0,6,0.0,0,0.0,0.0,0.0,2025-12-01,-,0,-
1476,-39,deleted_user_8469282,-,727.16,-1.05,1192.46,0.0,155.1,0.35,6,0.0,1,0.0,5,0.0,0,0.0,16.67,0.0,2025-08-16,-,0,1416.0
-,-,xinjv,-,726.24,-1.63,1026.96,0.0,100.24,0.54,18,0.0,0,0.0,18,0.0,0,0.0,0.0,0.0,2021-12-05,-,0,-
-,-,Yellowhammer,-,725.93,-0.83,1314.42,0.0,196.16,0.28,4,0.0,1,0.0,3,0.0,0,0.0,25.0,0.0,2021-11-15,-,0,-
-,-,Elionoir,-,725.67,-1.57,1037.49,0.0,103.94,0.52,18,0.0,5,0.0,13,0.0,0,0.0,27.78,0.0,2022-09-04,-,0,-
1477,-39,OblongOrange,-,724.84,-1.71,1010.98,0.0,95.38,0.57,21,0.0,4,0.0,16,0.0,1,0.0,19.05,0.0,2026-01-08,-,0,-
-,-,SanaRana,-,723.1,-1.43,1065.4,0.0,114.1,0.48,18,0.0,0,0.0,18,0.0,0,0.0,0.0,0.0,2020-09-27,-,0,-
-,-,Tiesto,-,722.51,-1.02,1202.82,0.0,160.1,0.34,4,0.0,0,0.0,4,0.0,0,0.0,0.0,0.0,2023-07-15,-,0,-
-,-,PeaceAndProsperity,-,722.5,-1.41,1071.12,0.0,116.21,0.47,18,0.0,0,0.0,16,0.0,2,0.0,0.0,0.0,2020-09-27,-,0,-
-,-,StefanOkrzeja,-,722.44,-1.45,1060.48,0.0,112.68,0.48,15,0.0,0,0.0,15,0.0,0,0.0,0.0,0.0,2024-12-12,-,0,1287.0
-,-,VerrueckterMax,-,721.67,-1.52,1045.14,0.0,107.82,0.51,18,0.0,0,0.0,17,0.0,1,0.0,0.0,0.0,2021-03-02,-,0,-
1478,-39,Miles1,-,720.4,-1.68,1012.62,0.0,97.41,0.56,14,0.0,0,0.0,14,0.0,0,0.0,0.0,0.0,2026-02-28,-,0,-
-,-,Alfredo094,-,719.94,-1.33,1089.46,0.0,123.17,0.44,18,0.0,0,0.0,18,0.0,0,0.0,0.0,0.0,2020-06-28,-,0,-
-,-,win021795,-,719.33,-1.51,1044.54,0.0,108.4,0.5,18,0.0,4,0.0,14,0.0,0,0.0,22.22,0.0,2021-03-02,-,0,-
-,-,Hethalos,-,718.86,-0.63,1500.0,0.0,260.38,0.21,2,0.0,1,0.0,1,0.0,0,0.0,50.0,0.0,2018-02-18,-,0,-
-,-,FalcoFernandes,-,718.56,-1.64,1017.25,0.0,99.56,0.55,36,0.0,3,0.0,33,0.0,0,0.0,8.33,0.0,2019-12-30,-,0,-
-,-,AshLikeSnow,-,718.23,-0.63,1500.0,0.0,260.59,0.21,2,0.0,1,0.0,1,0.0,0,0.0,50.0,0.0,2017-11-12,-,0,-
-,-,DannyTheKing,-,718.09,-1.56,1032.18,0.0,104.7,0.52,18,0.0,1,0.0,17,0.0,0,0.0,5.56,0.0,2021-09-05,-,0,-
-,-,burnedPotato,-,717.46,-1.32,1088.29,0.0,123.61,0.44,18,0.0,2,0.0,16,0.0,0,0.0,11.11,0.0,2020-06-28,-,0,-
-,-,SumbuddyStopMe,-,717.39,-1.13,1151.17,0.0,144.59,0.38,6,0.0,0,0.0,6,0.0,0,0.0,0.0,0.0,2024-11-24,-,0,1287.0
1479,new,TheRobe,-,716.92,266.92,1400.12,-99.88,227.74,227.74,3,3.0,1,1.0,2,2.0,0,0.0,33.33,33.33,2026-05-05,-,0,-
-,-,Vladmech,-,716.77,-1.65,1015.01,0.0,99.41,0.55,24,0.0,5,0.0,18,0.0,1,0.0,20.83,0.0,2021-05-25,-,0,-
-,-,Seeker6498,-,716.14,-0.77,1348.8,0.0,210.89,0.26,4,0.0,1,0.0,3,0.0,0,0.0,25.0,0.0,2021-11-15,-,0,-
-,-,AzzCark,-,715.57,-1.68,1008.24,0.0,97.56,0.56,18,0.0,1,0.0,17,0.0,0,0.0,5.56,0.0,2024-09-04,-,0,-
-,-,Meetsay,-,714.98,-1.74,996.61,0.0,93.88,0.58,25,0.0,2,0.0,21,0.0,2,0.0,8.0,0.0,2024-03-12,-,0,-
-,-,xSherylx,-,714.23,-0.9,1255.35,0.0,180.37,0.3,4,0.0,0,0.0,4,0.0,0,0.0,0.0,0.0,2021-11-15,-,0,-
-,-,shanwh,-,713.84,-1.21,1118.49,0.0,134.88,0.4,12,0.0,0,0.0,12,0.0,0,0.0,0.0,0.0,2020-08-08,-,0,-
-,-,joefling34,-,713.81,-0.86,1281.03,0.0,189.07,0.29,4,0.0,0,0.0,4,0.0,0,0.0,0.0,0.0,2021-11-15,-,0,-
-,-,DanKamu,-,713.76,-1.14,1142.97,0.0,143.07,0.38,12,0.0,2,0.0,10,0.0,0,0.0,16.67,0.0,2018-09-02,-,0,-
-,-,Danilo0h,-,713.11,-1.09,1162.86,0.0,149.92,0.36,6,0.0,0,0.0,6,0.0,0,0.0,0.0,0.0,2024-11-10,-,0,1287.0
-,-,neomore,-,712.56,-1.67,1005.94,0.0,97.8,0.56,18,0.0,0,0.0,18,0.0,0,0.0,0.0,0.0,2021-09-05,-,0,-
-,-,ducos,-,711.0,-1.3,1088.67,0.0,125.89,0.43,18,0.0,0,0.0,16,0.0,2,0.0,0.0,0.0,2020-06-28,-,0,-
-,-,dralbright,-,711.0,-1.3,1088.67,0.0,125.89,0.43,18,0.0,1,0.0,17,0.0,0,0.0,5.56,0.0,2020-06-28,-,0,-
-,-,apricot,-,707.72,-1.66,1003.81,0.0,98.7,0.55,18,0.0,0,0.0,14,0.0,4,0.0,0.0,0.0,2022-09-04,-,0,-
1480,-40,bbpiszczu,-,707.26,-0.99,1199.44,0.0,164.06,0.33,6,0.0,2,0.0,4,0.0,0,0.0,33.33,0.0,2025-09-01,-,0,-
-,-,picoro-kun,-,707.26,-1.27,1092.69,0.0,128.47,0.42,12,0.0,2,0.0,10,0.0,0,0.0,16.67,0.0,2020-11-24,-,0,-
-,-,Galaxy_Rhino,-,707.08,-1.34,1073.62,0.0,122.18,0.45,15,0.0,2,0.0,13,0.0,0,0.0,13.33,0.0,2024-01-16,-,0,-
-,-,KingCarlos,-,706.97,-1.94,960.22,0.0,84.42,0.65,36,0.0,5,0.0,31,0.0,0,0.0,13.89,0.0,2022-09-04,-,0,-
-,-,BoMa85,-,705.74,-1.09,1156.53,0.0,150.26,0.36,6,0.0,0,0.0,6,0.0,0,0.0,0.0,0.0,2024-01-16,-,0,-
-,-,nihao,-,705.16,-1.67,998.9,0.0,97.91,0.56,18,0.0,0,0.0,18,0.0,0,0.0,0.0,0.0,2021-12-05,-,0,-
-,-,TwoJay,-,705.0,-1.36,1064.08,0.0,119.69,0.45,18,0.0,1,0.0,17,0.0,0,0.0,5.56,0.0,2020-06-28,-,0,-
-,-,rmrfusr,-,704.5,-0.84,1284.02,0.0,193.17,0.28,4,0.0,1,0.0,3,0.0,0,0.0,25.0,0.0,2021-11-15,-,0,-
-,-,greatestdecade,-,701.25,-1.77,978.41,0.0,92.38,0.59,18,0.0,0,0.0,18,0.0,0,0.0,0.0,0.0,2023-12-03,-,0,-
-,-,DukeofCarniola,-,700.92,-1.15,1124.89,0.0,141.32,0.38,6,0.0,0,0.0,6,0.0,0,0.0,0.0,0.0,2024-11-11,-,0,1287.0
1481,-40,SnoopyC4,-,700.48,-1.0,1188.09,0.0,162.54,0.33,6,0.0,0,0.0,6,0.0,0,0.0,0.0,0.0,2025-12-01,-,0,-
1482,-40,kynj,-,698.48,-1.44,1038.85,0.0,113.46,0.48,15,0.0,1,0.0,14,0.0,0,0.0,6.67,0.0,2025-12-17,-,0,-
1483,-40,deleted_user_5614334,-,697.86,-1.02,1178.85,0.0,160.33,0.34,6,0.0,0,0.0,6,0.0,0,0.0,0.0,0.0,2025-12-01,-,0,-
-,-,Rikitiki,-,697.22,-1.13,1129.68,0.0,144.15,0.38,6,0.0,0,0.0,6,0.0,0,0.0,0.0,0.0,2024-11-24,-,0,1287.0
-,-,xiaxud,-,695.93,-0.84,1277.6,0.0,193.89,0.28,4,0.0,1,0.0,3,0.0,0,0.0,25.0,0.0,2021-11-15,-,0,-
-,-,MarioG1,-,695.13,-0.92,1225.92,0.0,176.93,0.31,3,0.0,0,0.0,3,0.0,0,0.0,0.0,0.0,2024-04-14,-,0,-
1484,-40,HolyOne,-,695.07,-1.64,994.53,0.0,99.82,0.55,24,0.0,0,0.0,24,0.0,0,0.0,0.0,0.0,2025-12-05,-,0,1287.0
-,-,FOX23,-,693.06,-1.72,980.07,0.0,95.67,0.57,48,0.0,3,0.0,39,0.0,6,0.0,6.25,0.0,2025-02-28,-,0,1421.0
-,-,Qrzy,-,692.88,-0.76,1332.47,0.0,213.2,0.25,4,0.0,1,0.0,3,0.0,0,0.0,25.0,0.0,2021-11-15,-,0,-
-,-,BengtBapper,-,690.19,-1.65,987.11,0.0,98.97,0.55,18,0.0,0,0.0,18,0.0,0,0.0,0.0,0.0,2021-09-05,-,0,-
-,-,qkpbksdm,-,687.37,-1.0,1177.83,0.0,163.49,0.33,5,0.0,0,0.0,5,0.0,0,0.0,0.0,0.0,2024-02-11,-,0,-
-,-,matrozrabbi,-,686.61,-1.49,1016.19,0.0,109.86,0.5,30,0.0,0,0.0,30,0.0,0,0.0,0.0,0.0,2017-11-17,-,0,-
-,-,dub,-,685.96,-1.36,1045.15,0.0,119.73,0.45,18,0.0,1,0.0,17,0.0,0,0.0,5.56,0.0,2018-10-14,-,0,-
-,-,amaze,-,685.75,-1.78,961.92,0.0,92.06,0.59,24,0.0,4,0.0,17,0.0,3,0.0,16.67,0.0,2025-02-28,-,0,1435.0
-,-,Oanti,-,685.29,-1.3,1062.97,0.0,125.89,0.43,18,0.0,0,0.0,17,0.0,1,0.0,0.0,0.0,2020-06-28,-,0,-
1485,-40,chronos011,-,684.28,-1.18,1097.64,0.0,137.79,0.39,6,0.0,0,0.0,6,0.0,0,0.0,0.0,0.0,2025-12-01,-,0,-
-,-,issv,-,684.25,-1.65,982.2,0.0,99.32,0.55,18,0.0,0,0.0,17,0.0,1,0.0,0.0,0.0,2024-03-03,-,0,-
-,-,Tarasboula,-,684.17,-0.9,1226.74,0.0,180.86,0.3,4,0.0,0,0.0,4,0.0,0,0.0,0.0,0.0,2021-11-15,-,0,-
-,-,Loira,-,682.26,-0.87,1242.12,0.0,186.62,0.29,4,0.0,0,0.0,4,0.0,0,0.0,0.0,0.0,2021-11-15,-,0,-
-,-,Monacomat,-,680.77,-0.75,1332.47,0.0,217.23,0.25,4,0.0,1,0.0,3,0.0,0,0.0,25.0,0.0,2017-11-12,-,0,-
-,-,Igor_TheGreatest,-,680.0,-1.64,979.04,0.0,99.68,0.55,18,0.0,0,0.0,17,0.0,1,0.0,0.0,0.0,2022-06-05,-,0,-
-,-,SimonLaycock,-,679.61,-0.65,1432.67,0.0,251.02,0.22,2,0.0,1,0.0,1,0.0,0,0.0,50.0,0.0,2025-01-04,-,0,-
-,-,Esqarrouth,-,679.09,-1.14,1109.96,0.0,143.62,0.38,6,0.0,0,0.0,6,0.0,0,0.0,0.0,0.0,2024-05-15,-,0,-
-,-,Lahila,-,678.46,-1.7,967.82,0.0,96.46,0.57,36,0.0,2,0.0,33,0.0,1,0.0,5.56,0.0,2021-11-23,-,0,-
-,-,Weasel69,-,678.3,-1.37,1036.45,0.0,119.38,0.46,12,0.0,0,0.0,10,0.0,2,0.0,0.0,0.0,2022-11-30,-,0,-
-,-,xiangyi,-,675.62,-0.83,1266.33,0.0,196.9,0.28,4,0.0,1,0.0,2,0.0,1,0.0,25.0,0.0,2021-11-15,-,0,-
-,-,WWG1WGA,-,674.33,-1.06,1135.61,0.0,153.76,0.35,12,0.0,4,0.0,8,0.0,0,0.0,33.33,0.0,2020-08-09,-,0,-
-,-,MrCl0ud,-,674.14,-0.87,1239.33,0.0,188.4,0.29,4,0.0,0,0.0,4,0.0,0,0.0,0.0,0.0,2021-11-15,-,0,-
-,-,DEATH,-,672.89,-0.85,1246.67,0.0,191.26,0.28,6,0.0,1,0.0,5,0.0,0,0.0,16.67,0.0,2017-10-27,-,0,-
-,-,jarosz,-,672.79,-0.92,1205.66,0.0,177.62,0.31,4,0.0,0,0.0,4,0.0,0,0.0,0.0,0.0,2021-11-15,-,0,-
-,-,czosy,-,670.1,-0.85,1248.66,0.0,192.85,0.28,4,0.0,1,0.0,3,0.0,0,0.0,25.0,0.0,2021-11-15,-,0,-
-,-,Rwhite88,-,669.21,-1.39,1020.85,0.0,117.21,0.46,18,0.0,1,0.0,16,0.0,1,0.0,5.56,0.0,2019-12-30,-,0,-
1486,-39,Gandalf86,-,668.44,-1.02,1147.45,0.0,159.67,0.34,6,0.0,0,0.0,6,0.0,0,0.0,0.0,0.0,2025-12-01,-,0,-
-,-,C4nt3r,-,666.78,-1.57,979.46,0.0,104.23,0.52,18,0.0,0,0.0,18,0.0,0,0.0,0.0,0.0,2020-12-06,-,0,-
-,-,Sucaaaa,-,666.72,-0.86,1237.7,0.0,190.33,0.29,4,0.0,0,0.0,4,0.0,0,0.0,0.0,0.0,2021-11-15,-,0,-
-,-,withmuzic,-,666.22,-0.92,1200.37,0.0,178.05,0.31,6,0.0,1,0.0,5,0.0,0,0.0,16.67,0.0,2018-12-17,-,0,-
-,-,dchampoy,-,666.04,-1.58,977.3,0.0,103.76,0.53,18,0.0,0,0.0,18,0.0,0,0.0,0.0,0.0,2020-12-06,-,0,-
-,-,sps,-,665.87,-1.2,1074.09,0.0,136.07,0.4,7,0.0,0,0.0,7,0.0,0,0.0,0.0,0.0,2025-02-13,-,0,1435.0
-,-,FLIIIPER,-,664.34,-1.26,1054.08,0.0,129.91,0.42,18,0.0,3,0.0,15,0.0,0,0.0,16.67,0.0,2020-06-28,-,0,-
-,-,pidzi,-,664.27,-1.58,974.0,0.0,103.24,0.53,18,0.0,0,0.0,18,0.0,0,0.0,0.0,0.0,2022-06-05,-,0,-
-,-,Fair_Kate,-,663.37,-1.47,997.25,0.0,111.29,0.49,12,0.0,0,0.0,11,0.0,1,0.0,0.0,0.0,2023-08-31,-,0,-
-,-,rachpablo182,-,662.96,-1.3,1039.5,0.0,125.51,0.43,12,0.0,1,0.0,11,0.0,0,0.0,8.33,0.0,2024-12-06,-,0,1287.0
1487,-39,UgoNuma,-,660.71,-1.4,1010.74,0.0,116.67,0.47,15,0.0,0,0.0,15,0.0,0,0.0,0.0,0.0,2025-12-08,-,0,-
-,-,Cholismo89,-,659.93,-1.64,959.17,0.0,99.75,0.55,30,0.0,0,0.0,27,0.0,3,0.0,0.0,0.0,2021-03-02,-,0,-
-,-,Juangiraldo11,-,659.14,-0.83,1246.59,0.0,195.82,0.28,4,0.0,0,0.0,3,0.0,1,0.0,0.0,0.0,2021-11-15,-,0,-
-,-,Sharky22,-,658.43,-0.84,1239.47,0.0,193.68,0.28,4,0.0,0,0.0,4,0.0,0,0.0,0.0,0.0,2021-11-15,-,0,-
-,-,suburbius,-,651.96,-1.85,917.24,0.0,88.43,0.62,60,0.0,4,0.0,56,0.0,0,0.0,6.67,0.0,2020-12-06,-,0,-
-,-,Crazybrandon,-,646.4,-1.61,950.67,0.0,101.42,0.54,18,0.0,0,0.0,17,0.0,1,0.0,0.0,0.0,2023-02-05,-,0,-
-,-,Deect,-,646.32,-1.65,943.98,0.0,99.22,0.55,18,0.0,0,0.0,17,0.0,1,0.0,0.0,0.0,2022-03-06,-,0,-
-,-,Srbak,-,645.2,-0.99,1137.67,0.0,164.15,0.33,6,0.0,0,0.0,6,0.0,0,0.0,0.0,0.0,2024-01-16,-,0,-
-,-,Pietro,-,643.18,-1.46,978.33,0.0,111.72,0.49,29,0.0,2,0.0,26,0.0,1,0.0,6.9,0.0,2023-05-14,-,0,1388.0
-,-,Orissai,-,641.68,-1.14,1072.4,0.0,143.57,0.38,6,0.0,0,0.0,6,0.0,0,0.0,0.0,0.0,2024-11-19,-,0,1287.0
-,-,tigeralleycat,-,639.47,-1.49,967.54,0.0,109.36,0.5,18,0.0,3,0.0,15,0.0,0,0.0,16.67,0.0,2020-12-06,-,0,-
-,-,zakalwe,-,636.9,-0.85,1214.06,0.0,192.39,0.28,4,0.0,0,0.0,4,0.0,0,0.0,0.0,0.0,2021-11-15,-,0,-
-,-,Goatonhillside,-,634.67,-1.14,1064.22,0.0,143.18,0.38,6,0.0,0,0.0,6,0.0,0,0.0,0.0,0.0,2024-11-17,-,0,1287.0
-,-,Terrill,-,634.2,-0.82,1232.75,0.0,199.52,0.27,4,0.0,0,0.0,4,0.0,0,0.0,0.0,0.0,2021-11-15,-,0,-
-,-,Fleron,-,631.81,-1.17,1050.27,0.0,139.49,0.39,12,0.0,2,0.0,10,0.0,0,0.0,16.67,0.0,2020-11-27,-,0,-
1488,-39,Oluwatobi,-,629.63,-1.22,1030.67,0.0,133.68,0.41,7,0.0,0,0.0,7,0.0,0,0.0,0.0,0.0,2026-02-15,-,0,-
-,-,diverhawks,-,627.55,-1.59,935.0,0.0,102.48,0.53,18,0.0,0,0.0,18,0.0,0,0.0,0.0,0.0,2021-09-05,-,0,-
-,-,Zeider,-,627.47,-0.85,1204.76,0.0,192.43,0.28,6,0.0,1,0.0,5,0.0,0,0.0,16.67,0.0,2018-02-18,-,0,-
-,-,Simnel,-,627.37,-1.04,1096.78,0.0,156.47,0.35,6,0.0,0,0.0,6,0.0,0,0.0,0.0,0.0,2024-01-16,-,0,-
-,-,jadeuk,-,623.26,-1.56,938.22,0.0,104.99,0.52,18,0.0,0,0.0,17,0.0,1,0.0,0.0,0.0,2021-06-02,-,0,-
-,-,Willoo,-,622.54,-0.88,1180.86,0.0,186.1,0.29,4,0.0,0,0.0,4,0.0,0,0.0,0.0,0.0,2021-11-15,-,0,-
-,-,FatherMatthew,-,621.75,-0.86,1193.21,0.0,190.49,0.29,4,0.0,0,0.0,4,0.0,0,0.0,0.0,0.0,2021-11-15,-,0,-
-,-,red,-,619.96,-1.21,1023.53,0.0,134.52,0.4,8,0.0,0,0.0,8,0.0,0,0.0,0.0,0.0,2025-01-17,-,0,-
-,-,Mysticum,-,617.31,-0.88,1176.01,0.0,186.23,0.29,4,0.0,0,0.0,4,0.0,0,0.0,0.0,0.0,2021-11-15,-,0,-
1489,-39,uhujb,-,616.38,-1.63,916.8,0.0,100.14,0.54,20,0.0,0,0.0,18,0.0,2,0.0,0.0,0.0,2025-10-11,-,0,-
-,-,Bethesda,-,615.85,-1.46,952.51,0.0,112.22,0.49,18,0.0,0,0.0,15,0.0,3,0.0,0.0,0.0,2021-06-02,-,0,-
-,-,Mscislaw,-,613.24,-1.26,1002.99,0.0,129.92,0.42,18,0.0,2,0.0,15,0.0,1,0.0,11.11,0.0,2020-06-28,-,0,-
-,-,leellz,-,612.22,-0.88,1166.98,0.0,184.92,0.29,4,0.0,0,0.0,4,0.0,0,0.0,0.0,0.0,2021-11-15,-,0,-
-,-,Marcin85,-,609.38,-0.81,1215.34,0.0,201.99,0.27,4,0.0,1,0.0,3,0.0,0,0.0,25.0,0.0,2021-11-15,-,0,-
-,-,Jenny909,-,608.65,-1.33,977.13,0.0,122.83,0.44,12,0.0,0,0.0,12,0.0,0,0.0,0.0,0.0,2022-02-25,-,0,-
-,-,ShepherdOfSheep,-,608.46,-1.26,997.73,0.0,129.76,0.42,12,0.0,0,0.0,12,0.0,0,0.0,0.0,0.0,2020-11-16,-,0,-
-,-,ppatrickme9,-,607.28,-1.55,922.62,0.0,105.11,0.52,18,0.0,3,0.0,15,0.0,0,0.0,16.67,0.0,2022-09-04,-,0,-
-,-,H4Y3K,-,607.18,-1.9,866.05,0.0,86.29,0.63,55,0.0,1,0.0,54,0.0,0,0.0,1.82,0.0,2024-01-16,-,0,-
1490,-39,8469282,-,606.71,-1.03,1082.37,0.0,158.55,0.34,6,0.0,0,0.0,4,0.0,2,0.0,0.0,0.0,2025-08-31,-,0,-
-,-,Marcin82,-,605.92,-1.18,1020.39,0.0,138.16,0.39,12,0.0,0,0.0,12,0.0,0,0.0,0.0,0.0,2020-08-05,-,0,-
-,-,gm416684729,-,604.87,-0.85,1177.18,0.0,190.77,0.28,4,0.0,0,0.0,4,0.0,0,0.0,0.0,0.0,2021-11-15,-,0,-
-,-,Potti,-,604.83,-1.59,913.02,0.0,102.73,0.53,18,0.0,0,0.0,15,0.0,3,0.0,0.0,0.0,2021-12-05,-,0,-
-,-,ching_chong,-,603.91,-1.39,957.22,0.0,117.77,0.46,14,0.0,0,0.0,13,0.0,1,0.0,0.0,0.0,2024-02-17,-,0,-
-,-,amsuska,-,599.66,-0.8,1213.8,0.0,204.71,0.27,4,0.0,0,0.0,4,0.0,0,0.0,0.0,0.0,2021-11-15,-,0,-
-,-,saet1a,-,599.35,-1.31,971.96,0.0,124.2,0.44,15,0.0,1,0.0,14,0.0,0,0.0,6.67,0.0,2024-01-16,-,0,-
-,-,WhiteKnight1987,-,596.22,-1.63,896.85,0.0,100.21,0.54,18,0.0,0,0.0,18,0.0,0,0.0,0.0,0.0,2022-03-06,-,0,-
-,-,Levente1989,-,595.67,-1.11,1037.07,0.0,147.13,0.37,6,0.0,0,0.0,6,0.0,0,0.0,0.0,0.0,2024-11-15,-,0,1287.0
-,-,Gontz,-,594.1,-1.22,995.72,0.0,133.87,0.41,12,0.0,0,0.0,12,0.0,0,0.0,0.0,0.0,2020-11-19,-,0,-
-,-,busti,BE,591.58,-42.72,1450.73,0.0,286.38,14.24,225,0.0,149,0.0,76,0.0,0,0.0,66.22,0.0,2023-11-17,-,0,-
-,-,godpepper,-,591.44,-0.89,1139.52,0.0,182.7,0.3,4,0.0,0,0.0,4,0.0,0,0.0,0.0,0.0,2021-11-15,-,0,-
-,-,DeNu,-,591.17,-1.4,941.66,0.0,116.83,0.47,12,0.0,0,0.0,12,0.0,0,0.0,0.0,0.0,2022-05-26,-,0,-
-,-,Nemo233,-,586.67,-1.5,914.23,0.0,109.19,0.5,18,0.0,2,0.0,16,0.0,0,0.0,11.11,0.0,2020-12-06,-,0,-
-,-,Nagas,-,585.42,-0.9,1127.9,0.0,180.83,0.3,4,0.0,0,0.0,4,0.0,0,0.0,0.0,0.0,2021-11-15,-,0,-
-,-,9275835,-,584.72,-1.2,993.05,0.0,136.11,0.4,8,0.0,0,0.0,7,0.0,1,0.0,0.0,0.0,2024-12-31,-,0,-
-,-,Reif,-,581.66,-1.47,914.23,0.0,110.86,0.49,18,0.0,0,0.0,18,0.0,0,0.0,0.0,0.0,2020-09-27,-,0,-
-,-,beeri,-,576.5,-1.6,883.34,0.0,102.28,0.53,20,0.0,0,0.0,20,0.0,0,0.0,0.0,0.0,2023-03-05,-,0,-
-,-,Xevi,-,574.55,-1.5,901.95,0.0,109.13,0.5,18,0.0,0,0.0,16,0.0,2,0.0,0.0,0.0,2020-12-06,-,0,-
-,-,Eroticus,-,574.12,-1.46,909.46,0.0,111.78,0.49,36,0.0,0,0.0,36,0.0,0,0.0,0.0,0.0,2018-10-14,-,0,-
-,-,gh1,-,574.11,-1.51,898.09,0.0,107.99,0.5,18,0.0,0,0.0,18,0.0,0,0.0,0.0,0.0,2021-06-02,-,0,-
-,-,mladodoc,-,573.55,-1.34,939.22,0.0,121.89,0.45,15,0.0,2,0.0,13,0.0,0,0.0,13.33,0.0,2024-01-16,-,0,-
-,-,Felis33,-,571.52,-0.96,1083.3,0.0,170.59,0.32,6,0.0,1,0.0,5,0.0,0,0.0,16.67,0.0,2023-04-16,-,0,-
-,-,SeThLaY,-,570.59,-0.89,1120.01,0.0,183.14,0.3,6,0.0,0,0.0,6,0.0,0,0.0,0.0,0.0,2024-11-28,-,0,1287.0
-,-,Slavik2,-,568.41,-1.42,914.58,0.0,115.39,0.47,12,0.0,0,0.0,12,0.0,0,0.0,0.0,0.0,2023-11-22,-,0,-
-,-,MasterToT,-,568.18,-0.78,1197.97,0.0,209.93,0.26,2,0.0,0,0.0,2,0.0,0,0.0,0.0,0.0,2023-05-14,-,0,-
-,-,joejones,-,564.47,-0.97,1070.58,0.0,168.7,0.32,6,0.0,0,0.0,6,0.0,0,0.0,0.0,0.0,2024-01-16,-,0,-
-,-,dogrockbeeboy,-,564.08,-0.97,1067.51,0.0,167.81,0.32,8,0.0,0,0.0,6,0.0,2,0.0,0.0,0.0,2024-01-16,-,0,-
-,-,skwaeron,-,563.73,-1.41,911.71,0.0,115.99,0.47,18,0.0,0,0.0,18,0.0,0,0.0,0.0,0.0,2019-12-30,-,0,-
1491,-39,ukrseaman,-,561.64,-1.84,827.78,0.0,88.71,0.61,38,0.0,0,0.0,38,0.0,0,0.0,0.0,0.0,2026-01-06,-,0,-
-,-,Ssimpson,-,561.19,-1.45,899.03,0.0,112.61,0.48,18,0.0,0,0.0,18,0.0,0,0.0,0.0,0.0,2020-09-27,-,0,-
1492,-39,onion777,-,558.57,-0.71,1243.14,0.0,228.19,0.24,3,0.0,0,0.0,3,0.0,0,0.0,0.0,0.0,2025-08-11,-,0,-
-,-,Utah7,-,551.36,-0.78,1178.36,0.0,209.0,0.26,3,0.0,0,0.0,3,0.0,0,0.0,0.0,0.0,2024-11-19,-,0,-
-,-,deleted_user_4359608,-,548.91,-1.26,937.81,0.0,129.63,0.42,12,0.0,0,0.0,11,0.0,1,0.0,0.0,0.0,2024-03-17,-,0,-
-,-,Dantes2180,-,548.62,-0.88,1102.84,0.0,184.74,0.29,6,0.0,0,0.0,4,0.0,2,0.0,0.0,0.0,2024-01-16,-,0,-
-,-,Jeff_Ffej,-,544.67,-1.34,911.24,0.0,122.19,0.45,15,0.0,0,0.0,15,0.0,0,0.0,0.0,0.0,2024-01-16,-,0,-
-,-,boheg,-,542.63,-1.38,898.78,0.0,118.72,0.46,11,0.0,0,0.0,11,0.0,0,0.0,0.0,0.0,2024-10-31,-,0,-
-,-,Calineczkaeu,-,540.69,-1.08,994.68,0.0,151.33,0.36,6,0.0,0,0.0,6,0.0,0,0.0,0.0,0.0,2024-11-15,-,0,1287.0
-,-,thedayne,-,536.6,-1.69,827.59,0.0,97.0,0.56,43,0.0,0,0.0,43,0.0,0,0.0,0.0,0.0,2023-01-15,-,0,-
-,-,number1boy,-,534.38,-0.85,1112.95,0.0,192.86,0.28,4,0.0,0,0.0,4,0.0,0,0.0,0.0,0.0,2021-11-15,-,0,-
-,-,RoOlf,-,533.83,-0.83,1124.54,0.0,196.9,0.28,4,0.0,0,0.0,3,0.0,1,0.0,0.0,0.0,2021-11-15,-,0,-
-,-,ManOfSorrows,-,532.98,-0.84,1118.06,0.0,195.03,0.28,4,0.0,0,0.0,4,0.0,0,0.0,0.0,0.0,2021-11-15,-,0,-
1493,-39,denatale,-,531.39,-0.97,1038.59,0.0,169.06,0.32,6,0.0,0,0.0,4,0.0,2,0.0,0.0,0.0,2025-12-01,-,0,-
-,-,or0b0to,-,526.49,-1.28,908.79,0.0,127.43,0.43,15,0.0,1,0.0,14,0.0,0,0.0,6.67,0.0,2024-01-16,-,0,-
-,-,RobinBanks,-,526.01,-1.35,888.58,0.0,120.86,0.45,24,0.0,1,0.0,23,0.0,0,0.0,4.17,0.0,2021-05-26,-,0,-
-,-,Gina72,-,525.35,-0.76,1164.94,0.0,213.2,0.25,4,0.0,0,0.0,4,0.0,0,0.0,0.0,0.0,2021-11-15,-,0,-
-,-,OfficerJoe,-,520.25,-0.84,1103.15,0.0,194.3,0.28,4,0.0,0,0.0,4,0.0,0,0.0,0.0,0.0,2021-11-15,-,0,-
-,-,lauch,DE,514.82,-0.99,1009.2,0.0,164.79,0.33,6,0.0,0,0.0,5,0.0,1,0.0,0.0,0.0,2024-01-16,-,0,-
-,-,cvxmsdup,-,512.02,-0.73,1180.4,0.0,222.79,0.24,2,0.0,0,0.0,2,0.0,0,0.0,0.0,0.0,2023-07-15,-,0,-
-,-,deleted_user_9720913,-,511.37,-1.41,860.02,0.0,116.22,0.47,12,0.0,0,0.0,12,0.0,0,0.0,0.0,0.0,2024-05-27,-,0,-
1494,-39,EnrySally,-,511.27,-0.97,1015.6,0.0,168.11,0.32,6,0.0,0,0.0,6,0.0,0,0.0,0.0,0.0,2025-12-01,-,0,-
-,-,shuihan,-,510.55,-1.38,865.63,0.0,118.36,0.46,18,0.0,0,0.0,18,0.0,0,0.0,0.0,0.0,2020-09-27,-,0,-
-,-,DustInMadness,-,509.34,-0.71,1200.37,0.0,230.34,0.24,3,0.0,0,0.0,3,0.0,0,0.0,0.0,0.0,2023-07-15,-,0,-
-,-,xbusti,-,506.52,-0.81,1113.13,0.0,202.2,0.27,4,0.0,0,0.0,4,0.0,0,0.0,0.0,0.0,2021-11-15,-,0,-
-,-,vrhpires,-,505.46,-1.35,867.94,0.0,120.83,0.45,18,0.0,0,0.0,18,0.0,0,0.0,0.0,0.0,2020-09-27,-,0,-
-,-,Imperator,-,504.16,-0.99,996.37,0.0,164.07,0.33,5,0.0,0,0.0,5,0.0,0,0.0,0.0,0.0,2025-02-01,-,0,-
-,-,Starflower,-,502.47,-1.26,892.23,0.0,129.92,0.42,18,0.0,0,0.0,17,0.0,1,0.0,0.0,0.0,2020-06-28,-,0,-
-,-,GuilleNCP,-,496.14,-0.77,1132.85,0.0,212.24,0.26,4,0.0,2,0.0,2,0.0,0,0.0,50.0,0.0,2023-04-16,-,0,-
-,-,Rouming,RU,495.12,-1.0,983.73,0.0,162.87,0.33,6,0.0,0,0.0,6,0.0,0,0.0,0.0,0.0,2024-01-16,-,0,-
1495,-39,luoxiaobai,-,493.41,-1.0,980.71,0.0,162.43,0.33,6,0.0,0,0.0,5,0.0,1,0.0,0.0,0.0,2025-12-01,-,0,-
1496,new,DucciEmi,-,492.47,42.47,1252.68,-247.32,253.4,253.4,2,2.0,0,0.0,2,2.0,0,0.0,0.0,0.0,2026-05-15,-,0,-
1497,-40,D.C.A,-,491.87,-0.65,1247.43,0.0,251.85,0.22,2,0.0,0,0.0,1,0.0,1,0.0,0.0,0.0,2025-10-10,-,0,-
1498,-40,bodyontheocean,-,491.83,-0.64,1252.68,0.0,253.62,0.21,2,0.0,0,0.0,2,0.0,0,0.0,0.0,0.0,2026-02-05,-,0,-
-,-,Kaaz,-,477.82,-1.55,794.17,0.0,105.45,0.52,20,0.0,0,0.0,20,0.0,0,0.0,0.0,0.0,2023-03-05,-,0,-
-,-,Mercury777,-,472.2,-0.98,969.9,0.0,165.9,0.33,6,0.0,0,0.0,6,0.0,0,0.0,0.0,0.0,2024-01-16,-,0,-
1499,-40,Fr3nChi,-,468.74,-0.74,1131.93,0.0,221.06,0.25,2,0.0,0,0.0,2,0.0,0,0.0,0.0,0.0,2025-12-25,-,0,-
1500,-40,JVCSC,-,463.04,-1.35,825.2,0.0,120.72,0.45,24,0.0,0,0.0,24,0.0,0,0.0,0.0,0.0,2025-12-01,-,0,-
-,-,Patrickdsp7,-,461.27,-1.18,877.82,0.0,138.85,0.39,12,0.0,0,0.0,12,0.0,0,0.0,0.0,0.0,2020-11-22,-,0,-
-,-,nuvolaz,-,453.83,-33.72,1094.62,0.0,213.6,11.24,371,0.0,158,0.0,212,0.0,1,0.0,42.59,0.0,2024-02-23,-,0,-
-,-,Phlegm,-,453.03,-1.3,830.73,0.0,125.9,0.43,15,0.0,2,0.0,13,0.0,0,0.0,13.33,0.0,2024-01-16,-,0,-
-,-,deleted_user_7683175,-,449.3,-0.91,984.82,0.0,178.51,0.3,6,0.0,0,0.0,6,0.0,0,0.0,0.0,0.0,2024-01-16,-,0,-
-,-,Rahul,-,444.46,-1.18,860.65,0.0,138.73,0.39,12,0.0,1,0.0,11,0.0,0,0.0,8.33,0.0,2019-08-04,-,0,-
-,-,GameTroll,-,442.97,-0.99,938.78,0.0,165.27,0.33,6,0.0,0,0.0,6,0.0,0,0.0,0.0,0.0,2024-01-16,-,0,-
-,-,Lordsmile,-,435.13,-0.91,970.23,0.0,178.37,0.3,6,0.0,0,0.0,6,0.0,0,0.0,0.0,0.0,2024-01-16,-,0,-
-,-,King11,-,430.82,-1.69,720.57,0.0,96.59,0.56,94,0.0,0,0.0,89,0.0,5,0.0,0.0,0.0,2023-06-04,-,0,-
1501,new,Benedonuss,-,428.85,-21.15,926.66,-573.34,165.94,165.94,6,6.0,0,0.0,5,5.0,1,1.0,0.0,0.0,2026-05-09,-,0,-
-,-,Roms90,-,427.66,-1.45,766.89,0.0,113.08,0.48,18,0.0,0,0.0,15,0.0,3,0.0,0.0,0.0,2021-03-02,-,0,-
1502,-41,Szymon767,-,425.51,-1.43,769.02,0.0,114.51,0.48,26,0.0,1,0.0,23,0.0,2,0.0,3.85,0.0,2025-12-01,-,0,-
1503,new,Spiderodra,-,412.05,-37.95,1005.35,-494.65,197.76,197.76,3,3.0,0,0.0,3,3.0,0,0.0,0.0,0.0,2026-04-24,-,0,-
-,-,Small_sips,-,408.39,-0.9,950.25,0.0,180.62,0.3,6,0.0,0,0.0,6,0.0,0,0.0,0.0,0.0,2024-01-16,-,0,-
-,-,Top8,-,406.31,-0.64,1165.18,0.0,252.96,0.21,2,0.0,0,0.0,2,0.0,0,0.0,0.0,0.0,2024-09-22,-,0,-
-,-,Topalogy,-,376.09,-0.88,929.82,0.0,184.58,0.29,6,0.0,0,0.0,6,0.0,0,0.0,0.0,0.0,2024-01-16,-,0,-
1504,new,Vincera,-,363.36,-86.64,1099.21,-400.79,245.28,245.28,2,2.0,0,0.0,2,2.0,0,0.0,0.0,0.0,2026-05-18,-,0,-
-,-,Lobbakak,-,355.97,-1.42,701.99,0.0,115.34,0.47,18,0.0,0,0.0,18,0.0,0,0.0,0.0,0.0,2020-12-06,-,0,-
1505,new,Teadiddy14,-,350.67,-99.33,1090.98,-409.02,246.77,246.77,2,2.0,0,0.0,2,2.0,0,0.0,0.0,0.0,2026-05-31,-,0,-
-,-,Juanitosssss,-,348.58,-1.06,809.88,0.0,153.77,0.35,12,0.0,0,0.0,12,0.0,0,0.0,0.0,0.0,2020-08-07,-,0,-
-,-,Mirefox,-,348.58,-1.06,809.88,0.0,153.77,0.35,12,0.0,0,0.0,12,0.0,0,0.0,0.0,0.0,2020-08-09,-,0,-
-,-,Dante870502,-,332.38,-0.68,1052.84,0.0,240.16,0.23,2,0.0,0,0.0,2,0.0,0,0.0,0.0,0.0,2023-03-05,-,0,-
-,-,Eysteinh,-,330.25,-1.24,725.89,0.0,131.88,0.41,12,0.0,0,0.0,12,0.0,0,0.0,0.0,0.0,2023-05-28,-,0,-
-,-,PengenCurry,-,317.78,-1.28,701.04,0.0,127.75,0.43,12,0.0,0,0.0,12,0.0,0,0.0,0.0,0.0,2023-11-24,-,0,-
1506,new,altiSocke,-,308.12,-141.88,1005.87,-494.13,232.58,232.58,2,2.0,0,0.0,2,2.0,0,0.0,0.0,0.0,2026-04-16,-,0,-
-,-,Storzo,-,295.73,-1.1,739.63,0.0,147.97,0.37,12,0.0,0,0.0,12,0.0,0,0.0,0.0,0.0,2019-11-10,-,0,-
1507,new,GnoseR,-,249.09,-200.91,1033.15,-466.85,261.35,261.35,2,2.0,0,0.0,2,2.0,0,0.0,0.0,0.0,2026-05-19,-,0,-
-,-,wapper,-,217.72,-1.07,676.59,0.0,152.95,0.36,12,0.0,0,0.0,11,0.0,1,0.0,0.0,0.0,2024-06-16,-,0,-
-,-,Turkuee,-,187.12,-0.67,924.62,0.0,245.83,0.22,4,0.0,1,0.0,3,0.0,0,0.0,25.0,0.0,2023-10-05,-,0,-
-,-,TheExiledPrince,-,183.65,-1.22,585.91,0.0,134.08,0.41,24,0.0,0,0.0,24,0.0,0,0.0,0.0,0.0,2021-05-26,-,0,-
-,-,Atheas,-,92.51,-0.64,860.9,0.0,256.13,0.21,2,0.0,0,0.0,2,0.0,0,0.0,0.0,0.0,2024-12-07,-,0,-
