Rank,Rank Δ,Player,Code,C Rating,C Rating Δ,Rating,Rating Δ,RD,RD Δ,Opps,Opps Δ,Ws,Ws Δ,Ls,Ls Δ,Ds,Ds Δ,W%,W% Δ,Last Played,Title,Title Count,Leaderboard Rank
1,0,Weidenbaum,DE,1934.26,-21.73,2056.34,-24.4,40.69,-0.89,147,12.0,110,7.0,37,5.0,0,0.0,74.83,-1.47,2026-05-25,GM,27,10.0
2,0,Martin_Pecheur,FR,1934.17,13.04,2043.58,12.01,36.47,-0.35,188,10.0,135,8.0,51,2.0,2,0.0,71.81,0.46,2026-05-21,GM,15,1.0
3,0,saru,CN,1913.88,14.76,2014.72,14.88,33.62,0.04,237,10.0,175,8.0,60,2.0,2,0.0,73.84,0.27,2026-05-27,M,3,4.0
-,-,Ender_Wiggin,CN,1912.38,-1.96,2164.23,0.0,83.95,0.65,30,0.0,26,0.0,3,0.0,1,0.0,86.67,0.0,2022-07-01,-,0,-
4,unretired,SandHippo,CN,1898.52,12.46,2090.67,10.19,64.05,-0.76,49,3.0,36,3.0,13,0.0,0,0.0,73.47,1.73,2026-05-18,-,0,238.0
5,2,yaop,CN,1897.96,32.85,2036.8,20.43,46.28,-4.14,86,13.0,71,10.0,15,3.0,0,0.0,82.56,-1.0,2026-05-28,G,1,28.0
-,-,vanishadow,CN,1890.05,-2.59,2080.28,0.0,63.41,0.86,51,0.0,36,0.0,14,0.0,1,0.0,70.59,0.0,2025-02-10,-,0,88.0
6,-2,pv4,BE,1884.44,-11.79,1997.1,-14.14,37.55,-0.78,138,10.0,87,4.0,46,6.0,5,0.0,63.04,-1.8,2026-05-15,GM,14,3.0
7,-1,Grozz,RU,1881.57,5.14,1997.07,0.57,38.5,-1.52,130,13.0,96,8.0,33,5.0,1,0.0,73.85,-1.36,2026-05-18,M,1,6.0
8,-3,DANeo,DE,1880.26,-7.14,2000.04,-10.42,39.93,-1.09,130,10.0,90,5.0,39,5.0,1,0.0,69.23,-1.6,2026-05-16,GM,3,7.0
-,-,Genghisip,UA,1869.83,-2.36,2077.91,0.0,69.36,0.79,51,0.0,40,0.0,7,0.0,4,0.0,78.43,0.0,2024-09-10,GM,9,27.0
-,-,GZ95,CN,1864.01,-2.17,2090.69,0.0,75.56,0.72,37,0.0,35,0.0,2,0.0,0,0.0,94.59,0.0,2024-08-11,-,0,1106.0
9,-1,Arne,DE,1848.17,16.98,1977.63,7.36,43.15,-3.21,89,13.0,60,8.0,29,5.0,0,0.0,67.42,-1.0,2026-05-18,M,4,14.0
10,3,wolvs,UA,1839.61,23.29,1946.16,22.71,35.52,-0.19,208,10.0,144,9.0,63,1.0,1,0.0,69.23,1.05,2026-05-16,GM,3,5.0
-,-,Airren,US,1838.39,-1.8,2110.52,0.0,90.71,0.6,22,0.0,18,0.0,4,0.0,0,0.0,81.82,0.0,2024-08-11,GM,5,622.0
11,6,Vovka,UA,1834.06,33.57,1989.58,15.63,51.84,-5.98,59,13.0,46,10.0,13,3.0,0,0.0,77.97,-0.29,2026-05-23,-,0,43.0
12,-1,FirstOfDao,CN,1832.14,14.29,1931.31,12.87,33.06,-0.47,216,15.0,143,12.0,72,3.0,1,0.0,66.2,1.03,2026-05-31,P,2,29.0
13,-4,Eepogi,FI,1824.6,-4.02,1947.04,0.0,40.81,1.34,125,0.0,83,0.0,40,0.0,2,0.0,66.4,0.0,2026-01-10,GM,1,2.0
14,-4,Palino,SK,1821.54,-2.43,2024.38,0.0,67.61,0.81,46,0.0,37,0.0,9,0.0,0,0.0,80.43,0.0,2025-10-11,GM,5,77.0
15,-3,Plunderteig,CN,1815.88,-1.83,2084.43,0.0,89.52,0.61,21,0.0,19,0.0,2,0.0,0,0.0,90.48,0.0,2025-10-11,-,0,102.0
16,4,Majondor,AU,1812.06,31.67,1952.46,18.39,46.8,-4.43,74,13.0,50,10.0,24,3.0,0,0.0,67.57,2.0,2026-05-21,GM,5,8.0
-,-,megumi,CN,1809.57,-2.65,1994.61,0.0,61.68,0.88,48,0.0,33,0.0,15,0.0,0,0.0,68.75,0.0,2025-05-14,-,0,90.0
17,-2,ben0728,KR,1805.85,1.5,1911.53,2.5,35.23,0.33,200,9.0,135,7.0,65,2.0,0,0.0,67.5,0.48,2026-05-13,-,0,19.0
-,-,Himmelstosh,RU,1801.48,-2.41,2006.05,0.0,68.19,0.8,55,0.0,41,0.0,13,0.0,1,0.0,74.55,0.0,2024-07-15,GM,1,-
18,3,Wawrzyniec,PL,1799.54,20.12,1980.52,10.99,60.33,-3.05,59,6.0,43,5.0,16,1.0,0,0.0,72.88,1.18,2026-05-17,GM,8,94.0
19,-5,Dazzy,CN,1798.15,-10.94,1895.19,-10.89,32.35,0.02,236,13.0,145,6.0,89,7.0,2,0.0,61.44,-0.89,2026-05-23,M,2,20.0
20,-4,pajada,CZ,1796.31,-6.13,1919.18,-5.57,40.95,0.19,129,6.0,89,4.0,40,2.0,0,0.0,68.99,-0.12,2026-05-21,GM,11,12.0
21,1,totsilence,DE,1788.76,10.4,1918.57,9.29,43.27,-0.37,139,6.0,91,5.0,46,1.0,2,0.0,65.47,0.81,2026-05-27,GM,2,9.0
22,-4,Wanderlust,CN,1778.65,-3.6,1918.52,0.0,46.62,1.2,85,0.0,59,0.0,26,0.0,0,0.0,69.41,0.0,2025-11-30,-,0,25.0
23,9,zoldaria,US,1777.76,34.62,1973.41,19.87,65.22,-4.92,37,6.0,28,5.0,9,1.0,0,0.0,75.68,1.49,2026-05-17,-,0,288.0
24,1,Drikhen,EE,1777.4,15.52,1966.96,5.52,63.19,-3.33,48,6.0,39,5.0,8,1.0,1,0.0,81.25,0.3,2026-05-20,-,0,226.0
25,-6,Lcfyx,FR,1777.34,-3.91,1903.95,0.0,42.2,1.3,123,0.0,74,0.0,49,0.0,0,0.0,60.16,0.0,2025-11-10,M,5,16.0
-,-,Sugoi,CA,1775.75,-2.73,1957.14,0.0,60.46,0.91,66,0.0,48,0.0,18,0.0,0,0.0,72.73,0.0,2024-07-01,P,2,-
26,-2,Brightfuture,RU,1774.4,7.12,1889.09,9.62,38.23,0.83,175,4.0,119,4.0,54,0.0,2,0.0,68.0,0.75,2026-05-26,P,7,48.0
27,1,Gilgamesh2,NL,1769.77,18.16,1899.48,11.59,43.24,-2.19,85,10.0,53,7.0,32,3.0,0,0.0,62.35,1.02,2026-05-11,G,2,32.0
-,-,Weida,CN,1767.16,-2.04,2008.09,0.0,80.31,0.68,33,0.0,22,0.0,11,0.0,0,0.0,66.67,0.0,2022-07-01,-,0,-
-,-,pigfans,CN,1765.53,-1.72,2050.75,0.0,95.07,0.57,24,0.0,20,0.0,4,0.0,0,0.0,83.33,0.0,2022-05-26,-,0,1057.0
28,-5,Gutemetralla,FR,1761.89,-15.79,1872.07,-18.8,36.72,-1.0,160,13.0,93,5.0,65,8.0,2,0.0,58.13,-1.73,2026-05-18,-,0,24.0
29,5,Kolo,IT,1756.65,22.96,1936.01,-11.04,59.79,-11.33,47,13.0,32,7.0,15,6.0,0,0.0,68.09,-5.44,2026-05-27,M,2,607.0
30,-4,Yookie,CN,1755.99,-4.44,1904.16,-19.39,49.39,-4.98,86,13.0,70,7.0,15,5.0,1,1.0,81.4,-4.9,2026-05-21,-,0,201.0
31,30,dellcan,-,1752.29,56.04,1977.7,27.67,75.14,-9.45,30,7.0,28,6.0,2,1.0,0,0.0,93.33,-2.32,2026-05-13,-,0,852.0
32,-5,Oprah,DK,1751.71,-3.64,1886.69,0.0,44.99,1.21,101,0.0,68,0.0,33,0.0,0,0.0,67.33,0.0,2025-11-30,GM,2,60.0
33,4,Angor,RU,1749.72,19.63,1905.14,13.92,51.81,-1.91,78,6.0,48,5.0,30,1.0,0,0.0,61.54,1.82,2026-05-21,GM,1,104.0
34,-4,Jaracz,PL,1746.08,2.29,1886.28,-0.62,46.73,-0.97,106,6.0,78,4.0,25,2.0,3,0.0,73.58,-0.42,2026-05-19,P,6,258.0
35,-6,321letsjam,DE,1744.19,-5.26,1885.06,-12.61,46.96,-2.45,100,10.0,68,6.0,31,4.0,1,0.0,68.0,-0.89,2026-05-17,G,5,67.0
36,9,mwi,PL,1740.58,25.55,1853.1,23.91,37.5,-0.55,144,9.0,80,7.0,64,2.0,0,0.0,55.56,1.49,2026-05-20,M,1,13.0
37,5,Lander90,BE,1735.27,14.19,1867.56,5.21,44.1,-2.99,94,13.0,72,9.0,21,4.0,1,0.0,76.6,-1.18,2026-05-23,-,0,80.0
38,-5,e5582768,CN,1733.41,-2.77,1911.08,0.0,59.22,0.92,59,0.0,38,0.0,21,0.0,0,0.0,64.41,0.0,2025-08-21,-,0,238.0
39,2,Cogito3,US,1732.28,9.31,1850.28,2.94,39.33,-2.12,112,13.0,73,7.0,39,6.0,0,0.0,65.18,-1.49,2026-05-27,G,1,34.0
40,11,Dantes,US,1732.07,22.21,1858.99,15.82,42.31,-2.13,93,10.0,55,6.0,36,3.0,2,1.0,59.14,0.1,2026-05-21,P,1,36.0
-,-,mbbchess,US,1731.11,-2.22,1952.48,0.0,73.79,0.74,39,0.0,28,0.0,11,0.0,0,0.0,71.79,0.0,2025-05-14,P,2,398.0
41,16,Eske,DK,1730.44,28.83,1887.11,22.65,52.22,-2.06,70,6.0,44,5.0,25,1.0,1,0.0,62.86,1.92,2026-05-18,GM,4,110.0
42,-11,CaesarSalah,US,1729.47,-13.95,1825.29,-13.66,31.94,0.1,252,13.0,146,5.0,105,8.0,1,0.0,57.94,-1.06,2026-05-29,P,15,21.0
43,-7,Sohoof,NL,1728.84,-3.0,1894.66,0.0,55.27,1.0,69,0.0,48,0.0,21,0.0,0,0.0,69.57,0.0,2025-08-15,-,0,218.0
44,-6,littlesquirrel,CN,1727.52,-2.48,1926.09,0.0,66.19,0.83,41,0.0,33,0.0,8,0.0,0,0.0,80.49,0.0,2025-08-13,-,0,138.0
45,-10,Praetorianer,DE,1727.39,-5.95,1822.37,-6.0,31.66,-0.01,248,13.0,141,6.0,104,7.0,3,0.0,56.85,-0.6,2026-05-26,GM,1,33.0
46,8,holy834,CN,1720.93,12.51,1839.47,6.88,39.51,-1.88,112,13.0,75,8.0,35,5.0,2,0.0,66.96,-0.72,2026-05-18,-,0,146.0
47,-4,Sylvain,FR,1720.59,-0.41,1846.03,-1.03,41.81,-0.21,122,6.0,74,4.0,48,2.0,0,0.0,60.66,0.32,2026-05-27,M,2,38.0
48,2,kyshantry,US,1719.97,8.89,1928.89,0.42,69.64,-2.82,36,3.0,26,2.0,10,1.0,0,0.0,72.22,-0.51,2026-05-16,M,1,53.0
49,-9,Gandin,CH,1719.26,-5.87,1841.0,-12.68,40.58,-2.27,105,13.0,63,5.0,42,8.0,0,0.0,60.0,-3.04,2026-05-17,M,4,15.0
50,3,RestlessMe,US,1718.32,9.76,1813.04,8.81,31.57,-0.32,239,15.0,132,9.0,106,6.0,1,0.0,55.23,0.32,2026-05-31,P,5,34.0
51,7,DrRerNate,DE,1717.32,17.48,1925.54,3.97,69.41,-4.5,42,6.0,30,5.0,11,1.0,1,0.0,71.43,1.99,2026-05-30,GM,4,142.0
52,-13,Allfather,US,1713.1,-12.37,1840.94,-20.44,42.61,-2.69,98,13.0,62,5.0,36,8.0,0,0.0,63.27,-3.79,2026-05-12,-,0,30.0
53,-9,BelieveDream,-,1713.01,-2.6,1902.46,0.0,63.15,0.87,43,0.0,32,0.0,10,0.0,1,0.0,74.42,0.0,2025-11-10,-,0,130.0
54,-8,KarlThomas,NO,1711.92,-2.64,1899.35,0.0,62.47,0.88,51,0.0,34,0.0,15,0.0,2,0.0,66.67,0.0,2025-10-15,M,4,-
-,-,Draculade,-,1711.04,-2.48,1909.44,0.0,66.13,0.83,54,0.0,39,0.0,15,0.0,0,0.0,72.22,0.0,2024-07-01,P,2,653.0
55,-6,DrSniken,NO,1709.78,-2.08,1841.23,-3.21,43.82,-0.38,90,6.0,56,4.0,33,2.0,1,0.0,62.22,0.32,2026-05-29,-,0,72.0
56,-4,St4nkk,PL,1707.02,-2.28,1922.43,0.0,71.8,0.76,39,0.0,27,0.0,12,0.0,0,0.0,69.23,0.0,2025-08-19,M,1,265.0
57,-9,Huettengaudi,DE,1706.98,-5.69,1836.65,-7.22,43.22,-0.51,97,6.0,62,3.0,35,3.0,0,0.0,63.92,-0.92,2026-05-19,P,6,71.0
58,-2,Boromir7,PL,1703.47,0.13,1827.2,-0.38,41.25,-0.17,132,6.0,78,4.0,51,2.0,3,0.0,59.09,0.36,2026-05-20,M,8,31.0
-,-,Lemmingsplayer,GB,1701.72,-2.05,1940.52,0.0,79.6,0.68,31,0.0,20,0.0,10,0.0,1,0.0,64.52,0.0,2024-10-31,GM,1,-
59,9,Vantablack,MO,1700.88,24.61,1830.65,22.99,43.25,-0.54,136,6.0,83,6.0,53,0.0,0,0.0,61.03,1.8,2026-05-20,GM,1,84.0
60,4,syras,-,1700.24,18.11,1845.12,7.39,48.29,-3.57,71,9.0,48,5.0,23,4.0,0,0.0,67.61,-1.74,2026-05-31,-,0,254.0
61,20,Raffaello,DE,1698.39,33.3,1827.63,24.25,43.08,-3.02,91,13.0,59,8.0,32,5.0,0,0.0,64.84,-0.54,2026-05-18,G,2,39.0
62,-3,barboucha,FR,1696.6,-2.59,1887.57,0.0,63.66,0.86,46,0.0,31,0.0,15,0.0,0,0.0,67.39,0.0,2025-11-21,GM,1,50.0
-,-,Dirkules,DE,1694.72,-2.17,1921.02,0.0,75.43,0.72,39,0.0,27,0.0,12,0.0,0,0.0,69.23,0.0,2024-07-15,GM,3,-
63,-1,a440,CA,1693.24,3.29,1867.6,-0.44,58.12,-1.25,58,3.0,35,2.0,21,1.0,2,0.0,60.34,0.34,2026-05-22,-,0,26.0
64,80,Pitor,NL,1692.72,101.21,1945.96,0.49,84.41,-33.58,25,12.0,19,9.0,6,3.0,0,0.0,76.0,-0.92,2026-05-18,-,0,-
65,-18,Malakesh,DE,1691.22,-22.17,1833.09,-37.63,47.29,-5.15,76,13.0,53,4.0,23,9.0,0,0.0,69.74,-8.04,2026-05-17,-,0,298.0
66,-6,GerisNezus,LT,1688.6,-8.15,1791.35,-8.94,34.25,-0.26,206,13.0,126,6.0,78,7.0,2,0.0,61.17,-1.01,2026-05-23,P,3,45.0
67,12,moemoe,DE,1686.57,20.47,1810.41,12.69,41.28,-2.59,96,13.0,63,8.0,32,5.0,1,0.0,65.62,-0.65,2026-05-25,-,0,65.0
68,2,Tordread,US,1684.19,9.86,1787.13,11.79,34.31,0.64,202,6.0,111,5.0,89,1.0,2,0.0,54.95,0.87,2026-05-26,GM,3,44.0
69,-3,LittleBob,TW,1681.39,-0.18,1789.18,0.23,35.93,0.14,150,7.0,86,3.0,63,4.0,1,0.0,57.33,-0.71,2026-05-14,P,14,68.0
70,4,Fourierrr,BR,1678.99,9.65,1840.69,2.35,53.9,-2.43,66,6.0,38,4.0,28,2.0,0,0.0,57.58,0.91,2026-05-20,M,2,49.0
71,-6,scipio238,GB,1678.36,-3.35,1825.54,0.0,49.06,1.12,67,0.0,42,0.0,25,0.0,0,0.0,62.69,0.0,2026-02-10,P,3,41.0
72,35,darwinian,GB,1678.01,49.57,1800.34,43.51,40.78,-2.02,105,12.0,64,10.0,40,2.0,1,0.0,60.95,2.89,2026-05-22,P,2,91.0
73,-10,Spartan1337,NL,1678.0,-7.01,1776.09,-6.32,32.7,0.23,224,10.0,121,4.0,99,6.0,4,0.0,54.02,-0.65,2026-05-24,P,10,37.0
74,17,MidnightFox,SE,1676.02,22.6,1806.54,16.5,43.51,-2.03,95,10.0,57,8.0,38,2.0,0,0.0,60.0,2.35,2026-05-15,G,2,62.0
75,8,daimx,-,1675.88,12.98,1778.67,11.76,34.26,-0.41,170,13.0,95,9.0,74,4.0,1,0.0,55.88,1.1,2026-05-24,P,4,63.0
76,4,WowaduHek,-,1672.95,7.61,1826.87,-0.73,51.31,-2.78,62,7.0,44,4.0,18,3.0,0,0.0,70.97,-1.76,2026-05-12,-,0,318.0
77,-5,jantteri,-,1672.36,-0.36,1777.79,-2.57,35.14,-0.74,159,13.0,94,6.0,65,7.0,0,0.0,59.12,-1.15,2026-05-15,G,5,46.0
78,-9,Snucka,US,1672.15,-3.32,1823.32,0.0,50.39,1.11,73,0.0,50,0.0,23,0.0,0,0.0,68.49,0.0,2025-11-30,-,0,128.0
-,-,Binki,RU,1669.86,-2.54,1864.84,0.0,64.99,0.85,63,0.0,42,0.0,21,0.0,0,0.0,66.67,0.0,2023-11-15,GM,3,-
79,237,poikai2,-,1668.93,212.2,2067.33,94.77,132.8,-39.14,11,5.0,11,5.0,0,0.0,0,0.0,100.0,0.0,2026-05-15,-,0,-
80,-9,zadokk,BE,1668.48,-4.99,1784.94,-4.51,38.82,0.16,136,6.0,74,2.0,60,4.0,2,0.0,54.41,-0.97,2026-05-17,P,14,80.0
81,-8,iyakhoop,TH,1668.31,-3.87,1795.84,0.0,42.51,1.29,130,0.0,76,0.0,51,0.0,3,0.0,58.46,0.0,2025-11-30,GM,1,297.0
82,-15,Ristey,GB,1665.74,-15.62,1759.42,-15.26,31.23,0.12,258,13.0,144,3.0,113,10.0,1,0.0,55.81,-1.74,2026-05-31,P,3,52.0
83,-7,Raulone,ES,1665.59,-2.64,1851.66,0.0,62.02,0.88,43,0.0,28,0.0,15,0.0,0,0.0,65.12,0.0,2025-08-26,G,5,93.0
84,-9,DJLAODIE,CN,1664.95,-3.36,1812.23,0.0,49.09,1.12,95,0.0,60,0.0,32,0.0,3,0.0,63.16,0.0,2025-07-02,-,0,340.0
85,-3,Sektat,CH,1664.85,0.85,1787.54,-7.02,40.9,-2.62,104,13.0,54,5.0,50,8.0,0,0.0,51.92,-1.93,2026-05-22,M,11,18.0
86,-8,sdzy,-,1664.54,-2.04,1905.28,0.0,80.25,0.68,34,0.0,26,0.0,7,0.0,1,0.0,76.47,0.0,2025-07-02,-,0,321.0
87,-10,BlixLT,LT,1663.42,-4.75,1759.6,-3.23,32.06,0.51,259,10.0,145,5.0,112,5.0,2,0.0,55.98,-0.24,2026-05-14,P,18,56.0
88,66,yliu386,AU,1663.36,81.22,1910.73,39.52,82.45,-13.9,30,6.0,26,5.0,4,1.0,0,0.0,86.67,-0.83,2026-05-27,-,0,529.0
89,-4,jezza101,AU,1661.9,-0.08,1791.1,-1.71,43.07,-0.54,98,6.0,50,3.0,45,3.0,3,0.0,51.02,-0.07,2026-05-21,G,4,40.0
90,-6,DJParson,DE,1660.46,-2.26,1878.15,0.0,72.56,0.75,38,0.0,26,0.0,12,0.0,0,0.0,68.42,0.0,2025-07-07,GM,8,321.0
91,328,Kesterer,GB,1659.51,276.4,1928.3,73.4,89.6,-67.66,19,13.0,16,10.0,3,3.0,0,0.0,84.21,-15.79,2026-05-20,-,0,-
92,0,Masox,DE,1657.76,4.56,1754.68,4.61,32.31,0.02,240,13.0,135,9.0,102,4.0,3,0.0,56.25,0.74,2026-05-16,P,2,92.0
93,-38,IdkIdcIdgaf,UA,1656.69,-47.24,1906.92,-71.61,83.41,-8.12,35,5.0,27,2.0,8,3.0,0,0.0,77.14,-6.19,2026-05-12,G,2,398.0
94,6,Reenter73,-,1655.43,19.93,1841.08,9.45,61.88,-3.5,57,6.0,38,5.0,18,1.0,1,0.0,66.67,1.96,2026-05-31,M,5,154.0
95,-1,HCsquared,CA,1653.89,5.61,1796.39,5.78,47.5,0.06,91,3.0,54,2.0,37,1.0,0,0.0,59.34,0.25,2026-05-14,P,6,66.0
96,-6,whsvin,HK,1650.98,-5.08,1893.9,-30.48,80.97,-8.47,30,5.0,20,3.0,9,2.0,1,0.0,66.67,-1.33,2026-05-17,GM,6,64.0
97,18,ERock37,CA,1650.09,26.68,1784.55,16.38,44.82,-3.43,87,12.0,56,8.0,31,4.0,0,0.0,64.37,0.37,2026-05-26,-,0,51.0
98,-2,delonecarter,GB,1649.68,3.72,1835.27,-10.35,61.86,-4.69,56,6.0,40,3.0,14,3.0,2,0.0,71.43,-2.57,2026-05-23,G,15,243.0
99,-11,belowfox,CN,1648.99,-7.89,1794.14,-24.52,48.38,-5.54,77,14.0,53,7.0,22,6.0,2,1.0,68.83,-4.19,2026-05-31,-,0,155.0
100,9,Fjantarik,-,1648.05,21.03,1858.12,-4.53,70.02,-8.52,33,6.0,20,3.0,13,3.0,0,0.0,60.61,-2.35,2026-05-27,P,2,58.0
-,-,Maxxxx,-,1647.99,-1.7,1936.96,0.0,96.32,0.57,24,0.0,19,0.0,5,0.0,0,0.0,79.17,0.0,2023-07-18,P,4,-
101,-12,speedstone,PL,1646.5,-10.26,1762.9,-12.78,38.8,-0.84,134,10.0,71,5.0,58,5.0,5,0.0,52.99,-0.24,2026-05-19,-,0,108.0
-,-,Xxyu,CN,1645.47,-1.98,1892.3,0.0,82.28,0.66,30,0.0,22,0.0,8,0.0,0,0.0,73.33,0.0,2024-10-31,-,0,845.0
102,-16,Flackk,BG,1645.39,-16.5,1760.23,-21.21,38.28,-1.57,120,13.0,59,5.0,60,8.0,1,0.0,49.17,-1.3,2026-05-18,P,5,47.0
103,-6,roverandom,HR,1644.54,-1.23,1743.7,-1.49,33.06,-0.09,209,13.0,114,8.0,93,5.0,2,0.0,54.55,0.47,2026-05-19,P,10,121.0
104,39,daggsea,CN,1644.12,52.33,1804.07,38.13,53.32,-4.73,58,9.0,41,7.0,17,2.0,0,0.0,70.69,1.3,2026-05-11,-,0,304.0
105,18,Unterjochen,DE,1643.48,32.02,1767.61,25.24,41.38,-2.26,92,12.0,58,9.0,33,3.0,1,0.0,63.04,1.79,2026-05-26,-,0,100.0
106,-19,Rob_Stedman,AU,1643.05,-14.65,1756.42,-13.39,37.79,0.42,163,6.0,92,2.0,70,4.0,1,0.0,56.44,-0.88,2026-05-20,M,1,122.0
107,-8,vodka,CZ,1640.36,1.1,1791.38,-2.9,50.34,-1.34,71,6.0,53,4.0,17,2.0,1,0.0,74.65,-0.73,2026-05-22,G,4,228.0
-,-,xRen1101,LT,1638.19,-1.56,1952.11,0.0,104.64,0.52,19,0.0,15,0.0,4,0.0,0,0.0,78.95,0.0,2023-03-01,P,4,-
-,-,Musan,US,1637.66,-3.68,1772.16,0.0,44.83,1.23,123,0.0,79,0.0,44,0.0,0,0.0,64.23,0.0,2025-03-21,P,4,291.0
108,-7,Lech,PL,1636.81,2.66,1773.56,0.99,45.58,-0.56,84,5.0,45,2.0,38,3.0,1,0.0,53.57,-0.86,2026-05-24,M,3,17.0
-,-,Lambda,ES,1636.76,-1.34,2001.9,0.0,121.71,0.45,12,0.0,11,0.0,1,0.0,0,0.0,91.67,0.0,2023-06-06,GM,2,22.0
109,4,Kay,HK,1636.56,11.22,1749.25,6.99,37.56,-1.41,148,13.0,98,8.0,49,4.0,1,1.0,66.22,-0.45,2026-05-26,P,2,61.0
110,53,Gavatron,CA,1635.58,59.1,1824.07,43.56,62.83,-5.18,54,6.0,37,5.0,17,1.0,0,0.0,68.52,1.85,2026-05-20,P,3,155.0
-,-,sqwndw,CN,1635.33,-3.65,1779.9,0.0,48.19,1.22,115,0.0,66,0.0,47,0.0,2,0.0,57.39,0.0,2024-10-01,GM,2,-
111,-7,CrownKiller,KR,1635.29,1.99,1742.25,-0.81,35.66,-0.93,175,13.0,103,7.0,72,6.0,0,0.0,58.86,-0.4,2026-05-28,G,2,213.0
112,23,Nickeberg,-,1635.13,31.8,1811.71,19.1,58.86,-4.24,56,6.0,33,4.0,23,2.0,0,0.0,58.93,0.93,2026-05-20,P,2,216.0
113,-2,Shagrat,CZ,1631.95,6.2,1740.55,2.15,36.2,-1.35,141,14.0,88,8.0,51,6.0,2,0.0,62.41,-0.58,2026-05-31,G,1,112.0
114,3,tupper,CA,1631.1,11.86,1747.33,6.8,38.74,-1.69,131,13.0,93,9.0,38,4.0,0,0.0,70.99,-0.2,2026-05-20,G,3,78.0
115,-12,WDD,CN,1630.87,-2.53,1824.35,0.0,64.49,0.84,43,0.0,30,0.0,13,0.0,0,0.0,69.77,0.0,2025-07-01,-,0,224.0
116,2,BoatyMcBoatface,US,1629.69,12.69,1750.2,6.78,40.17,-1.97,120,13.0,67,6.0,51,7.0,2,0.0,55.83,-1.18,2026-05-17,P,2,88.0
117,-15,vaLfizzL,DE,1629.58,-4.5,1739.45,0.0,36.62,1.5,186,0.0,97,0.0,88,0.0,1,0.0,52.15,0.0,2025-11-30,M,4,109.0
-,-,SnailZane,CN,1629.53,-2.38,1836.04,0.0,68.84,0.79,47,0.0,30,0.0,17,0.0,0,0.0,63.83,0.0,2024-08-11,M,6,757.0
-,-,gorozei-12ans,CH,1628.85,-1.4,1978.42,0.0,116.52,0.47,16,0.0,14,0.0,2,0.0,0,0.0,87.5,0.0,2023-06-06,G,2,-
118,-23,ElChupacabra,MK,1628.03,-18.68,1750.04,-17.09,40.67,0.53,100,3.0,51,0.0,49,3.0,0,0.0,51.0,-1.58,2026-03-22,M,1,42.0
-,-,SuperDon,-,1627.69,-1.44,1966.63,0.0,112.98,0.48,16,0.0,13,0.0,3,0.0,0,0.0,81.25,0.0,2022-03-01,-,0,-
119,2,Cmacu,-,1627.63,13.95,1851.06,3.35,74.48,-3.53,36,3.0,25,2.0,11,1.0,0,0.0,69.44,-0.26,2026-03-25,-,0,321.0
120,-10,Garri,ES,1626.51,-0.46,1742.81,0.2,38.77,0.22,174,6.0,99,3.0,73,3.0,2,0.0,56.9,-0.24,2026-05-25,G,6,145.0
121,-13,Crey,-,1626.09,-1.88,1886.93,0.0,86.95,0.63,26,0.0,18,0.0,7,0.0,1,0.0,69.23,0.0,2025-07-09,G,2,299.0
122,-24,MindKillazz,CA,1625.55,-19.32,1727.82,-19.15,34.09,0.06,181,10.0,101,2.0,77,8.0,3,0.0,55.8,-2.09,2026-05-23,P,2,134.0
123,15,Jorrig,CH,1624.74,25.03,1764.34,23.05,46.53,-0.66,104,6.0,63,6.0,41,0.0,0,0.0,60.58,2.42,2026-05-23,M,1,79.0
124,-31,PlanarFreak,US,1623.72,-27.24,1801.19,-31.71,59.16,-1.49,63,3.0,43,0.0,20,3.0,0,0.0,68.25,-3.42,2026-03-27,G,12,151.0
125,-13,PacificKonradin,-,1622.9,-2.48,1821.07,0.0,66.06,0.83,42,0.0,30,0.0,12,0.0,0,0.0,71.43,0.0,2025-08-11,-,0,711.0
126,47,Momomillion,DE,1621.67,55.98,1769.65,39.61,49.33,-5.46,65,12.0,41,9.0,23,3.0,1,0.0,63.08,2.7,2026-05-25,-,0,83.0
127,-8,Gagic,CZ,1621.6,4.71,1737.98,0.14,38.8,-1.52,112,12.0,67,6.0,45,6.0,0,0.0,59.82,-1.18,2026-05-20,G,5,73.0
128,6,Rajeev,-,1620.41,15.85,1762.43,2.23,47.34,-4.54,74,13.0,46,7.0,28,6.0,0,0.0,62.16,-1.77,2026-05-22,G,1,129.0
129,-3,Doobie,CN,1619.15,9.91,1717.83,9.56,32.89,-0.12,217,13.0,111,7.0,100,6.0,6,0.0,51.15,0.17,2026-05-19,G,21,87.0
130,123,tianren4561367,-,1618.87,110.91,1856.85,29.25,79.33,-27.22,26,12.0,23,9.0,3,3.0,0,0.0,88.46,-11.54,2026-05-20,-,0,-
131,22,Arcee,-,1618.86,36.52,1749.28,33.99,43.47,-0.84,90,6.0,51,6.0,38,0.0,1,0.0,56.67,3.1,2026-05-19,M,2,184.0
-,-,JeJenan,KR,1617.35,-2.04,1857.68,0.0,80.11,0.68,32,0.0,21,0.0,11,0.0,0,0.0,65.62,0.0,2024-01-05,G,12,-
-,-,Isaia,KR,1616.34,-1.68,1907.23,0.0,96.96,0.56,25,0.0,19,0.0,6,0.0,0,0.0,76.0,0.0,2023-06-06,M,3,-
-,-,Raistlin3m,IT,1615.63,-2.86,1788.02,0.0,57.46,0.95,57,0.0,30,0.0,25,0.0,2,0.0,52.63,0.0,2024-10-01,M,2,-
132,639,kevinsbane,-,1615.05,430.83,1872.5,222.92,85.82,-69.3,21,15.0,18,14.0,3,1.0,0,0.0,85.71,19.04,2026-05-31,-,0,-
133,185,gregt,-,1614.44,158.32,1894.96,95.45,93.51,-20.96,18,6.0,15,6.0,3,0.0,0,0.0,83.33,8.33,2026-05-21,P,4,321.0
134,11,Prautim,-,1614.01,23.15,1817.61,5.12,67.87,-6.01,44,6.0,31,4.0,13,2.0,0,0.0,70.45,-0.6,2026-05-27,-,0,729.0
135,-29,Kimmo,FI,1613.83,-18.28,1717.1,-20.25,34.42,-0.65,173,13.0,90,4.0,82,8.0,1,1.0,52.02,-1.73,2026-05-21,GM,1,124.0
-,-,Veikka,FI,1612.95,-2.34,1822.23,0.0,69.76,0.78,45,0.0,26,0.0,18,0.0,1,0.0,57.78,0.0,2023-11-15,P,10,-
-,-,LaoHuang,CN,1611.55,-2.7,1801.48,0.0,63.31,0.9,68,0.0,34,0.0,32,0.0,2,0.0,50.0,0.0,2023-11-15,M,3,-
-,-,Pascalotopia,CA,1611.24,-1.71,1897.44,0.0,95.4,0.57,17,0.0,12,0.0,5,0.0,0,0.0,70.59,0.0,2024-09-10,GM,5,-
136,-14,jonswar,US,1609.05,-3.02,1771.88,0.0,54.28,1.01,53,0.0,32,0.0,21,0.0,0,0.0,60.38,0.0,2025-11-30,M,1,514.0
137,-23,Turdle,AT,1608.83,-16.22,1735.17,-24.26,42.11,-2.68,89,13.0,46,4.0,41,8.0,2,1.0,51.69,-3.57,2026-05-21,P,4,111.0
138,-14,PhiTrigger,US,1608.43,-1.96,1732.94,-0.11,41.5,0.62,118,3.0,62,2.0,56,1.0,0,0.0,52.54,0.37,2026-03-22,M,7,102.0
139,-19,FCKAFD,DE,1608.42,-6.14,1859.7,-27.4,83.76,-7.09,20,3.0,13,1.0,7,2.0,0,0.0,65.0,-5.59,2026-05-22,-,0,100.0
140,-7,ElKhan,CL,1607.71,2.69,1705.88,3.76,32.73,0.35,220,10.0,122,5.0,95,5.0,3,0.0,55.45,-0.26,2026-05-14,G,10,160.0
141,-9,Gyphon,DE,1606.83,1.74,1743.71,-8.12,45.63,-3.29,83,13.0,51,8.0,31,5.0,1,0.0,61.45,0.02,2026-05-25,-,0,104.0
142,313,Icallhimtest,-,1606.69,245.73,1867.48,18.36,86.93,-75.79,18,13.0,13,8.0,5,5.0,0,0.0,72.22,-27.78,2026-05-19,-,0,-
143,-15,funnytortoise,ID,1606.63,-2.2,1723.67,0.26,39.02,0.82,152,3.0,81,2.0,67,1.0,4,0.0,53.29,0.27,2026-03-29,G,9,70.0
144,-8,eggmancs,GB,1605.68,5.07,1735.53,-4.51,43.28,-3.19,88,13.0,54,6.0,34,7.0,0,0.0,61.36,-2.64,2026-05-28,-,0,191.0
145,-29,Sunmaster14_LV,LV,1604.74,-15.87,1699.27,-14.52,31.51,0.45,253,10.0,131,3.0,118,7.0,4,0.0,51.78,-0.89,2026-05-26,P,6,137.0
146,1,dannyboy14,US,1604.34,15.68,1813.79,-9.25,69.82,-8.31,39,6.0,24,3.0,15,3.0,0,0.0,61.54,-2.1,2026-05-27,GM,2,23.0
147,9,BitterBlossom,CN,1603.75,21.64,1764.67,16.39,53.64,-1.75,74,6.0,48,5.0,26,1.0,0,0.0,64.86,1.62,2026-05-26,-,0,158.0
148,-43,Phalanxx,US,1603.02,-29.73,1761.79,-37.33,52.92,-2.53,58,6.0,40,1.0,18,5.0,0,0.0,68.97,-6.03,2026-05-26,-,0,95.0
149,27,Dots,DE,1602.32,38.05,1826.46,25.28,74.71,-4.26,29,3.0,17,2.0,12,1.0,0,0.0,58.62,0.93,2026-05-28,GM,2,123.0
150,86,MrBiz,US,1602.11,77.19,1793.4,37.18,63.76,-13.34,41,11.0,32,8.0,9,3.0,0,0.0,78.05,-1.95,2026-05-19,-,0,480.0
-,-,silent_x111,US,1602.07,-1.62,1904.24,0.0,100.72,0.54,20,0.0,13,0.0,7,0.0,0,0.0,65.0,0.0,2022-04-01,GM,14,-
151,-21,Netopier,SK,1601.44,-4.73,1710.44,0.0,36.33,1.58,205,0.0,97,0.0,106,0.0,2,0.0,47.32,0.0,2025-11-30,M,4,97.0
152,14,drodriguez,-,1600.17,27.58,1753.94,8.29,51.26,-6.43,63,13.0,42,8.0,21,5.0,0,0.0,66.67,-1.33,2026-05-18,-,0,126.0
153,27,Flower4,-,1597.98,35.24,1811.96,-29.36,71.32,-21.53,34,13.0,27,8.0,7,5.0,0,0.0,79.41,-11.07,2026-05-27,-,0,931.0
-,-,Shorty55,-,1597.93,-1.53,1919.12,0.0,107.06,0.51,19,0.0,14,0.0,4,0.0,1,0.0,73.68,0.0,2022-04-01,M,3,-
154,-12,flutter,US,1596.74,4.66,1700.85,5.81,34.7,0.38,176,7.0,94,5.0,80,2.0,2,0.0,53.41,0.75,2026-05-11,P,2,172.0
155,-5,zoiedberg,BE,1595.47,11.11,1812.58,-9.75,72.37,-6.95,33,6.0,21,4.0,12,2.0,0,0.0,63.64,0.68,2026-05-19,-,0,265.0
-,-,MikeyLear,-,1595.39,-2.72,1776.78,0.0,60.46,0.91,52,0.0,38,0.0,14,0.0,0,0.0,73.08,0.0,2025-05-20,-,0,478.0
-,-,gothark,PL,1594.76,-2.61,1782.79,0.0,62.68,0.87,47,0.0,29,0.0,17,0.0,1,0.0,61.7,0.0,2025-05-21,G,2,74.0
156,-31,Vangelisb,GR,1594.53,-15.15,1703.98,-17.97,36.48,-0.94,143,13.0,82,5.0,60,8.0,1,0.0,57.34,-1.89,2026-05-17,G,6,142.0
-,-,Galinlik,-,1593.11,-1.64,1890.87,0.0,99.25,0.55,24,0.0,19,0.0,5,0.0,0,0.0,79.17,0.0,2023-06-06,-,0,-
157,-5,jingjing123,CN,1592.5,8.66,1694.9,7.33,34.13,-0.44,186,13.0,106,7.0,77,6.0,3,0.0,56.99,-0.24,2026-05-25,-,0,147.0
158,-21,WhateverParsley,-,1592.42,-7.62,1724.87,-9.44,44.15,-0.61,91,6.0,49,2.0,42,4.0,0,0.0,53.85,-1.44,2026-05-20,P,12,106.0
159,-28,jhutc,GB,1592.05,-13.06,1719.55,-14.58,42.5,-0.51,92,6.0,58,2.0,32,4.0,2,0.0,63.04,-2.08,2026-05-15,-,0,113.0
160,52,weisswurst,NL,1591.63,51.69,1758.23,41.92,55.54,-3.26,49,6.0,28,5.0,21,1.0,0,0.0,57.14,3.65,2026-05-25,M,4,120.0
-,-,josqvin,-,1590.91,-1.46,1926.91,0.0,112.0,0.49,16,0.0,11,0.0,4,0.0,1,0.0,68.75,0.0,2022-03-01,-,0,-
161,30,Hisbossness,US,1590.66,35.97,1727.26,24.8,45.53,-3.72,81,12.0,49,7.0,31,5.0,1,0.0,60.49,-0.38,2026-05-18,-,0,135.0
162,-16,Watlersen,-,1588.43,-1.55,1721.73,-8.32,44.43,-2.26,79,10.0,48,5.0,31,5.0,0,0.0,60.76,-1.56,2026-05-18,-,0,195.0
163,-6,JimmyLin,TW,1587.22,5.21,1687.73,4.9,33.5,-0.1,204,12.0,107,7.0,96,4.0,1,1.0,52.45,0.37,2026-05-23,M,2,152.0
164,-25,Tim248,-,1586.67,-10.36,1810.21,-22.54,74.51,-4.06,46,3.0,40,1.0,4,2.0,2,0.0,86.96,-3.74,2026-03-30,-,0,863.0
165,-3,Firedart,GB,1585.57,7.45,1680.57,7.66,31.67,0.07,263,13.0,134,8.0,126,5.0,3,0.0,50.95,0.55,2026-05-30,P,6,86.0
166,35,Footloop,CA,1584.56,35.88,1793.74,13.28,69.73,-7.53,40,6.0,26,3.0,14,3.0,0,0.0,65.0,-2.65,2026-05-13,GM,7,-
167,-16,CouchKing,PK,1584.49,0.49,1710.28,1.99,41.93,0.5,117,3.0,66,2.0,49,1.0,2,0.0,56.41,0.27,2026-04-04,P,2,99.0
168,51,NFGM,DE,1583.6,49.89,1756.26,18.34,57.55,-10.52,49,13.0,34,8.0,13,4.0,2,1.0,69.39,-2.83,2026-05-17,-,0,306.0
-,-,Lothar,US,1583.47,-2.5,1780.56,0.0,65.7,0.83,48,0.0,31,0.0,17,0.0,0,0.0,64.58,0.0,2025-05-16,G,6,509.0
169,-2,HeirOfValyria,-,1582.82,10.72,1700.81,5.78,39.33,-1.65,118,13.0,66,8.0,49,4.0,3,1.0,55.93,0.69,2026-05-19,P,14,190.0
170,-11,Jonny125,RU,1582.45,1.36,1680.55,3.61,32.7,0.75,236,7.0,122,3.0,109,4.0,5,0.0,51.69,-0.28,2026-05-13,P,2,173.0
171,-22,Doughnut,GB,1582.08,-2.41,1786.03,0.0,67.99,0.8,44,0.0,28,0.0,15,0.0,1,0.0,63.64,0.0,2025-07-02,G,6,308.0
172,-32,virvett,BR,1581.44,-13.93,1703.81,-19.35,40.79,-1.81,113,12.0,58,4.0,55,8.0,0,0.0,51.33,-2.14,2026-05-31,G,2,164.0
173,4,Rolls.Royal,DE,1580.33,16.57,1719.17,6.98,46.28,-3.2,87,10.0,56,6.0,31,4.0,0,0.0,64.37,-0.57,2026-05-15,-,0,226.0
174,-33,LeonidasI,-,1580.3,-14.7,1705.79,-18.1,41.83,-1.13,113,13.0,64,8.0,48,5.0,1,0.0,56.64,0.64,2026-05-17,-,0,107.0
175,8,ed_vins,LV,1579.71,20.65,1685.51,18.62,35.27,-0.67,166,13.0,102,9.0,63,4.0,1,0.0,61.45,0.67,2026-05-22,-,0,114.0
-,-,ArtPlay,FR,1579.02,-2.3,1792.26,0.0,71.08,0.77,43,0.0,25,0.0,17,0.0,1,0.0,58.14,0.0,2023-11-15,P,4,-
176,40,ciufile,-,1578.72,43.65,1740.65,19.13,53.98,-8.17,56,13.0,37,9.0,19,4.0,0,0.0,66.07,0.95,2026-05-21,-,0,163.0
-,-,occupied,-,1578.58,-1.76,1856.98,0.0,92.8,0.59,21,0.0,15,0.0,6,0.0,0,0.0,71.43,0.0,2024-07-15,M,2,161.0
177,-22,Shadowiscool500,US,1578.0,-4.11,1699.36,0.0,40.45,1.37,134,0.0,79,0.0,55,0.0,0,0.0,58.96,0.0,2026-02-18,G,2,116.0
178,-20,Boyo,TW,1577.85,-4.08,1699.18,0.0,40.45,1.36,127,0.0,70,0.0,54,0.0,3,0.0,55.12,0.0,2026-01-29,G,2,54.0
179,118,Beebs,-,1577.13,103.79,1735.22,80.58,52.7,-7.74,57,13.0,40,11.0,16,1.0,1,1.0,70.18,4.27,2026-05-26,-,0,463.0
180,-19,GunKer,-,1576.34,-2.94,1745.15,0.0,56.27,0.98,70,0.0,42,0.0,27,0.0,1,0.0,60.0,0.0,2025-08-18,G,2,224.0
181,unretired,Djinges,-,1576.16,40.83,1814.6,13.64,79.48,-9.06,34,7.0,21,6.0,13,1.0,0,0.0,61.76,6.2,2026-05-13,-,0,-
182,-4,Magnetiseur,DE,1576.03,12.79,1767.57,-4.61,63.85,-5.8,47,6.0,28,3.0,19,3.0,0,0.0,59.57,-1.41,2026-05-25,P,10,57.0
-,-,bobaboba,-,1575.65,-1.66,1871.41,0.0,98.59,0.55,18,0.0,14,0.0,4,0.0,0,0.0,77.78,0.0,2024-07-30,-,0,-
-,-,busti,BE,1575.6,-1.99,1822.85,0.0,82.42,0.66,34,0.0,23,0.0,11,0.0,0,0.0,67.65,0.0,2023-10-05,-,0,-
183,220,bryanckh,SG,1575.08,184.77,1811.01,98.17,78.65,-28.86,25,12.0,21,10.0,4,2.0,0,0.0,84.0,-0.62,2026-05-23,-,0,1262.0
-,-,Veivi,FI,1575.08,-1.59,1882.26,0.0,102.39,0.53,20,0.0,14,0.0,6,0.0,0,0.0,70.0,0.0,2022-04-08,GM,4,-
184,245,SwaulgustusCaesar,-,1573.9,196.81,1834.73,-3.16,86.94,-66.66,19,13.0,13,8.0,6,5.0,0,0.0,68.42,-14.91,2026-05-17,-,0,-
185,-21,fathope,SK,1572.03,-3.35,1681.04,-4.65,36.34,-0.43,154,10.0,87,5.0,64,5.0,3,0.0,56.49,-0.45,2026-05-19,P,2,168.0
186,-57,Alistxi,-,1571.89,-35.04,1761.3,-50.68,63.14,-5.21,50,6.0,34,1.0,16,5.0,0,0.0,68.0,-7.0,2026-05-21,-,0,1287.0
187,62,Shmu,-,1571.32,62.52,1856.38,-1.44,95.02,-21.32,20,6.0,15,4.0,5,2.0,0,0.0,75.0,-3.57,2026-05-26,-,0,578.0
188,-23,Thisisnotasmile,GB,1570.83,-3.41,1667.68,-3.51,32.28,-0.03,224,13.0,120,6.0,100,7.0,4,0.0,53.57,-0.46,2026-05-31,P,2,171.0
189,-14,Neandrtalec,-,1570.5,6.08,1703.57,3.25,44.36,-0.94,87,6.0,48,3.0,38,3.0,1,0.0,55.17,-0.39,2026-05-19,-,0,291.0
190,52,zcx,-,1569.91,56.54,1801.39,11.3,77.16,-15.08,25,7.0,19,4.0,6,3.0,0,0.0,76.0,-7.33,2026-05-13,-,0,1178.0
191,-23,isman,ES,1569.02,-2.92,1737.88,0.0,56.29,0.97,61,0.0,35,0.0,25,0.0,1,0.0,57.38,0.0,2025-08-13,G,2,182.0
192,4,gamblerch,CL,1569.01,17.5,1676.86,15.03,35.95,-0.82,157,13.0,87,9.0,70,4.0,0,0.0,55.41,1.24,2026-05-28,-,0,306.0
193,32,ysiad,-,1566.32,35.52,1720.51,26.87,51.4,-2.88,59,7.0,37,6.0,22,1.0,0,0.0,62.71,3.09,2026-05-13,-,0,460.0
194,-25,eNroamer,LV,1564.47,-3.77,1695.52,0.0,43.68,1.26,140,0.0,84,0.0,51,0.0,5,0.0,60.0,0.0,2025-09-04,G,10,196.0
195,-24,GerionLannister,CZ,1563.95,-2.34,1773.45,0.0,69.83,0.78,39,0.0,30,0.0,9,0.0,0,0.0,76.92,0.0,2026-02-10,-,0,231.0
196,32,richardhell,UA,1563.69,34.76,1695.89,23.62,44.06,-3.71,90,13.0,56,8.0,33,5.0,1,0.0,62.22,-0.12,2026-05-16,-,0,214.0
-,-,Sjir,NL,1563.65,-2.07,1799.91,0.0,78.75,0.69,36,0.0,23,0.0,12,0.0,1,0.0,63.89,0.0,2024-07-15,M,5,-
197,-25,lcj,-,1563.58,-2.49,1760.92,0.0,65.78,0.83,44,0.0,33,0.0,10,0.0,1,0.0,75.0,0.0,2026-02-28,-,0,677.0
-,-,Bool,-,1562.99,-1.82,1832.65,0.0,89.89,0.61,27,0.0,19,0.0,8,0.0,0,0.0,70.37,0.0,2023-07-18,-,0,-
198,-19,Buldozer_bga,-,1562.74,-0.31,1717.6,-1.3,51.62,-0.33,65,3.0,35,1.0,29,2.0,1,0.0,53.85,-0.99,2026-03-31,-,0,166.0
199,-13,LuckyAnesa,-,1559.95,2.67,1691.4,3.33,43.82,0.22,110,3.0,57,2.0,51,1.0,2,0.0,51.82,0.42,2026-03-23,-,0,271.0
200,10,phoang,-,1559.64,17.09,1694.46,6.9,44.94,-3.4,86,13.0,51,8.0,35,5.0,0,0.0,59.3,0.4,2026-05-23,-,0,255.0
201,2,gomensky,CZ,1558.32,10.38,1741.94,-0.98,61.21,-3.79,66,6.0,47,3.0,18,3.0,1,0.0,71.21,-2.12,2026-05-29,G,2,96.0
202,-2,Dvale112,US,1558.18,9.01,1697.71,9.45,46.51,0.15,85,3.0,47,2.0,36,1.0,2,0.0,55.29,0.41,2026-04-01,G,12,148.0
203,-21,Bidenbaum,-,1558.08,-1.36,1918.89,0.0,120.27,0.45,10,0.0,9,0.0,1,0.0,0,0.0,90.0,0.0,2025-08-27,-,0,522.0
204,-34,Magesolo,DE,1556.7,-10.37,1656.5,-6.34,33.27,1.34,244,3.0,130,1.0,111,2.0,3,0.0,53.28,-0.25,2026-03-25,P,10,174.0
205,13,Dayvs,-,1555.86,21.69,1658.28,21.69,34.14,-0.0,192,10.0,107,8.0,83,2.0,2,0.0,55.73,1.33,2026-05-11,-,0,205.0
206,659,Bad_Horse,-,1555.7,436.52,1816.26,253.59,86.85,-60.97,19,13.0,14,10.0,5,3.0,0,0.0,73.68,7.01,2026-05-16,-,0,-
207,-22,RutgerHauer,SE,1555.15,-2.29,1769.89,0.0,71.58,0.76,36,0.0,20,0.0,16,0.0,0,0.0,55.56,0.0,2025-08-27,M,2,75.0
-,-,Rabbles,AU,1554.34,-1.43,1897.2,0.0,114.29,0.48,16,0.0,12,0.0,4,0.0,0,0.0,75.0,0.0,2022-03-01,M,1,-
208,-81,Tamirys,US,1553.94,-55.21,1781.12,-77.87,75.73,-7.56,36,6.0,24,2.0,12,4.0,0,0.0,66.67,-6.66,2026-05-18,GM,9,69.0
209,-7,Adamez,PL,1553.83,5.4,1672.07,1.03,39.41,-1.46,128,11.0,67,5.0,60,6.0,1,0.0,52.34,-0.65,2026-05-31,-,0,192.0
210,5,Obinger_Alphons,AT,1553.44,18.01,1684.93,12.13,43.83,-1.96,87,9.0,47,6.0,40,3.0,0,0.0,54.02,1.46,2026-05-17,-,0,125.0
211,-30,jacksonray,-,1552.83,-8.42,1686.46,-18.68,44.54,-3.42,88,13.0,56,5.0,30,7.0,2,1.0,63.64,-4.36,2026-05-23,-,0,491.0
212,-64,brunoerwin,-,1551.46,-34.77,1716.09,-36.74,54.88,-0.66,57,3.0,33,0.0,22,3.0,2,0.0,57.89,-3.22,2026-03-23,P,2,119.0
213,9,yaba,PL,1550.35,17.78,1741.16,0.76,63.6,-5.67,45,6.0,23,3.0,21,3.0,1,0.0,51.11,-0.17,2026-05-23,M,6,55.0
214,7,LT.Stuntovic,-,1549.64,16.59,1715.94,7.69,55.43,-2.97,64,6.0,35,4.0,29,2.0,0,0.0,54.69,1.24,2026-05-23,G,12,274.0
215,-20,fugg,US,1549.49,-2.11,1680.1,-0.79,43.54,0.44,131,3.0,79,1.0,52,2.0,0,0.0,60.31,-0.63,2026-04-02,G,2,473.0
216,-7,Qiubag,PL,1549.43,5.04,1663.64,7.75,38.07,0.9,147,3.0,74,2.0,72,1.0,1,0.0,50.34,0.34,2026-03-29,G,6,135.0
217,-19,Vorbrock,-,1548.3,-2.41,1751.74,0.0,67.81,0.8,37,0.0,21,0.0,15,0.0,1,0.0,56.76,0.0,2025-07-13,P,12,247.0
218,-24,rap2,HK,1548.25,-3.81,1678.62,0.0,43.46,1.27,97,0.0,53,0.0,43,0.0,1,0.0,54.64,0.0,2026-02-11,G,6,202.0
219,unretired,invalidName,NO,1547.98,29.19,1813.19,-49.66,88.41,-26.28,23,7.0,15,3.0,8,4.0,0,0.0,65.22,-9.78,2026-05-18,GM,2,-
220,-12,jhamra,DE,1546.91,2.48,1702.88,1.03,51.99,-0.48,72,3.0,47,2.0,25,1.0,0,0.0,65.28,0.06,2026-03-22,-,0,372.0
221,-33,Kor,BE,1546.55,-9.16,1709.65,-22.27,54.37,-4.37,56,10.0,32,6.0,23,4.0,1,0.0,57.14,0.62,2026-05-17,-,0,251.0
222,-30,Spence2102,GB,1546.4,-7.21,1678.06,-11.87,43.89,-1.56,88,10.0,50,6.0,37,4.0,1,0.0,56.82,0.41,2026-05-11,G,2,180.0
223,-36,ruby_buby,US,1545.86,-9.87,1695.78,-15.5,49.97,-1.88,65,6.0,39,2.0,26,4.0,0,0.0,60.0,-2.71,2026-05-22,-,0,174.0
-,-,Hsugneslie,-,1545.8,-1.9,1806.37,0.0,86.86,0.63,32,0.0,18,0.0,13,0.0,1,0.0,56.25,0.0,2024-08-11,G,8,-
224,137,DarKStyle,-,1545.42,124.58,1809.52,-67.48,88.04,-64.02,19,13.0,12,7.0,7,6.0,0,0.0,63.16,-20.17,2026-05-21,-,0,-
225,-5,maxolino,IT,1543.97,10.62,1683.42,10.54,46.48,-0.03,81,3.0,50,2.0,31,1.0,0,0.0,61.73,0.19,2026-03-21,G,6,140.0
226,-42,Romendil,IT,1543.52,-14.7,1777.03,-42.68,77.84,-9.33,35,6.0,25,3.0,10,3.0,0,0.0,71.43,-4.43,2026-05-21,G,12,229.0
227,-20,Naleenae,BE,1543.39,-1.83,1812.05,0.0,89.55,0.61,24,0.0,16,0.0,8,0.0,0,0.0,66.67,0.0,2026-01-28,-,0,757.0
228,7,takusto_II,JP,1542.48,17.35,1694.24,11.21,50.59,-2.05,80,6.0,41,4.0,39,2.0,0,0.0,51.25,1.25,2026-05-23,M,3,59.0
229,-30,Olesch,DE,1542.47,-8.1,1743.27,-31.27,66.93,-7.72,43,6.0,26,2.0,17,4.0,0,0.0,60.47,-4.39,2026-05-26,P,2,207.0
230,7,FenPlays,RU,1541.86,21.17,1661.93,14.32,40.02,-2.28,101,13.0,57,8.0,44,5.0,0,0.0,56.44,0.76,2026-05-27,-,0,221.0
231,-71,Amorin,ES,1541.55,-37.79,1693.59,-43.64,50.68,-1.95,85,6.0,46,0.0,39,6.0,0,0.0,54.12,-4.11,2026-05-19,-,0,212.0
-,-,Cleanbulk,NL,1540.65,-1.7,1828.04,0.0,95.8,0.57,25,0.0,16,0.0,8,0.0,1,0.0,64.0,0.0,2023-06-06,M,5,-
232,-39,Terence,-,1540.25,-12.41,1636.86,-11.38,32.2,0.34,245,10.0,124,3.0,119,7.0,2,0.0,50.61,-0.88,2026-05-11,G,6,235.0
233,-43,Dragonite,US,1540.0,-14.88,1668.95,-13.88,42.98,0.33,106,3.0,56,0.0,49,3.0,1,0.0,52.83,-1.54,2026-03-22,G,4,181.0
234,-7,ChipsAhoya,US,1539.86,10.45,1636.23,11.92,32.13,0.49,256,10.0,132,6.0,121,4.0,3,0.0,51.56,0.34,2026-05-13,P,8,209.0
235,-38,Gelato,DE,1539.49,-11.49,1662.41,-13.55,40.97,-0.69,94,7.0,50,2.0,44,5.0,0,0.0,53.19,-1.98,2026-05-12,-,0,153.0
236,59,Vortex1612,-,1539.18,64.19,1755.61,29.14,72.14,-11.68,38,7.0,22,5.0,16,2.0,0,0.0,57.89,3.05,2026-05-15,-,0,1287.0
-,-,MruczekW,PL,1538.95,-2.54,1733.34,0.0,64.79,0.85,42,0.0,29,0.0,12,0.0,1,0.0,69.05,0.0,2024-10-01,G,4,1245.0
237,7,Notbot66,FI,1538.08,27.26,1671.79,19.31,44.57,-2.65,81,10.0,44,6.0,37,4.0,0,0.0,54.32,0.8,2026-05-13,-,0,169.0
238,-15,Zegs,-,1537.73,5.32,1709.59,-17.48,57.28,-7.6,42,10.0,24,4.0,18,6.0,0,0.0,57.14,-5.36,2026-05-13,P,4,441.0
-,-,ranch99,US,1536.99,-1.76,1815.37,0.0,92.79,0.59,23,0.0,17,0.0,5,0.0,1,0.0,73.91,0.0,2025-05-16,GM,1,578.0
-,-,zanydruid,-,1536.96,-1.45,1874.03,0.0,112.36,0.48,16,0.0,11,0.0,5,0.0,0,0.0,68.75,0.0,2022-03-01,-,0,-
239,2,raist,SG,1536.7,20.58,1636.46,21.14,33.25,0.19,219,10.0,117,8.0,101,1.0,1,1.0,53.42,1.27,2026-05-13,P,2,185.0
-,-,Miklos,HU,1536.38,-3.77,1667.06,0.0,43.56,1.26,147,0.0,81,0.0,64,0.0,2,0.0,55.1,0.0,2024-10-01,-,0,1245.0
240,89,arDKee,-,1535.94,93.38,1791.73,60.34,85.26,-11.01,28,6.0,23,5.0,4,0.0,1,1.0,82.14,0.32,2026-05-26,-,0,589.0
241,-37,baodalanxin,CN,1534.93,-12.4,1664.54,-11.03,43.2,0.46,117,3.0,70,1.0,47,2.0,0,0.0,59.83,-0.7,2026-03-26,G,2,248.0
242,12,maunzzz,SE,1534.69,26.78,1673.99,14.07,46.44,-4.24,79,13.0,47,7.0,31,6.0,1,0.0,59.49,-1.12,2026-05-19,-,0,162.0
243,-9,BahbUrge,-,1533.78,8.31,1721.97,-3.11,62.73,-3.81,42,5.0,28,3.0,12,2.0,2,0.0,66.67,-0.9,2026-05-23,-,0,310.0
244,-30,Rhizom,-,1533.17,-4.2,1651.29,0.0,39.37,1.4,138,0.0,62,0.0,75,0.0,1,0.0,44.93,0.0,2025-11-26,P,2,144.0
245,-14,NapoleonB,PL,1533.0,6.0,1695.84,3.67,54.28,-0.78,75,3.0,41,2.0,34,1.0,0,0.0,54.67,0.5,2026-04-03,-,0,989.0
-,-,FoLKeN91,FR,1532.83,-2.1,1766.27,0.0,77.81,0.7,36,0.0,22,0.0,13,0.0,1,0.0,61.11,0.0,2025-05-14,M,2,578.0
246,-16,OlaWictorin,SE,1532.72,5.3,1718.0,-9.71,61.76,-5.0,51,6.0,34,2.0,15,4.0,2,0.0,66.67,-4.44,2026-05-26,G,3,150.0
247,-73,FreddyCrugerKiller,UA,1532.35,-32.63,1724.39,-48.42,64.01,-5.27,45,6.0,26,1.0,19,5.0,0,0.0,57.78,-6.32,2026-05-16,M,6,164.0
248,-19,kenchan,HK,1530.48,2.46,1630.84,4.69,33.45,0.74,231,7.0,122,5.0,107,1.0,2,1.0,52.81,0.58,2026-05-17,G,8,170.0
249,-32,Mark0n,HR,1529.86,-4.59,1639.68,0.0,36.6,1.53,210,0.0,119,0.0,90,0.0,1,0.0,56.67,0.0,2025-11-30,G,7,186.0
250,14,Sellux,IT,1529.79,29.79,1660.99,23.23,43.73,-2.18,88,10.0,44,7.0,44,3.0,0,0.0,50.0,2.56,2026-05-19,-,0,203.0
251,-27,St-Amadeus,CA,1529.24,-1.79,1637.63,-1.87,36.13,-0.03,158,10.0,76,6.0,79,4.0,3,0.0,48.1,0.8,2026-05-12,P,4,199.0
252,-39,Mike1313,RU,1527.21,-12.34,1626.62,-10.13,33.14,0.74,238,10.0,132,6.0,104,4.0,2,0.0,55.46,0.2,2026-05-10,-,0,229.0
254,-14,mrcy,HU,1526.43,10.22,1772.32,-30.72,81.96,-13.65,27,6.0,20,3.0,7,3.0,0,0.0,74.07,-6.88,2026-05-15,-,0,726.0
253,-47,DavidSegoviano,ES,1526.43,-19.21,1631.12,-19.25,34.9,-0.01,173,10.0,92,3.0,79,7.0,2,0.0,53.18,-1.42,2026-05-14,G,2,186.0
-,-,sunian,-,1525.53,-1.46,1861.41,0.0,111.96,0.49,17,0.0,16,0.0,1,0.0,0,0.0,94.12,0.0,2024-12-10,-,0,-
-,-,mushan,CN,1524.21,-2.1,1758.15,0.0,77.98,0.7,29,0.0,23,0.0,6,0.0,0,0.0,79.31,0.0,2025-02-09,GM,1,558.0
255,44,Michiel,BE,1524.09,51.72,1794.27,24.67,90.06,-9.02,19,3.0,11,2.0,7,1.0,1,0.0,57.89,1.64,2026-05-29,-,0,176.0
256,-23,Aftheiss,US,1523.97,-2.02,1766.98,0.0,81.0,0.67,33,0.0,26,0.0,7,0.0,0,0.0,78.79,0.0,2025-11-20,-,0,408.0
257,90,Noa1,-,1523.44,91.36,1779.27,39.48,85.28,-17.29,28,7.0,23,6.0,5,1.0,0,0.0,82.14,1.19,2026-05-19,-,0,-
258,21,vitek,-,1523.22,38.0,1748.2,25.96,74.99,-4.01,34,3.0,23,2.0,10,1.0,1,0.0,67.65,-0.09,2026-04-05,G,18,246.0
259,-48,Pieroz88,-,1521.28,-18.71,1640.07,-22.67,39.59,-1.32,118,10.0,58,2.0,57,8.0,3,0.0,49.15,-2.7,2026-05-15,-,0,296.0
260,-13,AndriiN,DE,1521.27,10.93,1630.8,7.64,36.51,-1.09,150,13.0,88,7.0,62,6.0,0,0.0,58.67,-0.45,2026-05-20,-,0,197.0
261,-6,Garlett,-,1521.13,15.45,1660.56,5.84,46.48,-3.2,79,11.0,39,7.0,40,4.0,0,0.0,49.37,2.31,2026-05-31,P,4,389.0
262,-73,Dethar,PL,1521.05,-33.91,1744.03,-55.94,74.33,-7.34,26,5.0,15,1.0,11,4.0,0,0.0,57.69,-8.98,2026-05-12,-,0,302.0
263,-37,LordMichael,DE,1520.4,-10.41,1648.47,-8.91,42.69,0.5,117,3.0,61,0.0,54,3.0,2,0.0,52.14,-1.37,2026-03-20,G,8,233.0
264,60,mikechike,US,1520.36,69.49,1779.58,16.35,86.41,-17.71,22,6.0,15,4.0,7,2.0,0,0.0,68.18,-0.57,2026-05-17,-,0,480.0
265,10,DiddleySquat,BE,1520.17,34.14,1712.27,18.71,64.03,-5.14,44,6.0,24,4.0,20,2.0,0,0.0,54.55,1.92,2026-05-27,GM,1,98.0
-,-,_sleepwalker,-,1519.07,-2.74,1699.37,0.0,60.1,0.91,58,0.0,43,0.0,15,0.0,0,0.0,74.14,0.0,2025-03-22,-,0,805.0
-,-,XiePei,-,1518.24,-1.23,1914.95,0.0,132.24,0.41,12,0.0,10,0.0,2,0.0,0,0.0,83.33,0.0,2022-02-01,-,0,-
-,-,Alpha775,-,1518.2,-1.24,1912.5,0.0,131.43,0.41,12,0.0,10,0.0,2,0.0,0,0.0,83.33,0.0,2022-02-01,-,0,-
266,68,Andiii,-,1517.9,78.4,1735.49,50.0,72.53,-9.47,34,6.0,22,4.0,12,2.0,0,0.0,64.71,0.42,2026-05-21,-,0,662.0
267,-35,Maharaj_JD,-,1517.46,-8.8,1650.65,-15.03,44.4,-2.08,86,10.0,46,5.0,40,5.0,0,0.0,53.49,-0.46,2026-05-16,-,0,271.0
268,4,Muning,-,1516.28,28.97,1678.2,17.09,53.97,-3.96,54,7.0,33,4.0,21,3.0,0,0.0,61.11,-0.59,2026-05-19,-,0,565.0
269,13,Mario86,IT,1515.86,32.05,1642.96,25.41,42.37,-2.21,105,12.0,59,9.0,46,3.0,0,0.0,56.19,2.43,2026-05-31,G,4,346.0
270,-11,Sakic19,HU,1514.74,11.78,1647.95,4.96,44.41,-2.28,79,10.0,43,4.0,33,6.0,3,0.0,54.43,-2.09,2026-05-19,-,0,285.0
271,-19,maiquelPS,ES,1514.3,5.88,1648.31,3.33,44.67,-0.85,99,6.0,38,3.0,60,3.0,1,0.0,38.38,0.75,2026-05-20,P,15,76.0
-,-,VikingLeif,-,1513.31,-1.96,1763.2,0.0,83.3,0.65,27,0.0,16,0.0,11,0.0,0,0.0,59.26,0.0,2024-01-05,P,8,-
-,-,Tanario,DK,1512.91,-2.44,1714.96,0.0,67.35,0.81,50,0.0,41,0.0,9,0.0,0,0.0,82.0,0.0,2024-07-01,-,0,-
272,-29,rcia,ES,1512.3,0.09,1639.86,1.34,42.52,0.42,120,3.0,66,2.0,54,1.0,0,0.0,55.0,0.3,2026-03-27,G,16,502.0
273,-27,Raskonin,-,1511.41,0.89,1749.73,-37.29,79.44,-12.73,24,6.0,14,2.0,10,4.0,0,0.0,58.33,-8.34,2026-05-17,-,0,214.0
-,-,_Melkor,-,1509.88,-1.45,1847.46,0.0,112.53,0.48,15,0.0,9,0.0,6,0.0,0,0.0,60.0,0.0,2023-10-09,-,0,-
274,-29,Straszyk,PL,1509.42,-1.28,1705.6,-19.06,65.39,-5.93,47,6.0,25,2.0,21,4.0,1,0.0,53.19,-2.91,2026-05-25,G,4,179.0
275,8,lol1,-,1508.21,24.63,1644.6,16.55,45.46,-2.69,82,10.0,46,6.0,34,4.0,2,0.0,56.1,0.54,2026-05-13,-,0,365.0
276,578,GrandHedgehog,RU,1507.78,383.08,1789.77,234.59,94.0,-49.5,18,9.0,14,9.0,4,0.0,0,0.0,77.78,22.22,2026-05-31,-,0,-
-,-,smoula892,-,1507.32,-1.43,1850.03,0.0,114.23,0.48,16,0.0,10,0.0,5,0.0,1,0.0,62.5,0.0,2022-03-01,-,0,-
277,-26,Padishar,-,1507.17,-1.39,1606.76,-0.59,33.2,0.27,227,10.0,110,4.0,115,6.0,2,0.0,48.46,-0.39,2026-05-13,G,3,138.0
-,-,treitze,DE,1507.04,-2.35,1715.39,0.0,69.45,0.78,39,0.0,21,0.0,18,0.0,0,0.0,53.85,0.0,2024-10-31,P,4,-
278,327,Tharkis,-,1506.86,229.09,1839.48,85.52,110.87,-47.86,16,6.0,9,4.0,7,2.0,0,0.0,56.25,6.25,2026-05-20,P,2,1060.0
-,-,P373R,GB,1506.76,-1.25,1898.34,0.0,130.53,0.42,12,0.0,10,0.0,2,0.0,0,0.0,83.33,0.0,2022-02-01,G,2,-
279,152,lhrljr,SG,1505.3,129.08,1716.18,54.34,70.29,-24.91,32,13.0,23,9.0,9,4.0,0,0.0,71.88,-1.8,2026-05-20,-,0,852.0
280,-18,wartin,SK,1505.22,4.35,1612.74,4.96,35.84,0.21,158,7.0,95,4.0,63,3.0,0,0.0,60.13,-0.13,2026-05-22,P,2,275.0
281,-18,Nostradamus5321,-,1504.83,3.97,1637.72,-0.13,44.3,-1.36,101,7.0,62,3.0,39,4.0,0,0.0,61.39,-1.38,2026-05-19,-,0,403.0
282,-43,wittr,GR,1504.52,-13.23,1611.43,-15.24,35.63,-0.67,156,12.0,66,3.0,87,9.0,3,0.0,42.31,-1.44,2026-05-17,P,8,117.0
-,-,TSS,-,1502.6,-1.46,1838.38,0.0,111.93,0.49,16,0.0,10,0.0,5,0.0,1,0.0,62.5,0.0,2022-03-01,-,0,-
283,45,Budde,DE,1502.35,58.49,1666.17,32.79,54.61,-8.57,50,13.0,29,7.0,21,6.0,0,0.0,58.0,-1.46,2026-05-28,-,0,352.0
284,-26,Demetrius,UA,1501.87,-2.5,1700.97,0.0,66.37,0.83,41,0.0,22,0.0,19,0.0,0,0.0,53.66,0.0,2025-07-27,-,0,236.0
285,-28,ChampDeGlace,DE,1501.41,-3.0,1628.53,-10.74,42.37,-2.58,101,13.0,52,5.0,46,8.0,3,0.0,51.49,-1.92,2026-05-21,G,1,188.0
286,-18,ThomRun974,FR,1499.96,9.56,1628.32,8.01,42.79,-0.52,107,6.0,55,4.0,51,2.0,1,0.0,51.4,0.9,2026-05-20,G,6,543.0
-,-,zbert,DE,1498.93,-3.57,1637.89,0.0,46.32,1.19,116,0.0,65,0.0,50,0.0,1,0.0,56.03,0.0,2025-05-13,G,2,295.0
-,-,Wolar,CZ,1497.63,-3.24,1650.39,0.0,50.92,1.08,77,0.0,42,0.0,35,0.0,0,0.0,54.55,0.0,2025-05-14,-,0,282.0
-,-,Andrethegiant,NO,1496.29,-1.61,1801.53,0.0,101.75,0.54,20,0.0,13,0.0,7,0.0,0,0.0,65.0,0.0,2023-07-18,GM,1,-
287,0,Kuter,PL,1495.36,14.77,1619.64,14.62,41.43,-0.05,145,5.0,74,4.0,69,1.0,2,0.0,51.03,1.03,2026-05-16,-,0,369.0
288,64,llsgnm,-,1495.03,66.41,1692.68,40.17,65.89,-8.75,35,7.0,23,5.0,12,2.0,0,0.0,65.71,1.42,2026-05-18,-,0,488.0
289,-15,MurphyAKL,US,1492.62,5.79,1589.98,6.43,32.45,0.21,257,13.0,111,5.0,144,8.0,2,0.0,43.19,-0.25,2026-05-25,G,2,205.0
290,-42,Oleksandr,UA,1492.09,-17.9,1620.07,-23.48,42.66,-1.86,102,10.0,58,2.0,42,7.0,2,1.0,56.86,-4.01,2026-05-17,-,0,337.0
-,-,shpand,-,1489.95,-2.1,1723.21,0.0,77.75,0.7,29,0.0,19,0.0,10,0.0,0,0.0,65.52,0.0,2024-10-31,-,0,-
291,-3,brainac,-,1488.75,8.3,1615.02,6.98,42.09,-0.44,122,6.0,62,4.0,58,2.0,2,0.0,50.82,0.82,2026-05-18,G,14,232.0
292,89,sTeVej,-,1488.4,86.08,1778.76,23.22,96.79,-20.95,24,7.0,19,6.0,5,1.0,0,0.0,79.17,2.7,2026-05-23,-,0,-
293,26,schwam,US,1488.07,32.27,1621.87,23.52,44.6,-2.92,89,13.0,50,10.0,39,3.0,0,0.0,56.18,3.55,2026-05-18,-,0,278.0
294,-34,Bulten,-,1485.27,-16.1,1667.71,-29.69,60.82,-4.53,51,6.0,32,2.0,17,4.0,2,0.0,62.75,-3.92,2026-05-13,G,1,294.0
295,-18,Panthera,PL,1485.04,-0.67,1592.51,-0.79,35.82,-0.04,161,9.0,84,5.0,75,4.0,2,0.0,52.17,0.2,2026-05-11,-,0,255.0
296,-46,McNulty,US,1484.9,-23.79,1589.77,-22.75,34.95,0.35,199,7.0,101,0.0,95,7.0,3,0.0,50.75,-1.85,2026-05-11,-,0,340.0
297,-30,henrymerrivale,IT,1484.63,-6.74,1594.22,-5.61,36.53,0.38,154,6.0,81,3.0,71,3.0,2,0.0,52.6,-0.1,2026-05-11,P,4,242.0
298,-37,BemuthBambai,DE,1484.26,-16.66,1660.35,-17.19,58.7,-0.18,56,2.0,35,0.0,21,2.0,0,0.0,62.5,-2.31,2026-03-28,-,0,616.0
299,-3,aivin,PL,1483.98,10.27,1607.08,6.7,41.03,-1.19,117,10.0,61,5.0,55,5.0,1,0.0,52.14,-0.2,2026-05-13,-,0,352.0
300,23,vagrantil,AU,1483.59,32.46,1630.99,14.06,49.13,-6.13,64,13.0,37,7.0,27,6.0,0,0.0,57.81,-1.01,2026-05-20,-,0,264.0
301,195,Kharny,GB,1483.57,144.15,1742.75,95.77,86.39,-16.12,20,6.0,13,5.0,7,1.0,0,0.0,65.0,7.86,2026-05-18,-,0,757.0
-,-,Benni,-,1483.13,-1.44,1822.3,0.0,113.06,0.48,16,0.0,12,0.0,4,0.0,0,0.0,75.0,0.0,2023-06-06,G,2,-
302,-22,Nepgear,-,1483.0,-1.94,1736.28,0.0,84.43,0.65,20,0.0,14,0.0,6,0.0,0,0.0,70.0,0.0,2025-11-18,-,0,709.0
303,-34,Sarek,DE,1482.96,-7.3,1629.71,-12.46,48.92,-1.72,75,7.0,43,4.0,30,3.0,2,0.0,57.33,-0.02,2026-05-21,-,0,255.0
304,-26,smollov,NL,1482.79,-2.79,1659.3,0.0,58.84,0.93,61,0.0,34,0.0,27,0.0,0,0.0,55.74,0.0,2025-08-15,-,0,920.0
305,-16,Ddafaith,CZ,1482.59,2.53,1582.3,3.23,33.24,0.23,229,10.0,109,4.0,118,6.0,2,0.0,47.6,-0.35,2026-05-17,G,8,238.0
-,-,Lloydinspace100,-,1482.36,-2.88,1654.27,0.0,57.3,0.96,67,0.0,31,0.0,33,0.0,3,0.0,46.27,0.0,2024-10-01,G,10,555.0
306,-35,Thronx,DE,1482.27,-5.81,1594.13,-3.04,37.28,0.92,153,3.0,74,1.0,77,2.0,2,0.0,48.37,-0.3,2026-03-25,G,4,396.0
307,-31,Pule,-,1482.14,-3.75,1613.8,0.0,43.88,1.25,94,0.0,44,0.0,48,0.0,2,0.0,46.81,0.0,2025-11-30,-,0,282.0
308,-22,Vyzvejkanec,-,1481.78,0.01,1753.8,-16.76,90.67,-5.59,23,3.0,17,2.0,6,1.0,0,0.0,73.91,-1.09,2026-03-30,-,0,939.0
309,173,TheKrunk,-,1481.52,135.05,1695.71,79.26,71.4,-18.6,28,10.0,21,8.0,7,2.0,0,0.0,75.0,2.78,2026-05-12,-,0,757.0
310,-72,AdiQue,PL,1481.21,-37.7,1659.79,-40.76,59.53,-1.02,45,3.0,26,0.0,19,3.0,0,0.0,57.78,-4.12,2026-03-29,P,4,293.0
-,-,Asaf,IL,1480.54,-2.77,1658.69,0.0,59.38,0.92,70,0.0,39,0.0,30,0.0,1,0.0,55.71,0.0,2024-04-04,-,0,-
311,-17,danebed,IT,1480.43,4.6,1708.46,-6.37,76.01,-3.65,34,3.0,22,2.0,12,1.0,0,0.0,64.71,0.19,2026-03-26,P,10,289.0
312,-28,bcnoexceptions,US,1480.09,-2.69,1592.89,-4.83,37.6,-0.71,135,12.0,80,7.0,54,5.0,1,0.0,59.26,-0.09,2026-05-17,G,4,273.0
313,-28,ChosenWizard,-,1479.92,-2.13,1710.52,0.0,76.87,0.71,33,0.0,20,0.0,13,0.0,0,0.0,60.61,0.0,2025-07-03,G,12,177.0
-,-,Mariac,-,1479.24,-2.37,1686.39,0.0,69.05,0.79,42,0.0,27,0.0,15,0.0,0,0.0,64.29,0.0,2024-03-12,-,0,-
-,-,Dunedain,US,1478.43,-2.22,1698.92,0.0,73.5,0.74,42,0.0,23,0.0,14,0.0,5,0.0,54.76,0.0,2023-11-15,G,12,-
-,-,ducky1,-,1478.32,-1.73,1761.0,0.0,94.23,0.58,27,0.0,18,0.0,9,0.0,0,0.0,66.67,0.0,2023-06-12,-,0,-
-,-,zc74560,-,1477.52,-1.25,1869.56,0.0,130.68,0.42,12,0.0,9,0.0,3,0.0,0,0.0,75.0,0.0,2022-02-01,-,0,-
314,188,SafeT,-,1477.49,141.71,1803.93,32.8,108.81,-36.3,16,10.0,14,9.0,2,1.0,0,0.0,87.5,4.17,2026-05-20,-,0,-
315,-23,MartinW,DE,1476.65,-0.57,1630.62,-1.94,51.32,-0.46,77,3.0,38,1.0,39,2.0,0,0.0,49.35,-0.65,2026-03-26,G,4,132.0
316,-16,StonedHenge420,US,1476.47,4.25,1589.68,1.78,37.74,-0.82,132,10.0,69,5.0,60,5.0,3,0.0,52.27,-0.19,2026-05-12,G,2,210.0
317,-47,nerficya,US,1475.2,-14.8,1649.7,-31.59,58.17,-5.6,47,9.0,25,4.0,22,5.0,0,0.0,53.19,-2.07,2026-05-12,-,0,157.0
318,24,t0mk0t,-,1475.12,40.58,1713.9,16.51,79.59,-8.02,26,5.0,15,3.0,10,2.0,1,0.0,57.69,0.55,2026-05-17,-,0,690.0
319,-28,ZwzwNzw,CN,1475.09,-2.21,1697.38,0.0,74.1,0.74,34,0.0,25,0.0,9,0.0,0,0.0,73.53,0.0,2025-08-19,-,0,746.0
-,-,Klakla92th,-,1474.51,-3.55,1616.41,0.0,47.3,1.18,111,0.0,60,0.0,51,0.0,0,0.0,54.05,0.0,2024-12-07,G,4,989.0
320,-55,PontiusPilatus,DK,1473.61,-26.06,1720.17,-44.34,82.19,-6.09,32,3.0,19,0.0,13,3.0,0,0.0,59.38,-6.14,2026-03-30,G,4,1271.0
321,-18,DB.Starman,-,1472.56,3.64,1618.86,3.19,48.77,-0.15,78,3.0,35,2.0,42,1.0,1,0.0,44.87,0.87,2026-03-28,P,2,183.0
-,-,CrystalPete420,-,1472.38,-2.83,1646.05,0.0,57.89,0.94,50,0.0,27,0.0,23,0.0,0,0.0,54.0,0.0,2025-02-11,-,0,989.0
322,-2,Composaurus,-,1472.26,20.34,1733.43,-26.18,87.06,-15.51,20,6.0,13,3.0,7,3.0,0,0.0,65.0,-6.43,2026-05-27,-,0,578.0
323,-67,AlkashRusanovskiy,-,1472.0,-33.16,1852.03,-108.37,126.68,-25.07,14,6.0,10,4.0,4,2.0,0,0.0,71.43,-3.57,2026-05-15,-,0,-
-,-,Tmer,-,1471.71,-1.98,1718.56,0.0,82.28,0.66,27,0.0,20,0.0,7,0.0,0,0.0,74.07,0.0,2025-03-28,-,0,754.0
324,-17,MiloslavIII,CA,1471.49,8.9,1700.79,-26.79,76.43,-11.89,25,6.0,13,2.0,12,4.0,0,0.0,52.0,-5.89,2026-05-15,-,0,398.0
-,-,vermiliondk,-,1470.35,-1.48,1800.77,0.0,110.14,0.49,12,0.0,8,0.0,4,0.0,0,0.0,66.67,0.0,2024-07-15,-,0,-
325,-24,Haxxorn,SE,1469.61,-1.99,1571.68,-1.11,34.02,0.29,208,10.0,102,6.0,104,4.0,2,0.0,49.04,0.56,2026-05-23,G,10,286.0
326,-45,booyakasha,-,1469.54,-14.53,1749.7,-44.25,93.39,-9.9,18,3.0,13,1.0,5,2.0,0,0.0,72.22,-7.78,2026-03-23,-,0,662.0
327,-29,Hardco,CA,1469.31,-3.92,1597.24,0.0,42.64,1.31,116,0.0,53,0.0,61,0.0,2,0.0,45.69,0.0,2025-11-30,M,1,791.0
328,21,Ilidur,-,1469.18,39.16,1683.75,30.29,71.53,-2.96,38,3.0,24,2.0,14,1.0,0,0.0,63.16,0.3,2026-03-27,-,0,805.0
-,-,ugglor,-,1467.87,-3.0,1632.6,0.0,54.91,1.0,76,0.0,44,0.0,31,0.0,1,0.0,57.89,0.0,2025-03-24,G,2,757.0
-,-,BeatrixAnd,PL,1466.88,-2.26,1684.83,0.0,72.65,0.75,40,0.0,28,0.0,12,0.0,0,0.0,70.0,0.0,2025-05-20,-,0,194.0
329,146,Adi65,-,1466.87,116.55,1793.99,-8.16,109.04,-41.57,12,6.0,9,3.0,3,3.0,0,0.0,75.0,-25.0,2026-05-19,-,0,-
330,30,Boristina,US,1466.4,45.25,1731.18,2.91,88.26,-14.11,21,6.0,14,4.0,7,2.0,0,0.0,66.67,0.0,2026-05-18,-,0,372.0
-,-,Chuckles_the_second,-,1464.39,-1.38,1818.24,0.0,117.95,0.46,17,0.0,12,0.0,4,0.0,1,0.0,70.59,0.0,2023-04-16,M,1,-
331,-41,CRocky,-,1464.25,-13.59,1669.13,-57.24,68.29,-14.55,37,10.0,26,4.0,11,6.0,0,0.0,70.27,-11.21,2026-05-19,-,0,622.0
-,-,ddxy,-,1463.76,-1.43,1806.21,0.0,114.15,0.48,16,0.0,10,0.0,6,0.0,0,0.0,62.5,0.0,2022-03-01,-,0,-
332,-18,Gudimundi,IS,1462.91,5.05,1609.83,-7.4,48.97,-4.15,63,10.0,35,4.0,27,6.0,1,0.0,55.56,-2.93,2026-05-13,-,0,222.0
333,91,TorbenOfHerpes,DE,1462.71,83.67,1664.5,46.27,67.26,-12.47,41,14.0,30,11.0,11,3.0,0,0.0,73.17,2.8,2026-05-31,-,0,622.0
-,-,Dooglassa,-,1462.2,-1.4,1812.04,0.0,116.61,0.47,12,0.0,7,0.0,5,0.0,0,0.0,58.33,0.0,2024-07-15,-,0,-
-,-,Alpha.K,-,1461.45,-1.56,1775.77,0.0,104.77,0.52,19,0.0,11,0.0,7,0.0,1,0.0,57.89,0.0,2023-03-01,-,0,-
334,-25,Tasku,FI,1461.32,0.16,1666.47,-41.4,68.38,-13.85,31,9.0,17,3.0,14,6.0,0,0.0,54.84,-8.8,2026-05-20,-,0,561.0
335,-20,Shincham,BR,1460.99,4.02,1647.58,-0.09,62.2,-1.37,49,3.0,27,2.0,21,1.0,1,0.0,55.1,0.75,2026-03-24,G,14,249.0
-,-,V0jta,CZ,1460.25,-2.25,1678.1,0.0,72.62,0.75,39,0.0,21,0.0,17,0.0,1,0.0,53.85,0.0,2023-11-15,G,16,-
336,-43,Nightvayne,CH,1460.22,-15.72,1599.37,-19.3,46.39,-1.19,83,9.0,43,5.0,39,4.0,1,0.0,51.81,0.46,2026-05-10,G,5,127.0
-,-,ChrisTher,-,1458.97,-1.24,1852.31,0.0,131.11,0.41,8,0.0,6,0.0,2,0.0,0,0.0,75.0,0.0,2024-07-01,G,2,551.0
337,265,AaronGreen,US,1458.11,178.7,1757.53,95.39,99.8,-27.77,15,6.0,9,4.0,6,2.0,0,0.0,60.0,4.44,2026-05-19,GM,7,729.0
338,-7,gabev,US,1457.88,16.81,1598.54,11.75,46.89,-1.69,77,7.0,41,3.0,34,3.0,2,1.0,53.25,-1.04,2026-05-19,-,0,349.0
339,-28,Jiffy,HK,1457.36,-2.07,1694.47,0.0,79.04,0.69,27,0.0,19,0.0,7,0.0,1,0.0,70.37,0.0,2025-08-16,-,0,351.0
340,-34,Kermit19,-,1456.74,-8.2,1582.34,-10.42,41.86,-0.74,130,7.0,68,2.0,61,4.0,1,1.0,52.31,-1.35,2026-05-19,-,0,403.0
341,-29,MrGekz,PL,1456.28,-2.74,1578.08,-6.72,40.6,-1.33,121,10.0,57,5.0,64,5.0,0,0.0,47.11,0.26,2026-05-12,G,4,267.0
-,-,matinghiasi,-,1456.05,-1.69,1747.51,0.0,97.16,0.56,18,0.0,11,0.0,7,0.0,0,0.0,61.11,0.0,2025-05-24,-,0,440.0
342,-29,Daemon3142,GB,1455.81,-2.15,1561.67,-2.76,35.29,-0.2,174,10.0,83,4.0,90,6.0,1,0.0,47.7,-0.47,2026-05-13,-,0,301.0
343,-17,rabalder,NO,1454.84,8.97,1579.62,4.94,41.59,-1.35,115,10.0,60,6.0,55,4.0,0,0.0,52.17,0.74,2026-05-11,-,0,383.0
345,76,laozhou,-,1454.29,74.44,1838.12,-7.1,127.95,-27.18,9,3.0,8,2.0,1,1.0,0,0.0,88.89,-11.11,2026-03-23,-,0,-
-,-,WHIZ,-,1454.29,-1.21,1859.31,0.0,135.01,0.4,12,0.0,8,0.0,3,0.0,1,0.0,66.67,0.0,2022-02-01,-,0,-
344,-42,Aaronwebber,-,1454.29,-16.74,1571.31,-18.84,39.01,-0.7,140,10.0,66,4.0,73,6.0,1,0.0,47.14,-0.55,2026-05-13,P,4,249.0
346,198,xy-y,-,1453.53,139.11,1781.23,2.05,109.23,-45.69,16,10.0,13,8.0,3,2.0,0,0.0,81.25,-2.08,2026-05-18,-,0,-
347,-30,Alvin1912,-,1453.43,-2.89,1623.71,0.0,56.76,0.96,50,0.0,23,0.0,26,0.0,1,0.0,46.0,0.0,2026-02-02,P,4,223.0
348,-38,Skaiwalker,CZ,1453.43,-7.15,1625.56,-10.16,57.37,-1.01,54,3.0,27,1.0,26,2.0,1,0.0,50.0,-0.98,2026-03-23,M,2,141.0
349,182,maximpodg,-,1453.38,130.35,1745.7,50.25,97.44,-26.7,18,6.0,11,3.0,7,3.0,0,0.0,61.11,-5.56,2026-05-16,M,2,-
350,-77,Rackare,SE,1452.63,-34.63,1744.31,-71.49,97.23,-12.29,17,3.0,12,0.0,5,3.0,0,0.0,70.59,-15.12,2026-03-24,-,0,805.0
351,224,xiaoduan,-,1452.08,153.97,1677.88,99.52,75.27,-18.15,27,9.0,21,8.0,6,1.0,0,0.0,77.78,5.56,2026-05-31,-,0,-
-,-,Zathio,US,1452.01,-2.94,1620.27,0.0,56.09,0.98,61,0.0,37,0.0,24,0.0,0,0.0,60.66,0.0,2025-01-30,-,0,989.0
352,42,Dread_84,DE,1451.83,56.56,1637.9,11.74,62.02,-14.94,40,13.0,23,6.0,17,7.0,0,0.0,57.5,-5.46,2026-05-23,-,0,384.0
353,483,Barnes,-,1451.65,311.34,1729.46,78.34,92.61,-77.67,18,13.0,12,9.0,6,4.0,0,0.0,66.67,6.67,2026-05-21,-,0,1287.0
354,-49,Vi15So17,DE,1451.43,-13.64,1557.3,-12.38,35.29,0.42,174,7.0,91,2.0,83,5.0,0,0.0,52.3,-0.99,2026-05-12,-,0,365.0
-,-,heisenberg_97,IT,1451.04,-1.72,1737.45,0.0,95.47,0.57,26,0.0,18,0.0,8,0.0,0,0.0,69.23,0.0,2024-07-01,P,4,118.0
355,-34,MoreHat,US,1450.7,-0.95,1703.15,-22.69,84.15,-7.25,25,3.0,16,1.0,9,2.0,0,0.0,64.0,-4.18,2026-03-26,-,0,670.0
356,-8,trzeciakson,PL,1450.63,20.14,1605.85,15.39,51.74,-1.58,66,6.0,32,4.0,32,2.0,2,0.0,48.48,1.81,2026-05-23,P,6,244.0
-,-,jmamos,-,1450.61,-1.16,1871.83,0.0,140.41,0.39,9,0.0,6,0.0,3,0.0,0,0.0,66.67,0.0,2023-06-06,G,4,380.0
357,-3,Spoobill,-,1450.53,24.8,1657.27,2.31,68.91,-7.5,42,6.0,25,3.0,17,3.0,0,0.0,59.52,-1.59,2026-05-15,-,0,350.0
-,-,elo8000,-,1450.36,-1.43,1793.06,0.0,114.23,0.48,11,0.0,8,0.0,3,0.0,0,0.0,72.73,0.0,2024-09-01,-,0,1412.0
358,31,pepikos,NL,1450.06,51.17,1671.19,43.39,73.71,-2.6,37,3.0,21,2.0,16,1.0,0,0.0,56.76,0.88,2026-04-01,-,0,805.0
359,-22,theussner79,DE,1449.52,10.73,1556.77,11.41,35.75,0.23,169,7.0,93,5.0,75,2.0,1,0.0,55.03,0.71,2026-05-15,-,0,356.0
-,-,claxic,-,1449.49,-1.35,1812.42,0.0,120.98,0.45,15,0.0,12,0.0,3,0.0,0,0.0,80.0,0.0,2024-04-04,-,0,-
360,45,pote,TN,1449.07,59.65,1709.02,41.58,86.65,-6.03,27,3.0,16,3.0,11,0.0,0,0.0,59.26,5.09,2026-03-26,G,2,1262.0
-,-,ZRoronoaZ,CZ,1448.38,-3.36,1595.13,0.0,48.92,1.12,101,0.0,56,0.0,42,0.0,3,0.0,55.45,0.0,2025-03-25,-,0,939.0
361,-8,Borgmo,DE,1447.08,19.9,1686.24,7.99,79.72,-3.97,29,3.0,17,1.0,12,2.0,0,0.0,58.62,-2.92,2026-04-06,G,2,410.0
362,-40,Mattian12000,IT,1446.77,-4.66,1582.25,-3.8,45.16,0.29,99,3.0,39,1.0,60,2.0,0,0.0,39.39,-0.19,2026-03-25,G,2,278.0
363,-25,borz.zrob,HU,1446.33,7.84,1664.31,-3.36,72.66,-3.73,37,3.0,20,1.0,17,2.0,0,0.0,54.05,-1.83,2026-03-22,P,4,85.0
-,-,peposqui,ES,1445.22,-2.73,1626.27,0.0,60.35,0.91,62,0.0,29,0.0,33,0.0,0,0.0,46.77,0.0,2024-08-11,G,4,208.0
364,-98,Darain,SG,1443.59,-51.13,1683.19,-98.5,79.87,-15.79,27,7.0,19,2.0,8,5.0,0,0.0,70.37,-14.63,2026-05-11,-,0,630.0
365,-57,Mkucharz,CA,1442.08,-19.54,1713.33,-42.14,90.41,-7.53,24,3.0,15,1.0,8,2.0,1,0.0,62.5,-4.17,2026-03-21,-,0,452.0
366,135,haimke,-,1441.99,105.14,1661.58,76.22,73.2,-9.64,33,6.0,19,5.0,14,1.0,0,0.0,57.58,5.73,2026-05-17,G,4,261.0
367,-42,Dovi,PL,1441.81,-9.02,1590.1,-9.42,49.43,-0.13,101,3.0,57,1.0,44,2.0,0,0.0,56.44,-0.7,2026-03-23,G,2,200.0
-,-,HomerJr,US,1440.89,-2.65,1626.91,0.0,62.01,0.88,48,0.0,30,0.0,18,0.0,0,0.0,62.5,0.0,2025-03-23,G,8,805.0
368,147,Silvester,-,1440.76,111.0,1670.0,23.33,76.41,-29.22,26,13.0,19,9.0,7,4.0,0,0.0,73.08,-3.84,2026-05-31,-,0,-
369,16,M.T,-,1440.39,39.63,1595.73,31.22,51.78,-2.8,64,7.0,41,6.0,23,1.0,0,0.0,64.06,2.66,2026-05-12,-,0,469.0
-,-,NoswordKnight,CN,1439.6,-2.4,1644.88,0.0,68.43,0.8,44,0.0,25,0.0,19,0.0,0,0.0,56.82,0.0,2025-03-25,-,0,805.0
370,253,Trond79,-,1439.35,170.65,1681.47,85.35,80.71,-28.44,23,10.0,17,8.0,6,2.0,0,0.0,73.91,4.68,2026-05-13,-,0,1262.0
-,-,jSan,-,1439.27,-2.31,1652.12,0.0,70.95,0.77,36,0.0,21,0.0,15,0.0,0,0.0,58.33,0.0,2025-02-17,-,0,343.0
-,-,AvPL,PL,1438.55,-1.63,1739.39,0.0,100.28,0.54,20,0.0,13,0.0,7,0.0,0,0.0,65.0,0.0,2023-10-22,-,0,-
371,-36,lfrantisek,FI,1437.42,-2.06,1675.4,0.0,79.33,0.69,29,0.0,15,0.0,14,0.0,0,0.0,51.72,0.0,2025-07-31,G,4,514.0
372,-36,Montu,US,1437.14,-2.08,1672.35,0.0,78.4,0.69,24,0.0,18,0.0,6,0.0,0,0.0,75.0,0.0,2025-11-30,-,0,596.0
373,368,J0hnny_Utah7,CA,1437.09,237.78,1765.49,116.75,109.47,-40.34,15,6.0,11,5.0,3,1.0,1,0.0,73.33,6.66,2026-05-20,-,0,989.0
374,-41,BradSwan,US,1436.8,-3.4,1584.41,0.0,49.2,1.13,77,0.0,30,0.0,45,0.0,2,0.0,38.96,0.0,2025-11-30,G,14,548.0
-,-,Asbestos,US,1436.49,-3.25,1588.81,0.0,50.77,1.08,94,0.0,44,0.0,47,0.0,3,0.0,46.81,0.0,2025-03-25,G,8,695.0
375,-24,Gerti,DE,1436.33,7.48,1650.35,-1.35,71.34,-2.94,36,3.0,23,2.0,12,1.0,1,0.0,63.89,0.25,2026-03-26,-,0,939.0
-,-,Berfner,SE,1436.16,-1.71,1723.72,0.0,95.86,0.57,18,0.0,9,0.0,8,0.0,1,0.0,50.0,0.0,2025-03-22,-,0,757.0
376,-44,vendogs,RU,1436.15,-4.28,1552.33,0.0,38.73,1.43,157,0.0,83,0.0,74,0.0,0,0.0,52.87,0.0,2025-12-18,-,0,275.0
377,-2,snakilan,-,1435.29,31.15,1766.53,-156.1,110.41,-62.42,19,14.0,14,9.0,4,4.0,1,1.0,73.68,-26.32,2026-05-31,-,0,-
-,-,InfiniteZest,-,1435.23,-2.94,1602.9,0.0,55.89,0.98,66,0.0,30,0.0,35,0.0,1,0.0,45.45,0.0,2025-05-11,G,4,344.0
-,-,fantasyyu,-,1434.75,-1.66,1728.88,0.0,98.04,0.55,20,0.0,16,0.0,4,0.0,0,0.0,80.0,0.0,2025-02-14,-,0,1112.0
378,-39,joniboni,-,1434.64,-2.79,1590.42,-12.19,51.93,-3.13,66,7.0,40,2.0,26,5.0,0,0.0,60.61,-3.8,2026-05-23,-,0,786.0
379,64,JSauve,-,1434.52,66.44,1652.7,40.7,72.73,-8.58,33,6.0,19,4.0,14,2.0,0,0.0,57.58,2.02,2026-05-31,-,0,662.0
380,-40,refs,NO,1433.51,-3.4,1572.61,-16.7,46.37,-4.43,83,13.0,45,5.0,38,8.0,0,0.0,54.22,-2.92,2026-05-23,-,0,394.0
-,-,Kostello,-,1433.42,-1.89,1692.85,0.0,86.48,0.63,24,0.0,15,0.0,9,0.0,0,0.0,62.5,0.0,2024-02-11,-,0,-
381,-26,Garghiii,IT,1433.35,7.62,1559.98,5.97,42.21,-0.55,95,6.0,50,4.0,44,2.0,1,0.0,52.63,0.94,2026-05-03,-,0,359.0
-,-,follik,LV,1433.28,-2.11,1666.21,0.0,77.64,0.7,33,0.0,18,0.0,15,0.0,0,0.0,54.55,0.0,2023-11-15,G,2,-
382,22,Kloef,-,1433.05,43.62,1663.27,12.08,76.74,-10.51,27,6.0,13,3.0,12,3.0,2,0.0,48.15,0.53,2026-05-22,-,0,922.0
383,234,bluecube,-,1431.52,160.19,1768.13,25.33,112.21,-44.95,12,6.0,8,3.0,2,2.0,2,1.0,66.67,-16.66,2026-05-25,-,0,1287.0
384,53,ulkupayaya,-,1430.9,60.0,1715.28,25.94,94.79,-11.35,18,3.0,10,2.0,7,1.0,1,0.0,55.56,2.23,2026-04-08,-,0,578.0
-,-,Anderkent,PL,1430.66,-1.3,1808.11,0.0,125.82,0.43,14,0.0,11,0.0,3,0.0,0,0.0,78.57,0.0,2023-04-16,G,4,-
385,-18,guppyfry,US,1430.56,15.99,1538.44,15.51,35.96,-0.16,157,10.0,75,6.0,80,4.0,2,0.0,47.77,0.83,2026-05-15,G,2,332.0
386,452,ImmoDoP,-,1430.37,294.66,1827.21,41.04,132.28,-84.54,8,5.0,6,3.0,2,2.0,0,0.0,75.0,-25.0,2026-05-13,-,0,-
387,216,Sonder.,-,1430.16,151.81,1719.94,63.11,96.59,-29.57,15,7.0,13,6.0,2,1.0,0,0.0,86.67,-0.83,2026-05-12,-,0,-
388,-43,Bobisko,CZ,1429.56,-2.64,1616.98,0.0,62.47,0.88,42,0.0,24,0.0,18,0.0,0,0.0,57.14,0.0,2026-02-03,G,2,384.0
389,-184,Beowls,-,1429.28,-117.54,1672.99,-152.49,81.24,-11.65,25,6.0,12,0.0,13,6.0,0,0.0,48.0,-15.16,2026-05-14,-,0,321.0
390,-33,Xterm,NO,1428.58,4.02,1637.64,-17.9,69.69,-7.31,40,6.0,22,2.0,18,4.0,0,0.0,55.0,-3.82,2026-05-20,G,10,167.0
391,74,milanmar,-,1428.0,72.28,1697.12,49.11,89.71,-7.72,23,3.0,13,2.0,10,1.0,0,0.0,56.52,1.52,2026-03-27,-,0,662.0
392,-88,MrFigu,-,1427.75,-37.71,1680.07,-51.87,84.11,-4.72,26,3.0,16,1.0,9,2.0,1,0.0,61.54,-3.68,2026-03-28,-,0,198.0
-,-,devilchn,-,1427.35,-1.51,1751.86,0.0,108.17,0.5,12,0.0,9,0.0,3,0.0,0,0.0,75.0,0.0,2025-05-16,-,0,496.0
393,-50,Daniii,-,1427.13,-6.6,1581.44,-7.75,51.44,-0.38,70,3.0,36,1.0,34,2.0,0,0.0,51.43,-0.81,2026-03-26,G,4,189.0
394,-64,GangwonTeacher,-,1426.72,-15.34,1657.89,-25.39,77.06,-3.35,34,3.0,21,0.0,13,3.0,0,0.0,61.76,-5.98,2026-03-24,-,0,711.0
395,141,Aruta,-,1426.54,105.73,1708.17,42.35,93.88,-21.12,17,6.0,11,4.0,6,2.0,0,0.0,64.71,1.07,2026-05-20,-,0,711.0
397,-47,Rumbleman,US,1426.31,-2.76,1604.69,0.0,59.46,0.92,44,0.0,22,0.0,22,0.0,0,0.0,50.0,0.0,2025-11-30,G,8,638.0
396,450,discodancer,-,1426.31,294.53,1745.38,172.18,106.36,-40.78,12,6.0,9,5.0,3,1.0,0,0.0,75.0,8.33,2026-05-18,P,4,130.0
-,-,xyx,-,1425.61,-1.28,1807.1,0.0,127.16,0.43,15,0.0,14,0.0,1,0.0,0,0.0,93.33,0.0,2024-10-31,-,0,-
-,-,DukeAtreides,-,1425.27,-1.7,1713.7,0.0,96.15,0.57,23,0.0,15,0.0,8,0.0,0,0.0,65.22,0.0,2024-07-15,-,0,-
398,16,nanoprince,-,1424.29,39.84,1620.28,27.45,65.33,-4.13,39,5.0,24,3.0,13,2.0,2,0.0,61.54,-0.22,2026-05-20,-,0,382.0
-,-,DaemonCleaner,NO,1423.77,-2.45,1624.0,0.0,66.74,0.82,46,0.0,28,0.0,18,0.0,0,0.0,60.87,0.0,2024-10-31,-,0,-
399,-58,tnawrocki,US,1423.57,-11.99,1558.02,-23.26,44.81,-3.76,80,13.0,42,3.0,38,10.0,0,0.0,52.5,-5.71,2026-05-15,-,0,280.0
400,-36,MBlueMan,CA,1423.54,4.59,1531.94,5.94,36.13,0.45,182,7.0,91,5.0,87,2.0,4,0.0,50.0,0.86,2026-05-23,-,0,463.0
401,-21,ChunkySam,US,1423.44,20.91,1615.36,8.76,63.97,-4.05,44,7.0,31,6.0,13,1.0,0,0.0,70.45,2.88,2026-05-13,-,0,1106.0
402,-75,WanderingWolf,AU,1423.28,-21.02,1625.7,-28.99,67.47,-2.66,42,3.0,19,0.0,22,3.0,1,0.0,45.24,-3.48,2026-04-04,M,1,115.0
-,-,SimTubez,AU,1423.27,-2.36,1632.06,0.0,69.6,0.79,45,0.0,26,0.0,19,0.0,0,0.0,57.78,0.0,2024-04-04,G,2,420.0
403,286,DyziK,PL,1423.18,193.37,1747.3,72.17,108.04,-40.4,12,6.0,9,4.0,3,2.0,0,0.0,75.0,-8.33,2026-05-29,-,0,319.0
404,-46,petki,-,1422.57,-1.33,1791.42,0.0,122.95,0.44,14,0.0,10,0.0,4,0.0,0,0.0,71.43,0.0,2026-02-05,-,0,-
405,-35,jonzewiespike,DE,1421.97,13.48,1536.66,13.31,38.23,-0.06,132,8.0,67,7.0,62,1.0,3,0.0,50.76,2.37,2026-05-31,-,0,310.0
-,-,FFAZ,HK,1421.36,-2.93,1592.6,0.0,57.08,0.98,62,0.0,34,0.0,28,0.0,0,0.0,54.84,0.0,2024-10-01,P,2,-
406,41,mzotkiew,-,1420.12,54.7,1699.32,4.09,93.07,-16.87,20,6.0,13,4.0,7,2.0,0,0.0,65.0,0.71,2026-05-24,-,0,-
407,-38,Darek79,-,1419.76,8.86,1612.75,2.57,64.33,-2.1,47,3.0,28,2.0,19,1.0,0,0.0,59.57,0.48,2026-03-26,-,0,922.0
-,-,Z-man,-,1419.53,-1.23,1817.27,0.0,132.58,0.41,9,0.0,8,0.0,1,0.0,0,0.0,88.89,0.0,2025-03-26,-,0,805.0
-,-,Pat_the_Cat,-,1419.47,-1.7,1707.63,0.0,96.05,0.57,20,0.0,14,0.0,6,0.0,0,0.0,70.0,0.0,2024-08-11,-,0,-
408,-62,BirdOfPreyyy,RU,1419.24,-12.96,1541.91,-16.67,40.89,-1.24,119,10.0,67,4.0,52,6.0,0,0.0,56.3,-1.5,2026-05-15,-,0,210.0
-,-,Etherealz,CA,1419.05,-3.77,1550.33,0.0,43.76,1.26,135,0.0,64,0.0,71,0.0,0,0.0,47.41,0.0,2025-02-12,-,0,511.0
409,-9,Mephist,LT,1419.03,25.27,1541.88,22.74,40.95,-0.84,105,9.0,50,6.0,55,3.0,0,0.0,47.62,1.79,2026-05-23,-,0,241.0
410,47,Shergar,GB,1418.82,59.09,1680.18,11.5,87.12,-15.86,20,6.0,11,3.0,9,3.0,0,0.0,55.0,-2.14,2026-05-20,-,0,757.0
411,-2,danilius,IT,1418.55,32.11,1641.49,20.23,74.31,-3.96,34,3.0,19,2.0,14,1.0,1,0.0,55.88,1.04,2026-03-22,P,2,327.0
-,-,Rivarama,-,1417.42,-2.28,1632.82,0.0,71.8,0.76,45,0.0,26,0.0,18,0.0,1,0.0,57.78,0.0,2023-11-15,G,2,-
-,-,VampireD,HK,1417.41,-2.01,1662.34,0.0,81.64,0.67,27,0.0,19,0.0,8,0.0,0,0.0,70.37,0.0,2025-05-16,-,0,219.0
412,-56,Michal_Kossakowski,-,1417.26,-7.69,1557.46,-16.82,46.74,-3.04,79,10.0,42,3.0,35,7.0,2,0.0,53.16,-3.36,2026-05-12,-,0,416.0
413,-50,Hysen,GB,1416.75,-2.9,1586.79,0.0,56.68,0.97,61,0.0,37,0.0,24,0.0,0,0.0,60.66,0.0,2026-02-26,-,0,261.0
-,-,Ronnan,-,1416.6,-1.61,1721.12,0.0,101.51,0.54,22,0.0,12,0.0,10,0.0,0,0.0,54.55,0.0,2023-04-16,P,2,-
-,-,AlbertoMariani91,-,1416.47,-1.44,1755.71,0.0,113.08,0.48,17,0.0,11,0.0,6,0.0,0,0.0,64.71,0.0,2023-04-16,G,2,-
-,-,Woodmouth,NO,1416.35,-2.11,1648.82,0.0,77.49,0.7,37,0.0,17,0.0,17,0.0,3,0.0,45.95,0.0,2023-11-15,-,0,-
414,-32,putih,-,1415.41,13.85,1658.28,-41.15,80.96,-18.33,21,7.0,14,3.0,6,4.0,1,0.0,66.67,-11.9,2026-05-13,-,0,1256.0
415,399,Leeech,FI,1415.36,256.61,1697.17,194.87,93.94,-20.58,19,6.0,12,6.0,7,0.0,0,0.0,63.16,17.01,2026-05-16,-,0,805.0
416,-51,Fayebian,-,1414.63,-1.61,1719.92,0.0,101.76,0.54,17,0.0,9,0.0,8,0.0,0,0.0,52.94,0.0,2025-08-01,G,2,398.0
-,-,jRune,-,1414.4,-1.82,1685.2,0.0,90.27,0.61,25,0.0,15,0.0,10,0.0,0,0.0,60.0,0.0,2024-08-11,P,6,327.0
417,-30,Antigua,HU,1414.33,13.91,1708.96,-12.02,98.21,-8.64,17,3.0,12,2.0,5,1.0,0,0.0,70.59,-0.84,2026-03-28,-,0,757.0
418,211,Caveman90,-,1414.2,149.43,1716.4,20.15,100.73,-43.1,16,10.0,12,8.0,4,2.0,0,0.0,75.0,8.33,2026-05-13,-,0,-
419,-51,blackwave,CN,1413.63,0.53,1618.41,-29.68,68.26,-10.07,35,7.0,23,2.0,12,5.0,0,0.0,65.71,-9.29,2026-05-13,-,0,655.0
420,14,sillysheep,HK,1413.55,38.84,1591.05,35.03,59.17,-1.27,59,4.0,31,3.0,28,1.0,0,0.0,52.54,1.63,2026-05-12,G,6,757.0
421,-35,justinkejs,-,1411.81,11.33,1563.58,6.42,50.59,-1.64,81,6.0,40,3.0,40,3.0,1,0.0,49.38,0.05,2026-05-27,G,6,805.0
422,-56,Jappa,NL,1411.71,-4.29,1526.88,0.0,38.39,1.43,159,0.0,77,0.0,81,0.0,1,0.0,48.43,0.0,2025-12-14,G,4,313.0
-,-,jzebra,US,1411.66,-1.72,1696.91,0.0,95.08,0.57,30,0.0,11,0.0,18,0.0,1,0.0,36.67,0.0,2023-11-15,P,12,-
423,568,Graypilgrim,-,1411.51,380.49,1685.09,158.75,91.19,-73.91,19,14.0,14,11.0,5,3.0,0,0.0,73.68,13.68,2026-05-31,-,0,-
424,-45,Mul,CA,1411.22,8.66,1574.97,6.97,54.59,-0.56,63,3.0,33,2.0,28,1.0,2,0.0,52.38,0.71,2026-03-31,-,0,319.0
-,-,EvilBen,GB,1410.57,-1.4,1759.95,0.0,116.46,0.47,17,0.0,12,0.0,5,0.0,0,0.0,70.59,0.0,2023-04-16,-,0,-
-,-,Donni,DE,1410.55,-3.48,1551.45,0.0,46.97,1.16,96,0.0,43,0.0,53,0.0,0,0.0,44.79,0.0,2025-05-21,-,0,253.0
425,42,AxelKlaar,-,1410.29,54.97,1634.01,26.1,74.57,-9.62,30,6.0,17,4.0,13,2.0,0,0.0,56.67,2.5,2026-05-16,-,0,448.0
426,353,FollowerOfCicero,-,1409.23,230.65,1792.73,127.91,127.83,-34.25,8,3.0,6,3.0,2,0.0,0,0.0,75.0,15.0,2026-04-07,-,0,-
427,-65,JensIV,DE,1408.44,-11.86,1549.01,-22.04,46.86,-3.4,75,10.0,35,3.0,40,7.0,0,0.0,46.67,-2.56,2026-05-19,G,1,158.0
428,-69,Cleveman,DE,1408.41,-14.68,1507.74,-12.56,33.11,0.71,234,7.0,106,1.0,125,6.0,3,0.0,45.3,-0.96,2026-05-24,-,0,317.0
429,20,mowangfeng,-,1407.85,42.87,1724.46,0.89,105.54,-13.99,15,3.0,11,2.0,4,1.0,0,0.0,73.33,-1.67,2026-03-27,-,0,1375.0
-,-,keizerCarel,-,1407.12,-1.3,1783.03,0.0,125.3,0.43,9,0.0,7,0.0,2,0.0,0,0.0,77.78,0.0,2025-03-20,-,0,684.0
430,-58,mria,-,1406.21,-1.22,1808.92,0.0,134.24,0.41,8,0.0,8,0.0,0,0.0,0,0.0,100.0,0.0,2026-02-28,-,0,-
-,-,Bulb,-,1404.99,-2.34,1614.98,0.0,69.99,0.78,43,0.0,26,0.0,17,0.0,0,0.0,60.47,0.0,2025-02-12,-,0,835.0
-,-,Clue72,-,1404.96,-2.28,1621.56,0.0,72.2,0.76,42,0.0,26,0.0,16,0.0,0,0.0,61.9,0.0,2024-04-14,-,0,1421.0
-,-,M-L-E,GR,1404.08,-1.86,1667.41,0.0,87.78,0.62,24,0.0,15,0.0,9,0.0,0,0.0,62.5,0.0,2025-05-04,-,0,572.0
431,-58,Balan,CN,1403.97,-1.54,1722.89,0.0,106.31,0.51,16,0.0,13,0.0,3,0.0,0,0.0,81.25,0.0,2025-08-13,-,0,1051.0
-,-,Naval,-,1403.51,-1.82,1672.39,0.0,89.62,0.61,23,0.0,16,0.0,7,0.0,0,0.0,69.57,0.0,2025-03-21,-,0,805.0
-,-,Ramonster,NL,1403.44,-1.91,1661.73,0.0,86.09,0.64,30,0.0,18,0.0,11,0.0,1,0.0,60.0,0.0,2024-08-11,-,0,-
432,21,FunkyLere,-,1403.39,40.44,1671.85,-12.73,89.48,-17.72,22,6.0,11,2.0,8,4.0,3,0.0,50.0,-6.25,2026-05-21,G,8,259.0
433,90,GoblinMatron,-,1402.88,76.91,1594.63,44.26,63.92,-10.88,38,10.0,19,6.0,19,4.0,0,0.0,50.0,3.57,2026-05-20,-,0,192.0
434,-60,ABQ,HR,1402.64,-2.07,1640.18,0.0,79.18,0.69,32,0.0,20,0.0,12,0.0,0,0.0,62.5,0.0,2026-01-28,G,4,461.0
-,-,Abenteurer86,-,1402.51,-1.5,1728.92,0.0,108.8,0.5,18,0.0,13,0.0,5,0.0,0,0.0,72.22,0.0,2024-04-04,-,0,-
-,-,JoyBoy,TH,1402.27,-1.68,1694.18,0.0,97.3,0.56,21,0.0,13,0.0,8,0.0,0,0.0,61.9,0.0,2024-07-01,G,4,-
-,-,BureRF,-,1401.97,-3.2,1555.52,0.0,51.18,1.07,82,0.0,43,0.0,38,0.0,1,0.0,52.44,0.0,2025-05-14,-,0,687.0
435,-51,Quokka,FR,1401.93,0.81,1522.22,-0.62,40.1,-0.48,139,7.0,70,3.0,68,4.0,1,0.0,50.36,-0.4,2026-05-13,-,0,614.0
-,-,roodBF,-,1401.27,-1.45,1741.21,0.0,113.31,0.48,15,0.0,10,0.0,5,0.0,0,0.0,66.67,0.0,2023-07-18,-,0,-
436,-18,RoxasVen,IT,1401.18,18.01,1612.01,6.88,70.28,-3.71,40,3.0,24,2.0,16,1.0,0,0.0,60.0,0.54,2026-03-25,G,2,217.0
437,403,Pavnco,-,1400.97,266.04,1682.09,85.29,93.71,-60.25,19,13.0,13,9.0,6,4.0,0,0.0,68.42,1.75,2026-05-24,-,0,-
438,40,DayWalker1337,-,1400.69,51.87,1660.87,6.49,86.73,-15.12,21,6.0,11,2.0,10,4.0,0,0.0,52.38,-7.62,2026-05-26,-,0,757.0
439,-68,hypodg,IT,1400.45,-7.28,1519.87,-12.56,39.8,-1.76,114,13.0,55,4.0,59,9.0,0,0.0,48.25,-2.25,2026-05-29,-,0,359.0
440,-63,DarthVaderDLotS,-,1400.07,-3.08,1659.87,-15.22,86.6,-4.05,29,2.0,20,1.0,9,1.0,0,0.0,68.97,-1.4,2026-04-01,M,2,277.0
441,362,vito,-,1399.36,235.34,1693.22,63.66,97.95,-57.23,18,12.0,12,8.0,5,4.0,1,0.0,66.67,0.0,2026-05-21,-,0,-
442,-10,taltal,-,1399.27,23.09,1535.81,14.39,45.51,-2.9,85,10.0,46,6.0,39,4.0,0,0.0,54.12,0.79,2026-05-12,-,0,536.0
443,304,Darkriddler,-,1398.54,202.75,1731.57,83.23,111.01,-39.84,12,6.0,7,3.0,5,3.0,0,0.0,58.33,-8.34,2026-05-18,-,0,-
-,-,PTactician,-,1398.37,-2.32,1610.54,0.0,70.72,0.77,41,0.0,19,0.0,22,0.0,0,0.0,46.34,0.0,2023-11-15,G,6,-
-,-,Cyphen,US,1397.89,-1.41,1744.77,0.0,115.63,0.47,16,0.0,8,0.0,7,0.0,1,0.0,50.0,0.0,2022-03-01,GM,3,-
-,-,Teraspena,FI,1396.14,-3.14,1553.97,0.0,52.61,1.05,73,0.0,39,0.0,34,0.0,0,0.0,53.42,0.0,2025-03-24,-,0,634.0
444,-52,nattee,TH,1395.28,-0.87,1524.44,-1.96,43.05,-0.36,97,6.0,53,4.0,44,2.0,0,0.0,54.64,0.79,2026-05-16,-,0,429.0
-,-,Dr.Ampelmann,-,1393.78,-2.04,1635.01,0.0,80.41,0.68,36,0.0,22,0.0,14,0.0,0,0.0,61.11,0.0,2023-11-15,-,0,-
445,-46,JoshyWiggins,GB,1393.34,-1.39,1505.59,-1.22,37.42,0.06,135,7.0,65,3.0,69,4.0,1,0.0,48.15,-0.29,2026-05-10,G,4,346.0
446,-56,TribunX,DE,1392.92,-3.96,1517.66,0.0,41.58,1.32,108,0.0,52,0.0,55,0.0,1,0.0,48.15,0.0,2026-02-27,-,0,286.0
447,-50,Spriteule,DE,1392.64,-2.44,1593.68,0.0,67.01,0.81,43,0.0,24,0.0,19,0.0,0,0.0,55.81,0.0,2026-02-04,-,0,872.0
448,-36,pdx,-,1392.56,7.88,1514.68,3.96,40.71,-1.3,112,10.0,62,4.0,50,6.0,0,0.0,55.36,-1.5,2026-05-19,-,0,479.0
449,-73,Attrill20,GB,1392.27,-11.56,1515.0,-9.39,40.91,0.72,138,3.0,61,0.0,75,3.0,2,0.0,44.2,-0.99,2026-03-25,-,0,329.0
450,-44,Fanti,-,1391.45,2.74,1618.28,-1.38,75.61,-1.37,32,2.0,20,1.0,12,1.0,0,0.0,62.5,-0.83,2026-03-21,-,0,-
451,-56,DonRaphon,-,1391.16,-4.06,1513.67,0.0,40.84,1.35,121,0.0,57,0.0,63,0.0,1,0.0,47.11,0.0,2025-11-30,-,0,412.0
-,-,Jans,PL,1390.73,-1.63,1690.65,0.0,99.97,0.54,20,0.0,12,0.0,8,0.0,0,0.0,60.0,0.0,2024-07-01,-,0,-
452,-56,Gabriele,IT,1390.54,-4.63,1496.48,0.0,35.31,1.54,212,0.0,109,0.0,102,0.0,1,0.0,51.42,0.0,2026-02-01,-,0,314.0
453,-70,matst379,SE,1389.7,-11.8,1495.56,-11.18,35.29,0.21,189,9.0,106,3.0,83,6.0,0,0.0,56.08,-1.14,2026-05-18,-,0,438.0
454,-43,martinxjames,-,1389.56,4.61,1529.86,-4.49,46.77,-3.03,80,10.0,43,5.0,37,5.0,0,0.0,53.75,-0.54,2026-05-14,-,0,336.0
-,-,rdztfidh,-,1389.22,-1.57,1701.69,0.0,104.16,0.52,22,0.0,13,0.0,9,0.0,0,0.0,59.09,0.0,2023-12-01,-,0,-
-,-,riccccc,-,1388.56,-2.02,1632.56,0.0,81.33,0.67,30,0.0,17,0.0,13,0.0,0,0.0,56.67,0.0,2025-03-24,G,2,659.0
455,244,RiteInUrEye,CA,1388.54,165.51,1615.22,75.81,75.56,-29.9,29,13.0,15,8.0,12,5.0,2,0.0,51.72,7.97,2026-05-25,-,0,-
456,-46,Arkadiussus,PL,1387.29,1.87,1495.41,0.85,36.04,-0.34,164,10.0,75,4.0,88,6.0,1,0.0,45.73,-0.37,2026-05-20,-,0,269.0
-,-,Runawaaayyy,CH,1386.24,-2.12,1618.03,0.0,77.26,0.71,42,0.0,24,0.0,18,0.0,0,0.0,57.14,0.0,2024-04-04,G,2,-
457,-79,tronnemann,NO,1386.02,-17.02,1495.65,-17.77,36.54,-0.25,162,9.0,74,2.0,84,7.0,4,0.0,45.68,-1.38,2026-05-15,-,0,333.0
458,-65,Zaij,-,1385.43,-10.49,1542.4,-11.53,52.32,-0.35,78,3.0,34,1.0,43,2.0,1,0.0,43.59,-0.41,2026-03-26,G,2,329.0
459,-51,Tandeta,PL,1384.99,-2.44,1586.09,0.0,67.03,0.81,36,0.0,22,0.0,14,0.0,0,0.0,61.11,0.0,2025-11-13,G,4,695.0
460,-59,maciek,PL,1384.21,-8.06,1485.84,-5.97,33.88,0.7,212,7.0,94,1.0,115,6.0,3,0.0,44.34,-1.03,2026-05-15,-,0,281.0
461,-44,Kejml,CZ,1383.66,0.42,1508.35,-1.39,41.56,-0.6,117,7.0,55,3.0,59,4.0,3,0.0,47.01,-0.26,2026-05-11,G,6,259.0
462,-60,LeoM,IT,1382.47,-9.19,1546.4,-11.29,54.64,-0.7,72,3.0,39,1.0,33,2.0,0,0.0,54.17,-0.9,2026-03-24,-,0,245.0
463,-41,Wennejoekel,NL,1381.92,2.2,1512.91,-0.32,43.66,-0.84,94,6.0,52,3.0,41,3.0,1,0.0,55.32,-0.36,2026-05-12,G,2,381.0
464,-48,kaeptnblaubaer,DE,1381.83,-1.9,1486.68,-0.26,34.95,0.55,203,8.0,109,5.0,94,3.0,0,0.0,53.69,0.36,2026-05-01,-,0,358.0
465,-74,Taeveren,-,1381.69,-15.08,1514.31,-14.37,44.21,0.24,89,3.0,44,0.0,44,3.0,1,0.0,49.44,-1.72,2026-03-22,-,0,409.0
-,-,barda,PT,1381.63,-2.41,1585.23,0.0,67.87,0.8,41,0.0,20,0.0,20,0.0,1,0.0,48.78,0.0,2025-02-12,-,0,638.0
-,-,Ktung,-,1381.25,-1.02,1860.68,0.0,159.81,0.34,6,0.0,5,0.0,1,0.0,0,0.0,83.33,0.0,2023-04-16,M,5,-
466,-53,Krayze,GB,1381.09,-3.43,1528.98,0.0,49.3,1.14,95,0.0,56,0.0,36,0.0,3,0.0,58.95,0.0,2025-08-18,-,0,300.0
467,-21,makoleon,-,1380.42,13.89,1814.65,-51.67,144.74,-21.85,9,3.0,7,2.0,2,1.0,0,0.0,77.78,-5.55,2026-03-23,-,0,-
-,-,gaitimes,-,1380.25,-1.75,1659.64,0.0,93.13,0.58,21,0.0,15,0.0,6,0.0,0,0.0,71.43,0.0,2025-02-15,-,0,783.0
468,-2,noobgo,-,1379.68,24.1,1564.6,19.26,61.64,-1.61,59,3.0,29,2.0,30,1.0,0,0.0,49.15,0.94,2026-03-27,-,0,1287.0
469,-39,vbogoev,BG,1379.54,2.81,1502.01,1.85,40.82,-0.32,115,6.0,53,3.0,62,3.0,0,0.0,46.09,0.22,2026-05-21,-,0,375.0
-,-,Pirigin,-,1379.51,-1.56,1694.08,0.0,104.86,0.52,21,0.0,13,0.0,6,0.0,2,0.0,61.9,0.0,2024-04-04,-,0,-
-,-,SaMatra,-,1379.35,-1.23,1776.26,0.0,132.3,0.41,12,0.0,9,0.0,3,0.0,0,0.0,75.0,0.0,2024-04-04,-,0,1278.0
470,380,cyb3k,-,1379.02,251.04,1662.91,40.49,94.63,-70.18,19,14.0,13,10.0,6,4.0,0,0.0,68.42,8.42,2026-05-31,-,0,-
471,-7,Borman,-,1378.48,22.53,1591.28,14.26,70.93,-2.76,39,3.0,23,2.0,15,1.0,1,0.0,58.97,0.64,2026-04-02,-,0,805.0
-,-,Traumatan,DE,1377.83,-1.73,1661.25,0.0,94.47,0.58,24,0.0,14,0.0,9,0.0,1,0.0,58.33,0.0,2024-07-01,-,0,1287.0
-,-,MarryMeVlaada,-,1377.51,-1.28,1761.47,0.0,127.99,0.43,13,0.0,11,0.0,2,0.0,0,0.0,84.62,0.0,2023-12-03,-,0,-
472,-57,Cristiancordeu,AR,1377.49,-6.66,1483.46,-4.88,35.32,0.59,201,7.0,107,4.0,92,3.0,2,0.0,53.23,0.14,2026-05-16,-,0,496.0
473,-23,Prashanth,-,1377.15,12.22,1502.32,10.02,41.72,-0.73,102,8.0,58,6.0,43,2.0,1,0.0,56.86,1.54,2026-05-16,-,0,393.0
474,-67,Radvan,SK,1377.02,-11.33,1620.57,-28.03,81.18,-5.57,25,3.0,14,1.0,11,2.0,0,0.0,56.0,-3.09,2026-03-28,-,0,348.0
475,-49,Kelern,-,1377.01,-1.78,1479.17,0.11,34.05,0.63,215,7.0,95,2.0,117,5.0,3,0.0,44.19,-0.52,2026-05-12,-,0,357.0
-,-,Scottrick,US,1376.67,-1.44,1717.41,0.0,113.58,0.48,14,0.0,10,0.0,4,0.0,0,0.0,71.43,0.0,2024-07-15,-,0,1429.0
476,-49,pessen,-,1376.09,-1.53,1636.06,-23.3,86.66,-7.26,21,3.0,11,1.0,10,2.0,0,0.0,52.38,-3.18,2026-03-23,-,0,549.0
-,-,lukaszt,-,1375.9,-1.83,1644.95,0.0,89.68,0.61,28,0.0,15,0.0,13,0.0,0,0.0,53.57,0.0,2023-10-22,M,1,-
477,-6,Voidray,-,1375.8,23.04,1600.76,-2.89,74.99,-8.64,30,6.0,15,2.0,15,4.0,0,0.0,50.0,-4.17,2026-05-24,-,0,872.0
478,-50,creamyalfredo,-,1375.69,-1.48,1705.53,0.0,109.95,0.49,13,0.0,11,0.0,2,0.0,0,0.0,84.62,0.0,2026-02-11,-,0,937.0
-,-,otis,-,1374.59,-1.44,1714.31,0.0,113.24,0.48,12,0.0,6,0.0,6,0.0,0,0.0,50.0,0.0,2025-05-04,-,0,578.0
-,-,Black8,-,1374.37,-1.37,1732.95,0.0,119.53,0.46,15,0.0,9,0.0,6,0.0,0,0.0,60.0,0.0,2024-04-04,-,0,-
-,-,Zulda,-,1374.3,-1.24,1770.13,0.0,131.94,0.41,12,0.0,8,0.0,4,0.0,0,0.0,66.67,0.0,2022-02-01,M,1,-
479,-27,Kaczas,PL,1373.24,10.09,1489.14,7.82,38.63,-0.76,144,10.0,66,5.0,78,5.0,0,0.0,45.83,0.31,2026-05-13,-,0,536.0
480,-44,BuWu,DE,1372.63,1.62,1513.78,-7.39,47.05,-3.0,73,10.0,39,3.0,33,6.0,1,1.0,53.42,-3.72,2026-05-14,-,0,371.0
481,38,sms18004,-,1372.45,44.29,1534.2,34.95,53.92,-3.11,62,7.0,35,5.0,27,2.0,0,0.0,56.45,1.9,2026-05-13,-,0,801.0
-,-,soonwoo,-,1372.42,-1.55,1689.52,0.0,105.7,0.52,15,0.0,11,0.0,3,0.0,1,0.0,73.33,0.0,2023-10-09,-,0,-
-,-,SergioCamp,-,1372.28,-1.26,1759.96,0.0,129.23,0.42,10,0.0,6,0.0,4,0.0,0,0.0,60.0,0.0,2024-07-15,-,0,-
482,246,Quasar_Enderas,-,1372.27,165.02,1670.17,41.06,99.3,-41.32,14,7.0,11,5.0,3,2.0,0,0.0,78.57,-7.14,2026-05-13,-,0,-
483,-58,Tomtomparking,FR,1372.07,-6.95,1479.4,-7.74,35.77,-0.26,208,10.0,94,3.0,113,7.0,1,0.0,45.19,-0.77,2026-05-14,-,0,308.0
484,-25,Cat12,CN,1372.05,13.09,1509.06,11.08,45.67,-0.67,93,6.0,45,5.0,48,1.0,0,0.0,48.39,2.41,2026-05-19,-,0,338.0
485,new,condemor,-,1372.04,922.04,1773.17,273.17,133.71,133.71,8,8.0,8,8.0,0,0.0,0,0.0,100.0,100.0,2026-05-31,-,0,-
-,-,Rasmulde,-,1369.9,-1.28,1752.28,0.0,127.46,0.43,9,0.0,7,0.0,2,0.0,0,0.0,77.78,0.0,2024-07-01,P,8,-
486,-30,Stefan665,-,1369.84,9.52,1648.47,-5.96,92.88,-5.16,23,2.0,14,1.0,9,1.0,0,0.0,60.87,-1.03,2026-03-26,-,0,1287.0
-,-,Alnur,-,1369.5,-1.24,1763.48,0.0,131.33,0.41,10,0.0,7,0.0,3,0.0,0,0.0,70.0,0.0,2023-05-14,-,0,-
487,372,Impr,-,1369.32,247.1,1647.68,55.69,92.79,-63.81,19,13.0,13,9.0,6,4.0,0,0.0,68.42,1.75,2026-05-25,-,0,1381.0
488,23,Pshemo,-,1368.59,35.35,1507.1,28.98,46.17,-2.12,83,9.0,42,7.0,40,2.0,1,0.0,50.6,3.3,2026-05-15,-,0,305.0
489,66,Cooper,US,1367.96,62.65,1561.87,27.43,64.64,-11.74,42,12.0,27,8.0,15,4.0,0,0.0,64.29,0.96,2026-05-18,-,0,755.0
-,-,Slavica,HR,1367.92,-2.43,1570.23,0.0,67.43,0.81,45,0.0,24,0.0,20,0.0,1,0.0,53.33,0.0,2025-03-20,-,0,595.0
490,-92,Legoman,CA,1367.24,-27.7,1527.55,-37.08,53.44,-3.13,55,7.0,26,0.0,29,7.0,0,0.0,47.27,-6.9,2026-05-11,-,0,473.0
-,-,TBC,-,1366.82,-1.42,1711.71,0.0,114.96,0.47,15,0.0,11,0.0,3,0.0,1,0.0,73.33,0.0,2024-08-11,-,0,-
491,-10,Herdeksunek,CZ,1366.66,20.15,1481.25,20.46,38.2,0.1,136,6.0,66,5.0,70,1.0,0,0.0,48.53,1.61,2026-05-20,-,0,362.0
492,-8,Gandy,-,1366.44,20.49,1509.0,11.86,47.52,-2.88,80,10.0,44,7.0,36,3.0,0,0.0,55.0,2.14,2026-05-12,-,0,555.0
493,-54,HopeForLuck,DE,1366.08,-3.63,1503.07,0.0,45.66,1.21,96,0.0,47,0.0,47,0.0,2,0.0,48.96,0.0,2026-02-17,-,0,377.0
494,-61,mezerrrrr,US,1365.34,-9.45,1650.92,-36.33,95.19,-8.96,18,3.0,9,1.0,9,2.0,0,0.0,50.0,-3.33,2026-03-21,-,0,662.0
-,-,gigilamoroso,-,1365.23,-1.75,1650.01,0.0,94.93,0.58,25,0.0,13,0.0,12,0.0,0,0.0,52.0,0.0,2024-07-01,-,0,-
-,-,lppl,-,1365.18,-1.45,1703.96,0.0,112.93,0.48,18,0.0,10,0.0,7,0.0,1,0.0,55.56,0.0,2023-03-01,-,0,-
495,-41,Desgenais,CZ,1365.15,4.18,1513.08,4.61,49.31,0.14,72,3.0,38,1.0,33,2.0,1,0.0,52.78,-0.84,2026-03-25,-,0,388.0
-,-,CPC_CHAIRMAN,-,1365.06,-1.74,1646.35,0.0,93.76,0.58,23,0.0,12,0.0,11,0.0,0,0.0,52.17,0.0,2024-07-15,-,0,-
496,-54,RiRu,LV,1364.83,-3.82,1475.78,-5.06,36.98,-0.41,148,10.0,74,5.0,72,5.0,2,0.0,50.0,0.0,2026-05-21,-,0,331.0
497,-53,Loveschack,DK,1364.54,-3.05,1526.45,0.0,53.97,1.02,64,0.0,33,0.0,31,0.0,0,0.0,51.56,0.0,2025-12-13,-,0,310.0
498,302,Hotti180,DE,1363.87,197.76,1658.08,127.22,98.07,-23.51,21,6.0,11,4.0,9,1.0,1,1.0,52.38,5.71,2026-05-26,-,0,-
499,-79,KEIL,PL,1362.98,-18.2,1500.49,-17.58,45.84,0.21,109,3.0,51,0.0,58,3.0,0,0.0,46.79,-1.32,2026-03-28,-,0,541.0
-,-,Covfefe,US,1362.95,-1.63,1664.0,0.0,100.35,0.54,24,0.0,7,0.0,15,0.0,2,0.0,29.17,0.0,2023-11-15,GM,2,-
-,-,Octavian,US,1362.58,-1.8,1634.93,0.0,90.78,0.6,26,0.0,16,0.0,10,0.0,0,0.0,61.54,0.0,2025-05-08,M,1,375.0
500,-52,Peperinni,-,1362.38,-3.03,1524.62,0.0,54.08,1.01,60,0.0,32,0.0,28,0.0,0,0.0,53.33,0.0,2026-01-31,-,0,910.0
-,-,NicolBolas,-,1362.38,-1.45,1699.75,0.0,112.46,0.48,13,0.0,10,0.0,3,0.0,0,0.0,76.92,0.0,2024-10-31,-,0,-
501,49,Bull3,-,1362.12,52.86,1627.77,5.73,88.55,-15.71,21,6.0,11,2.0,10,4.0,0,0.0,52.38,-7.62,2026-05-18,-,0,805.0
-,-,HealingAura,-,1361.58,-1.58,1672.17,0.0,103.53,0.53,15,0.0,7,0.0,8,0.0,0,0.0,46.67,0.0,2025-03-30,-,0,757.0
502,-61,Likas11,CZ,1361.3,-7.85,1500.61,-10.81,46.44,-0.99,87,7.0,44,4.0,42,3.0,1,0.0,50.57,0.57,2026-05-13,-,0,609.0
503,-58,Bergen,NO,1360.89,-6.68,1465.49,-4.6,34.87,0.69,192,6.0,88,3.0,101,3.0,3,0.0,45.83,0.13,2026-05-11,G,6,386.0
504,-66,Amitke,IL,1360.41,-10.45,1559.66,-36.55,66.42,-8.7,41,7.0,22,2.0,19,5.0,0,0.0,53.66,-5.16,2026-05-12,-,0,-
505,-161,exender,-,1358.41,-74.37,1663.73,-89.99,101.77,-5.21,17,2.0,10,0.0,7,2.0,0,0.0,58.82,-7.85,2026-03-26,-,0,872.0
-,-,maumastoks,LT,1357.61,-2.22,1579.33,0.0,73.91,0.74,39,0.0,21,0.0,17,0.0,1,0.0,53.85,0.0,2025-03-20,G,2,711.0
506,-38,Rasputin,-,1357.3,2.03,1460.95,4.05,34.55,0.67,202,6.0,89,3.0,113,3.0,0,0.0,44.06,0.18,2026-05-15,-,0,403.0
-,-,Stobek,-,1357.07,-1.66,1653.55,0.0,98.83,0.55,24,0.0,13,0.0,11,0.0,0,0.0,54.17,0.0,2024-04-04,-,0,-
507,-19,Cresspahl,US,1356.75,12.55,1480.36,10.97,41.2,-0.53,99,7.0,45,4.0,54,3.0,0,0.0,45.45,0.88,2026-05-12,-,0,355.0
508,-50,LordPeter,-,1356.31,-3.15,1512.53,0.0,52.08,1.05,67,0.0,28,0.0,39,0.0,0,0.0,41.79,0.0,2026-01-27,G,8,204.0
-,-,TrilceAC,ES,1355.78,-1.91,1613.02,0.0,85.75,0.64,33,0.0,11,0.0,22,0.0,0,0.0,33.33,0.0,2023-11-15,P,2,448.0
509,-48,MoonlitShadow,-,1355.1,-2.66,1539.57,0.0,61.49,0.89,45,0.0,22,0.0,21,0.0,2,0.0,48.89,0.0,2025-08-16,-,0,237.0
510,-24,Durloc,US,1354.02,9.43,1522.96,-0.3,56.31,-3.24,51,6.0,24,3.0,27,3.0,0,0.0,47.06,0.39,2026-05-17,-,0,345.0
511,-42,TheElk,US,1354.0,-1.12,1494.49,-6.39,46.83,-1.76,79,7.0,38,3.0,41,4.0,0,0.0,48.1,-0.51,2026-05-21,-,0,289.0
512,428,Maximus1992,-,1353.78,290.27,1657.67,137.2,101.3,-51.02,16,10.0,11,8.0,5,2.0,0,0.0,68.75,18.75,2026-05-31,-,0,-
513,75,JJsDad,-,1352.41,63.61,1646.75,32.88,98.11,-10.24,15,3.0,9,2.0,6,1.0,0,0.0,60.0,1.67,2026-03-21,-,0,989.0
-,-,Xsn,PL,1351.05,-1.71,1637.04,0.0,95.33,0.57,26,0.0,20,0.0,6,0.0,0,0.0,76.92,0.0,2025-02-17,-,0,640.0
-,-,zhenshide,-,1349.73,-1.02,1829.96,0.0,160.08,0.34,7,0.0,7,0.0,0,0.0,0,0.0,100.0,0.0,2024-09-01,-,0,-
514,-40,MarekP,CZ,1349.55,-1.66,1478.07,-0.56,42.84,0.37,112,3.0,50,1.0,62,2.0,0,0.0,44.64,-0.31,2026-03-30,G,6,423.0
515,-64,Puren94,-,1349.16,-15.2,1526.54,-19.1,59.13,-1.3,59,3.0,30,0.0,29,3.0,0,0.0,50.85,-2.72,2026-04-01,-,0,1287.0
-,-,dougthonus,US,1348.74,-2.27,1565.29,0.0,72.18,0.76,43,0.0,21,0.0,21,0.0,1,0.0,48.84,0.0,2023-11-15,G,6,362.0
516,79,Paolol65,FR,1348.62,64.6,1754.83,-19.55,135.4,-28.05,8,3.0,6,2.0,2,1.0,0,0.0,75.0,-5.0,2026-03-26,-,0,1271.0
-,-,jaggl,-,1348.26,-1.55,1664.94,0.0,105.56,0.52,15,0.0,9,0.0,6,0.0,0,0.0,60.0,0.0,2025-02-10,P,2,757.0
517,-129,Giledon,-,1347.78,-52.5,1647.91,-73.12,100.04,-6.88,18,3.0,11,1.0,7,2.0,0,0.0,61.11,-5.56,2026-03-29,-,0,729.0
518,7,Depp,CA,1347.72,21.84,1557.82,-26.44,70.03,-16.09,30,10.0,16,4.0,14,6.0,0,0.0,53.33,-6.67,2026-05-11,-,0,1245.0
519,-32,firlefanzer,-,1347.03,2.64,1483.23,-4.65,45.4,-2.43,85,10.0,40,4.0,44,6.0,1,0.0,47.06,-0.94,2026-05-23,-,0,414.0
520,17,Bizniouf,-,1346.69,28.17,1479.62,23.13,44.31,-1.68,83,9.0,44,7.0,39,2.0,0,0.0,53.01,3.01,2026-05-12,-,0,451.0
521,3,boonio88,PL,1345.99,20.1,1593.96,-26.27,82.66,-15.46,21,6.0,11,2.0,10,4.0,0,0.0,52.38,-7.62,2026-05-18,-,0,939.0
522,-45,sergraim,-,1345.73,-3.42,1490.26,0.0,48.17,1.14,120,0.0,42,0.0,76,0.0,2,0.0,35.0,0.0,2026-01-30,-,0,334.0
523,-63,MattM,-,1345.2,-12.88,1597.41,-26.77,84.07,-4.63,27,3.0,13,0.0,13,3.0,1,0.0,48.15,-6.02,2026-03-23,-,0,1245.0
524,-89,PyBel,ES,1345.18,-27.81,1555.3,-37.98,70.04,-3.39,45,3.0,24,0.0,21,3.0,0,0.0,53.33,-3.81,2026-03-22,G,2,729.0
525,43,FunkcniPC,-,1344.52,43.55,1544.07,30.1,66.52,-4.48,42,6.0,23,3.0,19,3.0,0,0.0,54.76,-0.8,2026-05-19,-,0,872.0
-,-,nauxuyuh,-,1343.92,-1.24,1738.2,0.0,131.43,0.41,12,0.0,7,0.0,5,0.0,0,0.0,58.33,0.0,2022-02-01,-,0,-
526,327,paradigm72,-,1343.64,218.79,1696.52,75.67,117.63,-47.71,11,6.0,6,3.0,5,3.0,0,0.0,54.55,-5.45,2026-05-31,-,0,-
527,98,chobodrone,-,1343.49,76.75,1715.76,-5.49,124.09,-27.41,9,3.0,6,1.0,3,2.0,0,0.0,66.67,-16.66,2026-03-25,-,0,-
528,-45,Masterchief,-,1343.39,-2.62,1530.82,0.0,62.48,0.87,48,0.0,28,0.0,20,0.0,0,0.0,58.33,0.0,2025-08-16,-,0,644.0
529,-17,t-k-421,US,1343.33,10.34,1453.69,9.67,36.79,-0.23,155,10.0,80,5.0,74,5.0,1,0.0,51.61,-0.11,2026-05-13,-,0,284.0
-,-,KindFortress,-,1342.98,-2.19,1566.85,0.0,74.62,0.73,37,0.0,20,0.0,17,0.0,0,0.0,54.05,0.0,2024-08-11,-,0,1287.0
530,-68,humanmoves,-,1342.91,-14.25,1487.73,-24.6,48.27,-3.45,78,10.0,39,3.0,39,7.0,0,0.0,50.0,-2.94,2026-05-11,-,0,454.0
531,-14,EnozamaIV,DE,1342.88,14.42,1478.38,7.03,45.16,-2.46,82,10.0,43,5.0,37,5.0,2,0.0,52.44,-0.34,2026-05-13,-,0,369.0
-,-,Charcutero,-,1342.59,-3.01,1507.0,0.0,54.8,1.0,78,0.0,37,0.0,39,0.0,2,0.0,47.44,0.0,2024-10-31,-,0,-
532,-52,Bromios,US,1342.49,-4.91,1547.92,-13.45,68.48,-2.85,38,3.0,20,1.0,18,2.0,0,0.0,52.63,-1.66,2026-03-27,-,0,989.0
533,34,Agnsild,NO,1342.04,41.01,1559.87,22.51,72.61,-6.17,35,5.0,17,3.0,18,2.0,0,0.0,48.57,1.9,2026-05-17,-,0,269.0
534,-62,CloneFish,NL,1341.68,-10.97,1446.24,-8.83,34.85,0.71,199,7.0,91,3.0,106,4.0,2,0.0,45.73,-0.1,2026-05-11,-,0,338.0
-,-,leverid,-,1341.52,-1.22,1743.76,0.0,134.08,0.41,12,0.0,8,0.0,4,0.0,0,0.0,66.67,0.0,2022-02-01,-,0,-
535,-59,Twistor,FI,1341.39,-8.26,1528.22,-14.33,62.28,-2.03,41,3.0,26,1.0,15,2.0,0,0.0,63.41,-2.38,2026-04-07,-,0,679.0
536,17,mikemast,-,1341.38,34.67,1493.57,23.94,50.73,-3.58,68,9.0,35,5.0,33,4.0,0,0.0,51.47,0.62,2026-05-15,-,0,488.0
537,-44,chefung,-,1341.17,0.91,1448.78,1.38,35.87,0.16,181,10.0,80,5.0,101,5.0,0,0.0,44.2,0.34,2026-05-12,-,0,303.0
-,-,dim,-,1341.04,-2.16,1568.22,0.0,75.73,0.72,33,0.0,19,0.0,14,0.0,0,0.0,57.58,0.0,2025-02-13,-,0,842.0
-,-,layze23,US,1341.02,-2.71,1523.12,0.0,60.7,0.9,63,0.0,37,0.0,26,0.0,0,0.0,58.73,0.0,2024-04-04,-,0,-
538,183,ShPini,-,1339.64,129.53,1567.94,35.09,76.1,-31.48,26,13.0,15,7.0,11,6.0,0,0.0,57.69,-3.85,2026-05-21,-,0,-
539,-50,Nevic,-,1339.3,-3.22,1492.7,0.0,51.13,1.07,75,0.0,35,0.0,39,0.0,1,0.0,46.67,0.0,2025-11-14,G,2,499.0
-,-,Rockoccodrillo,-,1338.84,-2.91,1508.71,0.0,56.62,0.97,73,0.0,39,0.0,34,0.0,0,0.0,53.42,0.0,2025-03-22,-,0,859.0
540,-45,KMMAL,-,1338.44,-1.42,1682.65,0.0,114.74,0.47,13,0.0,10,0.0,3,0.0,0,0.0,76.92,0.0,2026-02-13,-,0,-
541,-56,sttailtw,-,1338.08,-7.56,1488.33,-6.8,50.08,0.25,73,3.0,34,0.0,39,3.0,0,0.0,46.58,-1.99,2026-03-29,-,0,419.0
542,-12,Kristin,-,1337.84,14.6,1573.23,-11.4,78.46,-8.66,29,5.0,15,2.0,14,3.0,0,0.0,51.72,-2.45,2026-05-25,-,0,578.0
543,-73,andykr,GB,1337.73,-15.62,1460.44,-19.39,40.9,-1.26,109,10.0,54,2.0,54,8.0,1,0.0,49.54,-2.99,2026-05-14,-,0,442.0
544,-22,AdumbusPrime,CA,1337.24,10.86,1503.28,0.97,55.35,-3.3,55,7.0,29,4.0,26,3.0,0,0.0,52.73,0.65,2026-05-16,-,0,527.0
545,-35,methak,FR,1337.2,3.88,1488.99,3.56,50.6,-0.11,74,3.0,38,1.0,36,2.0,0,0.0,51.35,-0.76,2026-03-25,-,0,622.0
-,-,Ranior,US,1337.04,-1.23,1734.59,0.0,132.52,0.41,8,0.0,6,0.0,2,0.0,0,0.0,75.0,0.0,2025-03-24,-,0,872.0
546,-55,Boardello,GB,1336.89,-4.55,1445.83,0.0,36.31,1.52,175,0.0,83,0.0,91,0.0,1,0.0,47.43,0.0,2026-02-17,-,0,432.0
547,-57,Csannerud,NO,1336.33,-5.24,1440.54,-3.34,34.74,0.63,194,6.0,96,3.0,95,3.0,3,0.0,49.48,0.01,2026-05-11,-,0,394.0
548,-51,boogy5,LT,1335.61,-3.44,1480.24,0.0,48.21,1.15,82,0.0,39,0.0,43,0.0,0,0.0,47.56,0.0,2025-12-10,-,0,473.0
549,-41,broskiumenyiora,US,1335.4,0.41,1522.71,-5.11,62.44,-1.84,53,3.0,24,1.0,28,2.0,1,0.0,45.28,-0.72,2026-03-26,-,0,697.0
-,-,Nucrus,-,1335.2,-1.25,1727.12,0.0,130.64,0.42,11,0.0,7,0.0,4,0.0,0,0.0,63.64,0.0,2024-07-01,-,0,-
550,-50,Noash,US,1334.3,-2.71,1515.25,0.0,60.32,0.9,57,0.0,30,0.0,27,0.0,0,0.0,52.63,0.0,2026-02-03,-,0,611.0
551,-111,BadEagle,-,1333.91,-35.79,1639.47,-66.51,101.85,-10.24,14,3.0,9,1.0,5,2.0,0,0.0,64.29,-8.44,2026-03-30,-,0,1118.0
-,-,homura,-,1333.73,-1.15,1760.01,0.0,142.09,0.38,9,0.0,7,0.0,2,0.0,0,0.0,77.78,0.0,2023-04-16,-,0,-
552,17,Proteus,-,1333.67,32.8,1478.06,23.46,48.13,-3.11,75,10.0,33,5.0,42,5.0,0,0.0,44.0,0.92,2026-05-13,-,0,426.0
-,-,Luckcats,FR,1333.48,-1.17,1751.82,0.0,139.45,0.39,8,0.0,6,0.0,2,0.0,0,0.0,75.0,0.0,2023-08-18,-,0,-
553,27,redyredy123,-,1333.45,38.18,1512.86,28.18,59.8,-3.33,44,6.0,15,3.0,28,2.0,1,1.0,34.09,2.51,2026-05-26,-,0,635.0
554,-50,Melon6688,CA,1333.36,-2.2,1453.13,0.22,39.92,0.81,152,3.0,78,1.0,69,2.0,5,0.0,51.32,-0.36,2026-03-27,-,0,742.0
555,-52,comant,RU,1333.08,-2.49,1435.48,-1.47,34.13,0.34,225,10.0,94,3.0,130,7.0,1,0.0,41.78,-0.55,2026-05-13,-,0,267.0
556,337,Sawell,-,1332.66,234.28,1656.73,37.56,108.02,-65.58,14,9.0,10,7.0,4,2.0,0,0.0,71.43,11.43,2026-05-10,G,2,-
557,-52,Evron,-,1332.02,-3.16,1488.1,0.0,52.03,1.05,70,0.0,37,0.0,33,0.0,0,0.0,52.86,0.0,2025-11-30,-,0,677.0
558,-49,Ratsia,FI,1331.88,-2.97,1497.52,0.0,55.21,0.99,63,0.0,35,0.0,27,0.0,1,0.0,55.56,0.0,2026-01-30,-,0,802.0
559,-25,Sergeeeee,GB,1331.74,9.85,1463.62,11.19,43.96,0.44,104,3.0,42,2.0,62,1.0,0,0.0,40.38,0.78,2026-03-28,G,2,234.0
-,-,Maciej,-,1331.66,-2.01,1576.09,0.0,81.48,0.67,33,0.0,24,0.0,9,0.0,0,0.0,72.73,0.0,2024-04-04,-,0,-
560,-97,alittlehorse,-,1330.3,-25.84,1495.33,-36.24,55.01,-3.47,57,7.0,30,1.0,26,6.0,1,0.0,52.63,-5.37,2026-05-16,-,0,593.0
561,-48,Kvist,DK,1330.07,-1.55,1646.88,0.0,105.61,0.52,15,0.0,9,0.0,5,0.0,1,0.0,60.0,0.0,2026-01-29,-,0,1287.0
562,45,Azerbaperro,-,1329.61,53.89,1643.69,14.24,104.69,-13.22,13,3.0,8,2.0,5,1.0,0,0.0,61.54,1.54,2026-03-28,-,0,989.0
-,-,Giga,IT,1328.56,-1.19,1741.36,0.0,137.6,0.4,10,0.0,7,0.0,3,0.0,0,0.0,70.0,0.0,2023-03-01,G,4,-
563,22,JamesH,GR,1328.07,37.61,1578.96,16.81,83.63,-6.93,25,3.0,14,2.0,11,1.0,0,0.0,56.0,1.45,2026-03-26,-,0,805.0
564,-44,Torneedo,-,1327.19,-0.85,1445.24,1.19,39.35,0.68,155,3.0,78,1.0,75,1.0,2,1.0,50.32,-0.34,2026-03-25,-,0,922.0
565,-27,Conzi,-,1326.58,8.24,1585.97,-58.01,86.46,-22.08,20,7.0,13,3.0,7,4.0,0,0.0,65.0,-11.92,2026-05-20,-,0,-
566,139,Michcio,-,1325.88,106.5,1540.45,56.0,71.52,-16.83,30,10.0,17,6.0,13,4.0,0,0.0,56.67,1.67,2026-05-13,-,0,1241.0
-,-,Psynergist,-,1324.89,-1.09,1771.81,0.0,148.98,0.36,8,0.0,6,0.0,2,0.0,0,0.0,75.0,0.0,2024-04-04,-,0,-
567,-69,Ioannis3,GR,1324.62,-13.49,1427.11,-11.72,34.16,0.59,212,7.0,85,1.0,124,6.0,3,0.0,40.09,-0.89,2026-05-20,-,0,342.0
568,-74,kuzmich,US,1324.61,-15.33,1485.75,-17.19,53.71,-0.62,66,3.0,32,0.0,34,3.0,0,0.0,48.48,-2.31,2026-03-23,G,4,520.0
-,-,Hunty93,US,1323.63,-1.25,1716.26,0.0,130.88,0.42,12,0.0,7,0.0,5,0.0,0,0.0,58.33,0.0,2022-02-01,M,3,1245.0
569,-24,EugeneB,-,1323.27,9.03,1469.51,4.48,48.75,-1.52,76,6.0,39,4.0,37,2.0,0,0.0,51.32,1.32,2026-05-11,-,0,529.0
570,-31,petrau77,FI,1323.12,4.93,1425.79,6.67,34.22,0.58,198,7.0,91,5.0,105,2.0,2,0.0,45.96,0.93,2026-05-14,P,2,365.0
571,-44,Kuti,-,1323.08,-1.37,1681.24,0.0,119.39,0.46,11,0.0,8,0.0,3,0.0,0,0.0,72.73,0.0,2026-01-30,-,0,1067.0
-,-,CrushU,-,1322.39,-1.66,1617.83,0.0,98.48,0.55,19,0.0,12,0.0,7,0.0,0,0.0,63.16,0.0,2024-08-11,G,2,-
572,-37,Dubz,-,1322.2,0.41,1462.5,-4.4,46.77,-1.6,88,7.0,42,4.0,46,3.0,0,0.0,47.73,0.82,2026-05-13,-,0,602.0
573,-55,Jochabeth,-,1321.75,-6.42,1471.73,-18.25,49.99,-3.94,69,10.0,32,3.0,37,7.0,0,0.0,46.38,-2.77,2026-05-11,-,0,452.0
574,-53,SirDaan,-,1321.54,-6.18,1698.23,-114.84,125.56,-36.22,13,9.0,10,6.0,3,3.0,0,0.0,76.92,-23.08,2026-05-17,-,0,-
575,-14,Skatanic,-,1321.37,18.42,1623.44,-13.0,100.69,-10.47,17,3.0,11,1.0,6,2.0,0,0.0,64.71,-6.72,2026-03-25,-,0,872.0
576,70,Selya,-,1320.38,61.61,1553.9,32.97,77.84,-9.55,27,6.0,14,3.0,13,3.0,0,0.0,51.85,-0.53,2026-05-17,-,0,426.0
-,-,HentaiLover69,US,1319.77,-1.44,1659.95,0.0,113.39,0.48,12,0.0,7,0.0,5,0.0,0,0.0,58.33,0.0,2024-07-15,-,0,910.0
577,7,sergilicious,-,1319.23,28.67,1642.63,-120.57,107.8,-49.75,16,10.0,11,6.0,5,4.0,0,0.0,68.75,-14.58,2026-05-16,-,0,-
578,-45,Schedar,-,1319.01,-3.23,1472.14,0.0,51.05,1.08,92,0.0,43,0.0,49,0.0,0,0.0,46.74,0.0,2026-02-04,-,0,836.0
579,-47,seviech,-,1318.73,-3.88,1446.48,0.0,42.58,1.29,117,0.0,50,0.0,65,0.0,2,0.0,42.74,0.0,2026-02-02,-,0,406.0
580,-28,TheYoungDutch,US,1318.61,11.9,1446.3,7.98,42.57,-1.31,122,10.0,56,4.0,65,6.0,1,0.0,45.9,-0.53,2026-05-14,-,0,640.0
581,-75,migoet,BE,1318.47,-16.63,1421.88,-14.93,34.47,0.57,202,7.0,85,0.0,117,7.0,0,0.0,42.08,-1.51,2026-05-14,-,0,378.0
582,200,Gubbstyv,-,1318.29,141.0,1573.32,78.33,85.01,-20.89,20,7.0,13,5.0,7,2.0,0,0.0,65.0,3.46,2026-05-11,-,0,-
583,189,OM_Para,-,1317.7,133.59,1649.8,84.75,110.7,-16.28,14,3.0,10,3.0,4,0.0,0,0.0,71.43,7.79,2026-03-21,-,0,1118.0
584,-58,Tototrillion,DE,1317.51,-7.64,1583.57,-62.03,88.69,-18.13,22,6.0,9,1.0,13,5.0,0,0.0,40.91,-9.09,2026-05-27,-,0,480.0
585,-86,Captn4wesome,DE,1316.94,-21.05,1480.38,-29.92,54.48,-2.96,62,7.0,36,3.0,26,4.0,0,0.0,58.06,-1.94,2026-05-14,-,0,387.0
586,-94,chris223,-,1316.6,-23.67,1426.83,-24.25,36.74,-0.19,154,10.0,70,2.0,82,8.0,2,0.0,45.45,-1.77,2026-05-10,-,0,505.0
587,164,Minik,-,1316.54,122.51,1588.0,99.96,90.49,-7.52,18,3.0,10,3.0,8,0.0,0,0.0,55.56,8.89,2026-03-21,-,0,872.0
588,-47,wrx666,-,1316.33,-0.98,1818.13,0.0,167.26,0.33,6,0.0,5,0.0,1,0.0,0,0.0,83.33,0.0,2026-02-05,-,0,-
589,-15,DadboBaggins,US,1315.94,17.47,1558.79,3.92,80.95,-4.52,30,3.0,14,1.0,16,2.0,0,0.0,46.67,-1.48,2026-03-26,G,3,178.0
590,-83,Largos,-,1315.73,-19.36,1426.16,-19.54,36.81,-0.06,161,9.0,74,2.0,86,7.0,1,0.0,45.96,-1.41,2026-05-24,-,0,480.0
591,196,santhosh163,-,1315.67,142.3,1583.76,95.75,89.36,-15.52,20,6.0,10,4.0,10,2.0,0,0.0,50.0,7.14,2026-05-20,-,0,783.0
592,-32,SeanHandley,-,1315.61,11.51,1462.06,8.09,48.82,-1.14,77,6.0,38,4.0,37,2.0,2,0.0,49.35,1.46,2026-05-16,-,0,494.0
593,-45,baggioka,HU,1315.08,3.76,1432.8,0.95,39.24,-0.94,145,10.0,74,5.0,69,5.0,2,0.0,51.03,-0.08,2026-05-15,-,0,420.0
594,10,Bathman,CL,1314.91,36.84,1442.91,32.34,42.67,-1.5,94,10.0,48,6.0,44,3.0,2,1.0,51.06,1.06,2026-05-17,-,0,412.0
595,-81,Bookhouseboy,NO,1314.78,-16.42,1432.89,-15.52,39.37,0.3,146,7.0,65,1.0,80,6.0,1,0.0,44.52,-1.52,2026-05-17,-,0,456.0
-,-,Torzelan,-,1314.71,-1.16,1735.57,0.0,140.29,0.39,9,0.0,6,0.0,3,0.0,0,0.0,66.67,0.0,2023-04-16,-,0,-
-,-,PatLes5Couronnes,-,1314.63,-1.48,1646.55,0.0,110.64,0.49,12,0.0,7,0.0,5,0.0,0,0.0,58.33,0.0,2025-05-10,-,0,578.0
596,-50,Lammoth,DE,1314.32,2.56,1417.85,3.87,34.51,0.44,195,7.0,87,4.0,104,2.0,4,1.0,44.62,0.47,2026-05-22,-,0,423.0
-,-,ssacz,PL,1314.26,-2.8,1489.72,0.0,58.49,0.93,68,0.0,37,0.0,31,0.0,0,0.0,54.41,0.0,2024-04-14,-,0,-
-,-,laozhang,-,1314.05,-2.37,1522.08,0.0,69.34,0.79,45,0.0,16,0.0,27,0.0,2,0.0,35.56,0.0,2023-11-15,G,2,-
597,25,joecackler,-,1313.09,44.35,1504.27,28.47,63.72,-5.29,40,6.0,25,5.0,15,1.0,0,0.0,62.5,3.68,2026-05-07,-,0,868.0
598,-42,LordHomeOffice,DE,1313.0,7.78,1668.26,-30.07,118.42,-12.62,13,2.0,8,1.0,5,1.0,0,0.0,61.54,-2.1,2026-03-26,G,2,576.0
599,-83,Tyrtaios,DE,1312.95,-16.51,1505.91,-37.47,64.32,-6.99,47,7.0,28,2.0,19,5.0,0,0.0,59.57,-5.43,2026-05-17,-,0,505.0
600,-36,Diogenes,AU,1312.75,10.9,1431.45,9.88,39.57,-0.34,143,7.0,61,5.0,81,2.0,1,0.0,42.66,1.48,2026-05-19,-,0,326.0
601,-72,Ekdezel,-,1310.53,-13.28,1413.25,-11.55,34.24,0.57,201,7.0,101,1.0,98,6.0,2,0.0,50.25,-1.3,2026-05-13,-,0,429.0
-,-,Enas,-,1310.39,-2.34,1519.89,0.0,69.83,0.78,36,0.0,17,0.0,19,0.0,0,0.0,47.22,0.0,2025-03-19,-,0,836.0
602,265,HumusAmongUs,-,1310.29,193.65,1635.19,15.46,108.3,-59.4,15,10.0,10,6.0,5,4.0,0,0.0,66.67,-13.33,2026-05-14,-,0,-
603,-60,luigino71,IT,1310.17,-4.3,1416.06,-2.35,35.3,0.65,187,6.0,82,3.0,104,3.0,1,0.0,43.85,0.2,2026-05-10,-,0,334.0
604,-57,DonutRapist,-,1309.99,-1.54,1628.82,0.0,106.28,0.51,15,0.0,9,0.0,6,0.0,0,0.0,60.0,0.0,2026-01-31,-,0,729.0
605,54,Technicolourism,CA,1308.88,58.64,1574.46,14.91,88.53,-14.58,21,6.0,10,2.0,11,4.0,0,0.0,47.62,-5.71,2026-05-12,-,0,662.0
606,298,saZmer,-,1308.8,220.16,1581.58,34.16,90.92,-62.0,19,13.0,11,8.0,8,5.0,0,0.0,57.89,7.89,2026-05-19,-,0,-
607,-58,Frygian,-,1308.41,-2.41,1512.54,0.0,68.04,0.8,38,0.0,20,0.0,18,0.0,0,0.0,52.63,0.0,2026-02-09,-,0,562.0
608,7,LJSHUEN,-,1308.02,36.4,1589.74,6.13,93.91,-10.09,19,5.0,9,1.0,10,4.0,0,0.0,47.37,-9.77,2026-05-14,-,0,662.0
609,113,extrmn8r,-,1307.67,98.33,1583.23,35.16,91.85,-21.05,18,6.0,9,3.0,8,2.0,1,1.0,50.0,0.0,2026-05-26,-,0,805.0
610,-18,SuperHans,-,1307.47,20.77,1566.5,5.61,86.34,-5.05,26,2.0,13,1.0,12,1.0,1,0.0,50.0,0.0,2026-03-27,-,0,589.0
611,28,larshb,DK,1307.37,46.44,1557.28,30.0,83.3,-5.48,26,3.0,12,2.0,14,1.0,0,0.0,46.15,2.67,2026-03-28,G,2,372.0
-,-,Vandal,-,1307.22,-1.53,1626.39,0.0,106.39,0.51,17,0.0,9,0.0,8,0.0,0,0.0,52.94,0.0,2024-07-01,-,0,-
-,-,Serena,AT,1306.97,-2.44,1508.02,0.0,67.02,0.81,39,0.0,19,0.0,20,0.0,0,0.0,48.72,0.0,2025-03-26,-,0,621.0
612,-61,Arinmir,DE,1306.47,-2.04,1547.96,0.0,80.49,0.68,30,0.0,13,0.0,17,0.0,0,0.0,43.33,0.0,2026-02-01,G,4,989.0
-,-,HLDM,-,1306.05,-1.22,1708.3,0.0,134.08,0.41,9,0.0,6,0.0,3,0.0,0,0.0,66.67,0.0,2024-07-01,-,0,-
-,-,Olivier000,FR,1305.73,-1.71,1592.62,0.0,95.63,0.57,23,0.0,12,0.0,10,0.0,1,0.0,52.17,0.0,2025-01-30,-,0,805.0
-,-,steve10716,-,1305.0,-1.3,1683.51,0.0,126.17,0.43,12,0.0,8,0.0,4,0.0,0,0.0,66.67,0.0,2023-06-06,P,6,-
613,-134,Imiter,PL,1304.68,-42.99,1429.01,-44.26,41.44,-0.42,118,7.0,43,0.0,74,7.0,1,0.0,36.44,-2.3,2026-05-18,-,0,522.0
-,-,Backburner,LB,1304.04,-1.15,1731.91,0.0,142.62,0.38,9,0.0,6,0.0,3,0.0,0,0.0,66.67,0.0,2024-04-04,-,0,-
614,-3,SKJaCaRD,FR,1303.92,29.3,1451.35,23.94,49.14,-1.79,77,7.0,38,6.0,39,1.0,0,0.0,49.35,3.64,2026-05-14,-,0,432.0
-,-,dulbbong,-,1303.78,-1.31,1677.77,0.0,124.66,0.44,12,0.0,7,0.0,5,0.0,0,0.0,58.33,0.0,2024-12-09,-,0,989.0
-,-,Serenicus,-,1303.68,-1.52,1625.37,0.0,107.23,0.51,17,0.0,10,0.0,7,0.0,0,0.0,58.82,0.0,2025-03-28,-,0,872.0
615,101,FlyGon,-,1303.23,89.31,1516.0,44.69,70.92,-14.87,30,10.0,17,5.0,13,5.0,0,0.0,56.67,-3.33,2026-05-16,-,0,1243.0
616,-193,Canifex,-,1303.16,-76.16,1682.73,-174.85,126.52,-32.89,11,5.0,8,2.0,3,3.0,0,0.0,72.73,-27.27,2026-05-20,-,0,-
-,-,Allmrak,-,1303.11,-0.95,1816.89,0.0,171.26,0.32,7,0.0,3,0.0,4,0.0,0,0.0,42.86,0.0,2024-08-11,-,0,-
617,-8,LeBonus,CA,1302.93,27.82,1443.73,23.76,46.93,-1.35,83,7.0,40,6.0,41,1.0,2,0.0,48.19,3.45,2026-05-21,-,0,622.0
-,-,Barnstormer,-,1302.86,-1.52,1624.95,0.0,107.36,0.51,17,0.0,8,0.0,9,0.0,0,0.0,47.06,0.0,2024-07-01,-,0,-
618,-61,Buiz,DK,1302.73,-2.42,1505.86,0.0,67.71,0.81,45,0.0,24,0.0,21,0.0,0,0.0,53.33,0.0,2026-02-04,-,0,788.0
619,-65,Carbon14,-,1301.85,-3.73,1433.54,0.0,43.9,1.24,107,0.0,46,0.0,60,0.0,1,0.0,42.99,0.0,2025-11-30,-,0,361.0
620,-48,sodalppargkppakee,-,1301.53,1.21,1445.22,-7.74,47.9,-2.98,75,9.0,34,3.0,40,6.0,1,0.0,45.33,-1.64,2026-05-17,-,0,422.0
621,-38,OrionAlpha,-,1301.13,9.98,1404.09,11.28,34.32,0.44,229,10.0,97,4.0,129,6.0,3,0.0,42.36,-0.11,2026-05-13,-,0,512.0
-,-,borostar,-,1300.2,-1.29,1679.02,0.0,126.27,0.43,12,0.0,7,0.0,5,0.0,0,0.0,58.33,0.0,2023-06-06,-,0,1388.0
622,-59,RobertdeSable,-,1299.26,-2.91,1468.85,0.0,56.53,0.97,69,0.0,37,0.0,32,0.0,0,0.0,53.62,0.0,2025-11-30,G,6,565.0
-,-,langer,-,1298.81,-1.03,1771.81,0.0,157.66,0.34,8,0.0,6,0.0,2,0.0,0,0.0,75.0,0.0,2022-01-01,-,0,-
-,-,edan92,-,1298.81,-1.03,1771.81,0.0,157.66,0.34,8,0.0,6,0.0,2,0.0,0,0.0,75.0,0.0,2022-01-01,M,4,-
-,-,mikykcul,-,1298.81,-1.03,1771.81,0.0,157.66,0.34,8,0.0,6,0.0,2,0.0,0,0.0,75.0,0.0,2022-01-01,-,0,-
623,189,docpain,-,1298.64,138.65,1632.26,-19.13,111.21,-52.59,15,10.0,11,7.0,4,3.0,0,0.0,73.33,-6.67,2026-05-11,-,0,-
-,-,Khar,CZ,1297.18,-2.36,1506.75,0.0,69.86,0.79,48,0.0,20,0.0,28,0.0,0,0.0,41.67,0.0,2023-11-07,-,0,-
624,-58,mahawirasd,ID,1296.68,-4.51,1408.91,0.0,37.41,1.5,177,0.0,85,0.0,91,0.0,1,0.0,48.02,0.0,2025-12-05,-,0,435.0
-,-,Kenvi,PL,1296.35,-3.39,1445.02,0.0,49.56,1.13,94,0.0,43,0.0,49,0.0,2,0.0,45.74,0.0,2024-10-01,-,0,-
625,-52,Fleepa0,ES,1296.26,-2.69,1481.81,0.0,61.85,0.9,61,0.0,25,0.0,32,0.0,4,0.0,40.98,0.0,2026-02-07,-,0,316.0
626,-49,King.I.T.North,-,1295.54,-1.67,1589.22,0.0,97.89,0.56,17,0.0,9,0.0,8,0.0,0,0.0,52.94,0.0,2025-09-01,-,0,865.0
627,-65,MarcoM,-,1295.24,-7.11,1437.72,-12.71,47.5,-1.86,81,7.0,37,2.0,43,5.0,1,0.0,45.68,-1.62,2026-05-24,-,0,504.0
628,-49,MrTriangle,-,1294.58,-0.86,1864.5,0.0,189.97,0.29,5,0.0,3,0.0,2,0.0,0,0.0,60.0,0.0,2025-09-18,-,0,-
-,-,DGMvado,-,1294.14,-1.65,1591.05,0.0,98.97,0.55,22,0.0,11,0.0,11,0.0,0,0.0,50.0,0.0,2024-07-01,-,0,-
629,-71,ZioKhan,IT,1293.68,-11.44,1395.71,-9.61,34.01,0.61,220,7.0,90,2.0,127,5.0,3,0.0,40.91,-0.4,2026-05-15,-,0,378.0
630,-102,IVE,-,1293.5,-30.35,1556.25,-54.54,87.58,-8.06,21,3.0,9,0.0,12,3.0,0,0.0,42.86,-7.14,2026-03-26,-,0,480.0
631,14,woodabooga,-,1293.26,33.39,1437.06,24.28,47.93,-3.04,81,13.0,33,5.0,48,8.0,0,0.0,40.74,-0.44,2026-05-27,-,0,543.0
-,-,chen.,CN,1293.16,-2.0,1538.31,0.0,81.72,0.67,27,0.0,15,0.0,11,0.0,1,0.0,55.56,0.0,2025-02-12,-,0,720.0
632,-51,Ricicle,-,1292.83,-2.12,1525.45,0.0,77.54,0.71,34,0.0,17,0.0,17,0.0,0,0.0,50.0,0.0,2026-02-06,P,4,442.0
-,-,YSun,-,1292.09,-1.36,1653.29,0.0,120.4,0.45,12,0.0,7,0.0,4,0.0,1,0.0,58.33,0.0,2024-04-04,-,0,-
-,-,al_boev,RU,1292.04,-1.44,1632.54,0.0,113.5,0.48,13,0.0,9,0.0,4,0.0,0,0.0,69.23,0.0,2024-10-31,-,0,-
633,-160,ClaudiusMaurelius,-,1291.95,-60.27,1681.16,-154.02,129.73,-31.25,8,3.0,5,0.0,3,3.0,0,0.0,62.5,-37.5,2026-03-22,-,0,-
-,-,bigbigfanta,-,1291.49,-1.26,1681.31,0.0,129.94,0.42,12,0.0,7,0.0,5,0.0,0,0.0,58.33,0.0,2022-02-01,-,0,-
-,-,buste,-,1291.2,-1.47,1624.69,0.0,111.16,0.49,17,0.0,8,0.0,8,0.0,1,0.0,47.06,0.0,2023-04-16,G,14,-
634,-48,tiffelvet,-,1290.91,1.3,1439.86,-4.52,49.65,-1.94,77,7.0,41,2.0,35,5.0,1,0.0,53.25,-2.46,2026-05-14,-,0,560.0
635,-93,Pudroe,-,1290.6,-26.24,1536.33,-85.48,81.91,-19.75,20,7.0,10,1.0,10,6.0,0,0.0,50.0,-19.23,2026-05-13,-,0,1259.0
636,new,Tomy_hexaper,-,1290.56,840.56,1691.87,191.87,133.77,133.77,7,7.0,6,6.0,1,1.0,0,0.0,85.71,85.71,2026-05-11,-,0,-
637,-55,Jolli,-,1290.18,-2.69,1474.61,0.0,61.48,0.9,56,0.0,28,0.0,27,0.0,1,0.0,50.0,0.0,2026-02-01,-,0,500.0
638,-62,brumynut,AU,1290.02,-7.56,1413.89,-8.93,41.29,-0.46,106,7.0,48,3.0,57,4.0,1,0.0,45.28,-0.17,2026-05-18,-,0,459.0
-,-,MastermindZeta,-,1289.78,-1.37,1648.19,0.0,119.47,0.46,18,0.0,9,0.0,9,0.0,0,0.0,50.0,0.0,2023-03-01,-,0,-
-,-,Biancus,IT,1289.44,-1.67,1582.34,0.0,97.63,0.56,21,0.0,12,0.0,9,0.0,0,0.0,57.14,0.0,2025-03-27,-,0,805.0
-,-,Finglove,-,1289.09,-1.33,1659.04,0.0,123.32,0.44,14,0.0,9,0.0,5,0.0,0,0.0,64.29,0.0,2024-04-04,G,2,-
639,284,wolfcub41,-,1288.52,210.67,1557.22,21.68,89.57,-63.0,19,13.0,11,8.0,8,5.0,0,0.0,57.89,7.89,2026-05-23,-,0,-
640,-30,icepick_mn,-,1288.43,13.69,1435.59,7.6,49.05,-2.03,73,7.0,34,4.0,39,3.0,0,0.0,46.58,1.13,2026-05-13,-,0,635.0
-,-,Medicus,-,1288.36,-2.11,1520.58,0.0,77.41,0.7,34,0.0,16,0.0,18,0.0,0,0.0,47.06,0.0,2025-02-06,-,0,939.0
641,-29,javimb89,ES,1288.13,14.22,1394.16,14.14,35.34,-0.03,181,10.0,89,6.0,90,3.0,2,1.0,49.17,0.63,2026-05-20,-,0,446.0
642,166,KidCanuck,-,1287.84,125.65,1594.21,-9.4,102.12,-45.02,15,9.0,10,6.0,5,3.0,0,0.0,66.67,0.0,2026-05-16,-,0,-
643,-56,Bedrich_H,-,1287.71,-1.58,1598.27,0.0,103.52,0.53,18,0.0,10,0.0,8,0.0,0,0.0,55.56,0.0,2026-02-10,-,0,602.0
644,-31,rizor,-,1287.66,15.42,1623.53,-41.08,111.96,-18.83,15,3.0,10,1.0,5,2.0,0,0.0,66.67,-8.33,2026-03-21,-,0,989.0
-,-,Tyristan,-,1287.5,-1.66,1583.03,0.0,98.51,0.55,19,0.0,11,0.0,8,0.0,0,0.0,57.89,0.0,2024-08-11,-,0,1388.0
-,-,Metz63,-,1287.39,-1.66,1582.97,0.0,98.52,0.55,22,0.0,11,0.0,11,0.0,0,0.0,50.0,0.0,2025-01-29,-,0,939.0
-,-,sorpy,KR,1287.12,-2.38,1493.23,0.0,68.71,0.79,42,0.0,21,0.0,21,0.0,0,0.0,50.0,0.0,2025-03-24,-,0,794.0
-,-,deleted_user_9275835,-,1287.04,-1.11,1729.77,0.0,147.58,0.37,7,0.0,7,0.0,0,0.0,0,0.0,100.0,0.0,2024-10-31,-,0,1287.0
645,new,LordTheodore,-,1286.3,836.3,1723.92,223.92,145.88,145.88,7,7.0,5,5.0,1,1.0,1,1.0,71.43,71.43,2026-05-11,-,0,-
646,-81,Mockingbird5,GB,1286.26,-15.44,1408.06,-15.97,40.6,-0.18,119,7.0,54,2.0,65,5.0,0,0.0,45.38,-1.05,2026-05-17,-,0,411.0
647,-56,RDavy,-,1286.19,-1.19,1697.81,0.0,137.2,0.4,7,0.0,6,0.0,1,0.0,0,0.0,85.71,0.0,2026-02-11,-,0,-
648,-58,GerwinW,-,1285.81,-2.16,1512.66,0.0,75.62,0.72,36,0.0,23,0.0,13,0.0,0,0.0,63.89,0.0,2026-02-05,-,0,700.0
649,18,vansmith3555,-,1284.8,39.98,1721.99,-45.96,145.73,-28.65,9,3.0,7,2.0,2,1.0,0,0.0,77.78,-5.55,2026-03-29,-,0,-
650,-61,Froggy42,DE,1284.47,-3.84,1387.19,-3.4,34.24,0.15,202,10.0,89,4.0,110,6.0,3,0.0,44.06,-0.21,2026-05-20,-,0,527.0
-,-,skanadron,-,1284.43,-1.03,1761.7,0.0,159.09,0.34,8,0.0,6,0.0,2,0.0,0,0.0,75.0,0.0,2022-01-01,-,0,-
651,-73,kzzzzzz_watch,-,1284.03,-13.04,1592.38,-112.77,102.78,-33.24,15,7.0,10,3.0,5,4.0,0,0.0,66.67,-20.83,2026-05-13,-,0,-
-,-,flaminghito,-,1283.48,-1.57,1594.88,0.0,103.8,0.52,20,0.0,9,0.0,11,0.0,0,0.0,45.0,0.0,2023-07-18,P,8,913.0
-,-,ConorS,US,1283.38,-1.9,1541.93,0.0,86.18,0.63,27,0.0,18,0.0,9,0.0,0,0.0,66.67,0.0,2024-04-04,-,0,-
652,-59,Sapiocek,-,1283.37,-3.17,1438.75,0.0,51.79,1.06,92,0.0,42,0.0,50,0.0,0,0.0,45.65,0.0,2026-02-04,G,2,796.0
-,-,zabergau,-,1283.31,-1.03,1760.23,0.0,158.97,0.34,8,0.0,6,0.0,2,0.0,0,0.0,75.0,0.0,2022-01-01,-,0,-
-,-,BedrockLP,-,1283.07,-1.24,1677.62,0.0,131.52,0.41,12,0.0,9,0.0,3,0.0,0,0.0,75.0,0.0,2024-04-04,-,0,-
-,-,rasattack,-,1282.79,-1.24,1676.47,0.0,131.23,0.41,9,0.0,6,0.0,3,0.0,0,0.0,66.67,0.0,2024-04-04,-,0,-
-,-,JakubUhlir,CZ,1282.42,-3.47,1427.98,0.0,48.52,1.16,107,0.0,48,0.0,58,0.0,1,0.0,44.86,0.0,2024-10-01,-,0,-
-,-,satur,-,1281.93,-1.11,1724.35,0.0,147.47,0.37,6,0.0,4,0.0,2,0.0,0,0.0,66.67,0.0,2024-04-04,-,0,-
-,-,BoB94,-,1281.77,-1.27,1667.67,0.0,128.63,0.42,9,0.0,5,0.0,3,0.0,1,0.0,55.56,0.0,2024-07-01,-,0,-
653,261,Kivok,-,1280.32,197.33,1574.03,60.33,97.9,-45.66,16,10.0,10,7.0,6,3.0,0,0.0,62.5,12.5,2026-05-11,-,0,-
654,-53,opatulony,PL,1279.71,-2.21,1502.1,0.0,74.13,0.74,38,0.0,17,0.0,21,0.0,0,0.0,44.74,0.0,2026-02-05,-,0,368.0
-,-,tongtong,-,1279.32,-1.6,1586.29,0.0,102.33,0.53,17,0.0,9,0.0,8,0.0,0,0.0,52.94,0.0,2025-01-28,-,0,1118.0
655,-56,sorecats,ID,1278.8,-3.33,1427.43,0.0,49.54,1.11,74,0.0,32,0.0,40,0.0,2,0.0,43.24,0.0,2026-02-06,-,0,552.0
-,-,gpeter63,-,1278.64,-1.29,1659.54,0.0,126.97,0.43,13,0.0,8,0.0,5,0.0,0,0.0,61.54,0.0,2024-04-04,-,0,-
656,-56,Joppur,SE,1278.59,-3.35,1427.02,0.0,49.48,1.12,89,0.0,37,0.0,52,0.0,0,0.0,41.57,0.0,2025-11-16,-,0,396.0
657,-49,DayWeed,-,1277.65,2.28,1459.89,-11.33,60.75,-4.54,51,7.0,29,4.0,21,3.0,1,0.0,56.86,0.04,2026-05-15,-,0,620.0
658,21,AntoineBx,FR,1277.34,41.12,1520.78,25.36,81.15,-5.25,22,3.0,13,2.0,9,1.0,0,0.0,59.09,1.2,2026-03-28,-,0,794.0
-,-,LMH,-,1275.95,-1.19,1687.57,0.0,137.21,0.4,8,0.0,6,0.0,2,0.0,0,0.0,75.0,0.0,2025-03-20,-,0,939.0
659,-65,Wiktor,-,1275.49,-10.7,1419.54,-19.84,48.02,-3.05,77,10.0,35,3.0,42,7.0,0,0.0,45.45,-2.31,2026-05-14,-,0,414.0
660,-33,TAOxEagle,US,1275.35,9.13,1500.19,-4.0,74.95,-4.38,37,3.0,16,1.0,21,2.0,0,0.0,43.24,-0.88,2026-03-27,-,0,662.0
661,76,saiggo16,ES,1275.08,73.41,1504.14,11.2,76.35,-20.74,31,10.0,17,6.0,14,4.0,0,0.0,54.84,2.46,2026-05-16,-,0,-
662,-56,SvenSvift,AT,1274.67,-1.52,1597.95,0.0,107.76,0.51,14,0.0,8,0.0,6,0.0,0,0.0,57.14,0.0,2026-02-04,-,0,757.0
-,-,Fingerzam,-,1274.28,-1.41,1621.06,0.0,115.59,0.47,12,0.0,7,0.0,5,0.0,0,0.0,58.33,0.0,2024-07-01,-,0,-
-,-,LinhVu,-,1273.74,-2.08,1509.72,0.0,78.66,0.69,38,0.0,20,0.0,18,0.0,0,0.0,52.63,0.0,2025-01-28,-,0,989.0
663,-92,Aekk,-,1273.69,-26.8,1649.14,-120.69,125.15,-31.3,8,3.0,4,0.0,4,3.0,0,0.0,50.0,-30.0,2026-03-23,-,0,-
664,-21,redantx,-,1273.43,13.13,1420.85,7.22,49.14,-1.97,74,7.0,37,4.0,37,3.0,0,0.0,50.0,0.75,2026-05-13,-,0,598.0
665,new,Marabu8,-,1273.06,823.06,1709.05,209.05,145.33,145.33,7,7.0,6,6.0,1,1.0,0,0.0,85.71,85.71,2026-05-16,-,0,-
-,-,Ayakonutty,-,1272.49,-2.39,1477.67,0.0,68.39,0.8,40,0.0,21,0.0,19,0.0,0,0.0,52.5,0.0,2025-05-25,-,0,780.0
-,-,lzzyl,-,1270.91,-1.02,1752.84,0.0,160.64,0.34,8,0.0,6,0.0,2,0.0,0,0.0,75.0,0.0,2022-01-01,-,0,-
666,-24,KubikD,-,1269.68,9.11,1411.54,3.49,47.29,-1.87,79,7.0,37,4.0,42,3.0,0,0.0,46.84,1.01,2026-05-19,-,0,529.0
-,-,Valsim,-,1269.3,-1.61,1573.81,0.0,101.5,0.54,18,0.0,10,0.0,8,0.0,0,0.0,55.56,0.0,2025-03-22,-,0,939.0
667,-47,yhw,-,1268.8,-0.3,1521.01,-16.9,84.07,-5.54,25,3.0,14,1.0,11,2.0,0,0.0,56.0,-3.09,2026-03-27,-,0,939.0
-,-,K1N9,-,1268.66,-1.47,1602.18,0.0,111.17,0.49,12,0.0,6,0.0,6,0.0,0,0.0,50.0,0.0,2025-05-07,-,0,729.0
668,-52,Chrono_,-,1268.43,-3.04,1430.2,0.0,53.92,1.01,66,0.0,29,0.0,37,0.0,0,0.0,43.94,0.0,2026-01-29,-,0,534.0
669,-50,FSY,-,1268.17,-1.63,1569.42,0.0,100.42,0.54,16,0.0,11,0.0,5,0.0,0,0.0,68.75,0.0,2025-07-19,-,0,1063.0
670,-46,Medgar,-,1267.78,-0.39,1535.83,-25.45,89.35,-8.35,24,3.0,14,1.0,10,2.0,0,0.0,58.33,-3.57,2026-03-22,-,0,398.0
671,-8,LukeHeinz57,-,1267.49,18.24,1516.08,-21.25,82.87,-13.16,28,6.0,14,2.0,14,4.0,0,0.0,50.0,-4.55,2026-05-31,-,0,-
-,-,Tshemmp,DE,1267.47,-2.15,1495.92,0.0,76.15,0.72,33,0.0,18,0.0,15,0.0,0,0.0,54.55,0.0,2024-08-11,-,0,-
672,-51,Scipio1126,US,1267.37,-1.42,1612.69,0.0,115.1,0.47,12,0.0,7,0.0,5,0.0,0,0.0,58.33,0.0,2025-12-17,-,0,805.0
673,-76,Lamont_Gu,-,1267.15,-15.97,1644.15,-93.49,125.67,-25.84,9,3.0,6,1.0,3,2.0,0,0.0,66.67,-16.66,2026-03-25,-,0,-
674,-104,oleKanin,NO,1266.86,-34.0,1400.68,-36.64,44.6,-0.88,104,7.0,46,1.0,57,6.0,1,0.0,44.23,-2.16,2026-05-13,-,0,469.0
675,-44,Polldrake,-,1266.11,2.36,1409.67,-2.95,47.85,-1.77,79,7.0,38,3.0,40,4.0,1,0.0,48.1,-0.51,2026-05-11,-,0,485.0
676,new,NateHiggersonJR,-,1265.68,815.68,1678.7,178.7,137.67,137.67,7,7.0,6,6.0,1,1.0,0,0.0,85.71,85.71,2026-05-10,-,0,-
677,-25,etJake,US,1265.02,8.81,1410.57,4.04,48.52,-1.59,72,7.0,31,4.0,41,3.0,0,0.0,43.06,1.52,2026-05-14,-,0,578.0
678,-52,GregoryD,PL,1264.51,-1.9,1522.78,0.0,86.09,0.63,26,0.0,13,0.0,13,0.0,0,0.0,50.0,0.0,2026-01-31,P,2,522.0
679,-61,luckrider,DE,1264.36,-5.83,1394.08,-7.59,43.24,-0.59,113,7.0,53,3.0,60,4.0,0,0.0,46.9,-0.27,2026-05-16,-,0,432.0
-,-,Ruudi,FI,1264.04,-1.45,1602.75,0.0,112.9,0.48,12,0.0,7,0.0,5,0.0,0,0.0,58.33,0.0,2025-05-03,-,0,686.0
680,-50,Purplegoo,-,1263.99,-0.71,1377.48,-0.12,37.83,0.19,178,7.0,69,3.0,108,4.0,1,0.0,38.76,0.16,2026-05-10,-,0,389.0
681,353,Adysian,-,1263.9,279.55,1560.82,103.57,98.97,-58.66,16,10.0,10,7.0,6,3.0,0,0.0,62.5,12.5,2026-05-23,-,0,-
-,-,Pripek,FR,1263.61,-1.52,1585.81,0.0,107.4,0.51,18,0.0,8,0.0,9,0.0,1,0.0,44.44,0.0,2024-04-04,-,0,-
682,5,IpaStian,NO,1263.34,31.93,1407.15,24.22,47.94,-2.57,82,10.0,34,6.0,48,4.0,0,0.0,41.46,2.57,2026-05-16,-,0,487.0
-,-,Royalhawk,-,1262.14,-1.67,1555.03,0.0,97.63,0.56,19,0.0,9,0.0,10,0.0,0,0.0,47.37,0.0,2025-03-25,-,0,872.0
683,214,Smilzo,-,1261.82,165.77,1577.08,85.47,105.09,-26.77,15,6.0,7,3.0,8,3.0,0,0.0,46.67,2.23,2026-05-14,-,0,989.0
-,-,TheBiggerE,-,1261.73,-1.05,1726.85,0.0,155.04,0.35,8,0.0,5,0.0,3,0.0,0,0.0,62.5,0.0,2022-01-01,-,0,-
-,-,ElDiabloAzul,US,1261.69,-1.88,1523.79,0.0,87.37,0.63,28,0.0,13,0.0,14,0.0,1,0.0,46.43,0.0,2024-04-04,-,0,-
684,-52,Hashlerka,-,1261.27,-2.07,1498.44,0.0,79.06,0.69,31,0.0,15,0.0,16,0.0,0,0.0,48.39,0.0,2026-01-30,-,0,653.0
685,-50,Numsy71,-,1260.76,-1.85,1527.11,0.0,88.79,0.62,22,0.0,12,0.0,10,0.0,0,0.0,54.55,0.0,2026-02-03,-,0,717.0
686,-88,NozoEli,-,1260.14,-22.29,1549.1,-51.72,96.32,-9.81,19,3.0,11,0.0,8,3.0,0,0.0,57.89,-10.86,2026-03-23,-,0,-
687,-53,Adrianobf,BR,1260.13,-2.64,1446.66,0.0,62.18,0.88,49,0.0,19,0.0,30,0.0,0,0.0,38.78,0.0,2026-01-30,-,0,514.0
688,-51,Daru,PL,1259.93,-1.65,1555.87,0.0,98.65,0.55,20,0.0,14,0.0,6,0.0,0,0.0,70.0,0.0,2026-02-04,-,0,751.0
-,-,HavardG,-,1259.8,-1.52,1582.71,0.0,107.64,0.51,15,0.0,7,0.0,7,0.0,1,0.0,46.67,0.0,2024-07-01,-,0,-
-,-,Diaz,-,1259.19,-1.28,1642.95,0.0,127.92,0.43,9,0.0,5,0.0,4,0.0,0,0.0,55.56,0.0,2024-07-01,-,0,-
689,-51,Dumnac,FR,1258.49,-2.75,1438.47,0.0,59.99,0.92,48,0.0,23,0.0,24,0.0,1,0.0,47.92,0.0,2025-11-30,-,0,611.0
690,new,FrenkDeTank,NL,1258.36,808.36,1695.99,195.99,145.88,145.88,7,7.0,5,5.0,1,1.0,1,1.0,71.43,71.43,2026-05-13,-,0,-
691,-132,DrWhom,-,1258.24,-46.68,1502.72,-101.57,81.49,-18.29,21,7.0,10,1.0,11,6.0,0,0.0,47.62,-16.67,2026-05-20,-,0,1178.0
692,-96,StarLakeGuy,-,1257.79,-25.55,1537.68,-50.29,93.3,-8.25,17,3.0,9,0.0,8,3.0,0,0.0,52.94,-11.35,2026-03-26,-,0,805.0
693,-31,zackg,US,1257.0,7.63,1386.68,5.65,43.22,-0.66,113,7.0,49,4.0,64,3.0,0,0.0,43.36,0.91,2026-05-14,-,0,466.0
694,-80,NoelFerrer,-,1256.99,-14.78,1621.21,-92.63,121.41,-25.95,9,3.0,5,0.0,4,3.0,0,0.0,55.56,-27.77,2026-03-21,-,0,-
695,-31,powerbigoud,-,1256.56,8.01,1369.57,8.3,37.67,0.1,146,7.0,60,4.0,85,3.0,1,0.0,41.1,0.81,2026-05-20,-,0,469.0
696,13,Ralf-TtA,DE,1256.31,39.81,1446.73,27.56,63.47,-4.08,54,6.0,19,3.0,34,3.0,1,0.0,35.19,1.86,2026-05-29,G,4,314.0
-,-,Radorf,-,1255.4,-1.85,1521.19,0.0,88.6,0.62,24,0.0,9,0.0,15,0.0,0,0.0,37.5,0.0,2023-11-15,M,1,-
-,-,Guylikikipoile,-,1255.31,-1.11,1696.93,0.0,147.21,0.37,9,0.0,7,0.0,2,0.0,0,0.0,77.78,0.0,2024-04-04,-,0,-
697,-64,Dzsabo,HU,1255.19,-7.73,1378.17,-8.29,40.99,-0.19,108,6.0,43,1.0,65,5.0,0,0.0,39.81,-1.37,2026-05-20,-,0,423.0
698,-24,PacoHolliday,-,1255.13,16.35,1388.44,14.23,44.44,-0.71,98,6.0,41,4.0,57,2.0,0,0.0,41.84,1.62,2026-05-17,-,0,505.0
699,-33,spaceport,-,1255.07,9.91,1497.43,-6.72,80.79,-5.54,29,3.0,13,1.0,16,2.0,0,0.0,44.83,-1.32,2026-03-25,-,0,444.0
700,-53,Kozzilla,-,1255.05,-3.17,1410.36,0.0,51.77,1.06,65,0.0,30,0.0,34,0.0,1,0.0,46.15,0.0,2026-02-21,-,0,670.0
701,-21,kev5047,GB,1254.59,19.68,1404.11,14.14,49.84,-1.84,77,7.0,32,3.0,45,4.0,0,0.0,41.56,0.13,2026-05-11,-,0,565.0
702,-49,traskmania,-,1253.64,-1.61,1557.6,0.0,101.32,0.54,18,0.0,9,0.0,9,0.0,0,0.0,50.0,0.0,2026-01-30,-,0,989.0
703,-53,daices,US,1253.47,-3.51,1398.17,0.0,48.23,1.17,94,0.0,36,0.0,58,0.0,0,0.0,38.3,0.0,2025-11-30,G,2,648.0
-,-,Tuty,SK,1253.21,-1.53,1576.63,0.0,107.8,0.51,26,0.0,10,0.0,16,0.0,0,0.0,38.46,0.0,2024-04-04,-,0,652.0
704,98,spdwhat,-,1253.16,87.67,1607.8,15.72,118.21,-23.98,9,3.0,6,2.0,3,1.0,0,0.0,66.67,0.0,2026-03-27,-,0,-
-,-,Reinuvader,HU,1252.98,-1.39,1605.43,0.0,117.48,0.46,13,0.0,8,0.0,5,0.0,0,0.0,61.54,0.0,2024-07-01,-,0,1388.0
705,-51,Helen-the-great,-,1252.25,-2.88,1423.17,0.0,56.97,0.96,61,0.0,26,0.0,35,0.0,0,0.0,42.62,0.0,2026-02-10,-,0,572.0
-,-,LeonardoDaVinci016,-,1251.96,-1.46,1587.79,0.0,111.95,0.49,14,0.0,7,0.0,7,0.0,0,0.0,50.0,0.0,2025-03-25,-,0,872.0
-,-,Luthenoor,-,1251.92,-1.24,1645.39,0.0,131.16,0.41,12,0.0,6,0.0,6,0.0,0,0.0,50.0,0.0,2022-02-01,-,0,-
-,-,jsjsj,AU,1251.82,-2.33,1463.16,0.0,70.45,0.78,46,0.0,21,0.0,24,0.0,1,0.0,45.65,0.0,2024-10-01,-,0,-
-,-,LaDfBC,-,1251.3,-1.36,1611.47,0.0,120.06,0.45,11,0.0,6,0.0,4,0.0,1,0.0,54.55,0.0,2025-05-10,-,0,729.0
706,-49,shiro0405,JP,1250.87,-2.28,1465.68,0.0,71.6,0.76,37,0.0,17,0.0,19,0.0,1,0.0,45.95,0.0,2026-02-07,-,0,939.0
-,-,Enki,-,1250.84,-1.28,1634.74,0.0,127.97,0.43,12,0.0,8,0.0,4,0.0,0,0.0,66.67,0.0,2024-07-01,-,0,-
707,-71,gego,-,1250.75,-11.02,1400.9,-11.04,50.05,-0.01,93,3.0,39,0.0,52,3.0,2,0.0,41.94,-1.39,2026-03-22,-,0,872.0
708,-52,Tony117,IT,1250.71,-2.44,1452.98,0.0,67.42,0.81,43,0.0,16,0.0,27,0.0,0,0.0,37.21,0.0,2025-11-30,-,0,362.0
709,-68,Chris10,DE,1250.56,-10.21,1580.51,-60.78,109.98,-16.86,14,3.0,8,1.0,5,2.0,1,0.0,57.14,-6.5,2026-03-28,-,0,473.0
710,-82,TeriyakiJaccuzi,US,1250.5,-14.46,1354.0,-12.31,34.5,0.72,221,7.0,87,0.0,131,7.0,3,0.0,39.37,-1.28,2026-05-11,-,0,502.0
711,-62,Fullynice,-,1250.39,-7.78,1355.69,-5.46,35.1,0.77,197,7.0,84,2.0,112,5.0,1,0.0,42.64,-0.52,2026-05-14,-,0,508.0
712,-64,akira215,US,1250.2,-7.97,1358.36,-6.47,36.05,0.5,184,7.0,83,1.0,100,6.0,1,0.0,45.11,-1.22,2026-05-18,-,0,457.0
-,-,Bram,-,1249.72,-1.16,1672.3,0.0,140.86,0.39,9,0.0,5,0.0,4,0.0,0,0.0,55.56,0.0,2023-06-06,M,3,-
713,308,silverpaun,-,1248.25,248.96,1596.37,59.07,116.04,-63.3,11,7.0,7,5.0,4,2.0,0,0.0,63.64,13.64,2026-05-13,-,0,-
714,-56,Bonobours,FR,1247.82,-3.46,1392.35,0.0,48.18,1.15,75,0.0,34,0.0,40,0.0,1,0.0,45.33,0.0,2026-02-08,-,0,679.0
-,-,Andrew_Davidson,-,1246.47,-1.74,1527.17,0.0,93.57,0.58,25,0.0,12,0.0,13,0.0,0,0.0,48.0,0.0,2025-02-08,-,0,684.0
715,-4,Patelavache,-,1246.34,30.84,1536.53,-48.85,96.73,-26.56,17,6.0,9,2.0,8,4.0,0,0.0,52.94,-10.7,2026-05-17,-,0,1118.0
-,-,NateH,-,1246.25,-1.36,1605.65,0.0,119.8,0.45,12,0.0,8,0.0,4,0.0,0,0.0,66.67,0.0,2025-05-08,-,0,729.0
716,64,McNeil,DK,1245.89,67.33,1511.68,50.63,88.6,-5.57,22,3.0,10,2.0,12,1.0,0,0.0,45.45,3.34,2026-04-03,-,0,726.0
717,-16,Asperins,LV,1244.56,22.45,1372.3,21.08,42.58,-0.46,105,7.0,48,4.0,57,3.0,0,0.0,45.71,0.81,2026-05-11,-,0,469.0
718,-63,Monik,LT,1244.43,-8.99,1365.7,-8.29,40.42,0.23,131,7.0,54,1.0,76,6.0,1,0.0,41.22,-1.52,2026-05-12,-,0,500.0
719,-47,joehammerman,US,1244.19,3.74,1505.13,-13.18,86.98,-5.64,23,3.0,11,1.0,12,2.0,0,0.0,47.83,-2.17,2026-04-03,-,0,418.0
-,-,Haubentaucherwelpe,-,1243.86,-1.63,1545.66,0.0,100.6,0.54,20,0.0,11,0.0,9,0.0,0,0.0,55.0,0.0,2025-03-23,-,0,805.0
720,-7,MikeLowrey,-,1243.21,28.36,1554.3,-9.92,103.7,-12.76,14,3.0,6,1.0,8,2.0,0,0.0,42.86,-2.59,2026-04-01,-,0,1067.0
-,-,RobertDeSable,-,1243.16,-1.03,1718.92,0.0,158.59,0.34,6,0.0,4,0.0,2,0.0,0,0.0,66.67,0.0,2023-10-09,-,0,-
-,-,AdrianosMaximus,-,1242.92,-1.28,1626.87,0.0,127.98,0.43,12,0.0,7,0.0,5,0.0,0,0.0,58.33,0.0,2024-07-01,-,0,-
721,-46,pavelceska,-,1242.79,4.5,1467.01,-35.69,74.74,-13.4,25,7.0,13,2.0,12,5.0,0,0.0,52.0,-9.11,2026-05-15,-,0,1372.0
-,-,wisteria,MO,1242.27,-1.99,1489.01,0.0,82.25,0.66,37,0.0,18,0.0,19,0.0,0,0.0,48.65,0.0,2023-11-15,-,0,1388.0
-,-,czaurel,-,1241.95,-1.51,1565.21,0.0,107.75,0.5,19,0.0,10,0.0,9,0.0,0,0.0,52.63,0.0,2024-04-04,-,0,529.0
-,-,Huasong,-,1241.64,-1.04,1713.25,0.0,157.2,0.35,8,0.0,5,0.0,2,0.0,1,0.0,62.5,0.0,2022-01-01,-,0,-
-,-,KrwawyPysio,-,1241.27,-1.24,1637.59,0.0,132.11,0.41,12,0.0,7,0.0,5,0.0,0,0.0,58.33,0.0,2024-07-01,-,0,-
722,-53,C3POsMidriff,-,1241.08,-2.37,1448.28,0.0,69.07,0.79,37,0.0,17,0.0,20,0.0,0,0.0,45.95,0.0,2025-12-18,G,2,426.0
-,-,Menno,-,1240.31,-1.01,1727.53,0.0,162.41,0.34,9,0.0,7,0.0,2,0.0,0,0.0,77.78,0.0,2024-07-01,G,2,-
-,-,Chungdiddly,-,1240.07,-1.04,1708.9,0.0,156.27,0.35,8,0.0,5,0.0,3,0.0,0,0.0,62.5,0.0,2022-01-01,-,0,-
-,-,cookieben,-,1240.07,-1.04,1708.9,0.0,156.27,0.35,8,0.0,5,0.0,3,0.0,0,0.0,62.5,0.0,2022-01-01,G,2,-
-,-,HonestSi,-,1240.07,-1.04,1708.9,0.0,156.27,0.35,8,0.0,5,0.0,3,0.0,0,0.0,62.5,0.0,2022-01-01,-,0,-
723,-53,skab12,-,1240.06,-1.68,1371.13,-6.65,43.69,-1.66,107,10.0,42,4.0,64,6.0,1,0.0,39.25,0.07,2026-05-11,-,0,446.0
724,-40,kabel2,DE,1240.0,6.65,1373.62,0.35,44.54,-2.1,99,10.0,40,4.0,58,6.0,1,0.0,40.4,-0.05,2026-05-19,-,0,563.0
-,-,GokuBC,PL,1239.89,-2.01,1484.39,0.0,81.5,0.67,26,0.0,14,0.0,12,0.0,0,0.0,53.85,0.0,2024-04-04,-,0,-
725,-185,longapple,-,1239.34,-78.65,1619.12,-155.23,126.59,-25.53,9,3.0,5,0.0,4,3.0,0,0.0,55.56,-27.77,2026-03-26,-,0,-
-,-,Palace,-,1239.24,-1.36,1600.12,0.0,120.29,0.45,12,0.0,6,0.0,6,0.0,0,0.0,50.0,0.0,2025-03-30,-,0,757.0
-,-,Mathies,-,1238.88,-1.32,1611.1,0.0,124.07,0.44,15,0.0,7,0.0,8,0.0,0,0.0,46.67,0.0,2023-01-15,G,4,-
726,-55,Andreyko2003,-,1238.65,-1.97,1374.97,-6.69,45.44,-1.57,99,7.0,44,3.0,55,4.0,0,0.0,44.44,-0.13,2026-05-20,-,0,661.0
727,-54,sausagesky,-,1238.25,-2.05,1477.52,0.0,79.76,0.68,29,0.0,13,0.0,16,0.0,0,0.0,44.83,0.0,2026-01-31,-,0,1067.0
728,219,Amara,-,1237.19,176.32,1543.01,8.87,101.94,-55.82,16,10.0,9,5.0,7,5.0,0,0.0,56.25,-10.42,2026-05-11,-,0,-
-,-,Darkksun,-,1237.12,-1.34,1602.58,0.0,121.82,0.45,14,0.0,8,0.0,6,0.0,0,0.0,57.14,0.0,2024-07-01,-,0,-
729,-33,abobey,ES,1236.83,11.77,1357.34,11.08,40.17,-0.23,145,7.0,60,4.0,84,3.0,1,0.0,41.38,0.8,2026-05-23,-,0,534.0
730,-37,Netrom,-,1236.36,8.5,1388.53,3.23,50.73,-1.76,71,6.0,30,2.0,40,4.0,1,0.0,42.25,-0.83,2026-05-15,-,0,389.0
731,-25,Crs,GB,1236.25,17.88,1373.41,11.79,45.72,-2.03,83,10.0,36,5.0,46,5.0,1,0.0,43.37,0.9,2026-05-20,-,0,463.0
733,17,SchutterNL,-,1235.36,40.46,1627.6,-38.54,130.75,-26.33,8,3.0,5,1.0,3,2.0,0,0.0,62.5,-17.5,2026-03-31,-,0,-
732,-32,irule,-,1235.36,12.35,1384.47,2.74,49.7,-3.21,74,10.0,32,4.0,42,6.0,0,0.0,43.24,-0.51,2026-05-12,-,0,457.0
734,-94,monkeyml,-,1234.88,-25.89,1422.88,-41.7,62.66,-5.27,40,7.0,18,0.0,22,7.0,0,0.0,45.0,-9.55,2026-05-15,-,0,640.0
735,-57,CardinalBadger,-,1234.69,-1.69,1523.91,0.0,96.41,0.56,22,0.0,12,0.0,10,0.0,0,0.0,54.55,0.0,2026-01-28,-,0,872.0
-,-,HarryW,-,1234.61,-2.23,1454.36,0.0,73.25,0.74,36,0.0,12,0.0,24,0.0,0,0.0,33.33,0.0,2024-02-11,-,0,-
736,-59,kwojtasz,US,1234.54,-2.26,1453.0,0.0,72.82,0.75,37,0.0,14,0.0,22,0.0,1,0.0,37.84,0.0,2026-01-29,-,0,989.0
-,-,DVDripXvid,-,1234.48,-1.28,1616.66,0.0,127.4,0.43,9,0.0,6,0.0,3,0.0,0,0.0,66.67,0.0,2025-03-19,-,0,729.0
737,new,DieKrake89,-,1234.21,784.21,1660.14,160.14,141.98,141.98,7,7.0,6,6.0,1,1.0,0,0.0,85.71,85.71,2026-05-18,G,2,-
-,-,Robster,NL,1233.99,-1.81,1505.19,0.0,90.4,0.6,26,0.0,12,0.0,14,0.0,0,0.0,46.15,0.0,2025-03-19,G,10,647.0
738,-62,albinsix,FR,1233.65,-4.1,1354.62,0.0,40.33,1.37,154,0.0,65,0.0,88,0.0,1,0.0,42.21,0.0,2025-12-11,-,0,517.0
739,-51,Victory7,CA,1233.02,3.19,1475.02,-31.67,80.67,-11.62,26,6.0,17,3.0,9,3.0,0,0.0,65.38,-4.62,2026-05-10,-,0,872.0
740,-96,Limdul1988,CZ,1232.45,-27.51,1447.44,-38.78,71.66,-3.76,36,3.0,13,0.0,23,3.0,0,0.0,36.11,-3.28,2026-04-05,-,0,707.0
-,-,Nieva,-,1232.37,-1.05,1700.27,0.0,155.97,0.35,9,0.0,6,0.0,3,0.0,0,0.0,66.67,0.0,2023-04-02,-,0,-
741,-80,dnomn8r,-,1232.17,-17.69,1522.36,-46.12,96.73,-9.48,17,3.0,8,0.0,9,3.0,0,0.0,47.06,-10.08,2026-04-02,-,0,578.0
-,-,Elpiereo,-,1232.12,-1.61,1537.07,0.0,101.65,0.54,18,0.0,9,0.0,9,0.0,0,0.0,50.0,0.0,2025-03-25,-,0,757.0
-,-,dyz,-,1231.83,-1.19,1642.13,0.0,136.77,0.4,11,0.0,6,0.0,5,0.0,0,0.0,54.55,0.0,2023-01-15,-,0,-
742,-60,Strawer_1982,IT,1231.33,-2.34,1442.1,0.0,70.26,0.78,30,0.0,13,0.0,17,0.0,0,0.0,43.33,0.0,2025-11-30,-,0,517.0
-,-,cs2376jr,US,1231.16,-1.48,1562.82,0.0,110.56,0.49,12,0.0,6,0.0,6,0.0,0,0.0,50.0,0.0,2025-05-17,-,0,729.0
-,-,Megatron,GB,1230.85,-1.26,1618.48,0.0,129.21,0.42,12,0.0,6,0.0,3,0.0,3,0.0,50.0,0.0,2024-04-04,-,0,1262.0
-,-,florian629,-,1230.8,-1.4,1579.42,0.0,116.21,0.47,14,0.0,7,0.0,7,0.0,0,0.0,50.0,0.0,2025-01-31,-,0,989.0
-,-,Jerry2017,-,1230.5,-0.96,1738.79,0.0,169.43,0.32,7,0.0,7,0.0,0,0.0,0,0.0,100.0,0.0,2025-05-26,-,0,1262.0
-,-,stripe999,GB,1229.55,-3.03,1392.16,0.0,54.2,1.01,85,0.0,38,0.0,46,0.0,1,0.0,44.71,0.0,2024-04-14,-,0,-
743,-78,Shiffdog,-,1229.48,-17.77,1376.33,-23.01,48.95,-1.75,72,7.0,29,1.0,42,6.0,1,0.0,40.28,-2.8,2026-05-13,-,0,520.0
744,325,Sathran,-,1229.15,277.07,1522.0,71.39,97.62,-68.56,16,10.0,9,6.0,7,4.0,0,0.0,56.25,6.25,2026-05-23,-,0,-
745,-94,Covid_19,-,1228.59,-27.92,1518.36,-60.55,96.59,-10.88,18,3.0,9,0.0,9,3.0,0,0.0,50.0,-10.0,2026-03-25,-,0,-
746,new,northlynx,DE,1228.51,778.51,1646.87,146.87,139.46,139.46,7,7.0,6,6.0,1,1.0,0,0.0,85.71,85.71,2026-05-14,-,0,-
-,-,MiYA,-,1228.37,-1.04,1698.3,0.0,156.65,0.35,8,0.0,5,0.0,3,0.0,0,0.0,62.5,0.0,2022-01-01,-,0,-
-,-,HansBugge,NO,1227.63,-3.15,1385.47,0.0,52.61,1.05,80,0.0,39,0.0,40,0.0,1,0.0,48.75,0.0,2025-02-14,-,0,700.0
747,12,SteffenViisdom,-,1227.02,35.83,1524.5,6.45,99.16,-9.79,17,3.0,8,1.0,9,2.0,0,0.0,47.06,-2.94,2026-03-23,-,0,872.0
-,-,GBH_Grzegorz,-,1226.7,-1.16,1647.34,0.0,140.21,0.39,6,0.0,3,0.0,3,0.0,0,0.0,50.0,0.0,2025-03-24,-,0,757.0
748,-58,AsKier,PL,1226.28,-3.46,1367.74,0.0,47.15,1.15,110,0.0,46,0.0,62,0.0,2,0.0,41.82,0.0,2026-01-29,-,0,655.0
749,-57,khyung,US,1225.78,-2.14,1454.88,0.0,76.37,0.71,34,0.0,12,0.0,20,0.0,2,0.0,35.29,0.0,2026-02-07,G,4,466.0
-,-,Mrzout,-,1225.64,-1.51,1550.78,0.0,108.38,0.5,17,0.0,8,0.0,9,0.0,0,0.0,47.06,0.0,2025-03-17,-,0,805.0
-,-,bzburnin,-,1225.3,-3.38,1371.98,0.0,48.89,1.13,89,0.0,38,0.0,51,0.0,0,0.0,42.7,0.0,2025-05-13,G,6,707.0
750,-59,Lodon,NL,1225.19,-4.21,1345.22,0.0,40.01,1.4,148,0.0,59,0.0,88,0.0,1,0.0,39.86,0.0,2025-11-30,-,0,546.0
-,-,Birnenschorsch,-,1224.67,-1.63,1524.89,0.0,100.08,0.54,18,0.0,9,0.0,9,0.0,0,0.0,50.0,0.0,2024-08-11,-,0,-
751,-57,GamesClaw,-,1223.57,-3.01,1386.75,0.0,54.39,1.0,67,0.0,32,0.0,35,0.0,0,0.0,47.76,0.0,2025-11-13,-,0,805.0
752,-57,aloci,-,1223.43,-1.81,1494.64,0.0,90.4,0.6,23,0.0,14,0.0,9,0.0,0,0.0,60.87,0.0,2025-08-13,-,0,635.0
-,-,vivimaster,IT,1223.1,-1.82,1492.56,0.0,89.82,0.61,27,0.0,12,0.0,14,0.0,1,0.0,44.44,0.0,2025-05-17,-,0,729.0
753,-46,Larsusvonundzu,-,1222.86,5.05,1401.25,-7.74,59.47,-4.26,52,7.0,29,3.0,23,4.0,0,0.0,55.77,-2.01,2026-05-12,-,0,746.0
754,-9,Mensha,-,1222.79,24.8,1480.84,7.88,86.02,-5.64,24,3.0,10,1.0,14,2.0,0,0.0,41.67,-1.19,2026-03-25,-,0,805.0
755,-28,buttoxide,SG,1222.42,14.8,1467.45,-2.34,81.68,-5.71,25,3.0,13,1.0,12,2.0,0,0.0,52.0,-2.55,2026-04-01,-,0,681.0
756,-59,aoe2champ,-,1222.2,-2.33,1433.97,0.0,70.59,0.78,39,0.0,22,0.0,17,0.0,0,0.0,56.41,0.0,2026-01-29,-,0,690.0
-,-,JohnFreshKennedy,DE,1222.12,-1.42,1566.26,0.0,114.71,0.47,15,0.0,7,0.0,7,0.0,1,0.0,46.67,0.0,2024-07-01,G,10,-
757,-26,JohnyT,SK,1221.79,16.63,1413.62,16.39,63.94,-0.08,45,2.0,17,1.0,27,1.0,1,0.0,37.78,0.57,2026-03-21,-,0,522.0
758,38,kngoswg,-,1221.65,53.9,1500.2,22.52,92.85,-10.46,18,3.0,9,2.0,9,1.0,0,0.0,50.0,3.33,2026-03-27,-,0,780.0
-,-,Scurvydraco,-,1221.43,-2.01,1467.76,0.0,82.11,0.67,24,0.0,11,0.0,13,0.0,0,0.0,45.83,0.0,2024-04-14,-,0,1388.0
-,-,Hot.Cocoa,-,1221.13,-1.42,1566.93,0.0,115.27,0.47,15,0.0,8,0.0,6,0.0,1,0.0,53.33,0.0,2024-08-11,-,0,-
759,-3,Pulpecja,PL,1220.02,27.86,1335.9,27.05,38.62,-0.27,140,10.0,55,7.0,85,3.0,0,0.0,39.29,2.37,2026-05-13,-,0,488.0
760,-16,Rob13,BR,1219.38,20.63,1423.36,-1.04,67.99,-7.22,40,7.0,23,4.0,16,3.0,1,0.0,57.5,-0.08,2026-05-19,-,0,598.0
-,-,chrislear,-,1219.19,-1.22,1621.85,0.0,134.22,0.41,11,0.0,7,0.0,4,0.0,0,0.0,63.64,0.0,2023-05-14,-,0,-
761,-46,Chriiiss,FR,1219.1,4.61,1364.34,-0.68,48.42,-1.77,77,7.0,30,3.0,46,4.0,1,0.0,38.96,0.39,2026-05-21,-,0,445.0
-,-,Robson_Ponte,-,1218.59,-2.94,1385.51,0.0,55.64,0.98,78,0.0,32,0.0,43,0.0,3,0.0,41.03,0.0,2024-04-14,-,0,-
762,-29,Thomi,-,1218.31,13.73,1513.26,-21.9,98.32,-11.88,22,3.0,8,1.0,14,2.0,0,0.0,36.36,-0.48,2026-03-29,-,0,725.0
-,-,Pelej,PL,1218.19,-1.32,1588.93,0.0,123.58,0.44,14,0.0,8,0.0,6,0.0,0,0.0,57.14,0.0,2024-04-04,-,0,-
763,-59,Alebv,-,1218.08,-1.55,1534.15,0.0,105.36,0.52,15,0.0,9,0.0,6,0.0,0,0.0,60.0,0.0,2026-01-30,-,0,939.0
764,-79,Mitchum,IT,1217.52,-15.5,1336.93,-18.9,39.81,-1.13,130,10.0,53,2.0,77,8.0,0,0.0,40.77,-1.73,2026-05-13,-,0,491.0
-,-,Tings,-,1217.51,-0.98,1717.13,0.0,166.54,0.33,7,0.0,7,0.0,0,0.0,0,0.0,100.0,0.0,2024-08-11,-,0,-
765,-97,Kayser,-,1216.99,-27.55,1504.37,-58.26,95.79,-10.24,17,3.0,8,0.0,9,3.0,0,0.0,47.06,-10.08,2026-03-27,-,0,872.0
766,-46,Geegs,-,1216.15,4.57,1408.7,-1.4,64.18,-1.99,45,3.0,20,1.0,24,2.0,1,0.0,44.44,-0.8,2026-03-21,-,0,867.0
-,-,Torfi_Torfnase,-,1215.62,-1.03,1688.61,0.0,157.66,0.34,8,0.0,5,0.0,3,0.0,0,0.0,62.5,0.0,2022-01-01,-,0,-
-,-,Nobi,-,1215.62,-1.03,1688.61,0.0,157.66,0.34,8,0.0,5,0.0,3,0.0,0,0.0,62.5,0.0,2022-01-01,-,0,-
767,-86,MeteorisVulcanus,NL,1214.88,-19.3,1357.43,-23.71,47.52,-1.47,75,7.0,30,1.0,45,6.0,0,0.0,40.0,-2.65,2026-05-18,-,0,572.0
-,-,NikeBarbachiara,IT,1214.64,-1.31,1587.88,0.0,124.41,0.44,12,0.0,7,0.0,5,0.0,0,0.0,58.33,0.0,2024-07-01,-,0,-
768,-70,Rick80,-,1214.41,-9.22,1333.49,-10.51,39.7,-0.43,146,7.0,56,2.0,89,5.0,1,0.0,38.36,-0.49,2026-05-18,-,0,618.0
769,-59,Ulyssess,IT,1213.91,-2.41,1417.94,0.0,68.01,0.8,45,0.0,20,0.0,24,0.0,1,0.0,44.44,0.0,2025-12-16,-,0,491.0
-,-,Schlangenfuerst,-,1213.88,-1.04,1685.69,0.0,157.27,0.35,8,0.0,5,0.0,3,0.0,0,0.0,62.5,0.0,2022-01-01,-,0,-
770,71,ThePerceptiveGamer,-,1213.84,79.07,1396.82,62.14,60.99,-5.64,42,7.0,21,6.0,21,1.0,0,0.0,50.0,7.14,2026-05-15,-,0,845.0
-,-,ycl,-,1213.77,-1.08,1665.38,0.0,150.54,0.36,6,0.0,4,0.0,2,0.0,0,0.0,66.67,0.0,2025-02-01,-,0,757.0
771,-57,jokerchai,-,1213.16,-1.36,1572.57,0.0,119.8,0.45,10,0.0,6,0.0,4,0.0,0,0.0,60.0,0.0,2026-01-28,-,0,-
773,-56,ZHULIN,-,1212.65,-1.21,1616.19,0.0,134.52,0.4,7,0.0,5,0.0,2,0.0,0,0.0,71.43,0.0,2026-02-10,-,0,-
772,-64,micropip,-,1212.65,-3.86,1340.51,0.0,42.62,1.29,145,0.0,48,0.0,95,0.0,2,0.0,33.1,0.0,2026-01-30,-,0,555.0
-,-,Dariusz,-,1211.94,-1.12,1647.94,0.0,145.34,0.37,6,0.0,5,0.0,1,0.0,0,0.0,83.33,0.0,2025-02-01,-,0,1067.0
774,-62,RedMadMike,PL,1211.9,-3.06,1373.35,0.0,53.82,1.02,61,0.0,29,0.0,32,0.0,0,0.0,47.54,0.0,2026-02-11,-,0,416.0
-,-,beecu,-,1211.84,-1.14,1642.15,0.0,143.44,0.38,8,0.0,5,0.0,3,0.0,0,0.0,62.5,0.0,2024-04-04,-,0,-
-,-,elracha,PT,1211.74,-1.01,1695.28,0.0,161.18,0.34,6,0.0,4,0.0,2,0.0,0,0.0,66.67,0.0,2023-03-01,-,0,-
-,-,ReneTTA,-,1211.3,-1.36,1572.18,0.0,120.3,0.45,12,0.0,8,0.0,4,0.0,0,0.0,66.67,0.0,2024-10-24,-,0,-
-,-,BeetleJuice,CZ,1211.03,-2.06,1448.8,0.0,79.26,0.69,31,0.0,13,0.0,18,0.0,0,0.0,41.94,0.0,2024-10-31,-,0,-
-,-,Gwyneraim,-,1210.93,-1.41,1557.52,0.0,115.53,0.47,13,0.0,9,0.0,4,0.0,0,0.0,69.23,0.0,2024-10-31,-,0,-
775,-39,KTown,-,1210.16,6.71,1340.16,5.05,43.33,-0.55,116,6.0,44,3.0,72,3.0,0,0.0,37.93,0.66,2026-05-16,-,0,589.0
776,-36,shohei,JP,1208.5,9.12,1409.97,3.63,67.16,-1.83,52,3.0,18,1.0,34,2.0,0,0.0,34.62,-0.07,2026-03-27,-,0,536.0
-,-,Nealio,NL,1207.68,-2.42,1410.0,0.0,67.44,0.81,43,0.0,18,0.0,24,0.0,1,0.0,41.86,0.0,2024-08-11,-,0,-
777,-58,mindphaser,CA,1207.49,-4.38,1319.98,0.0,37.5,1.46,174,0.0,74,0.0,98,0.0,2,0.0,42.53,0.0,2026-02-13,G,2,630.0
778,-54,Pieter_NL,-,1207.44,-0.99,1702.53,0.0,165.03,0.33,4,0.0,3,0.0,1,0.0,0,0.0,75.0,0.0,2026-02-06,-,0,-
779,-54,Nopeasuoli,FI,1206.16,-2.18,1431.24,0.0,75.03,0.73,35,0.0,18,0.0,16,0.0,1,0.0,51.43,0.0,2026-02-03,-,0,845.0
780,-77,errliu,-,1206.06,-15.14,1579.05,-81.65,124.33,-22.17,9,3.0,4,0.0,5,3.0,0,0.0,44.44,-22.23,2026-03-23,-,0,619.0
-,-,Horsard,-,1205.86,-2.14,1435.73,0.0,76.62,0.71,35,0.0,17,0.0,18,0.0,0,0.0,48.57,0.0,2025-02-16,-,0,729.0
781,-47,z0pfel,DE,1205.63,1.65,1397.01,-17.31,63.79,-6.32,44,7.0,17,1.0,26,5.0,1,1.0,38.64,-4.6,2026-05-12,-,0,709.0
782,79,deandedean,-,1205.48,84.0,1508.02,51.06,100.85,-10.98,15,3.0,8,2.0,7,1.0,0,0.0,53.33,3.33,2026-03-23,-,0,989.0
-,-,Epikoros,-,1205.37,-1.1,1650.93,0.0,148.52,0.37,9,0.0,5,0.0,4,0.0,0,0.0,55.56,0.0,2023-04-16,-,0,-
783,168,TTTTTT,-,1205.0,145.71,1566.46,77.29,120.49,-22.81,9,3.0,5,2.0,4,1.0,0,0.0,55.56,5.56,2026-03-25,-,0,-
-,-,Rossonerix10x,-,1204.54,-3.39,1351.95,0.0,49.14,1.13,105,0.0,51,0.0,53,0.0,1,0.0,48.57,0.0,2024-12-13,-,0,1184.0
784,-54,mugumagu,-,1204.06,-1.57,1517.57,0.0,104.5,0.52,15,0.0,7,0.0,8,0.0,0,0.0,46.67,0.0,2026-01-26,-,0,805.0
785,-22,FiveGee,-,1203.93,13.82,1375.09,5.76,57.05,-2.69,52,5.0,23,3.0,27,2.0,2,0.0,44.23,1.68,2026-05-18,-,0,607.0
786,-57,Iosefvs,-,1203.73,-1.92,1459.35,0.0,85.21,0.64,27,0.0,10,0.0,17,0.0,0,0.0,37.04,0.0,2026-01-28,-,0,681.0
787,-55,Linsage,-,1203.2,-1.74,1485.08,0.0,93.96,0.58,20,0.0,9,0.0,11,0.0,0,0.0,45.0,0.0,2026-02-02,-,0,757.0
-,-,Pika07,-,1203.07,-1.53,1523.4,0.0,106.78,0.51,15,0.0,8,0.0,7,0.0,0,0.0,53.33,0.0,2025-03-23,-,0,872.0
-,-,tanman,-,1202.9,-1.38,1557.29,0.0,118.13,0.46,12,0.0,6,0.0,6,0.0,0,0.0,50.0,0.0,2025-01-30,-,0,570.0
788,-65,Francesco1812,IT,1202.65,-6.22,1322.01,-8.12,39.79,-0.63,127,10.0,49,3.0,77,7.0,1,0.0,38.58,-0.74,2026-05-11,-,0,509.0
789,-106,Madivar,-,1202.41,-31.2,1521.22,-62.19,106.27,-10.33,14,3.0,8,1.0,6,2.0,0,0.0,57.14,-6.5,2026-03-20,-,0,1067.0
790,-29,mahlerian_shadow,US,1201.2,10.3,1321.14,9.53,39.98,-0.26,145,7.0,61,4.0,84,3.0,0,0.0,42.07,0.77,2026-05-14,-,0,549.0
791,-29,MichalJar,-,1200.22,9.8,1510.23,-25.09,103.34,-11.63,17,3.0,9,1.0,8,2.0,0,0.0,52.94,-4.2,2026-04-06,-,0,1388.0
-,-,Ritocito,-,1199.97,-1.06,1660.07,0.0,153.37,0.35,6,0.0,2,0.0,2,0.0,2,0.0,33.33,0.0,2023-10-05,-,0,-
-,-,Moxielle,-,1199.75,-2.2,1423.1,0.0,74.45,0.73,35,0.0,17,0.0,18,0.0,0,0.0,48.57,0.0,2025-02-11,-,0,868.0
792,-54,gulper,-,1199.61,-1.92,1455.2,0.0,85.2,0.64,29,0.0,11,0.0,16,0.0,2,0.0,37.93,0.0,2026-01-28,-,0,645.0
-,-,AmosCai,-,1198.71,-1.04,1667.53,0.0,156.27,0.35,8,0.0,5,0.0,3,0.0,0,0.0,62.5,0.0,2022-01-01,-,0,-
-,-,Ragnard,-,1198.43,-2.01,1442.46,0.0,81.34,0.67,31,0.0,14,0.0,17,0.0,0,0.0,45.16,0.0,2025-02-03,-,0,700.0
793,-51,gwfalcon,-,1197.39,-1.89,1456.53,0.0,86.38,0.63,28,0.0,13,0.0,15,0.0,0,0.0,46.43,0.0,2026-02-05,-,0,1118.0
794,-76,Otto_von_Bismarck,-,1197.35,-15.88,1478.15,-39.8,93.6,-7.97,18,3.0,8,0.0,10,3.0,0,0.0,44.44,-8.89,2026-03-24,-,0,939.0
-,-,petite-lambda,-,1196.8,-1.04,1666.94,0.0,156.71,0.35,8,0.0,5,0.0,3,0.0,0,0.0,62.5,0.0,2022-01-01,-,0,-
-,-,The_strategiser,FR,1196.4,-1.41,1542.79,0.0,115.46,0.47,13,0.0,7,0.0,6,0.0,0,0.0,53.85,0.0,2024-04-04,-,0,-
-,-,itsPG,-,1195.37,-1.41,1542.08,0.0,115.57,0.47,17,0.0,10,0.0,6,0.0,1,0.0,58.82,0.0,2025-02-03,-,0,1067.0
795,-52,KorXo,ES,1195.35,-3.67,1332.41,0.0,45.69,1.22,103,0.0,41,0.0,59,0.0,3,0.0,39.81,0.0,2026-02-07,G,2,596.0
796,-70,Brickmarck,-,1195.15,-12.68,1395.58,-17.98,66.81,-1.77,48,3.0,18,0.0,30,3.0,0,0.0,37.5,-2.5,2026-03-25,-,0,1067.0
-,-,Joshweiss789,-,1194.61,-1.4,1544.68,0.0,116.69,0.47,14,0.0,10,0.0,4,0.0,0,0.0,71.43,0.0,2024-10-31,-,0,-
797,-3,Crowther,-,1194.55,25.98,1478.84,-5.69,94.76,-10.56,17,4.0,6,1.0,10,3.0,1,0.0,35.29,-3.17,2026-05-20,G,6,563.0
798,-52,LhuCaS,ES,1194.23,-2.47,1394.27,0.0,66.68,0.82,46,0.0,19,0.0,27,0.0,0,0.0,41.3,0.0,2026-02-09,-,0,448.0
799,-21,Sirovec,HR,1193.83,12.95,1334.93,7.14,47.03,-1.94,89,9.0,39,4.0,49,5.0,1,0.0,43.82,0.07,2026-05-11,-,0,543.0
800,-25,greyshade,-,1193.77,11.51,1322.95,7.69,43.06,-1.27,118,10.0,45,4.0,73,6.0,0,0.0,38.14,0.18,2026-05-13,-,0,494.0
-,-,Mikael.S,-,1193.63,-1.3,1569.47,0.0,125.28,0.43,9,0.0,5,0.0,4,0.0,0,0.0,55.56,0.0,2025-03-20,-,0,939.0
-,-,CJcj,-,1192.73,-1.4,1541.37,0.0,116.21,0.47,12,0.0,8,0.0,4,0.0,0,0.0,66.67,0.0,2024-10-31,-,0,-
801,-52,NRoy,US,1192.54,-2.67,1376.91,0.0,61.46,0.89,46,0.0,19,0.0,25,0.0,2,0.0,41.3,0.0,2026-02-06,-,0,616.0
-,-,ibptank,-,1192.51,-1.25,1584.1,0.0,130.53,0.42,12,0.0,5,0.0,7,0.0,0,0.0,41.67,0.0,2022-02-01,-,0,-
-,-,Shivian,NL,1192.2,-2.01,1436.75,0.0,81.51,0.67,30,0.0,10,0.0,20,0.0,0,0.0,33.33,0.0,2023-11-15,-,0,-
802,-48,Jume,ES,1192.07,-0.99,1316.49,-1.63,41.47,-0.21,108,7.0,41,2.0,65,5.0,2,0.0,37.96,-0.65,2026-05-12,-,0,496.0
803,-50,vgiannog,-,1191.05,-2.12,1338.77,-6.68,49.24,-1.52,74,6.0,30,2.0,43,4.0,1,0.0,40.54,-0.64,2026-05-03,-,0,602.0
-,-,Fapoleon,-,1190.49,-1.34,1556.49,0.0,122.0,0.45,12,0.0,6,0.0,6,0.0,0,0.0,50.0,0.0,2024-07-01,-,0,-
804,-102,Raffaelus,-,1190.32,-31.29,1547.54,-90.24,119.07,-19.65,13,3.0,7,1.0,5,2.0,1,0.0,53.85,-6.15,2026-03-31,-,0,1067.0
805,-53,Jocik,-,1190.25,-3.59,1327.77,0.0,45.84,1.2,102,0.0,42,0.0,58,0.0,2,0.0,41.18,0.0,2026-01-30,-,0,757.0
806,-42,JohnnyMac,-,1190.03,2.61,1304.95,2.23,38.31,-0.13,166,7.0,60,3.0,104,4.0,2,0.0,36.14,0.29,2026-05-22,-,0,512.0
-,-,Davidmel,IL,1189.99,-1.86,1453.46,0.0,87.82,0.62,26,0.0,13,0.0,13,0.0,0,0.0,50.0,0.0,2024-08-11,-,0,-
807,-49,fridaK,-,1189.76,-1.5,1517.68,0.0,109.31,0.5,15,0.0,8,0.0,7,0.0,0,0.0,53.33,0.0,2026-02-05,-,0,939.0
808,-34,Gabilou,-,1189.67,7.39,1339.33,2.43,49.89,-1.66,74,7.0,28,2.0,46,5.0,0,0.0,37.84,-0.97,2026-05-15,-,0,720.0
809,-49,StefanGreatFirst,PL,1189.61,-1.46,1526.67,0.0,112.35,0.49,16,0.0,9,0.0,6,0.0,1,0.0,56.25,0.0,2026-02-02,-,0,1067.0
-,-,Owen1982,-,1188.35,-1.03,1661.35,0.0,157.67,0.34,8,0.0,5,0.0,3,0.0,0,0.0,62.5,0.0,2022-01-01,-,0,-
810,-42,BGTigger,-,1187.92,3.28,1312.63,1.76,41.57,-0.51,131,7.0,55,3.0,75,4.0,1,0.0,41.98,0.04,2026-05-14,-,0,751.0
-,-,Levia,-,1187.78,-1.69,1477.82,0.0,96.68,0.56,23,0.0,13,0.0,10,0.0,0,0.0,56.52,0.0,2024-10-31,-,0,989.0
-,-,GrafZahl,DE,1186.88,-1.84,1453.97,0.0,89.03,0.61,24,0.0,11,0.0,13,0.0,0,0.0,45.83,0.0,2024-10-01,-,0,872.0
-,-,Azazelek,-,1186.46,-2.58,1377.06,0.0,63.53,0.86,49,0.0,20,0.0,27,0.0,2,0.0,40.82,0.0,2024-04-04,-,0,-
-,-,Evilc,-,1186.39,-1.13,1618.96,0.0,144.19,0.38,10,0.0,6,0.0,4,0.0,0,0.0,60.0,0.0,2023-03-01,-,0,-
-,-,Eyswein,US,1186.13,-1.4,1537.25,0.0,117.04,0.47,13,0.0,8,0.0,5,0.0,0,0.0,61.54,0.0,2024-10-31,-,0,-
811,95,jjk,-,1185.97,98.2,1446.14,45.93,86.72,-17.42,25,7.0,11,3.0,14,4.0,0,0.0,44.0,-0.44,2026-05-14,-,0,-
812,-152,lutzifer,-,1184.48,-65.43,1600.87,-142.65,138.8,-25.74,8,3.0,5,1.0,3,2.0,0,0.0,62.5,-17.5,2026-03-23,-,0,-
813,-47,Jurri,-,1184.47,-2.01,1428.81,0.0,81.45,0.67,26,0.0,13,0.0,13,0.0,0,0.0,50.0,0.0,2026-02-12,-,0,1106.0
814,-47,SerBaldur,-,1184.05,-2.23,1403.89,0.0,73.28,0.74,33,0.0,12,0.0,21,0.0,0,0.0,36.36,0.0,2026-02-04,-,0,865.0
815,-58,mooscolly,AU,1183.17,-8.82,1304.23,-9.57,40.35,-0.25,143,7.0,58,2.0,85,5.0,0,0.0,40.56,-0.62,2026-05-17,-,0,720.0
816,-47,ginociccio,-,1183.17,-1.41,1530.36,0.0,115.73,0.47,11,0.0,5,0.0,6,0.0,0,0.0,45.45,0.0,2026-01-28,-,0,939.0
817,-62,lcesar34,-,1183.12,-9.15,1555.43,-87.75,124.1,-26.2,9,3.0,5,1.0,4,2.0,0,0.0,55.56,-11.11,2026-04-01,-,0,-
-,-,Diegaccio,IT,1182.82,-1.21,1587.52,0.0,134.9,0.4,12,0.0,6,0.0,5,0.0,1,0.0,50.0,0.0,2024-04-04,-,0,-
818,-48,Repick,-,1182.79,-1.5,1508.97,0.0,108.73,0.5,15,0.0,7,0.0,8,0.0,0,0.0,46.67,0.0,2026-02-06,-,0,989.0
-,-,ShiLin,-,1182.53,-1.02,1663.99,0.0,160.49,0.34,8,0.0,5,0.0,3,0.0,0,0.0,62.5,0.0,2022-01-01,-,0,-
-,-,Pack,-,1182.39,-1.22,1582.89,0.0,133.5,0.41,9,0.0,5,0.0,4,0.0,0,0.0,55.56,0.0,2024-04-04,-,0,-
-,-,hwang,-,1182.14,-1.3,1560.18,0.0,126.02,0.43,14,0.0,7,0.0,7,0.0,0,0.0,50.0,0.0,2023-03-01,-,0,-
-,-,happyboykt,KR,1182.09,-1.31,1555.25,0.0,124.39,0.44,12,0.0,7,0.0,5,0.0,0,0.0,58.33,0.0,2025-01-30,G,2,436.0
-,-,PopoHappy,-,1181.88,-1.4,1531.69,0.0,116.6,0.47,15,0.0,11,0.0,4,0.0,0,0.0,73.33,0.0,2023-10-09,-,0,-
819,-36,Aardwolf44,-,1181.86,6.08,1381.87,-1.0,66.67,-2.36,43,3.0,19,1.0,24,2.0,0,0.0,44.19,-0.81,2026-03-20,G,2,989.0
820,-47,Rhand,-,1180.86,-1.54,1499.05,0.0,106.06,0.51,14,0.0,7,0.0,7,0.0,0,0.0,50.0,0.0,2026-02-01,-,0,939.0
821,-73,BlueCardinal,-,1180.36,-15.36,1468.62,-41.61,96.09,-8.75,18,3.0,7,0.0,11,3.0,0,0.0,38.89,-7.78,2026-04-02,-,0,1067.0
-,-,MaxBoomer,DK,1180.3,-2.7,1364.7,0.0,61.47,0.9,59,0.0,28,0.0,30,0.0,1,0.0,47.46,0.0,2024-08-11,-,0,-
822,13,tue2k,-,1179.89,38.93,1493.11,-105.64,104.41,-48.19,15,9.0,9,5.0,6,4.0,0,0.0,60.0,-6.67,2026-05-11,-,0,-
-,-,donperizoma,-,1179.86,-1.2,1587.87,0.0,136.0,0.4,9,0.0,6,0.0,3,0.0,0,0.0,66.67,0.0,2025-03-27,-,0,939.0
823,-46,nicg,US,1179.74,-2.21,1401.89,0.0,74.05,0.74,43,0.0,17,0.0,26,0.0,0,0.0,39.53,0.0,2026-02-03,-,0,802.0
-,-,Mouette,-,1179.11,-2.37,1388.24,0.0,69.71,0.79,48,0.0,14,0.0,33,0.0,1,0.0,29.17,0.0,2023-11-07,-,0,-
824,240,Gosho,-,1178.73,222.03,1590.69,125.65,137.32,-32.13,8,3.0,5,2.0,3,1.0,0,0.0,62.5,2.5,2026-03-25,-,0,-
825,-139,Stedam,-,1178.66,-54.11,1489.41,-76.77,103.58,-7.55,16,2.0,8,0.0,8,2.0,0,0.0,50.0,-7.14,2026-03-26,-,0,939.0
-,-,Fblthp,-,1178.45,-1.4,1528.39,0.0,116.64,0.47,16,0.0,7,0.0,9,0.0,0,0.0,43.75,0.0,2023-08-18,-,0,-
826,-34,Jesaphi,-,1178.35,9.29,1309.7,6.79,43.78,-0.84,102,7.0,40,3.0,61,4.0,1,0.0,39.22,0.27,2026-05-15,-,0,536.0
-,-,DonStino,BE,1178.26,-2.94,1349.79,0.0,57.18,0.98,70,0.0,30,0.0,40,0.0,0,0.0,42.86,0.0,2024-10-01,-,0,1388.0
827,-14,Bonneville22,-,1178.14,18.5,1321.62,13.44,47.82,-1.69,85,7.0,34,4.0,49,3.0,2,0.0,40.0,1.54,2026-05-12,-,0,836.0
828,-37,tysat,-,1177.63,8.32,1323.09,3.32,48.49,-1.67,79,7.0,30,3.0,49,4.0,0,0.0,37.97,0.47,2026-05-16,-,0,522.0
829,-20,Limubai,-,1176.69,14.56,1478.62,-26.48,100.64,-13.68,16,3.0,6,1.0,10,2.0,0,0.0,37.5,-0.96,2026-03-30,-,0,757.0
830,-33,Alfonsillo,-,1176.34,8.66,1370.08,-12.87,64.58,-7.18,40,7.0,14,3.0,25,4.0,1,0.0,35.0,1.67,2026-05-15,-,0,1067.0
831,-55,juzze,-,1176.22,-6.01,1560.88,-83.53,128.22,-25.84,9,3.0,5,1.0,4,2.0,0,0.0,55.56,-11.11,2026-03-25,-,0,-
832,-97,Loscy,-,1176.1,-27.84,1482.79,-72.22,102.23,-14.79,14,3.0,6,0.0,8,3.0,0,0.0,42.86,-11.69,2026-03-25,-,0,-
-,-,The_Law,ZA,1174.77,-3.35,1321.14,0.0,48.79,1.12,106,0.0,44,0.0,61,0.0,1,0.0,41.51,0.0,2025-03-23,-,0,778.0
-,-,JeroenSchreurs,BE,1174.48,-2.4,1379.09,0.0,68.2,0.8,37,0.0,12,0.0,22,0.0,3,0.0,32.43,0.0,2024-10-01,G,2,-
-,-,5calpel,GB,1173.29,-1.24,1568.3,0.0,131.67,0.41,12,0.0,6,0.0,6,0.0,0,0.0,50.0,0.0,2024-04-04,-,0,-
-,-,Luedegast,-,1172.83,-1.12,1609.07,0.0,145.41,0.37,9,0.0,6,0.0,3,0.0,0,0.0,66.67,0.0,2024-04-04,-,0,-
833,-48,Oranim,-,1172.53,-1.42,1517.4,0.0,114.95,0.47,14,0.0,8,0.0,6,0.0,0,0.0,57.14,0.0,2026-02-04,-,0,989.0
-,-,Rgjensen,-,1172.32,-1.05,1639.27,0.0,155.65,0.35,6,0.0,4,0.0,2,0.0,0,0.0,66.67,0.0,2025-02-05,-,0,989.0
834,-36,RoboKay314,US,1172.03,4.41,1317.15,-0.68,48.38,-1.7,82,7.0,32,3.0,50,4.0,0,0.0,39.02,0.35,2026-05-19,-,0,486.0
-,-,theChony,MX,1171.75,-1.44,1510.93,0.0,113.06,0.48,16,0.0,8,0.0,8,0.0,0,0.0,50.0,0.0,2024-04-04,G,4,-
835,-19,Sirkopczyk,-,1171.29,15.22,1483.34,-128.59,104.02,-47.94,15,9.0,8,4.0,7,5.0,0,0.0,53.33,-13.34,2026-05-14,-,0,-
836,-50,Mejdzr,CZ,1170.88,-2.89,1342.47,0.0,57.2,0.96,57,0.0,20,0.0,35,0.0,2,0.0,35.09,0.0,2026-02-02,G,2,536.0
837,-49,kingslayer90,-,1170.36,-1.55,1486.77,0.0,105.47,0.52,15,0.0,7,0.0,8,0.0,0,0.0,46.67,0.0,2026-02-04,-,0,805.0
-,-,Johannes_n94,-,1170.23,-1.26,1559.76,0.0,129.84,0.42,13,0.0,6,0.0,7,0.0,0,0.0,46.15,0.0,2023-04-02,-,0,-
-,-,Henstein,-,1169.9,-1.31,1544.31,0.0,124.8,0.44,15,0.0,7,0.0,8,0.0,0,0.0,46.67,0.0,2024-07-01,-,0,-
-,-,Bigwellow,NL,1169.47,-2.31,1381.87,0.0,70.8,0.77,38,0.0,14,0.0,24,0.0,0,0.0,36.84,0.0,2025-05-08,-,0,468.0
838,-54,Izio,IT,1169.3,-4.89,1304.38,-7.85,45.03,-0.99,101,7.0,39,2.0,60,5.0,2,0.0,38.61,-0.75,2026-05-18,-,0,655.0
839,-50,KYO,-,1168.98,-1.51,1493.29,0.0,108.1,0.5,17,0.0,8,0.0,9,0.0,0,0.0,47.06,0.0,2026-02-04,-,0,939.0
840,-50,datboidankjuice,-,1168.9,-1.05,1633.59,0.0,154.9,0.35,6,0.0,4,0.0,2,0.0,0,0.0,66.67,0.0,2026-02-02,-,0,-
841,-60,Igelkotten,-,1168.55,-9.91,1315.96,-14.9,49.14,-1.66,73,7.0,29,2.0,44,5.0,0,0.0,39.73,-1.18,2026-05-11,-,0,687.0
-,-,mafiasco,-,1167.55,-1.31,1541.09,0.0,124.51,0.44,14,0.0,7,0.0,6,0.0,1,0.0,50.0,0.0,2023-06-12,-,0,-
-,-,jmw,-,1164.87,-2.4,1370.26,0.0,68.46,0.8,43,0.0,21,0.0,22,0.0,0,0.0,48.84,0.0,2024-08-11,-,0,-
-,-,Piotr33,PL,1164.7,-2.7,1346.59,0.0,60.63,0.9,61,0.0,22,0.0,36,0.0,3,0.0,36.07,0.0,2024-08-11,-,0,-
842,-32,Garban7,-,1164.53,3.3,1286.3,2.51,40.59,-0.26,142,7.0,45,3.0,97,4.0,0,0.0,31.69,0.58,2026-05-20,-,0,541.0
843,-42,ZesPak,-,1164.24,-1.58,1473.97,0.0,103.24,0.53,15,0.0,7,0.0,8,0.0,0,0.0,46.67,0.0,2026-02-03,-,0,939.0
-,-,RobinTheDragon,-,1164.01,-1.7,1451.28,0.0,95.76,0.57,19,0.0,10,0.0,9,0.0,0,0.0,52.63,0.0,2025-02-05,-,0,1067.0
-,-,GedoMazo,-,1163.97,-1.04,1634.01,0.0,156.68,0.35,6,0.0,3,0.0,3,0.0,0,0.0,50.0,0.0,2024-04-04,-,0,-
-,-,OGWiseman,-,1163.76,-0.98,1664.51,0.0,166.92,0.33,6,0.0,5,0.0,1,0.0,0,0.0,83.33,0.0,2024-02-23,-,0,-
-,-,Valec,-,1163.56,-1.62,1465.97,0.0,100.8,0.54,20,0.0,10,0.0,10,0.0,0,0.0,50.0,0.0,2024-10-31,-,0,-
-,-,Papaver,HR,1163.25,-1.02,1643.5,0.0,160.08,0.34,8,0.0,5,0.0,3,0.0,0,0.0,62.5,0.0,2022-01-01,P,2,149.0
844,69,Castigar,-,1162.31,79.09,1483.19,-20.26,106.96,-33.12,12,6.0,5,2.0,7,4.0,0,0.0,41.67,-8.33,2026-05-29,-,0,-
845,86,Moulbaert,-,1162.15,89.77,1546.44,7.47,128.1,-27.43,9,3.0,5,2.0,4,1.0,0,0.0,55.56,5.56,2026-03-22,-,0,-
846,-42,Tuisku,-,1161.7,-1.86,1424.86,0.0,87.72,0.62,26,0.0,10,0.0,16,0.0,0,0.0,38.46,0.0,2026-02-01,-,0,989.0
847,-42,minzent,-,1161.37,-1.67,1453.82,0.0,97.48,0.56,19,0.0,8,0.0,11,0.0,0,0.0,42.11,0.0,2026-01-30,-,0,913.0
848,-53,Daze,-,1160.19,-7.78,1324.86,-16.82,54.89,-3.01,60,7.0,22,1.0,37,6.0,1,0.0,36.67,-2.95,2026-05-24,-,0,670.0
849,-43,kalev,-,1159.52,-3.18,1315.03,0.0,51.84,1.06,59,0.0,24,0.0,34,0.0,1,0.0,40.68,0.0,2025-11-30,-,0,576.0
-,-,Melingsguten,-,1158.32,-1.4,1510.0,0.0,117.23,0.47,15,0.0,7,0.0,8,0.0,0,0.0,46.67,0.0,2024-04-04,-,0,1287.0
850,-27,HRG,-,1157.85,8.39,1279.2,8.43,40.45,0.01,147,6.0,47,3.0,98,3.0,2,0.0,31.97,0.76,2026-05-11,-,0,517.0
-,-,stanel,RO,1157.57,-1.12,1594.28,0.0,145.57,0.37,11,0.0,6,0.0,5,0.0,0,0.0,54.55,0.0,2023-01-15,G,4,-
-,-,Taeybae,-,1157.47,-1.18,1572.55,0.0,138.36,0.39,8,0.0,4,0.0,4,0.0,0,0.0,50.0,0.0,2025-03-22,-,0,757.0
-,-,Saish,ES,1156.57,-2.3,1370.58,0.0,71.34,0.77,41,0.0,17,0.0,23,0.0,1,0.0,41.46,0.0,2025-02-21,-,0,1173.0
851,-40,BerdBlond,-,1156.26,-3.84,1284.64,0.0,42.79,1.28,135,0.0,53,0.0,78,0.0,4,0.0,39.26,0.0,2026-02-08,-,0,836.0
852,-59,Brett13,-,1154.83,-13.81,1450.51,-33.0,98.56,-6.39,15,2.0,6,0.0,9,2.0,0,0.0,40.0,-6.15,2026-04-01,-,0,872.0
-,-,aimo,CN,1154.43,-1.3,1530.58,0.0,125.38,0.43,12,0.0,6,0.0,6,0.0,0,0.0,50.0,0.0,2023-10-05,-,0,-
853,-114,FireBones,-,1154.17,-46.39,1456.38,-172.33,100.73,-41.98,13,7.0,6,1.0,6,5.0,1,1.0,46.15,-37.18,2026-05-13,-,0,-
854,-35,GetGot,-,1153.9,-1.05,1620.66,0.0,155.59,0.35,6,0.0,4,0.0,2,0.0,0,0.0,66.67,0.0,2026-01-31,-,0,-
855,-35,baralex,-,1152.56,-1.48,1484.27,0.0,110.57,0.49,15,0.0,7,0.0,8,0.0,0,0.0,46.67,0.0,2026-01-29,-,0,872.0
856,-49,Dienekes,-,1151.7,-10.9,1260.36,-8.69,36.22,0.74,211,7.0,67,0.0,143,7.0,1,0.0,31.75,-1.09,2026-05-19,-,0,533.0
-,-,Vanilla,-,1151.49,-1.29,1531.82,0.0,126.78,0.43,12,0.0,6,0.0,6,0.0,0,0.0,50.0,0.0,2024-04-04,-,0,-
857,-42,amaj,US,1151.15,-5.2,1552.34,-87.86,133.73,-27.56,8,3.0,3,0.0,5,3.0,0,0.0,37.5,-22.5,2026-03-23,-,0,439.0
858,15,collace,-,1150.68,37.37,1362.05,14.56,70.45,-7.6,36,6.0,16,3.0,20,3.0,0,0.0,44.44,1.11,2026-05-11,-,0,989.0
-,-,KapitanTom,CZ,1150.6,-2.06,1389.73,0.0,79.71,0.69,32,0.0,14,0.0,18,0.0,0,0.0,43.75,0.0,2025-02-14,-,0,852.0
859,-38,Partyshank,-,1150.2,-3.03,1313.73,0.0,54.51,1.01,70,0.0,27,0.0,43,0.0,0,0.0,38.57,0.0,2026-02-17,-,0,589.0
-,-,Ockham,-,1149.5,-1.18,1563.63,0.0,138.04,0.39,9,0.0,5,0.0,4,0.0,0,0.0,55.56,0.0,2024-04-04,-,0,-
860,-17,Krex,-,1148.63,16.01,1442.23,-69.44,97.87,-28.48,17,7.0,9,3.0,8,4.0,0,0.0,52.94,-7.06,2026-05-14,-,0,-
861,-35,greslack,-,1147.86,-0.91,1687.6,0.0,179.91,0.3,6,0.0,5,0.0,1,0.0,0,0.0,83.33,0.0,2026-01-31,-,0,-
-,-,BlaueElise,-,1147.71,-1.09,1594.95,0.0,149.08,0.36,9,0.0,4,0.0,5,0.0,0,0.0,44.44,0.0,2024-04-04,-,0,1287.0
862,-38,J-Dawg,-,1147.67,-1.53,1467.42,0.0,106.58,0.51,14,0.0,6,0.0,8,0.0,0,0.0,42.86,0.0,2026-01-28,-,0,805.0
-,-,18544415,-,1147.48,-0.8,1761.17,0.0,204.56,0.27,3,0.0,3,0.0,0,0.0,0,0.0,100.0,0.0,2024-12-16,-,0,989.0
863,6,J-dog,GB,1147.46,31.33,1300.82,24.96,51.12,-2.12,77,9.0,25,4.0,50,5.0,2,0.0,32.47,1.59,2026-05-14,-,0,593.0
864,-42,eaguirre,-,1147.33,-3.23,1304.1,0.0,52.26,1.08,75,0.0,27,0.0,48,0.0,0,0.0,36.0,0.0,2025-11-30,-,0,1181.0
865,-38,Luludumm,-,1147.06,-1.52,1470.19,0.0,107.71,0.51,12,0.0,5,0.0,7,0.0,0,0.0,41.67,0.0,2025-12-12,-,0,805.0
866,-67,HolyOutlaw,US,1146.61,-19.75,1268.33,-19.36,40.57,0.13,144,5.0,54,0.0,89,5.0,1,0.0,37.5,-1.35,2026-05-16,-,0,572.0
-,-,Redgood,-,1146.38,-1.27,1531.11,0.0,128.24,0.42,9,0.0,5,0.0,4,0.0,0,0.0,55.56,0.0,2025-03-27,-,0,805.0
867,9,Chenese,-,1146.2,34.1,1450.04,-2.24,101.28,-12.11,15,3.0,6,1.0,9,2.0,0,0.0,40.0,-1.67,2026-03-24,-,0,1118.0
-,-,Kripa,FI,1145.69,-1.0,1633.66,0.0,162.66,0.33,7,0.0,4,0.0,3,0.0,0,0.0,57.14,0.0,2023-05-14,-,0,-
-,-,ksfga,-,1145.46,-1.08,1598.3,0.0,150.95,0.36,6,0.0,4,0.0,2,0.0,0,0.0,66.67,0.0,2025-02-01,-,0,872.0
-,-,seyedempire,-,1145.2,-1.08,1599.94,0.0,151.58,0.36,6,0.0,4,0.0,2,0.0,0,0.0,66.67,0.0,2025-01-31,-,0,939.0
-,-,meeplematero,-,1145.06,-1.84,1412.15,0.0,89.03,0.61,24,0.0,10,0.0,13,0.0,1,0.0,41.67,0.0,2024-10-01,-,0,-
868,-38,Igordol,-,1144.78,-2.55,1337.74,0.0,64.32,0.85,54,0.0,21,0.0,33,0.0,0,0.0,38.89,0.0,2025-12-08,-,0,1174.0
869,-41,LeSauvage,BE,1144.54,-3.58,1284.25,0.0,46.57,1.19,100,0.0,35,0.0,63,0.0,2,0.0,35.0,0.0,2026-02-15,-,0,565.0
870,-41,Drizzt84,-,1144.4,-2.96,1311.65,0.0,55.75,0.99,80,0.0,25,0.0,55,0.0,0,0.0,31.25,0.0,2026-02-03,-,0,659.0
871,8,Parcival,IT,1143.92,35.71,1428.25,12.66,94.78,-7.69,18,3.0,7,1.0,10,2.0,1,0.0,38.89,-1.11,2026-04-01,-,0,455.0
872,-47,metternich,IT,1143.72,-5.45,1264.75,-5.84,40.34,-0.13,147,7.0,59,2.0,88,5.0,0,0.0,40.14,-0.57,2026-05-13,-,0,615.0
873,48,JiriHosek,-,1143.67,62.9,1492.23,33.36,116.19,-9.85,13,2.0,5,1.0,8,1.0,0,0.0,38.46,2.1,2026-03-26,-,0,989.0
-,-,pabula,PL,1143.52,-2.65,1329.66,0.0,62.05,0.88,50,0.0,15,0.0,33,0.0,2,0.0,30.0,0.0,2024-10-01,-,0,-
-,-,nchenche,-,1143.4,-0.97,1649.68,0.0,168.76,0.32,5,0.0,3,0.0,2,0.0,0,0.0,60.0,0.0,2025-01-26,-,0,939.0
874,-43,Jived,IT,1142.35,-3.65,1278.43,0.0,45.36,1.22,120,0.0,48,0.0,71,0.0,1,0.0,40.0,0.0,2026-01-29,-,0,841.0
-,-,KingBilly,-,1142.09,-1.0,1629.91,0.0,162.61,0.33,6,0.0,4,0.0,2,0.0,0,0.0,66.67,0.0,2024-02-23,-,0,-
-,-,Minde,NO,1141.68,-1.52,1464.29,0.0,107.54,0.51,18,0.0,9,0.0,9,0.0,0,0.0,50.0,0.0,2024-08-11,-,0,742.0
875,15,DerIch86,-,1141.59,40.77,1388.48,-5.95,82.29,-15.57,25,7.0,10,2.0,15,5.0,0,0.0,40.0,-4.44,2026-05-18,-,0,872.0
-,-,chenstix,-,1141.55,-1.26,1531.05,0.0,129.83,0.42,14,0.0,7,0.0,7,0.0,0,0.0,50.0,0.0,2023-03-01,G,6,-
-,-,Rzheng4,-,1141.4,-1.26,1531.39,0.0,130.0,0.42,9,0.0,5,0.0,4,0.0,0,0.0,55.56,0.0,2025-03-22,-,0,805.0
876,-44,Gr33ny,-,1139.96,-4.71,1260.73,-5.28,40.26,-0.19,145,7.0,54,2.0,91,5.0,0,0.0,37.24,-0.44,2026-05-18,-,0,600.0
-,-,fu1luo,-,1139.93,-1.27,1526.9,0.0,128.99,0.42,13,0.0,7,0.0,6,0.0,0,0.0,53.85,0.0,2024-02-23,-,0,-
877,-112,Foxxx,-,1139.78,-47.26,1477.76,-106.12,112.66,-19.62,15,3.0,7,0.0,8,3.0,0,0.0,46.67,-11.66,2026-03-22,-,0,-
878,unretired,justnomame,VN,1138.89,11.44,1350.25,-13.35,70.45,-8.26,37,7.0,17,2.0,19,5.0,1,0.0,45.95,-4.05,2026-05-11,-,0,-
879,9,hyudun,-,1138.38,35.66,1502.21,-36.65,121.28,-24.1,9,3.0,4,1.0,5,2.0,0,0.0,44.44,-5.56,2026-03-24,-,0,-
-,-,DonStealth,-,1137.18,-2.03,1379.28,0.0,80.7,0.68,30,0.0,12,0.0,18,0.0,0,0.0,40.0,0.0,2025-01-28,-,0,1184.0
880,-43,LudoH,-,1136.09,-1.49,1463.71,0.0,109.2,0.5,14,0.0,6,0.0,8,0.0,0,0.0,42.86,0.0,2026-02-04,-,0,872.0
881,-63,Metil,-,1135.49,-19.89,1403.78,-39.41,89.43,-6.51,27,3.0,10,0.0,17,3.0,0,0.0,37.04,-4.63,2026-03-29,-,0,939.0
-,-,Sheepstealer,-,1135.16,-1.15,1559.25,0.0,141.36,0.38,8,0.0,5,0.0,3,0.0,0,0.0,62.5,0.0,2024-04-04,-,0,-
-,-,hkl,-,1135.03,-1.15,1561.54,0.0,142.17,0.38,11,0.0,5,0.0,6,0.0,0,0.0,45.45,0.0,2023-01-15,-,0,-
882,-24,Franzy,-,1133.94,11.55,1266.67,8.71,44.24,-0.95,102,7.0,37,3.0,64,4.0,1,0.0,36.27,0.48,2026-05-18,-,0,746.0
883,-35,Dimitris,GR,1132.46,2.98,1256.05,2.86,41.2,-0.04,142,7.0,51,2.0,90,5.0,1,0.0,35.92,-0.38,2026-05-23,-,0,628.0
884,-42,JohnDavie,-,1132.09,-1.57,1443.68,0.0,103.86,0.52,15,0.0,6,0.0,9,0.0,0,0.0,40.0,0.0,2026-02-02,-,0,939.0
-,-,Gorky,-,1132.09,-0.99,1628.41,0.0,165.44,0.33,8,0.0,4,0.0,4,0.0,0,0.0,50.0,0.0,2022-01-01,-,0,-
-,-,CrAzian18,-,1131.87,-1.28,1515.74,0.0,127.96,0.43,12,0.0,7,0.0,5,0.0,0,0.0,58.33,0.0,2025-02-02,-,0,939.0
-,-,Rockdrigo,-,1131.7,-1.04,1600.53,0.0,156.27,0.35,8,0.0,4,0.0,4,0.0,0,0.0,50.0,0.0,2022-01-01,-,0,-
-,-,stmx0v0,-,1131.7,-1.04,1600.53,0.0,156.27,0.35,8,0.0,4,0.0,4,0.0,0,0.0,50.0,0.0,2022-01-01,-,0,-
-,-,Lizabove,-,1131.7,-1.04,1600.53,0.0,156.27,0.35,8,0.0,4,0.0,4,0.0,0,0.0,50.0,0.0,2022-01-01,-,0,-
-,-,Bonisagius,-,1131.7,-1.04,1600.53,0.0,156.27,0.35,8,0.0,4,0.0,4,0.0,0,0.0,50.0,0.0,2022-01-01,-,0,-
-,-,Kelric,-,1131.17,-1.41,1478.89,0.0,115.91,0.47,16,0.0,6,0.0,10,0.0,0,0.0,37.5,0.0,2023-06-06,-,0,-
885,-41,Cimone,IT,1131.13,-1.11,1571.87,0.0,146.91,0.37,6,0.0,4,0.0,2,0.0,0,0.0,66.67,0.0,2026-01-30,-,0,-
-,-,Exurbitantus,-,1130.91,-1.18,1546.95,0.0,138.68,0.39,9,0.0,4,0.0,5,0.0,0,0.0,44.44,0.0,2023-04-16,-,0,-
886,16,honne,-,1130.65,39.68,1460.86,-8.21,110.07,-15.96,14,3.0,6,1.0,8,2.0,0,0.0,42.86,-2.59,2026-03-28,-,0,989.0
887,-54,Rebel_Rebs,-,1130.14,-11.52,1283.56,-17.7,51.14,-2.06,72,7.0,24,1.0,47,6.0,1,0.0,33.33,-2.05,2026-05-15,-,0,836.0
888,-43,botenmaru82,-,1130.0,-2.18,1354.3,0.0,74.77,0.73,34,0.0,13,0.0,20,0.0,1,0.0,38.24,0.0,2025-08-18,-,0,872.0
889,28,xeveli,CZ,1129.79,47.44,1302.22,39.64,57.48,-2.6,52,5.0,23,4.0,29,1.0,0,0.0,44.23,3.8,2026-05-12,-,0,687.0
890,-43,hbendeguz,-,1128.48,-2.6,1317.46,0.0,63.0,0.87,50,0.0,14,0.0,34,0.0,2,0.0,28.0,0.0,2025-12-08,-,0,-
891,-16,Nitrosaurus24,US,1128.35,15.89,1275.89,9.93,49.18,-1.98,76,7.0,28,3.0,47,4.0,1,0.0,36.84,0.61,2026-05-16,-,0,844.0
892,-58,Cromlech,-,1127.39,-13.8,1286.1,-19.03,52.9,-1.74,66,6.0,23,1.0,42,5.0,1,0.0,34.85,-1.82,2026-05-06,-,0,705.0
-,-,chisuru,-,1126.2,-1.43,1468.9,0.0,114.24,0.48,14,0.0,5,0.0,9,0.0,0,0.0,35.71,0.0,2024-04-04,-,0,-
893,-41,Opi,-,1126.03,-1.5,1451.46,0.0,108.48,0.5,12,0.0,5,0.0,7,0.0,0,0.0,41.67,0.0,2026-02-04,-,0,989.0
894,21,Exile,-,1125.43,42.79,1282.82,32.29,52.46,-3.5,74,10.0,27,5.0,47,5.0,0,0.0,36.49,2.11,2026-05-12,-,0,600.0
895,-44,LadyValaria,US,1123.81,-3.95,1249.44,0.0,41.88,1.32,122,0.0,44,0.0,77,0.0,1,0.0,36.07,0.0,2026-02-20,-,0,780.0
-,-,Iwego,-,1123.65,-1.33,1492.58,0.0,122.98,0.44,12,0.0,5,0.0,7,0.0,0,0.0,41.67,0.0,2024-07-01,-,0,-
-,-,Paul.,-,1123.2,-0.92,1652.38,0.0,176.39,0.31,6,0.0,4,0.0,2,0.0,0,0.0,66.67,0.0,2023-03-01,-,0,-
896,-41,norbetk,PL,1123.18,-1.51,1446.5,0.0,107.77,0.5,17,0.0,9,0.0,8,0.0,0,0.0,52.94,0.0,2025-08-12,-,0,742.0
897,-80,RJonkers,NL,1123.14,-32.45,1284.56,-39.95,53.8,-2.5,69,6.0,22,0.0,46,6.0,1,0.0,31.88,-3.04,2026-05-26,-,0,655.0
-,-,Kunizial,-,1123.05,-0.98,1623.88,0.0,166.95,0.33,5,0.0,3,0.0,2,0.0,0,0.0,60.0,0.0,2025-02-04,-,0,989.0
898,-59,Jmstoic,-,1122.73,-12.79,1339.8,-46.14,72.36,-11.12,31,7.0,13,2.0,18,5.0,0,0.0,41.94,-3.89,2026-05-13,-,0,1244.0
-,-,pgierasi,PL,1121.51,-2.33,1332.09,0.0,70.19,0.78,53,0.0,19,0.0,32,0.0,2,0.0,35.85,0.0,2024-02-23,-,0,-
899,-42,iindianajones,-,1121.5,-1.12,1557.36,0.0,145.29,0.37,6,0.0,4,0.0,2,0.0,0,0.0,66.67,0.0,2026-02-03,-,0,1287.0
900,29,Archangel,-,1120.92,48.1,1356.95,4.49,78.68,-14.53,27,7.0,13,3.0,14,4.0,0,0.0,48.15,-1.85,2026-05-12,-,0,1257.0
901,61,Ladden,-,1120.88,67.13,1496.51,-28.45,125.21,-31.86,9,3.0,4,1.0,5,2.0,0,0.0,44.44,-5.56,2026-03-26,-,0,-
902,-46,sbaro,-,1120.87,-2.29,1336.63,0.0,71.92,0.76,30,0.0,13,0.0,17,0.0,0,0.0,43.33,0.0,2025-11-30,-,0,578.0
-,-,demainlesdauphins,-,1120.8,-2.08,1355.92,0.0,78.37,0.69,30,0.0,13,0.0,17,0.0,0,0.0,43.33,0.0,2025-05-21,-,0,681.0
-,-,dannymcbride,-,1120.33,-2.17,1346.99,0.0,75.56,0.72,31,0.0,13,0.0,17,0.0,1,0.0,41.94,0.0,2025-02-17,-,0,868.0
903,-43,Francis88,-,1119.57,-2.3,1333.41,0.0,71.28,0.77,35,0.0,15,0.0,20,0.0,0,0.0,42.86,0.0,2025-08-15,-,0,611.0
-,-,CoxCz,CZ,1118.97,-1.61,1424.54,0.0,101.86,0.54,17,0.0,7,0.0,10,0.0,0,0.0,41.18,0.0,2025-03-20,G,4,872.0
-,-,nosnah,PL,1118.48,-2.9,1288.18,0.0,56.56,0.97,76,0.0,28,0.0,45,0.0,3,0.0,36.84,0.0,2024-04-14,-,0,-
-,-,Rajasands,-,1117.49,-2.23,1337.58,0.0,73.36,0.74,37,0.0,14,0.0,23,0.0,0,0.0,37.84,0.0,2025-03-27,-,0,868.0
904,-42,bobcatbob,-,1117.48,-3.65,1226.4,-2.33,36.31,0.44,219,7.0,67,2.0,152,5.0,0,0.0,30.59,-0.07,2026-05-14,-,0,565.0
-,-,fas723,-,1117.2,-1.17,1536.17,0.0,139.66,0.39,9,0.0,5,0.0,4,0.0,0,0.0,55.56,0.0,2024-04-04,-,0,-
905,-39,Broens,-,1117.17,-1.5,1444.4,0.0,109.08,0.5,16,0.0,7,0.0,9,0.0,0,0.0,43.75,0.0,2026-02-03,-,0,1118.0
-,-,Nuzzoloo95,-,1116.15,-1.41,1464.78,0.0,116.21,0.47,16,0.0,7,0.0,9,0.0,0,0.0,43.75,0.0,2024-07-01,-,0,-
906,-42,filgonfin,ES,1116.11,-3.43,1260.94,0.0,48.28,1.14,111,0.0,40,0.0,71,0.0,0,0.0,36.04,0.0,2026-02-04,-,0,1280.0
-,-,Lonzo,DE,1114.73,-1.14,1543.22,0.0,142.83,0.38,9,0.0,4,0.0,5,0.0,0,0.0,44.44,0.0,2023-04-16,G,2,-
907,52,Pompeius12,-,1114.06,59.03,1501.19,-26.07,129.05,-28.37,9,3.0,4,1.0,5,2.0,0,0.0,44.44,-5.56,2026-03-29,-,0,-
-,-,GWax11,-,1113.89,-0.76,1753.35,0.0,213.15,0.25,3,0.0,2,0.0,0,0.0,1,0.0,66.67,0.0,2023-01-15,-,0,-
-,-,Mikeski,-,1113.68,-1.96,1364.14,0.0,83.49,0.65,27,0.0,10,0.0,16,0.0,1,0.0,37.04,0.0,2025-03-24,-,0,939.0
908,-40,peppe76,-,1113.11,-3.43,1260.02,0.0,48.97,1.14,110,0.0,46,0.0,62,0.0,2,0.0,41.82,0.0,2026-02-01,-,0,640.0
-,-,Raq82,-,1111.82,-1.95,1363.75,0.0,83.98,0.65,27,0.0,10,0.0,17,0.0,0,0.0,37.04,0.0,2024-04-14,-,0,-
-,-,Devius,-,1111.61,-1.25,1502.53,0.0,130.3,0.42,9,0.0,3,0.0,5,0.0,1,0.0,33.33,0.0,2024-07-01,-,0,-
909,-35,Raystoneg,-,1111.36,-1.12,1548.52,0.0,145.72,0.37,6,0.0,4,0.0,2,0.0,0,0.0,66.67,0.0,2026-02-02,-,0,-
910,55,ce.re,-,1111.06,58.44,1519.41,-51.81,136.12,-36.75,8,3.0,4,1.0,4,2.0,0,0.0,50.0,-10.0,2026-03-26,-,0,-
-,-,DeineMudda,-,1110.84,-0.96,1621.01,0.0,170.06,0.32,6,0.0,3,0.0,3,0.0,0,0.0,50.0,0.0,2023-03-01,-,0,-
-,-,Snorky,-,1110.6,-0.91,1648.1,0.0,179.17,0.3,6,0.0,4,0.0,2,0.0,0,0.0,66.67,0.0,2023-03-01,-,0,-
-,-,Honigbaer,DE,1109.74,-1.19,1521.44,0.0,137.23,0.4,12,0.0,5,0.0,7,0.0,0,0.0,41.67,0.0,2024-04-04,-,0,-
911,21,verbalg,-,1109.24,37.62,1322.53,6.0,71.1,-10.54,33,7.0,14,3.0,19,4.0,0,0.0,42.42,0.11,2026-05-18,-,0,720.0
-,-,RainyDay,-,1109.24,-2.11,1341.11,0.0,77.29,0.7,35,0.0,12,0.0,21,0.0,2,0.0,34.29,0.0,2024-04-04,-,0,-
912,-13,sirlenon,-,1109.16,16.02,1253.93,11.31,48.26,-1.57,75,7.0,24,3.0,51,4.0,0,0.0,32.0,1.12,2026-05-13,-,0,742.0
913,109,JoopHuizinga,-,1108.94,110.58,1343.33,53.46,78.13,-19.04,37,10.0,14,5.0,22,5.0,1,0.0,37.84,4.51,2026-05-10,-,0,852.0
914,-51,Oso,-,1107.99,-12.96,1468.31,-77.38,120.1,-21.48,11,3.0,5,0.0,6,3.0,0,0.0,45.45,-17.05,2026-03-23,-,0,926.0
915,-35,landrew,-,1106.96,-1.13,1538.72,0.0,143.92,0.38,6,0.0,3,0.0,3,0.0,0,0.0,50.0,0.0,2026-02-04,-,0,-
916,-35,Donkeroo,-,1106.53,-1.25,1499.45,0.0,130.97,0.42,11,0.0,5,0.0,6,0.0,0,0.0,45.45,0.0,2026-02-06,-,0,1118.0
-,-,CountFab,-,1106.25,-1.18,1521.09,0.0,138.28,0.39,9,0.0,5,0.0,4,0.0,0,0.0,55.56,0.0,2025-03-26,-,0,872.0
-,-,HeartBreakKid,US,1105.87,-1.28,1488.34,0.0,127.49,0.43,12,0.0,4,0.0,8,0.0,0,0.0,33.33,0.0,2024-07-01,-,0,-
-,-,abandonedPlayer,-,1105.16,-1.03,1578.15,0.0,157.66,0.34,8,0.0,4,0.0,4,0.0,0,0.0,50.0,0.0,2022-01-01,-,0,-
-,-,Theory,-,1105.16,-1.03,1578.15,0.0,157.66,0.34,8,0.0,4,0.0,4,0.0,0,0.0,50.0,0.0,2022-01-01,-,0,-
917,-34,Kartek,-,1105.04,-1.86,1368.4,0.0,87.79,0.62,23,0.0,10,0.0,13,0.0,0,0.0,43.48,0.0,2026-02-02,-,0,861.0
918,-33,snowjotunn,-,1104.02,-1.02,1582.58,0.0,159.52,0.34,5,0.0,3,0.0,2,0.0,0,0.0,60.0,0.0,2026-02-01,-,0,-
919,-30,ClaridadNocturna,ES,1103.88,2.03,1237.87,-0.25,44.66,-0.76,111,7.0,40,2.0,71,5.0,0,0.0,36.04,-0.5,2026-05-13,-,0,700.0
920,-34,Synchro,BD,1103.67,-1.29,1484.17,0.0,126.83,0.43,9,0.0,5,0.0,4,0.0,0,0.0,55.56,0.0,2025-12-15,-,0,728.0
921,-39,weed14,SG,1103.66,-3.26,1256.11,0.0,50.81,1.09,72,0.0,20,0.0,51,0.0,1,0.0,27.78,0.0,2025-11-30,-,0,932.0
922,-44,Rob51,NL,1102.64,-8.38,1232.49,-9.32,43.28,-0.31,124,6.0,48,1.0,73,5.0,3,0.0,38.71,-1.12,2026-05-12,-,0,857.0
923,-36,prozio,-,1102.57,-2.1,1336.85,0.0,78.09,0.7,33,0.0,12,0.0,21,0.0,0,0.0,36.36,0.0,2026-02-04,-,0,1287.0
924,18,Wyszek,-,1101.87,38.86,1437.71,-5.37,111.95,-14.74,15,3.0,6,1.0,8,2.0,1,0.0,40.0,-1.67,2026-04-01,-,0,1067.0
-,-,Druen,-,1101.52,-1.05,1569.56,0.0,156.01,0.35,8,0.0,4,0.0,4,0.0,0,0.0,50.0,0.0,2022-01-01,-,0,-
-,-,Neptian,-,1100.73,-1.03,1574.87,0.0,158.05,0.34,6,0.0,3,0.0,3,0.0,0,0.0,50.0,0.0,2024-04-04,-,0,-
-,-,betweenworlds,IN,1100.26,-2.61,1288.77,0.0,62.84,0.87,59,0.0,19,0.0,39,0.0,1,0.0,32.2,0.0,2024-12-19,-,0,1245.0
925,-54,Claudius74,CA,1100.06,-14.09,1211.01,-13.43,36.98,0.22,190,10.0,58,1.0,131,9.0,1,0.0,30.53,-1.14,2026-05-12,-,0,558.0
-,-,Midyat,-,1099.83,-1.75,1379.21,0.0,93.13,0.58,21,0.0,8,0.0,13,0.0,0,0.0,38.1,0.0,2024-12-05,-,0,989.0
-,-,wirymen,PL,1099.65,-1.5,1426.04,0.0,108.8,0.5,16,0.0,6,0.0,9,0.0,1,0.0,37.5,0.0,2024-07-01,-,0,-
-,-,Ferguse72,-,1099.62,-1.19,1512.05,0.0,137.48,0.4,9,0.0,5,0.0,4,0.0,0,0.0,55.56,0.0,2024-04-04,-,0,-
-,-,ZacDeMundo,CA,1099.57,-1.44,1440.32,0.0,113.58,0.48,19,0.0,6,0.0,13,0.0,0,0.0,31.58,0.0,2024-08-11,-,0,-
926,-49,Jaja,CZ,1098.8,-12.79,1350.29,-25.42,83.83,-4.21,30,3.0,10,0.0,19,3.0,1,0.0,33.33,-3.71,2026-03-27,-,0,1062.0
927,-36,lzhon002,-,1098.61,-1.63,1398.16,0.0,99.85,0.54,18,0.0,8,0.0,10,0.0,0,0.0,44.44,0.0,2026-02-07,-,0,1184.0
928,47,timaeus,-,1098.1,52.06,1514.29,4.42,138.73,-15.88,8,3.0,2,0.0,5,2.0,1,1.0,25.0,-15.0,2026-03-28,-,0,-
-,-,mythianan,-,1096.08,-1.17,1514.8,0.0,139.57,0.39,9,0.0,4,0.0,5,0.0,0,0.0,44.44,0.0,2024-04-04,-,0,-
929,-35,Mirceamsc1,-,1095.92,-1.85,1360.61,0.0,88.23,0.62,23,0.0,8,0.0,14,0.0,1,0.0,34.78,0.0,2026-02-09,-,0,1067.0
930,-38,DeZet,-,1095.19,-3.42,1242.96,0.0,49.26,1.14,88,0.0,24,0.0,63,0.0,1,0.0,27.27,0.0,2025-11-30,-,0,697.0
931,-35,salvor7,CA,1095.06,-1.52,1416.16,0.0,107.03,0.51,18,0.0,7,0.0,11,0.0,0,0.0,38.89,0.0,2026-02-04,-,0,1067.0
-,-,kaiwanxiaola,TW,1095.05,-0.97,1599.84,0.0,168.27,0.32,9,0.0,4,0.0,5,0.0,0,0.0,44.44,0.0,2023-04-16,-,0,-
932,-37,Everex,CZ,1094.35,-3.1,1253.33,0.0,53.0,1.03,76,0.0,25,0.0,50,0.0,1,0.0,32.89,0.0,2026-02-12,-,0,628.0
-,-,jratana1,-,1093.52,-0.99,1586.23,0.0,164.24,0.33,6,0.0,4,0.0,2,0.0,0,0.0,66.67,0.0,2024-04-04,-,0,-
-,-,Tutux,FR,1092.8,-1.39,1445.81,0.0,117.67,0.46,17,0.0,8,0.0,9,0.0,0,0.0,47.06,0.0,2024-08-11,-,0,-
-,-,JanusXXIII,-,1091.65,-1.04,1560.56,0.0,156.3,0.35,9,0.0,5,0.0,4,0.0,0,0.0,55.56,0.0,2023-11-07,-,0,-
933,-32,Oleg787899,-,1090.74,-1.04,1563.29,0.0,157.52,0.35,6,0.0,3,0.0,3,0.0,0,0.0,50.0,0.0,2026-02-08,-,0,-
934,-34,nkbobo,IT,1090.22,-1.87,1353.7,0.0,87.83,0.62,29,0.0,10,0.0,19,0.0,0,0.0,34.48,0.0,2025-12-14,-,0,461.0
935,-8,Vegeta4791,-,1090.2,15.6,1237.22,10.81,49.0,-1.59,84,7.0,25,3.0,59,4.0,0,0.0,29.76,1.19,2026-05-16,-,0,648.0
-,-,Namian,-,1090.16,-1.17,1510.2,0.0,140.01,0.39,11,0.0,6,0.0,5,0.0,0,0.0,54.55,0.0,2024-04-04,-,0,-
936,104,InGodWeTrust,-,1090.1,107.82,1417.22,0.47,109.04,-35.78,13,7.0,5,3.0,8,4.0,0,0.0,38.46,5.13,2026-05-16,-,0,-
-,-,Yunseok,-,1088.05,-1.37,1445.95,0.0,119.3,0.46,15,0.0,7,0.0,8,0.0,0,0.0,46.67,0.0,2024-04-04,-,0,-
937,-34,Cyrus_j2s,-,1087.35,-1.88,1348.58,0.0,87.08,0.63,27,0.0,9,0.0,18,0.0,0,0.0,33.33,0.0,2026-02-03,-,0,872.0
-,-,Faustoguby,-,1086.72,-2.3,1300.13,0.0,71.13,0.77,55,0.0,16,0.0,39,0.0,0,0.0,29.09,0.0,2024-02-23,-,0,-
938,-31,stshow123,-,1085.89,-1.22,1488.69,0.0,134.27,0.41,7,0.0,4,0.0,3,0.0,0,0.0,57.14,0.0,2025-11-23,-,0,1245.0
-,-,NerAlgert,-,1085.71,-2.75,1264.23,0.0,59.51,0.92,60,0.0,20,0.0,39,0.0,1,0.0,33.33,0.0,2025-02-14,-,0,1385.0
-,-,erlikhan,-,1085.55,-1.31,1458.01,0.0,124.16,0.44,12,0.0,5,0.0,7,0.0,0,0.0,41.67,0.0,2025-02-01,-,0,989.0
-,-,qhung49,VN,1085.54,-1.08,1537.5,0.0,150.65,0.36,9,0.0,5,0.0,4,0.0,0,0.0,55.56,0.0,2023-04-16,M,2,473.0
939,-31,Scooti,-,1084.69,-1.01,1568.59,0.0,161.3,0.34,5,0.0,3,0.0,2,0.0,0,0.0,60.0,0.0,2026-02-03,-,0,-
940,-42,N0rBeer,-,1084.31,-10.29,1404.69,-41.98,106.79,-10.56,18,3.0,7,0.0,11,3.0,0,0.0,38.89,-7.78,2026-03-26,-,0,939.0
-,-,danielusuga,-,1084.11,-1.71,1371.16,0.0,95.68,0.57,24,0.0,8,0.0,16,0.0,0,0.0,33.33,0.0,2024-04-04,-,0,-
941,172,Tasso,-,1083.79,197.33,1415.33,99.51,110.51,-32.61,13,7.0,6,4.0,7,3.0,0,0.0,46.15,12.82,2026-05-11,-,0,1178.0
942,-33,Pants101,-,1083.72,-1.61,1388.61,0.0,101.63,0.54,14,0.0,5,0.0,9,0.0,0,0.0,35.71,0.0,2026-02-07,-,0,872.0
943,-33,Veggis,-,1083.64,-1.16,1506.46,0.0,140.94,0.39,6,0.0,3,0.0,3,0.0,0,0.0,50.0,0.0,2026-02-05,-,0,-
-,-,PhamNuwen,-,1083.31,-1.08,1537.44,0.0,151.38,0.36,6,0.0,3,0.0,3,0.0,0,0.0,50.0,0.0,2025-02-05,-,0,989.0
-,-,lukejones82,-,1082.24,-1.42,1427.52,0.0,115.09,0.47,11,0.0,3,0.0,7,0.0,1,0.0,27.27,0.0,2025-05-07,-,0,729.0
944,-33,ToSt,PL,1081.64,-2.92,1250.49,0.0,56.28,0.97,71,0.0,29,0.0,41,0.0,1,0.0,40.85,0.0,2026-02-07,-,0,-
-,-,Oslot,-,1081.64,-1.49,1410.68,0.0,109.68,0.5,19,0.0,7,0.0,12,0.0,0,0.0,36.84,0.0,2023-07-15,-,0,-
-,-,AsukaBlank,-,1081.58,-1.19,1494.17,0.0,137.53,0.4,11,0.0,4,0.0,6,0.0,1,0.0,36.36,0.0,2023-01-15,-,0,-
-,-,Tsachi,-,1081.55,-1.11,1522.54,0.0,147.0,0.37,9,0.0,4,0.0,5,0.0,0,0.0,44.44,0.0,2023-04-16,-,0,-
-,-,nge,-,1081.54,-1.33,1451.79,0.0,123.41,0.44,12,0.0,5,0.0,7,0.0,0,0.0,41.67,0.0,2025-01-31,-,0,1184.0
945,-26,Yavuial,-,1081.35,-0.73,1748.67,0.0,222.44,0.24,3,0.0,3,0.0,0,0.0,0,0.0,100.0,0.0,2025-12-06,-,0,-
946,21,Gurhuntar,-,1081.28,29.43,1348.53,14.87,89.08,-4.85,26,3.0,8,1.0,18,2.0,0,0.0,30.77,0.34,2026-03-26,-,0,872.0
947,-31,qige,-,1080.87,-1.52,1402.03,0.0,107.05,0.51,15,0.0,6,0.0,9,0.0,0,0.0,40.0,0.0,2026-02-05,-,0,918.0
-,-,Kwang202,-,1080.79,-1.18,1496.49,0.0,138.56,0.39,11,0.0,5,0.0,6,0.0,0,0.0,45.45,0.0,2023-01-15,-,0,-
948,97,Lohmann,-,1080.78,103.35,1393.3,71.84,104.17,-10.5,15,3.0,7,2.0,8,1.0,0,0.0,46.67,5.0,2026-03-21,-,0,1118.0
949,-37,Mammaklaskern,-,1080.74,-3.26,1375.55,-110.78,98.27,-35.84,14,7.0,6,2.0,8,5.0,0,0.0,42.86,-14.28,2026-05-11,-,0,1375.0
-,-,Sprox,-,1080.43,-1.21,1485.29,0.0,134.95,0.4,8,0.0,4,0.0,4,0.0,0,0.0,50.0,0.0,2024-04-04,-,0,-
-,-,MrMacacavoy,-,1079.31,-1.12,1515.05,0.0,145.25,0.37,10,0.0,5,0.0,5,0.0,0,0.0,50.0,0.0,2023-03-01,-,0,-
-,-,TTTE,-,1078.86,-1.08,1533.87,0.0,151.67,0.36,7,0.0,5,0.0,2,0.0,0,0.0,71.43,0.0,2025-02-17,-,0,1375.0
-,-,Arccos,GR,1078.33,-0.93,1603.49,0.0,175.05,0.31,6,0.0,4,0.0,2,0.0,0,0.0,66.67,0.0,2023-03-01,P,4,-
950,-30,Tonino,-,1077.99,-3.94,1204.34,0.0,42.12,1.31,161,0.0,52,0.0,108,0.0,1,0.0,32.3,0.0,2026-02-06,-,0,788.0
-,-,busto_fidli,-,1077.87,-1.04,1550.89,0.0,157.67,0.35,8,0.0,4,0.0,4,0.0,0,0.0,50.0,0.0,2022-01-01,-,0,-
951,107,Bigsbyben,-,1077.73,113.68,1384.4,-114.82,102.22,-76.17,15,10.0,6,4.0,9,6.0,0,0.0,40.0,0.0,2026-05-18,-,0,-
-,-,backspace,-,1076.65,-1.78,1352.4,0.0,91.92,0.59,21,0.0,9,0.0,12,0.0,0,0.0,42.86,0.0,2025-02-20,-,0,1259.0
952,-27,N4F,-,1075.91,-1.09,1523.93,0.0,149.34,0.36,6,0.0,3,0.0,3,0.0,0,0.0,50.0,0.0,2026-02-11,-,0,746.0
953,-29,Dani91,-,1075.35,-1.93,1329.58,0.0,84.74,0.64,24,0.0,12,0.0,12,0.0,0,0.0,50.0,0.0,2025-11-30,-,0,932.0
-,-,LukeSpraywalker,IN,1075.27,-2.69,1258.23,0.0,60.99,0.9,53,0.0,13,0.0,38,0.0,2,0.0,24.53,0.0,2024-10-01,-,0,-
954,new,jdtyler7,-,1075.1,625.1,1488.12,-11.88,137.67,137.67,7,7.0,4,4.0,3,3.0,0,0.0,57.14,57.14,2026-05-20,-,0,-
955,-22,pj79,-,1074.36,3.11,1199.92,2.38,41.85,-0.24,140,7.0,47,2.0,92,5.0,1,0.0,33.57,-0.26,2026-05-24,-,0,791.0
956,-30,MechJayTi2,-,1074.19,-1.56,1387.64,0.0,104.48,0.52,18,0.0,7,0.0,11,0.0,0,0.0,38.89,0.0,2026-01-31,-,0,705.0
-,-,Der_Imperator,-,1073.9,-1.24,1469.51,0.0,131.87,0.41,10,0.0,5,0.0,5,0.0,0,0.0,50.0,0.0,2025-02-05,-,0,1118.0
-,-,Makt,-,1073.89,-1.27,1459.14,0.0,128.42,0.42,8,0.0,3,0.0,5,0.0,0,0.0,37.5,0.0,2025-03-26,-,0,872.0
-,-,aaaaa,JP,1072.59,-1.31,1446.41,0.0,124.61,0.44,12,0.0,5,0.0,7,0.0,0,0.0,41.67,0.0,2024-04-04,G,2,546.0
957,-73,johnboy,-,1071.78,-34.57,1252.88,-49.3,60.37,-4.91,44,7.0,15,0.0,29,7.0,0,0.0,34.09,-6.45,2026-05-19,-,0,989.0
958,-36,Waaaaaa,-,1070.87,-9.41,1438.62,-73.02,122.58,-21.2,9,3.0,4,0.0,5,3.0,0,0.0,44.44,-22.23,2026-03-31,-,0,-
959,-29,kwerra,-,1070.63,-1.98,1318.65,0.0,82.68,0.66,31,0.0,10,0.0,20,0.0,1,0.0,32.26,0.0,2026-02-03,-,0,1118.0
-,-,McLovinsBlueberry,-,1070.5,-0.97,1577.96,0.0,169.15,0.32,6,0.0,3,0.0,3,0.0,0,0.0,50.0,0.0,2024-04-04,-,0,720.0
960,-32,JakubZGandalfova,-,1069.91,-3.04,1233.43,0.0,54.5,1.01,62,0.0,22,0.0,39,0.0,1,0.0,35.48,0.0,2026-02-16,-,0,802.0
961,-27,Koberski,-,1069.6,-1.03,1546.57,0.0,158.99,0.34,6,0.0,3,0.0,3,0.0,0,0.0,50.0,0.0,2026-02-03,-,0,-
962,-92,DanielEss,-,1069.02,-45.98,1438.71,-127.94,123.23,-27.32,9,3.0,3,0.0,6,3.0,0,0.0,33.33,-16.67,2026-03-27,-,0,-
963,-58,rstrack,-,1068.92,-19.46,1307.66,-30.6,79.58,-3.71,30,3.0,13,0.0,17,3.0,0,0.0,43.33,-4.82,2026-03-24,-,0,1287.0
964,-10,AnBeLi3v4bLe,GR,1067.98,10.36,1188.66,10.39,40.23,0.01,164,7.0,47,3.0,117,4.0,0,0.0,28.66,0.63,2026-05-12,-,0,670.0
-,-,FooledTwice,-,1067.89,-1.21,1473.52,0.0,135.21,0.4,12,0.0,5,0.0,7,0.0,0,0.0,41.67,0.0,2025-01-27,G,2,622.0
-,-,Tukhachevsky,-,1067.61,-1.4,1417.1,0.0,116.5,0.47,16,0.0,6,0.0,10,0.0,0,0.0,37.5,0.0,2024-08-11,-,0,-
965,-29,PatPunisher,-,1067.54,-1.39,1419.5,0.0,117.32,0.46,12,0.0,6,0.0,6,0.0,0,0.0,50.0,0.0,2026-01-29,-,0,1067.0
966,-31,dmhalford,IT,1067.31,-2.51,1263.92,0.0,65.54,0.84,45,0.0,15,0.0,29,0.0,1,0.0,33.33,0.0,2026-02-10,-,0,700.0
967,50,QAS,-,1066.94,64.93,1465.49,-28.07,132.85,-31.0,8,3.0,3,1.0,5,2.0,0,0.0,37.5,-2.5,2026-03-25,-,0,-
-,-,tarmapas,-,1065.94,-1.18,1481.43,0.0,138.49,0.39,11,0.0,4,0.0,7,0.0,0,0.0,36.36,0.0,2023-01-15,-,0,-
968,-30,razorsedger,-,1065.85,-1.48,1396.45,0.0,110.2,0.49,13,0.0,5,0.0,8,0.0,0,0.0,38.46,0.0,2026-02-03,-,0,939.0
969,116,Zero_1627,-,1065.29,134.15,1398.12,103.89,110.94,-10.08,14,3.0,6,2.0,8,1.0,0,0.0,42.86,6.5,2026-03-24,-,0,989.0
970,-33,SnowGolem,-,1065.04,-2.61,1253.09,0.0,62.68,0.87,55,0.0,16,0.0,39,0.0,0,0.0,29.09,0.0,2025-12-09,-,0,630.0
-,-,Nanu,-,1064.39,-1.05,1531.19,0.0,155.6,0.35,6,0.0,3,0.0,3,0.0,0,0.0,50.0,0.0,2025-02-05,-,0,939.0
971,-32,Czarny,-,1064.24,-1.78,1480.91,-106.76,138.89,-34.99,8,3.0,5,1.0,3,2.0,0,0.0,62.5,-17.5,2026-03-22,-,0,-
-,-,Kestutelis,-,1063.11,-1.28,1445.88,0.0,127.59,0.43,11,0.0,4,0.0,7,0.0,0,0.0,36.36,0.0,2025-02-06,-,0,989.0
-,-,Rodraca,-,1062.49,-0.94,1582.92,0.0,173.48,0.31,7,0.0,4,0.0,3,0.0,0,0.0,57.14,0.0,2023-01-15,-,0,-
-,-,uday,PL,1062.41,-1.96,1311.77,0.0,83.12,0.65,33,0.0,12,0.0,21,0.0,0,0.0,36.36,0.0,2025-03-25,-,0,872.0
972,-31,Norgaimen,-,1062.0,-1.43,1404.34,0.0,114.11,0.48,14,0.0,6,0.0,8,0.0,0,0.0,42.86,0.0,2026-02-01,-,0,-
973,-30,Raasay,-,1061.58,-1.37,1418.4,0.0,118.94,0.46,12,0.0,5,0.0,7,0.0,0,0.0,41.67,0.0,2026-02-10,-,0,989.0
974,-30,Cowzapper,-,1060.65,-1.06,1522.06,0.0,153.8,0.35,6,0.0,3,0.0,3,0.0,0,0.0,50.0,0.0,2026-02-01,-,0,-
975,-29,kulho,-,1059.95,-1.01,1544.96,0.0,161.67,0.34,5,0.0,3,0.0,2,0.0,0,0.0,60.0,0.0,2026-02-07,-,0,-
976,-31,jasondh10,AU,1059.85,-1.5,1385.99,0.0,108.72,0.5,14,0.0,7,0.0,6,0.0,1,0.0,50.0,0.0,2025-08-17,-,0,928.0
-,-,KwonJoonHo,-,1059.04,-1.97,1308.03,0.0,83.0,0.66,24,0.0,10,0.0,13,0.0,1,0.0,41.67,0.0,2024-10-01,-,0,-
977,-28,Irmo,-,1058.95,-1.12,1496.47,0.0,145.84,0.37,6,0.0,3,0.0,3,0.0,0,0.0,50.0,0.0,2026-01-29,-,0,-
978,-28,Devonia,-,1058.49,-1.51,1381.87,0.0,107.79,0.5,14,0.0,6,0.0,8,0.0,0,0.0,42.86,0.0,2026-02-02,-,0,1118.0
979,-31,alcardonac,-,1058.45,-2.41,1261.9,0.0,67.82,0.8,48,0.0,14,0.0,34,0.0,0,0.0,29.17,0.0,2025-08-15,-,0,788.0
-,-,figs,-,1057.77,-1.25,1449.69,0.0,130.64,0.42,9,0.0,4,0.0,5,0.0,0,0.0,44.44,0.0,2025-03-22,-,0,872.0
980,-131,Modiarty,-,1057.61,-70.39,1467.01,-180.53,136.47,-36.71,8,3.0,4,0.0,4,3.0,0,0.0,50.0,-30.0,2026-03-28,-,0,-
-,-,FilipDabrowski,-,1057.18,-1.28,1440.99,0.0,127.94,0.43,12,0.0,7,0.0,5,0.0,0,0.0,58.33,0.0,2024-03-12,-,0,-
981,-29,ekatar,-,1056.61,-1.36,1417.7,0.0,120.36,0.45,11,0.0,4,0.0,7,0.0,0,0.0,36.36,0.0,2026-01-31,-,0,989.0
-,-,flo3,-,1056.51,-1.31,1429.39,0.0,124.29,0.44,9,0.0,4,0.0,5,0.0,0,0.0,44.44,0.0,2025-03-19,-,0,939.0
-,-,drzewko,PL,1056.49,-1.1,1499.59,0.0,147.7,0.37,9,0.0,4,0.0,5,0.0,0,0.0,44.44,0.0,2023-04-16,-,0,-
982,-29,Msandry,-,1056.37,-1.37,1414.69,0.0,119.44,0.46,15,0.0,6,0.0,9,0.0,0,0.0,40.0,0.0,2026-02-05,-,0,1287.0
983,-65,EvgenyRazinkov,-,1056.29,-25.94,1379.37,-76.44,107.7,-16.83,16,3.0,6,0.0,10,3.0,0,0.0,37.5,-8.65,2026-04-07,-,0,872.0
984,-29,Minkus,-,1055.39,-1.41,1401.61,0.0,115.4,0.47,12,0.0,6,0.0,6,0.0,0,0.0,50.0,0.0,2026-02-03,-,0,1118.0
-,-,toadstool,-,1055.02,-0.99,1549.21,0.0,164.73,0.33,6,0.0,3,0.0,3,0.0,0,0.0,50.0,0.0,2023-03-01,-,0,-
-,-,wylaryzel,AT,1054.8,-1.35,1416.38,0.0,120.53,0.45,14,0.0,4,0.0,9,0.0,1,0.0,28.57,0.0,2023-07-15,-,0,-
-,-,Nigma,RU,1054.57,-0.92,1584.09,0.0,176.51,0.31,6,0.0,3,0.0,3,0.0,0,0.0,50.0,0.0,2023-03-01,-,0,-
-,-,Ankaru,-,1054.51,-3.22,1208.27,0.0,51.25,1.07,100,0.0,36,0.0,63,0.0,1,0.0,36.0,0.0,2025-02-02,-,0,1067.0
-,-,Gardir,-,1054.16,-1.43,1397.23,0.0,114.35,0.48,17,0.0,6,0.0,11,0.0,0,0.0,35.29,0.0,2024-04-04,G,6,-
985,-28,TuZhao,-,1054.09,-1.41,1402.53,0.0,116.15,0.47,14,0.0,5,0.0,9,0.0,0,0.0,35.71,0.0,2026-02-02,-,0,1287.0
986,-28,colepiechotta,-,1054.08,-1.35,1416.19,0.0,120.7,0.45,11,0.0,4,0.0,7,0.0,0,0.0,36.36,0.0,2026-01-29,-,0,989.0
987,new,amadeo,-,1053.47,603.47,1491.09,-8.91,145.88,145.88,7,7.0,3,3.0,4,4.0,0,0.0,42.86,42.86,2026-05-13,-,0,-
988,-27,JakPut,-,1053.13,-1.42,1399.1,0.0,115.32,0.47,13,0.0,5,0.0,8,0.0,0,0.0,38.46,0.0,2026-02-01,-,0,872.0
989,-4,KTMatthews,CA,1052.83,16.88,1218.04,10.95,55.07,-1.98,74,7.0,21,2.0,53,5.0,0,0.0,28.38,0.02,2026-05-18,-,0,674.0
990,-30,Tietzsche,-,1052.44,-2.23,1272.32,0.0,73.29,0.74,36,0.0,13,0.0,22,0.0,1,0.0,36.11,0.0,2026-02-07,-,0,1109.0
991,-27,yezebel,-,1051.88,-0.89,1598.91,0.0,182.34,0.3,3,0.0,2,0.0,1,0.0,0,0.0,66.67,0.0,2025-12-17,-,0,1118.0
-,-,Gadgame,-,1051.78,-1.12,1490.14,0.0,146.12,0.37,8,0.0,4,0.0,4,0.0,0,0.0,50.0,0.0,2024-04-04,-,0,-
992,-29,Execut0r,-,1051.75,-1.21,1455.28,0.0,134.51,0.4,9,0.0,4,0.0,5,0.0,0,0.0,44.44,0.0,2026-01-30,-,0,1118.0
993,-27,Xirf,-,1051.37,-0.93,1575.04,0.0,174.56,0.31,5,0.0,4,0.0,1,0.0,0,0.0,80.0,0.0,2026-01-27,-,0,-
-,-,TaoTeo,IT,1050.57,-3.05,1211.4,0.0,53.61,1.02,87,0.0,32,0.0,55,0.0,0,0.0,36.78,0.0,2025-02-01,-,0,1118.0
994,-26,ballgi,-,1049.79,-0.76,1697.16,0.0,215.79,0.25,3,0.0,3,0.0,0,0.0,0,0.0,100.0,0.0,2025-12-14,-,0,-
995,1,OodOok,-,1049.38,21.78,1302.67,-53.87,84.43,-25.22,23,10.0,8,3.0,15,7.0,0,0.0,34.78,-3.68,2026-05-12,-,0,1375.0
-,-,DPRK,-,1049.3,-1.05,1516.15,0.0,155.61,0.35,6,0.0,3,0.0,3,0.0,0,0.0,50.0,0.0,2025-02-01,-,0,989.0
-,-,AXL79,-,1047.99,-1.02,1528.38,0.0,160.13,0.34,6,0.0,3,0.0,3,0.0,0,0.0,50.0,0.0,2024-04-04,G,6,-
996,-26,PeskyGekko,-,1047.65,-1.42,1392.53,0.0,114.96,0.47,14,0.0,6,0.0,8,0.0,0,0.0,42.86,0.0,2025-12-15,-,0,1118.0
997,-26,Urist,-,1047.63,-1.41,1395.25,0.0,115.88,0.47,12,0.0,5,0.0,7,0.0,0,0.0,41.67,0.0,2026-02-08,-,0,798.0
-,-,Zazabuzao,-,1047.49,-0.82,1647.23,0.0,199.91,0.27,3,0.0,2,0.0,1,0.0,0,0.0,66.67,0.0,2024-02-23,-,0,1116.0
998,-26,Die12,IT,1047.15,-1.64,1345.59,0.0,99.48,0.55,24,0.0,7,0.0,17,0.0,0,0.0,29.17,0.0,2026-01-28,-,0,352.0
999,-30,vratia,-,1046.8,-3.17,1203.76,0.0,52.32,1.06,94,0.0,29,0.0,65,0.0,0,0.0,30.85,0.0,2026-02-09,-,0,859.0
1000,-44,pandaczar,-,1046.36,-9.34,1330.16,-26.05,94.6,-5.57,23,3.0,7,0.0,16,3.0,0,0.0,30.43,-4.57,2026-03-31,-,0,939.0
1001,-27,Tomboy,-,1045.65,-1.04,1517.79,0.0,157.38,0.35,6,0.0,3,0.0,3,0.0,0,0.0,50.0,0.0,2026-02-09,-,0,-
-,-,Isaca10,-,1045.61,-1.02,1527.68,0.0,160.69,0.34,6,0.0,3,0.0,3,0.0,0,0.0,50.0,0.0,2023-03-01,-,0,-
-,-,mikey1nt,-,1044.75,-1.66,1340.16,0.0,98.47,0.55,18,0.0,6,0.0,12,0.0,0,0.0,33.33,0.0,2025-01-28,-,0,1067.0
1002,-26,SirHorse,-,1044.52,-1.28,1426.2,0.0,127.23,0.43,11,0.0,6,0.0,5,0.0,0,0.0,54.55,0.0,2026-02-05,-,0,1067.0
1003,-26,runningnemo,-,1044.07,-1.5,1369.6,0.0,108.51,0.5,15,0.0,5,0.0,10,0.0,0,0.0,33.33,0.0,2026-01-29,-,0,939.0
-,-,Diabloz,-,1044.03,-0.95,1557.39,0.0,171.12,0.32,6,0.0,3,0.0,3,0.0,0,0.0,50.0,0.0,2023-03-01,-,0,-
-,-,Bora_Horsa_Gobuchul,-,1043.88,-1.43,1385.5,0.0,113.87,0.48,12,0.0,5,0.0,7,0.0,0,0.0,41.67,0.0,2025-01-28,-,0,1118.0
-,-,Snuske,DK,1042.77,-1.08,1494.77,0.0,150.67,0.36,8,0.0,4,0.0,4,0.0,0,0.0,50.0,0.0,2023-04-02,P,4,-
1004,5,michasz,-,1042.45,33.83,1231.27,18.68,62.94,-5.05,55,7.0,17,3.0,37,4.0,1,0.0,30.91,1.74,2026-05-11,-,0,605.0
-,-,Kojtic,-,1042.01,-1.16,1464.06,0.0,140.69,0.39,12,0.0,5,0.0,7,0.0,0,0.0,41.67,0.0,2024-04-04,-,0,-
-,-,Blackbolt53,-,1041.85,-1.12,1479.34,0.0,145.83,0.37,9,0.0,4,0.0,5,0.0,0,0.0,44.44,0.0,2024-04-04,-,0,-
1005,-27,MadNut86,-,1041.36,-1.18,1454.96,0.0,137.87,0.39,10,0.0,4,0.0,6,0.0,0,0.0,40.0,0.0,2026-02-02,-,0,1067.0
-,-,dww,-,1040.87,-1.02,1522.82,0.0,160.65,0.34,8,0.0,4,0.0,4,0.0,0,0.0,50.0,0.0,2022-01-01,-,0,-
1006,-26,Kugi,-,1040.01,-1.02,1519.03,0.0,159.67,0.34,8,0.0,4,0.0,4,0.0,0,0.0,50.0,0.0,2026-01-28,-,0,1287.0
1007,23,yourdearbrother,-,1039.16,49.7,1424.53,-15.03,128.46,-21.58,9,3.0,4,1.0,5,2.0,0,0.0,44.44,-5.56,2026-03-21,-,0,-
1008,-27,Rubberchicken,AU,1039.13,-1.19,1450.74,0.0,137.2,0.4,7,0.0,4,0.0,3,0.0,0,0.0,57.14,0.0,2026-02-13,-,0,-
1009,120,Sale,-,1038.41,183.05,1440.84,125.54,134.15,-19.17,13,3.0,5,2.0,8,1.0,0,0.0,38.46,8.46,2026-03-28,-,0,-
-,-,Thantalus,-,1037.71,-1.03,1511.68,0.0,157.99,0.34,9,0.0,4,0.0,5,0.0,0,0.0,44.44,0.0,2023-04-16,-,0,-
1010,-31,Redda,-,1035.84,-5.66,1198.17,-14.18,54.11,-2.84,59,7.0,18,1.0,41,6.0,0,0.0,30.51,-2.18,2026-05-18,-,0,939.0
-,-,HotShot53,-,1035.62,-1.11,1475.79,0.0,146.72,0.37,8,0.0,3,0.0,5,0.0,0,0.0,37.5,0.0,2025-04-02,-,0,872.0
1011,-21,Kruch,DE,1035.43,3.76,1162.16,3.52,42.25,-0.08,148,7.0,46,2.0,100,5.0,2,0.0,31.08,-0.13,2026-05-11,-,0,697.0
1012,-30,2da6,-,1035.32,-1.59,1343.73,0.0,102.81,0.53,16,0.0,5,0.0,11,0.0,0,0.0,31.25,0.0,2026-01-31,-,0,939.0
1013,-29,Decontest,-,1035.01,-1.03,1508.5,0.0,157.83,0.34,6,0.0,4,0.0,2,0.0,0,0.0,66.67,0.0,2026-01-31,-,0,1287.0
1014,-31,samgreco,JP,1034.73,-1.56,1349.68,0.0,104.98,0.52,18,0.0,5,0.0,13,0.0,0,0.0,27.78,0.0,2026-01-29,-,0,989.0
1015,-29,Perrary,-,1034.26,-1.47,1367.77,0.0,111.17,0.49,12,0.0,5,0.0,7,0.0,0,0.0,41.67,0.0,2026-02-03,-,0,989.0
1016,-29,Rako,-,1033.11,-1.09,1480.9,0.0,149.26,0.36,6,0.0,4,0.0,2,0.0,0,0.0,66.67,0.0,2026-02-02,-,0,1287.0
-,-,Gustavus_Adolphus,-,1032.99,-1.23,1432.31,0.0,133.11,0.41,8,0.0,3,0.0,5,0.0,0,0.0,37.5,0.0,2025-03-26,-,0,939.0
1017,-145,Jaan,-,1032.76,-81.17,1415.47,-146.46,127.57,-21.77,8,3.0,3,0.0,5,3.0,0,0.0,37.5,-22.5,2026-03-27,-,0,-
-,-,nuvolaz,-,1032.74,-1.13,1466.74,0.0,144.67,0.38,11,0.0,5,0.0,6,0.0,0,0.0,45.45,0.0,2023-01-15,-,0,-
1018,-30,EdWARlock,-,1031.46,-1.09,1479.71,0.0,149.42,0.36,6,0.0,3,0.0,3,0.0,0,0.0,50.0,0.0,2026-02-11,-,0,-
1019,-6,Chroso,-,1031.43,24.73,1362.79,-14.65,110.45,-13.13,15,3.0,5,1.0,10,2.0,0,0.0,33.33,0.0,2026-03-26,-,0,989.0
1020,4,MajorGaz,-,1031.37,34.57,1286.03,-17.2,84.89,-17.26,25,7.0,8,2.0,16,5.0,1,0.0,32.0,-1.33,2026-05-16,-,0,-
-,-,jdl,-,1031.19,-2.05,1272.35,0.0,80.39,0.68,34,0.0,12,0.0,22,0.0,0,0.0,35.29,0.0,2024-04-14,-,0,-
-,-,nchoong,MY,1030.07,-1.45,1368.27,0.0,112.73,0.48,14,0.0,5,0.0,9,0.0,0,0.0,35.71,0.0,2024-10-31,-,0,-
-,-,funestus,NO,1029.92,-0.58,1867.07,0.0,279.05,0.19,2,0.0,1,0.0,1,0.0,0,0.0,50.0,0.0,2024-05-29,GM,2,11.0
1021,-28,CuJ,-,1029.77,-0.52,1171.57,-1.94,47.27,-0.47,100,6.0,27,1.0,73,5.0,0,0.0,27.0,-0.66,2026-05-17,-,0,690.0
-,-,markosalaplaya,-,1029.59,-1.94,1282.66,0.0,84.36,0.65,21,0.0,7,0.0,13,0.0,1,0.0,33.33,0.0,2025-02-20,G,2,1374.0
1022,5,Gympanse,-,1029.28,35.78,1356.59,-120.12,109.1,-51.97,12,7.0,5,2.0,7,5.0,0,0.0,41.67,-18.33,2026-05-14,-,0,-
1023,-34,bambi4,GB,1029.25,-2.43,1232.85,0.0,67.87,0.81,46,0.0,14,0.0,31,0.0,1,0.0,30.43,0.0,2025-12-09,-,0,675.0
-,-,Prince2B,-,1029.21,-1.04,1501.42,0.0,157.4,0.35,5,0.0,2,0.0,3,0.0,0,0.0,40.0,0.0,2025-01-31,-,0,989.0
1024,-32,Vlasy,-,1028.96,-1.62,1330.69,0.0,100.58,0.54,18,0.0,6,0.0,12,0.0,0,0.0,33.33,0.0,2026-01-29,-,0,1184.0
-,-,Olorin_,-,1027.94,-0.76,1667.53,0.0,213.2,0.25,4,0.0,3,0.0,1,0.0,0,0.0,75.0,0.0,2021-11-15,M,1,-
-,-,shezbot,-,1027.94,-0.76,1667.53,0.0,213.2,0.25,4,0.0,3,0.0,1,0.0,0,0.0,75.0,0.0,2021-11-15,-,0,-
-,-,irvan,-,1027.94,-0.76,1667.53,0.0,213.2,0.25,4,0.0,3,0.0,1,0.0,0,0.0,75.0,0.0,2021-11-15,-,0,-
-,-,EmporerAndrew,-,1027.94,-0.76,1667.53,0.0,213.2,0.25,4,0.0,3,0.0,1,0.0,0,0.0,75.0,0.0,2021-11-15,-,0,-
1025,-31,Durpan,-,1027.84,-1.23,1425.29,0.0,132.48,0.41,9,0.0,4,0.0,5,0.0,0,0.0,44.44,0.0,2025-12-09,-,0,1184.0
1026,-31,Ms.QTPi,-,1027.34,-1.47,1361.13,0.0,111.26,0.49,14,0.0,7,0.0,7,0.0,0,0.0,50.0,0.0,2025-08-16,-,0,1170.0
-,-,Fane,BE,1026.63,-0.94,1547.88,0.0,173.75,0.31,6,0.0,3,0.0,3,0.0,0,0.0,50.0,0.0,2023-03-01,P,2,-
-,-,CuteAnn,-,1026.13,-2.27,1241.68,0.0,71.85,0.76,39,0.0,10,0.0,29,0.0,0,0.0,25.64,0.0,2025-05-17,-,0,1114.0
1027,-29,NedNutt,-,1024.11,-0.98,1524.56,0.0,166.82,0.33,5,0.0,3,0.0,2,0.0,0,0.0,60.0,0.0,2026-02-11,-,0,-
-,-,Rusticista,-,1023.98,-1.15,1449.55,0.0,141.86,0.38,11,0.0,4,0.0,7,0.0,0,0.0,36.36,0.0,2023-01-15,-,0,-
1028,33,clemy,-,1023.97,66.31,1347.26,-72.69,107.76,-46.33,13,7.0,4,2.0,9,5.0,0,0.0,30.77,-2.56,2026-05-12,-,0,-
-,-,Doc.Fusion,-,1023.65,-1.05,1491.93,0.0,156.09,0.35,8,0.0,3,0.0,5,0.0,0,0.0,37.5,0.0,2022-01-01,-,0,-
-,-,NovusIgnis,US,1023.39,-1.43,1364.52,0.0,113.71,0.48,15,0.0,5,0.0,10,0.0,0,0.0,33.33,0.0,2024-12-21,-,0,985.0
-,-,fuxio82,-,1023.33,-1.04,1492.16,0.0,156.28,0.35,8,0.0,3,0.0,5,0.0,0,0.0,37.5,0.0,2022-01-01,-,0,-
-,-,Aksiom,-,1023.33,-1.04,1492.16,0.0,156.28,0.35,8,0.0,3,0.0,5,0.0,0,0.0,37.5,0.0,2022-01-01,-,0,-
-,-,joaoleal2,-,1023.33,-1.04,1492.16,0.0,156.28,0.35,8,0.0,3,0.0,5,0.0,0,0.0,37.5,0.0,2022-01-01,-,0,-
-,-,wahrlator,-,1022.93,-1.4,1372.3,0.0,116.46,0.47,13,0.0,6,0.0,7,0.0,0,0.0,46.15,0.0,2025-05-17,-,0,1051.0
-,-,deleted_user_1946622,-,1022.6,-2.28,1237.76,0.0,71.72,0.76,30,0.0,4,0.0,24,0.0,2,0.0,13.33,0.0,2024-10-01,-,0,-
-,-,SwedishFish,-,1022.41,-0.83,1610.95,0.0,196.18,0.28,3,0.0,2,0.0,1,0.0,0,0.0,66.67,0.0,2024-12-11,-,0,1184.0
-,-,Onlineguy,-,1022.08,-1.3,1399.36,0.0,125.76,0.43,12,0.0,5,0.0,7,0.0,0,0.0,41.67,0.0,2024-04-04,-,0,-
-,-,matti5215,-,1021.23,-3.08,1181.91,0.0,53.56,1.03,89,0.0,29,0.0,59,0.0,1,0.0,32.58,0.0,2024-10-31,-,0,1287.0
-,-,cardboard,-,1020.91,-0.92,1554.45,0.0,177.84,0.31,5,0.0,3,0.0,2,0.0,0,0.0,60.0,0.0,2025-02-02,-,0,989.0
-,-,Andreasp88,-,1020.23,-1.46,1355.4,0.0,111.73,0.49,18,0.0,6,0.0,12,0.0,0,0.0,33.33,0.0,2024-08-11,-,0,-
-,-,tts,-,1019.18,-1.05,1483.91,0.0,154.91,0.35,8,0.0,3,0.0,5,0.0,0,0.0,37.5,0.0,2022-01-01,-,0,-
1029,-56,jmcj,-,1018.51,-29.41,1241.56,-62.27,74.35,-10.95,27,7.0,9,1.0,17,6.0,1,0.0,33.33,-6.67,2026-05-15,-,0,1258.0
-,-,Leonidas33,-,1018.26,-0.99,1510.33,0.0,164.02,0.33,6,0.0,4,0.0,2,0.0,0,0.0,66.67,0.0,2025-01-30,-,0,1118.0
-,-,namenloser,-,1018.09,-0.73,1687.69,0.0,223.2,0.24,3,0.0,2,0.0,1,0.0,0,0.0,66.67,0.0,2023-01-15,-,0,-
1030,-31,Giulio_GC,-,1017.77,-1.04,1488.96,0.0,157.06,0.35,6,0.0,3,0.0,3,0.0,0,0.0,50.0,0.0,2026-01-29,-,0,-
-,-,shockway,-,1017.37,-1.02,1496.99,0.0,159.87,0.34,8,0.0,2,0.0,4,0.0,2,0.0,25.0,0.0,2022-01-01,-,0,-
-,-,szesophie,-,1017.36,-2.92,1186.94,0.0,56.53,0.97,75,0.0,27,0.0,48,0.0,0,0.0,36.0,0.0,2024-10-31,-,0,1287.0
1031,-31,Warstoryteller,-,1016.65,-1.46,1353.06,0.0,112.13,0.49,12,0.0,4,0.0,8,0.0,0,0.0,33.33,0.0,2026-02-03,-,0,1118.0
-,-,Sebix,-,1016.42,-1.2,1423.73,0.0,135.77,0.4,9,0.0,3,0.0,6,0.0,0,0.0,33.33,0.0,2025-03-27,-,0,872.0
1032,-31,hardsoul,-,1014.49,-1.08,1466.96,0.0,150.82,0.36,6,0.0,2,0.0,4,0.0,0,0.0,33.33,0.0,2026-02-01,-,0,-
1033,-17,SullyWully,-,1014.0,11.96,1176.51,5.74,54.17,-2.07,75,7.0,20,2.0,55,5.0,0,0.0,26.67,0.2,2026-05-14,-,0,783.0
1034,-32,Garhett,-,1013.89,-1.44,1354.54,0.0,113.55,0.48,12,0.0,5,0.0,7,0.0,0,0.0,41.67,0.0,2025-12-12,-,0,939.0
-,-,thundermain,-,1013.22,-0.98,1511.32,0.0,166.03,0.33,6,0.0,3,0.0,3,0.0,0,0.0,50.0,0.0,2024-02-23,-,0,-
1035,-32,giannisoad,IT,1013.03,-1.78,1288.84,0.0,91.94,0.59,28,0.0,8,0.0,20,0.0,0,0.0,28.57,0.0,2026-01-30,-,0,429.0
1036,48,MarcinWol,-,1012.38,80.8,1421.03,-30.99,136.21,-37.26,9,3.0,4,1.0,5,2.0,0,0.0,44.44,-5.56,2026-03-25,-,0,-
1037,-40,IrenaX,-,1011.54,-14.85,1150.51,-16.18,46.32,-0.44,135,6.0,36,0.0,99,6.0,0,0.0,26.67,-1.24,2026-05-19,-,0,645.0
1038,-34,Batallon,-,1009.78,-2.95,1178.35,0.0,56.19,0.98,70,0.0,20,0.0,50,0.0,0,0.0,28.57,0.0,2025-08-14,-,0,845.0
-,-,GerrySalinas,-,1009.58,-0.99,1505.89,0.0,165.44,0.33,8,0.0,3,0.0,5,0.0,0,0.0,37.5,0.0,2022-01-01,G,6,-
1039,-33,Faeyon,-,1009.06,-0.94,1531.55,0.0,174.16,0.31,9,0.0,3,0.0,6,0.0,0,0.0,33.33,0.0,2026-02-06,-,0,-
1040,-35,Abuceb,-,1008.79,-2.37,1215.77,0.0,68.99,0.79,40,0.0,12,0.0,27,0.0,1,0.0,30.0,0.0,2025-11-30,-,0,849.0
-,-,fielmann,EE,1008.05,-1.04,1480.93,0.0,157.63,0.35,10,0.0,4,0.0,6,0.0,0,0.0,40.0,0.0,2023-03-01,G,2,-
-,-,FWN,-,1007.57,-0.77,1643.65,0.0,212.03,0.26,4,0.0,3,0.0,1,0.0,0,0.0,75.0,0.0,2021-11-15,-,0,-
-,-,cibernyam,-,1007.01,-1.24,1401.71,0.0,131.57,0.41,13,0.0,4,0.0,8,0.0,1,0.0,30.77,0.0,2024-02-23,-,0,-
1041,-30,babaganoosh,-,1006.88,-1.34,1373.39,0.0,122.17,0.45,12,0.0,5,0.0,7,0.0,0,0.0,41.67,0.0,2026-01-30,-,0,1067.0
1042,-32,schumaky,-,1006.78,-1.44,1346.2,0.0,113.14,0.48,14,0.0,5,0.0,9,0.0,0,0.0,35.71,0.0,2026-02-05,-,0,1184.0
-,-,Amstrid,-,1006.76,-1.12,1443.55,0.0,145.6,0.37,11,0.0,5,0.0,6,0.0,0,0.0,45.45,0.0,2023-01-15,-,0,-
-,-,Henader,PL,1006.44,-0.95,1522.85,0.0,172.13,0.32,6,0.0,3,0.0,3,0.0,0,0.0,50.0,0.0,2023-03-01,-,0,-
-,-,Paoloco,-,1005.74,-1.12,1441.13,0.0,145.13,0.37,9,0.0,4,0.0,5,0.0,0,0.0,44.44,0.0,2024-02-23,G,2,552.0
1043,-29,bltoby,-,1002.57,-0.94,1525.29,0.0,174.24,0.31,5,0.0,2,0.0,3,0.0,0,0.0,40.0,0.0,2026-02-02,-,0,-
-,-,deleted_user_9880390,-,1002.08,-1.29,1380.88,0.0,126.27,0.43,9,0.0,3,0.0,6,0.0,0,0.0,33.33,0.0,2024-04-14,-,0,-
1044,-29,RougeEconomist,-,1001.85,-1.03,1477.12,0.0,158.42,0.34,5,0.0,2,0.0,3,0.0,0,0.0,40.0,0.0,2026-02-15,-,0,-
1045,-27,Tapio,-,1000.34,-1.41,1347.48,0.0,115.71,0.47,12,0.0,5,0.0,7,0.0,0,0.0,41.67,0.0,2026-01-27,-,0,1287.0
1046,47,kacavenda,-,1000.32,81.91,1410.9,-49.0,136.86,-43.64,9,3.0,5,1.0,4,2.0,0,0.0,55.56,-11.11,2026-03-20,-,0,-
-,-,yoyo0507,-,1000.3,-0.66,1741.59,0.0,247.1,0.22,2,0.0,2,0.0,0,0.0,0,0.0,100.0,0.0,2023-04-02,-,0,-
-,-,fli_pao,-,1000.05,-1.91,1256.43,0.0,85.46,0.64,24,0.0,6,0.0,18,0.0,0,0.0,25.0,0.0,2025-05-14,-,0,716.0
-,-,Thyrus,-,999.84,-1.42,1345.23,0.0,115.13,0.47,15,0.0,5,0.0,10,0.0,0,0.0,33.33,0.0,2024-12-17,-,0,1054.0
-,-,oldmutant,-,999.81,-1.13,1434.93,0.0,145.04,0.38,10,0.0,4,0.0,5,0.0,1,0.0,40.0,0.0,2023-03-01,-,0,-
1047,-27,LottiePreston,-,998.81,-1.07,1458.16,0.0,153.12,0.36,7,0.0,5,0.0,2,0.0,0,0.0,71.43,0.0,2026-02-09,-,0,-
1048,-29,Amarok,-,998.04,-2.13,1227.93,0.0,76.63,0.71,40,0.0,10,0.0,30,0.0,0,0.0,25.0,0.0,2026-01-31,-,0,1067.0
-,-,Chubecca,IT,997.58,-1.16,1418.9,0.0,140.44,0.39,10,0.0,4,0.0,6,0.0,0,0.0,40.0,0.0,2023-03-01,-,0,-
-,-,BastionvonRaven,-,997.41,-1.14,1428.42,0.0,143.67,0.38,9,0.0,3,0.0,6,0.0,0,0.0,33.33,0.0,2023-04-16,-,0,-
-,-,Bahul,-,997.32,-1.21,1402.98,0.0,135.22,0.4,9,0.0,3,0.0,6,0.0,0,0.0,33.33,0.0,2024-04-04,-,0,-
-,-,Sonalator,-,997.27,-1.37,1355.1,0.0,119.27,0.46,13,0.0,5,0.0,8,0.0,0,0.0,38.46,0.0,2025-02-14,-,0,932.0
-,-,AoR,-,996.65,-0.92,1526.39,0.0,176.58,0.31,7,0.0,4,0.0,3,0.0,0,0.0,57.14,0.0,2023-01-15,-,0,-
-,-,Bravo,-,996.33,-1.37,1354.46,0.0,119.38,0.46,14,0.0,4,0.0,10,0.0,0,0.0,28.57,0.0,2025-01-27,-,0,989.0
-,-,LadyWhale,-,994.86,-1.27,1380.62,0.0,128.59,0.42,14,0.0,4,0.0,10,0.0,0,0.0,28.57,0.0,2023-03-01,-,0,-
-,-,Rugan,-,994.69,-1.03,1467.69,0.0,157.67,0.34,8,0.0,3,0.0,5,0.0,0,0.0,37.5,0.0,2022-01-01,-,0,-
-,-,salmonpizza,-,994.69,-1.03,1467.69,0.0,157.67,0.34,8,0.0,3,0.0,5,0.0,0,0.0,37.5,0.0,2022-01-01,-,0,-
1049,-41,Dunketelin,-,994.62,-15.19,1126.33,-15.9,43.9,-0.24,142,7.0,31,0.0,110,7.0,1,0.0,21.83,-1.13,2026-05-11,-,0,676.0
1050,-38,gutibudoka,-,994.28,-13.15,1120.43,-13.16,42.05,-0.01,149,7.0,41,0.0,108,7.0,0,0.0,27.52,-1.35,2026-05-14,-,0,915.0
1051,-44,Icarium,US,994.25,-15.68,1122.28,-16.24,42.68,-0.19,143,7.0,39,0.0,104,7.0,0,0.0,27.27,-1.41,2026-05-21,-,0,690.0
-,-,hhahanext,-,993.67,-1.18,1409.15,0.0,138.49,0.39,8,0.0,3,0.0,5,0.0,0,0.0,37.5,0.0,2025-03-25,-,0,939.0
-,-,monsieurt,-,993.67,-1.2,1402.72,0.0,136.35,0.4,11,0.0,5,0.0,6,0.0,0,0.0,45.45,0.0,2025-01-29,-,0,1067.0
1052,-27,SunGodREI,-,993.18,-1.34,1359.73,0.0,122.18,0.45,12,0.0,5,0.0,7,0.0,0,0.0,41.67,0.0,2026-02-07,-,0,1184.0
1053,-30,stefano-prof,-,992.93,-4.42,1332.78,-33.4,113.28,-9.66,19,3.0,5,0.0,14,3.0,0,0.0,26.32,-4.93,2026-03-22,G,2,1057.0
-,-,Hellomruppercut,-,992.25,-0.92,1524.04,0.0,177.26,0.31,7,0.0,4,0.0,3,0.0,0,0.0,57.14,0.0,2023-01-15,-,0,-
1054,-28,olawaco,-,991.55,-2.31,1205.44,0.0,71.3,0.77,50,0.0,15,0.0,34,0.0,1,0.0,30.0,0.0,2025-12-22,-,0,1118.0
-,-,kwarrend,US,991.32,-0.94,1510.9,0.0,173.19,0.31,6,0.0,3,0.0,3,0.0,0,0.0,50.0,0.0,2023-03-01,-,0,-
1055,-27,Dave777,-,990.96,-0.97,1496.7,0.0,168.58,0.32,6,0.0,3,0.0,3,0.0,0,0.0,50.0,0.0,2026-02-08,-,0,-
-,-,Adrianucho,-,990.47,-0.99,1485.23,0.0,164.92,0.33,6,0.0,3,0.0,3,0.0,0,0.0,50.0,0.0,2024-02-23,-,0,-
-,-,majortom111,-,990.06,-1.21,1394.47,0.0,134.81,0.4,9,0.0,3,0.0,6,0.0,0,0.0,33.33,0.0,2023-07-15,-,0,-
-,-,KrolKarol,-,989.76,-0.93,1513.8,0.0,174.68,0.31,6,0.0,3,0.0,3,0.0,0,0.0,50.0,0.0,2024-04-04,-,0,-
-,-,DDD_D,-,989.21,-1.08,1442.18,0.0,150.99,0.36,6,0.0,2,0.0,4,0.0,0,0.0,33.33,0.0,2025-01-27,-,0,989.0
-,-,tbat,-,989.04,-0.92,1521.16,0.0,177.37,0.31,6,0.0,3,0.0,3,0.0,0,0.0,50.0,0.0,2023-03-01,G,4,-
-,-,SunTiger,-,989.0,-1.06,1451.44,0.0,154.15,0.35,6,0.0,3,0.0,3,0.0,0,0.0,50.0,0.0,2025-01-27,-,0,1184.0
-,-,DeNnY0810,-,987.99,-2.85,1163.85,0.0,58.62,0.95,71,0.0,18,0.0,53,0.0,0,0.0,25.35,0.0,2024-04-14,-,0,-
1056,-24,lengesses,-,987.93,-1.16,1409.55,0.0,140.54,0.39,9,0.0,3,0.0,6,0.0,0,0.0,33.33,0.0,2026-02-03,-,0,1184.0
-,-,Caracalla,-,987.86,-1.91,1245.33,0.0,85.82,0.64,27,0.0,8,0.0,19,0.0,0,0.0,29.63,0.0,2025-02-17,-,0,1170.0
1057,-26,Ivan04,-,987.82,-1.52,1310.26,0.0,107.48,0.51,14,0.0,5,0.0,9,0.0,0,0.0,35.71,0.0,2026-02-09,-,0,1065.0
-,-,Bullya,-,987.44,-1.09,1436.56,0.0,149.71,0.36,9,0.0,4,0.0,5,0.0,0,0.0,44.44,0.0,2023-06-12,-,0,-
1058,new,Izayoi,-,986.28,536.28,1423.91,-76.09,145.88,145.88,7,7.0,3,3.0,4,4.0,0,0.0,42.86,42.86,2026-05-17,-,0,-
1059,-12,Sopelek,-,986.24,10.65,1129.17,8.23,47.64,-0.81,106,7.0,24,2.0,81,5.0,1,0.0,22.64,0.42,2026-05-18,-,0,912.0
1060,-31,MarsU-NL,-,985.32,-6.59,1395.42,-101.94,136.7,-31.79,9,3.0,3,0.0,6,3.0,0,0.0,33.33,-16.67,2026-04-11,-,0,-
1061,-23,WraightCZ,CZ,985.03,2.33,1156.7,-3.32,57.23,-1.88,68,5.0,14,1.0,54,4.0,0,0.0,20.59,-0.04,2026-05-18,-,0,778.0
-,-,TopDog,-,984.52,-1.26,1371.81,0.0,129.1,0.42,9,0.0,4,0.0,5,0.0,0,0.0,44.44,0.0,2025-03-26,-,0,939.0
-,-,PierrotLeFoul,-,984.33,-0.7,1678.82,0.0,231.5,0.23,2,0.0,2,0.0,0,0.0,0,0.0,100.0,0.0,2023-04-02,-,0,-
-,-,zalarg,-,984.03,-1.43,1327.51,0.0,114.49,0.48,13,0.0,5,0.0,8,0.0,0,0.0,38.46,0.0,2024-08-11,-,0,-
-,-,rslyzc,-,983.14,-1.12,1419.1,0.0,145.32,0.37,9,0.0,4,0.0,5,0.0,0,0.0,44.44,0.0,2024-04-04,-,0,-
1062,-21,DBaker17,-,982.8,2.36,1138.6,0.04,51.93,-0.77,93,6.0,24,1.0,69,5.0,0,0.0,25.81,-0.63,2026-05-14,-,0,651.0
1063,-27,Algomi,-,982.69,-1.03,1456.21,0.0,157.84,0.34,5,0.0,2,0.0,3,0.0,0,0.0,40.0,0.0,2026-02-08,-,0,-
1064,-27,ahr,-,982.3,-1.11,1422.71,0.0,146.8,0.37,6,0.0,2,0.0,4,0.0,0,0.0,33.33,0.0,2026-02-06,-,0,-
1065,-32,FabioMP,-,982.02,-3.03,1145.84,0.0,54.61,1.01,86,0.0,24,0.0,62,0.0,0,0.0,27.91,0.0,2025-12-12,-,0,1245.0
-,-,Ramoneror,-,981.96,-1.04,1450.79,0.0,156.28,0.35,8,0.0,3,0.0,5,0.0,0,0.0,37.5,0.0,2022-01-01,-,0,-
-,-,Ian357,-,981.87,-0.99,1478.51,0.0,165.55,0.33,5,0.0,2,0.0,3,0.0,0,0.0,40.0,0.0,2024-04-04,-,0,-
1066,-10,Hampsink,-,981.83,14.29,1145.8,7.8,54.65,-2.16,73,7.0,16,2.0,57,5.0,0,0.0,21.92,0.71,2026-05-11,-,0,863.0
-,-,meleke,-,981.8,-1.13,1414.06,0.0,144.09,0.38,9,0.0,3,0.0,6,0.0,0,0.0,33.33,0.0,2024-04-04,-,0,-
1067,-28,Korsus,IT,980.73,-1.62,1282.42,0.0,100.56,0.54,18,0.0,6,0.0,12,0.0,0,0.0,33.33,0.0,2026-02-02,-,0,926.0
-,-,Galten,-,980.57,-0.94,1502.57,0.0,174.0,0.31,6,0.0,3,0.0,3,0.0,0,0.0,50.0,0.0,2024-02-23,-,0,-
-,-,DocFleischmann,-,980.16,-1.0,1468.91,0.0,162.92,0.33,6,0.0,2,0.0,4,0.0,0,0.0,33.33,0.0,2024-04-04,-,0,-
-,-,Arius,-,979.38,-1.2,1387.38,0.0,136.0,0.4,13,0.0,4,0.0,9,0.0,0,0.0,30.77,0.0,2024-02-23,-,0,-
1068,-26,mobeza,-,978.52,-1.34,1343.32,0.0,121.6,0.45,10,0.0,3,0.0,7,0.0,0,0.0,30.0,0.0,2026-02-01,-,0,1067.0
1069,39,Jobjobsdone,-,978.4,77.8,1336.24,51.63,119.28,-8.72,15,3.0,4,1.0,11,2.0,0,0.0,26.67,1.67,2026-04-03,-,0,-
-,-,flacoforro,-,978.23,-1.2,1385.08,0.0,135.62,0.4,8,0.0,3,0.0,5,0.0,0,0.0,37.5,0.0,2025-03-25,-,0,939.0
-,-,Pastiness,-,978.05,-0.99,1472.44,0.0,164.79,0.33,6,0.0,3,0.0,3,0.0,0,0.0,50.0,0.0,2024-04-04,-,0,-
1070,-27,Bafbeer,-,976.84,-0.99,1473.46,0.0,165.54,0.33,5,0.0,2,0.0,3,0.0,0,0.0,40.0,0.0,2026-01-31,-,0,-
1071,-25,FabioBE81,-,975.93,-1.37,1334.27,0.0,119.45,0.46,15,0.0,5,0.0,10,0.0,0,0.0,33.33,0.0,2026-02-07,-,0,718.0
1072,-28,Seabrook,-,974.98,-2.53,1169.89,0.0,64.97,0.84,47,0.0,10,0.0,35,0.0,2,0.0,21.28,0.0,2025-11-24,-,0,1060.0
-,-,Stupidstupidrat,-,974.82,-1.85,1240.04,0.0,88.41,0.62,28,0.0,8,0.0,19,0.0,1,0.0,28.57,0.0,2025-05-15,-,0,1278.0
1073,-25,deleted_user_8840806,-,974.52,-0.92,1507.45,0.0,177.64,0.31,5,0.0,1,0.0,4,0.0,0,0.0,20.0,0.0,2025-10-26,-,0,-
-,-,Chixx,SE,974.15,-0.93,1501.28,0.0,175.71,0.31,6,0.0,3,0.0,3,0.0,0,0.0,50.0,0.0,2023-03-01,-,0,-
-,-,Petardillo,-,973.5,-1.16,1394.5,0.0,140.33,0.39,9,0.0,4,0.0,5,0.0,0,0.0,44.44,0.0,2024-04-04,-,0,-
-,-,Tenebrane,-,973.37,-1.61,1277.7,0.0,101.44,0.54,21,0.0,7,0.0,14,0.0,0,0.0,33.33,0.0,2025-02-03,-,0,1067.0
-,-,Louaym,-,972.94,-0.93,1499.28,0.0,175.45,0.31,6,0.0,3,0.0,3,0.0,0,0.0,50.0,0.0,2023-03-01,G,2,-
-,-,Redder,-,972.73,-0.91,1510.31,0.0,179.2,0.3,7,0.0,3,0.0,4,0.0,0,0.0,42.86,0.0,2023-01-15,-,0,-
1074,-24,Peaceminusone,-,972.64,-1.11,1411.75,0.0,146.37,0.37,10,0.0,3,0.0,7,0.0,0,0.0,30.0,0.0,2026-01-29,G,2,921.0
-,-,Dvd75,IT,970.91,-1.11,1413.03,0.0,147.37,0.37,8,0.0,3,0.0,5,0.0,0,0.0,37.5,0.0,2024-04-04,-,0,609.0
-,-,Damien.X,-,970.03,-1.29,1348.29,0.0,126.09,0.43,9,0.0,3,0.0,6,0.0,0,0.0,33.33,0.0,2025-03-20,-,0,805.0
1075,-24,Rivendell,-,969.95,-1.07,1426.99,0.0,152.35,0.36,9,0.0,3,0.0,6,0.0,0,0.0,33.33,0.0,2025-12-19,-,0,-
1076,-41,Deschain,-,969.68,-14.53,1353.15,-94.02,127.83,-26.5,9,3.0,3,0.0,6,3.0,0,0.0,33.33,-16.67,2026-03-20,P,2,-
-,-,Saucisse,-,969.37,-1.84,1237.54,0.0,89.39,0.61,30,0.0,9,0.0,20,0.0,1,0.0,30.0,0.0,2023-11-15,-,0,-
1077,-25,TheCenturion,-,968.01,-1.37,1326.73,0.0,119.57,0.46,14,0.0,3,0.0,11,0.0,0,0.0,21.43,0.0,2026-02-05,-,0,989.0
1078,-23,Voras,-,967.26,-1.5,1293.8,0.0,108.85,0.5,12,0.0,3,0.0,8,0.0,1,0.0,25.0,0.0,2026-02-01,-,0,989.0
-,-,likkle1,GB,967.02,-1.15,1392.46,0.0,141.81,0.38,9,0.0,4,0.0,5,0.0,0,0.0,44.44,0.0,2024-04-04,-,0,-
1079,-25,VladBenez,IT,966.63,-2.28,1182.0,0.0,71.79,0.76,49,0.0,11,0.0,38,0.0,0,0.0,22.45,0.0,2025-12-18,-,0,861.0
1080,-27,beny85,IT,966.62,-2.4,1173.99,0.0,69.12,0.8,38,0.0,10,0.0,28,0.0,0,0.0,26.32,0.0,2026-02-13,-,0,796.0
-,-,J.J.,-,966.17,-0.63,1747.32,0.0,260.38,0.21,2,0.0,2,0.0,0,0.0,0,0.0,100.0,0.0,2018-02-18,-,0,-
-,-,MetaWiz,-,965.56,-1.14,1394.46,0.0,142.97,0.38,11,0.0,3,0.0,7,0.0,1,0.0,27.27,0.0,2023-01-15,-,0,-
-,-,marizee412,PH,964.74,-2.06,1203.19,0.0,79.48,0.69,37,0.0,10,0.0,27,0.0,0,0.0,27.03,0.0,2024-10-31,-,0,1284.0
1081,-24,ZeroMaximus,-,964.55,-1.17,1384.51,0.0,139.99,0.39,9,0.0,3,0.0,6,0.0,0,0.0,33.33,0.0,2026-01-30,-,0,-
1082,-15,JS619,US,963.97,9.08,1094.22,9.19,43.42,0.03,141,7.0,29,2.0,107,5.0,5,0.0,20.57,0.42,2026-05-16,-,0,798.0
-,-,plaZer,-,962.82,-0.71,1648.17,0.0,228.45,0.24,3,0.0,2,0.0,1,0.0,0,0.0,66.67,0.0,2023-01-15,-,0,-
-,-,DaveBG,-,960.45,-1.02,1440.07,0.0,159.87,0.34,8,0.0,2,0.0,5,0.0,1,0.0,25.0,0.0,2022-01-01,-,0,-
1083,-24,szyszuniawiesz,-,960.29,-2.27,1177.44,0.0,72.39,0.76,44,0.0,10,0.0,32,0.0,2,0.0,22.73,0.0,2026-01-30,-,0,1184.0
1084,new,anonaki,-,960.17,510.17,1396.15,-103.85,145.33,145.33,7,7.0,3,3.0,4,4.0,0,0.0,42.86,42.86,2026-05-16,-,0,-
-,-,RudyRunner666,IT,960.12,-1.11,1401.39,0.0,147.09,0.37,10,0.0,4,0.0,6,0.0,0,0.0,40.0,0.0,2023-03-01,G,4,220.0
1085,-36,Wonski,-,960.03,-14.99,1406.09,-179.84,148.69,-54.95,6,3.0,2,0.0,4,3.0,0,0.0,33.33,-33.34,2026-03-26,-,0,-
-,-,IsleOfDick,-,958.35,-0.95,1473.82,0.0,171.82,0.32,6,0.0,2,0.0,2,0.0,2,0.0,33.33,0.0,2024-02-23,-,0,-
1086,-26,MareTheEnlightened,-,958.0,-1.31,1331.57,0.0,124.52,0.44,11,0.0,4,0.0,7,0.0,0,0.0,36.36,0.0,2026-02-03,-,0,1067.0
1087,-25,MLucient,-,956.62,-1.04,1428.32,0.0,157.24,0.35,6,0.0,2,0.0,3,0.0,1,0.0,33.33,0.0,2026-02-04,-,0,-
1088,-25,Keyadoria,-,956.05,-1.32,1327.82,0.0,123.92,0.44,12,0.0,4,0.0,8,0.0,0,0.0,33.33,0.0,2026-01-28,-,0,1067.0
-,-,Friedthelt,-,955.48,-1.07,1411.71,0.0,152.08,0.36,9,0.0,4,0.0,5,0.0,0,0.0,44.44,0.0,2025-02-07,-,0,1118.0
-,-,Holtykins,GB,955.43,-1.22,1357.4,0.0,133.99,0.41,11,0.0,4,0.0,7,0.0,0,0.0,36.36,0.0,2024-12-10,-,0,1184.0
-,-,hsss,-,955.17,-0.98,1452.66,0.0,165.83,0.33,6,0.0,3,0.0,3,0.0,0,0.0,50.0,0.0,2025-02-01,-,0,1118.0
-,-,Jakuu,-,954.97,-1.3,1331.31,0.0,125.45,0.43,12,0.0,3,0.0,9,0.0,0,0.0,25.0,0.0,2025-02-05,-,0,1184.0
1089,-23,HerrBu,-,954.91,-1.32,1326.68,0.0,123.92,0.44,11,0.0,2,0.0,8,0.0,1,0.0,18.18,0.0,2026-02-02,-,0,989.0
1090,-25,Kecso,-,954.9,-1.35,1318.57,0.0,121.22,0.45,12,0.0,4,0.0,8,0.0,0,0.0,33.33,0.0,2026-01-29,-,0,1118.0
-,-,Entername,-,954.86,-1.24,1349.95,0.0,131.7,0.41,9,0.0,2,0.0,7,0.0,0,0.0,22.22,0.0,2025-03-28,-,0,939.0
-,-,Lennart,-,954.58,-1.07,1411.47,0.0,152.3,0.36,8,0.0,2,0.0,6,0.0,0,0.0,25.0,0.0,2024-04-04,-,0,-
-,-,fraction,-,953.64,-1.41,1303.15,0.0,116.5,0.47,17,0.0,5,0.0,12,0.0,0,0.0,29.41,0.0,2024-08-11,-,0,-
-,-,Jbob2626,-,953.12,-1.01,1436.71,0.0,161.2,0.34,6,0.0,3,0.0,3,0.0,0,0.0,50.0,0.0,2025-01-31,-,0,1118.0
1091,33,Olunia,-,953.05,89.47,1246.04,23.02,97.66,-22.15,17,7.0,3,2.0,14,5.0,0,0.0,17.65,7.65,2026-05-12,-,0,1416.0
-,-,Eatoreded,-,952.83,-0.92,1482.3,0.0,176.49,0.31,6,0.0,3,0.0,3,0.0,0,0.0,50.0,0.0,2023-03-01,-,0,-
1092,-24,Gavatar82,-,952.12,-1.07,1409.27,0.0,152.38,0.36,5,0.0,2,0.0,3,0.0,0,0.0,40.0,0.0,2026-01-31,-,0,-
-,-,Pablito,-,951.62,-0.74,1611.4,0.0,219.93,0.25,3,0.0,2,0.0,1,0.0,0,0.0,66.67,0.0,2023-01-15,-,0,-
-,-,Martin2021,-,951.08,-1.6,1257.19,0.0,102.03,0.53,21,0.0,6,0.0,15,0.0,0,0.0,28.57,0.0,2025-02-06,-,0,753.0
1093,-22,rofler31337,-,949.74,-1.34,1314.73,0.0,121.66,0.45,11,0.0,4,0.0,7,0.0,0,0.0,36.36,0.0,2026-02-06,-,0,989.0
-,-,Atomtomate,DE,949.06,-1.86,1211.88,0.0,87.61,0.62,27,0.0,9,0.0,18,0.0,0,0.0,33.33,0.0,2025-02-19,-,0,932.0
1094,-24,Samantho,-,948.32,-2.78,1125.25,0.0,58.98,0.93,70,0.0,13,0.0,57,0.0,0,0.0,18.57,0.0,2026-02-15,-,0,718.0
1095,-23,Ivan_A_Destructalot,-,948.09,-1.56,1261.85,0.0,104.59,0.52,13,0.0,4,0.0,9,0.0,0,0.0,30.77,0.0,2026-02-11,-,0,-
1096,-23,Bruce.Twarze,-,947.61,-1.59,1256.46,0.0,102.95,0.53,17,0.0,5,0.0,12,0.0,0,0.0,29.41,0.0,2026-02-07,-,0,1118.0
1097,-23,LordMichaelDerGrosse,-,945.79,-1.36,1304.94,0.0,119.72,0.45,11,0.0,4,0.0,7,0.0,0,0.0,36.36,0.0,2026-01-30,-,0,1118.0
1098,-23,Moshmir,-,945.38,-1.04,1415.38,0.0,156.66,0.35,6,0.0,3,0.0,3,0.0,0,0.0,50.0,0.0,2026-01-30,-,0,-
-,-,_pupu_,-,945.12,-0.91,1485.0,0.0,179.96,0.3,6,0.0,3,0.0,3,0.0,0,0.0,50.0,0.0,2023-03-01,-,0,-
-,-,Malekith,-,944.4,-1.12,1382.83,0.0,146.14,0.37,6,0.0,2,0.0,4,0.0,0,0.0,33.33,0.0,2025-02-02,-,0,1184.0
-,-,ElTanque35,IT,943.92,-0.72,1620.5,0.0,225.53,0.24,3,0.0,2,0.0,1,0.0,0,0.0,66.67,0.0,2024-12-08,-,0,805.0
-,-,thomas.h.hoff,NO,943.03,-1.25,1335.54,0.0,130.84,0.42,10,0.0,3,0.0,7,0.0,0,0.0,30.0,0.0,2025-02-02,-,0,690.0
1099,-23,Ferris,-,941.71,-1.03,1417.45,0.0,158.58,0.34,6,0.0,3,0.0,3,0.0,0,0.0,50.0,0.0,2026-02-06,-,0,-
-,-,wejejeei,-,941.26,-1.1,1386.79,0.0,148.51,0.37,15,0.0,4,0.0,11,0.0,0,0.0,26.67,0.0,2024-04-04,-,0,-
1100,-23,hein,-,940.44,-0.94,1458.82,0.0,172.79,0.31,5,0.0,2,0.0,3,0.0,0,0.0,40.0,0.0,2026-02-05,-,0,-
-,-,Skarsh,-,940.31,-1.15,1367.07,0.0,142.25,0.38,9,0.0,3,0.0,6,0.0,0,0.0,33.33,0.0,2024-04-04,-,0,-
-,-,Devran,TR,940.05,-0.83,1528.75,0.0,196.23,0.28,3,0.0,2,0.0,1,0.0,0,0.0,66.67,0.0,2024-12-19,-,0,989.0
-,-,S.C.U.D.,-,939.41,-0.97,1446.38,0.0,168.99,0.32,5,0.0,3,0.0,2,0.0,0,0.0,60.0,0.0,2025-02-09,-,0,1067.0
-,-,funpaul66,-,939.29,-1.12,1375.01,0.0,145.24,0.37,11,0.0,3,0.0,8,0.0,0,0.0,27.27,0.0,2023-01-15,-,0,-
1101,-23,Oyvind,-,938.97,-1.38,1294.03,0.0,118.36,0.46,14,0.0,4,0.0,10,0.0,0,0.0,28.57,0.0,2025-12-11,-,0,1184.0
-,-,KKluigi,-,938.42,-0.94,1457.67,0.0,173.08,0.31,7,0.0,3,0.0,4,0.0,0,0.0,42.86,0.0,2023-01-15,-,0,-
1102,-23,ViznessDaBizness,-,938.21,-1.07,1396.71,0.0,152.83,0.36,6,0.0,3,0.0,3,0.0,0,0.0,50.0,0.0,2026-02-02,-,0,-
-,-,quartersmostly,-,936.99,-1.09,1386.67,0.0,149.9,0.36,6,0.0,2,0.0,4,0.0,0,0.0,33.33,0.0,2025-01-24,-,0,989.0
-,-,venansula,-,935.91,-2.14,1164.86,0.0,76.32,0.71,47,0.0,12,0.0,35,0.0,0,0.0,25.53,0.0,2023-12-03,-,0,-
-,-,TheMorat,-,935.68,-0.91,1470.89,0.0,178.4,0.3,6,0.0,2,0.0,4,0.0,0,0.0,33.33,0.0,2023-03-01,-,0,-
-,-,Judiot,-,935.38,-0.96,1444.24,0.0,169.62,0.32,6,0.0,2,0.0,4,0.0,0,0.0,33.33,0.0,2024-02-23,-,0,-
-,-,Olympia,-,935.17,-0.96,1445.22,0.0,170.02,0.32,5,0.0,2,0.0,3,0.0,0,0.0,40.0,0.0,2025-02-05,-,0,989.0
-,-,ouTlier,-,934.3,-0.81,1541.46,0.0,202.39,0.27,3,0.0,2,0.0,1,0.0,0,0.0,66.67,0.0,2024-12-16,-,0,989.0
1103,-23,Satanislav,-,934.3,-1.07,1393.64,0.0,153.11,0.36,6,0.0,2,0.0,4,0.0,0,0.0,33.33,0.0,2026-02-05,-,0,-
-,-,Gbro,-,934.21,-0.92,1464.12,0.0,176.64,0.31,6,0.0,3,0.0,3,0.0,0,0.0,50.0,0.0,2023-03-01,G,2,-
-,-,Sheik-Yerbouti,-,934.2,-0.95,1448.18,0.0,171.33,0.32,6,0.0,2,0.0,4,0.0,0,0.0,33.33,0.0,2023-03-01,-,0,-
-,-,Gelsomiina,-,933.17,-0.78,1557.15,0.0,207.99,0.26,3,0.0,2,0.0,1,0.0,0,0.0,66.67,0.0,2024-12-13,-,0,1184.0
1104,-10,Krzolek,-,932.84,15.09,1372.95,-52.81,146.7,-22.63,8,3.0,3,0.0,5,3.0,0,0.0,37.5,-22.5,2026-03-22,-,0,1381.0
1105,-24,Biggi86,-,932.3,-2.23,1152.08,0.0,73.26,0.74,37,0.0,9,0.0,28,0.0,0,0.0,24.32,0.0,2026-01-31,-,0,1067.0
1106,-24,Nevadar,-,931.91,-1.73,1215.73,0.0,94.61,0.58,21,0.0,7,0.0,14,0.0,0,0.0,33.33,0.0,2025-08-15,-,0,791.0
-,-,jerre8,-,931.12,-1.11,1372.49,0.0,147.12,0.37,9,0.0,4,0.0,5,0.0,0,0.0,44.44,0.0,2024-04-04,-,0,-
1107,-24,Serrapac,-,930.35,-1.26,1319.07,0.0,129.57,0.42,11,0.0,3,0.0,8,0.0,0,0.0,27.27,0.0,2026-02-01,-,0,1118.0
1108,4,Merclaw,-,930.17,43.5,1142.78,31.54,70.87,-3.99,42,6.0,10,2.0,32,4.0,0,0.0,23.81,1.59,2026-05-26,-,0,928.0
1109,-23,UNICOKRATOS,-,929.29,-1.5,1255.68,0.0,108.8,0.5,15,0.0,4,0.0,11,0.0,0,0.0,26.67,0.0,2026-01-31,-,0,939.0
-,-,marcusesses1,CA,928.22,-1.27,1314.91,0.0,128.89,0.42,12,0.0,3,0.0,9,0.0,0,0.0,25.0,0.0,2024-12-07,-,0,1184.0
1110,-23,weide,-,926.58,-0.8,1534.47,0.0,202.63,0.27,3,0.0,2,0.0,1,0.0,0,0.0,66.67,0.0,2025-12-17,-,0,-
1111,-23,Tleilaxx,-,926.35,-0.95,1441.55,0.0,171.73,0.32,5,0.0,2,0.0,3,0.0,0,0.0,40.0,0.0,2026-02-04,-,0,-
-,-,jineegood,-,926.11,-1.17,1345.29,0.0,139.73,0.39,11,0.0,3,0.0,8,0.0,0,0.0,27.27,0.0,2023-01-15,-,0,-
-,-,Samut,-,924.79,-0.89,1476.33,0.0,183.84,0.3,6,0.0,3,0.0,3,0.0,0,0.0,50.0,0.0,2024-02-23,-,0,-
-,-,Jaykeblakk,-,924.3,-1.03,1398.1,0.0,157.93,0.34,6,0.0,3,0.0,3,0.0,0,0.0,50.0,0.0,2025-02-14,-,0,1413.0
-,-,Nikauw,-,924.29,-1.36,1284.7,0.0,120.14,0.45,14,0.0,4,0.0,10,0.0,0,0.0,28.57,0.0,2024-08-11,-,0,-
-,-,PedrinhoPT,-,923.92,-1.18,1339.64,0.0,138.57,0.39,9,0.0,3,0.0,6,0.0,0,0.0,33.33,0.0,2024-04-04,-,0,-
1112,-17,Athafil,-,923.41,5.86,1327.95,-95.7,134.85,-33.85,9,3.0,3,0.0,6,3.0,0,0.0,33.33,-16.67,2026-03-31,-,0,-
1113,-23,loMucho,-,923.32,-1.0,1411.06,0.0,162.58,0.33,6,0.0,1,0.0,5,0.0,0,0.0,16.67,0.0,2026-01-31,-,0,-
1114,-25,srapi,-,923.24,-1.34,1290.01,0.0,122.26,0.45,10,0.0,2,0.0,8,0.0,0,0.0,20.0,0.0,2025-12-16,-,0,872.0
-,-,DrDuff,-,922.74,-0.78,1549.53,0.0,208.93,0.26,3,0.0,2,0.0,1,0.0,0,0.0,66.67,0.0,2024-01-16,-,0,-
-,-,Thrune,-,922.14,-0.92,1452.15,0.0,176.67,0.31,6,0.0,3,0.0,3,0.0,0,0.0,50.0,0.0,2023-03-01,-,0,-
1115,-8,Saph4ir,-,920.49,17.6,1168.36,-15.47,82.62,-11.02,27,7.0,6,1.0,21,6.0,0,0.0,22.22,-2.78,2026-05-16,-,0,1241.0
1116,-25,stanze,-,920.08,-1.41,1268.49,0.0,116.13,0.47,12,0.0,4,0.0,8,0.0,0,0.0,33.33,0.0,2026-01-30,-,0,1118.0
1117,-25,Happykitten,-,919.55,-1.37,1276.78,0.0,119.08,0.46,12,0.0,3,0.0,9,0.0,0,0.0,25.0,0.0,2026-02-07,-,0,1184.0
-,-,TEPBEP,-,919.25,-1.12,1357.79,0.0,146.18,0.37,8,0.0,3,0.0,5,0.0,0,0.0,37.5,0.0,2024-04-04,-,0,-
-,-,Dim_,-,918.65,-0.7,1620.2,0.0,233.85,0.23,3,0.0,2,0.0,0,0.0,1,0.0,66.67,0.0,2023-01-15,-,0,-
-,-,danjoy72,-,917.73,-0.96,1428.34,0.0,170.2,0.32,6,0.0,3,0.0,3,0.0,0,0.0,50.0,0.0,2024-02-23,-,0,-
-,-,CRISPYBABY,-,916.99,-1.09,1367.48,0.0,150.16,0.36,9,0.0,4,0.0,5,0.0,0,0.0,44.44,0.0,2024-04-04,-,0,-
1118,-22,A-Raw,-,915.22,-1.26,1303.37,0.0,129.38,0.42,12,0.0,3,0.0,9,0.0,0,0.0,25.0,0.0,2026-02-05,-,0,989.0
-,-,Decolonization,JP,915.2,-0.97,1420.19,0.0,168.33,0.32,6,0.0,2,0.0,4,0.0,0,0.0,33.33,0.0,2023-03-01,G,6,-
-,-,PinkrAnger,-,915.15,-0.87,1480.66,0.0,188.5,0.29,5,0.0,2,0.0,2,0.0,1,0.0,40.0,0.0,2023-04-02,-,0,-
-,-,samlives,-,914.19,-1.11,1353.81,0.0,146.54,0.37,8,0.0,3,0.0,5,0.0,0,0.0,37.5,0.0,2024-02-23,-,0,1429.0
-,-,FRadar,-,913.37,-0.97,1415.9,0.0,167.51,0.32,6,0.0,2,0.0,4,0.0,0,0.0,33.33,0.0,2024-02-23,-,0,-
-,-,Sabastapul,-,913.3,-1.04,1383.49,0.0,156.73,0.35,9,0.0,3,0.0,5,0.0,1,0.0,33.33,0.0,2025-02-04,-,0,1118.0
1119,-21,IngussTT,LV,912.87,-1.57,1225.02,0.0,104.05,0.52,17,0.0,4,0.0,13,0.0,0,0.0,23.53,0.0,2025-12-20,-,0,1184.0
1120,-23,Romulus07,-,912.79,-2.1,1146.98,0.0,78.06,0.7,31,0.0,6,0.0,25,0.0,0,0.0,19.35,0.0,2026-02-03,-,0,1065.0
1121,-22,Revan,DE,912.46,-1.42,1256.39,0.0,114.64,0.47,18,0.0,5,0.0,13,0.0,0,0.0,27.78,0.0,2026-02-01,-,0,1063.0
-,-,Kazan,-,911.5,-1.7,1198.92,0.0,95.81,0.57,23,0.0,5,0.0,18,0.0,0,0.0,21.74,0.0,2025-01-30,-,0,1184.0
-,-,GreatKingRat78,-,911.07,-0.95,1427.1,0.0,172.01,0.32,4,0.0,1,0.0,3,0.0,0,0.0,25.0,0.0,2025-01-30,-,0,1118.0
1122,-22,Castanicus,-,910.31,-1.36,1270.47,0.0,120.05,0.45,12,0.0,3,0.0,9,0.0,0,0.0,25.0,0.0,2026-02-16,-,0,1184.0
-,-,miniexot,-,910.08,-0.91,1446.29,0.0,178.74,0.3,7,0.0,3,0.0,4,0.0,0,0.0,42.86,0.0,2023-01-15,P,4,-
1123,-22,Smithereens,-,909.89,-0.68,1629.46,0.0,239.86,0.23,2,0.0,2,0.0,0,0.0,0,0.0,100.0,0.0,2025-12-14,-,0,-
-,-,Rabus,DE,909.77,-0.96,1417.48,0.0,169.24,0.32,6,0.0,2,0.0,4,0.0,0,0.0,33.33,0.0,2024-04-04,-,0,-
-,-,arnbold,-,908.91,-1.22,1308.95,0.0,133.35,0.41,13,0.0,3,0.0,10,0.0,0,0.0,23.08,0.0,2023-07-15,-,0,-
1124,-22,Deremfi,-,908.81,-1.06,1368.94,0.0,153.38,0.35,6,0.0,2,0.0,4,0.0,0,0.0,33.33,0.0,2026-01-31,-,0,-
-,-,osterangen,-,908.77,-0.74,1568.26,0.0,219.83,0.25,3,0.0,2,0.0,1,0.0,0,0.0,66.67,0.0,2023-01-15,-,0,-
-,-,JarekWarsaw,-,907.43,-0.71,1599.88,0.0,230.81,0.24,3,0.0,2,0.0,1,0.0,0,0.0,66.67,0.0,2023-01-15,G,10,-
-,-,theblender,-,907.43,-0.71,1599.88,0.0,230.81,0.24,3,0.0,2,0.0,1,0.0,0,0.0,66.67,0.0,2023-01-15,-,0,-
-,-,Deepthought,PT,907.43,-0.71,1599.88,0.0,230.81,0.24,3,0.0,2,0.0,1,0.0,0,0.0,66.67,0.0,2023-01-15,G,2,-
-,-,RELandREL,-,907.43,-0.71,1599.88,0.0,230.81,0.24,3,0.0,2,0.0,1,0.0,0,0.0,66.67,0.0,2023-01-15,-,0,-
1125,-22,jes-terday,-,906.46,-1.4,1255.73,0.0,116.42,0.47,12,0.0,3,0.0,9,0.0,0,0.0,25.0,0.0,2026-01-28,-,0,1118.0
1126,-22,RAKoS,-,905.91,-1.64,1205.28,0.0,99.79,0.55,18,0.0,5,0.0,13,0.0,0,0.0,27.78,0.0,2026-01-28,-,0,1067.0
-,-,Goth444,-,905.45,-0.85,1480.01,0.0,191.52,0.28,6,0.0,3,0.0,3,0.0,0,0.0,50.0,0.0,2024-02-23,-,0,-
1127,-22,Kaputsky,-,905.4,-0.95,1421.44,0.0,172.01,0.32,6,0.0,2,0.0,4,0.0,0,0.0,33.33,0.0,2026-02-05,-,0,-
-,-,Vali1590,-,905.3,-1.3,1281.14,0.0,125.28,0.43,9,0.0,2,0.0,7,0.0,0,0.0,22.22,0.0,2025-03-17,-,0,939.0
-,-,Dometcalf,-,905.19,-1.11,1345.85,0.0,146.89,0.37,9,0.0,2,0.0,7,0.0,0,0.0,22.22,0.0,2024-02-23,-,0,-
-,-,Kacperniak,-,903.85,-1.83,1171.89,0.0,89.35,0.61,27,0.0,8,0.0,19,0.0,0,0.0,29.63,0.0,2024-03-12,-,0,-
-,-,Copocioff,-,903.36,-1.06,1365.33,0.0,153.99,0.35,7,0.0,3,0.0,4,0.0,0,0.0,42.86,0.0,2024-08-11,-,0,-
1128,-22,oPPer,-,902.58,-1.11,1343.62,0.0,147.02,0.37,6,0.0,1,0.0,5,0.0,0,0.0,16.67,0.0,2026-01-29,-,0,-
-,-,GregP,US,902.4,-0.91,1441.55,0.0,179.72,0.3,6,0.0,2,0.0,4,0.0,0,0.0,33.33,0.0,2023-03-01,P,6,-
-,-,awh1979,-,902.37,-0.99,1396.55,0.0,164.73,0.33,6,0.0,2,0.0,4,0.0,0,0.0,33.33,0.0,2023-03-01,-,0,-
-,-,Bluebird503,-,901.3,-0.7,1596.36,0.0,231.69,0.23,3,0.0,2,0.0,1,0.0,0,0.0,66.67,0.0,2023-01-15,-,0,-
-,-,footjoy39,-,900.85,-1.06,1360.81,0.0,153.32,0.35,6,0.0,3,0.0,3,0.0,0,0.0,50.0,0.0,2025-02-06,-,0,1067.0
-,-,LeChuckichu,DK,899.99,-0.73,1572.4,0.0,224.14,0.24,3,0.0,2,0.0,1,0.0,0,0.0,66.67,0.0,2023-01-15,-,0,-
-,-,icedrakin,-,899.99,-0.73,1572.4,0.0,224.14,0.24,3,0.0,2,0.0,1,0.0,0,0.0,66.67,0.0,2023-01-15,-,0,-
-,-,MadsB,-,899.57,-1.45,1237.87,0.0,112.77,0.48,15,0.0,5,0.0,10,0.0,0,0.0,33.33,0.0,2023-09-24,-,0,-
-,-,Sengir80,-,899.06,-0.83,1491.41,0.0,197.45,0.28,4,0.0,2,0.0,2,0.0,0,0.0,50.0,0.0,2024-02-23,-,0,437.0
-,-,O.K.,-,898.41,-1.29,1276.91,0.0,126.17,0.43,12,0.0,3,0.0,9,0.0,0,0.0,25.0,0.0,2025-02-03,-,0,1118.0
-,-,Bricks718,-,898.0,-1.09,1347.1,0.0,149.7,0.36,8,0.0,3,0.0,5,0.0,0,0.0,37.5,0.0,2024-04-04,-,0,-
-,-,Brumkalinka,-,897.45,-1.05,1362.87,0.0,155.14,0.35,8,0.0,3,0.0,5,0.0,0,0.0,37.5,0.0,2025-02-06,-,0,1067.0
-,-,Nicks,CA,897.36,-1.04,1368.43,0.0,157.02,0.35,9,0.0,2,0.0,7,0.0,0,0.0,22.22,0.0,2023-04-16,-,0,630.0
1129,-19,Frank92,-,897.2,-1.01,1383.4,0.0,162.06,0.34,7,0.0,5,0.0,2,0.0,0,0.0,71.43,0.0,2025-11-16,-,0,1286.0
-,-,midr,-,897.17,-0.83,1486.69,0.0,196.51,0.28,3,0.0,1,0.0,2,0.0,0,0.0,33.33,0.0,2024-02-23,-,0,-
1130,-21,SolPanda,-,896.99,-1.45,1235.22,0.0,112.74,0.48,12,0.0,3,0.0,8,0.0,1,0.0,25.0,0.0,2026-02-09,-,0,1184.0
-,-,Arnaud,CH,896.75,-0.98,1396.84,0.0,166.7,0.33,6,0.0,1,0.0,5,0.0,0,0.0,16.67,0.0,2023-04-16,P,6,-
-,-,mazir,-,896.04,-1.42,1240.0,0.0,114.65,0.47,18,0.0,5,0.0,13,0.0,0,0.0,27.78,0.0,2024-08-11,-,0,-
-,-,sbronzisjhonson,-,895.66,-1.04,1367.73,0.0,157.36,0.35,9,0.0,2,0.0,6,0.0,1,0.0,22.22,0.0,2024-04-04,-,0,1287.0
-,-,Dipac,-,895.4,-1.07,1352.05,0.0,152.22,0.36,6,0.0,2,0.0,4,0.0,0,0.0,33.33,0.0,2025-02-04,-,0,1184.0
-,-,Boogeli,NL,894.98,-0.98,1391.87,0.0,165.63,0.33,5,0.0,1,0.0,3,0.0,1,0.0,20.0,0.0,2024-04-04,-,0,-
-,-,LordBC,AU,894.71,-1.16,1316.29,0.0,140.53,0.39,8,0.0,2,0.0,6,0.0,0,0.0,25.0,0.0,2025-03-27,-,0,872.0
-,-,RabidRabbit,US,894.5,-0.97,1397.54,0.0,167.68,0.32,6,0.0,2,0.0,4,0.0,0,0.0,33.33,0.0,2023-03-01,-,0,-
-,-,cbend37,US,894.45,-0.99,1387.51,0.0,164.35,0.33,9,0.0,3,0.0,6,0.0,0,0.0,33.33,0.0,2024-02-23,-,0,-
-,-,gusanitocruz,-,893.66,-1.56,1208.63,0.0,104.99,0.52,20,0.0,6,0.0,14,0.0,0,0.0,30.0,0.0,2025-02-13,-,0,1109.0
-,-,Stevenlan90,-,891.76,-0.98,1389.25,0.0,165.83,0.33,6,0.0,2,0.0,4,0.0,0,0.0,33.33,0.0,2024-02-23,-,0,-
1131,-13,Czechlands,-,890.87,16.35,1331.53,-54.51,146.89,-23.62,8,3.0,3,0.0,5,3.0,0,0.0,37.5,-22.5,2026-03-23,-,0,-
-,-,Mandrillus,-,889.5,-0.91,1424.87,0.0,178.45,0.3,6,0.0,3,0.0,3,0.0,0,0.0,50.0,0.0,2023-03-01,-,0,-
-,-,Albertotron,-,889.42,-0.78,1512.67,0.0,207.75,0.26,4,0.0,2,0.0,2,0.0,0,0.0,50.0,0.0,2021-11-15,-,0,-
-,-,Paracelso,-,889.22,-1.29,1268.34,0.0,126.37,0.43,13,0.0,3,0.0,10,0.0,0,0.0,23.08,0.0,2025-02-01,-,0,986.0
-,-,Warpfield,-,887.35,-1.04,1358.52,0.0,157.06,0.35,6,0.0,2,0.0,4,0.0,0,0.0,33.33,0.0,2025-01-29,-,0,989.0
1132,-21,Nimnaros,-,886.79,-0.93,1414.59,0.0,175.93,0.31,5,0.0,3,0.0,2,0.0,0,0.0,60.0,0.0,2026-02-07,-,0,-
-,-,Ryuk,-,886.29,-0.99,1378.06,0.0,163.92,0.33,8,0.0,2,0.0,6,0.0,0,0.0,25.0,0.0,2022-01-01,-,0,-
-,-,SonnyBB,-,885.09,-1.0,1374.31,0.0,163.07,0.33,8,0.0,2,0.0,6,0.0,0,0.0,25.0,0.0,2022-01-01,-,0,-
-,-,Lidocaina,-,885.08,-1.01,1371.57,0.0,162.16,0.34,8,0.0,2,0.0,6,0.0,0,0.0,25.0,0.0,2022-01-01,-,0,-
-,-,PabloSalinas,-,885.08,-1.01,1371.57,0.0,162.16,0.34,8,0.0,2,0.0,6,0.0,0,0.0,25.0,0.0,2022-01-01,-,0,-
1133,-19,sackn,-,884.27,-1.05,1350.2,0.0,155.31,0.35,6,0.0,2,0.0,4,0.0,0,0.0,33.33,0.0,2026-01-28,-,0,-
-,-,GAM3NURD,US,884.27,-1.22,1285.48,0.0,133.73,0.41,12,0.0,3,0.0,9,0.0,0,0.0,25.0,0.0,2024-12-05,-,0,1287.0
1134,-19,XRipper,-,880.95,-1.05,1348.34,0.0,155.8,0.35,6,0.0,2,0.0,4,0.0,0,0.0,33.33,0.0,2026-02-04,-,0,-
1135,-19,jurgen18,-,879.82,-1.29,1258.97,0.0,126.38,0.43,9,0.0,3,0.0,6,0.0,0,0.0,33.33,0.0,2026-02-08,-,0,1287.0
1136,-19,Lexa7,-,877.09,-1.23,1275.8,0.0,132.9,0.41,10,0.0,3,0.0,7,0.0,0,0.0,30.0,0.0,2026-02-01,-,0,-
-,-,DanReyLop,-,876.84,-1.11,1318.18,0.0,147.12,0.37,8,0.0,3,0.0,5,0.0,0,0.0,37.5,0.0,2025-03-16,-,0,939.0
-,-,Machote,-,876.42,-0.77,1511.29,0.0,211.62,0.26,2,0.0,1,0.0,1,0.0,0,0.0,50.0,0.0,2024-02-23,-,0,-
-,-,maciejka,-,876.12,-1.0,1366.52,0.0,163.47,0.33,6,0.0,2,0.0,4,0.0,0,0.0,33.33,0.0,2024-04-04,-,0,-
-,-,clickk,-,875.69,-1.21,1278.96,0.0,134.42,0.4,9,0.0,2,0.0,7,0.0,0,0.0,22.22,0.0,2025-03-23,-,0,939.0
-,-,Gideon333,-,874.78,-1.04,1343.69,0.0,156.3,0.35,9,0.0,3,0.0,6,0.0,0,0.0,33.33,0.0,2023-11-07,-,0,-
-,-,HeM99,-,874.51,-1.04,1344.74,0.0,156.74,0.35,6,0.0,2,0.0,4,0.0,0,0.0,33.33,0.0,2025-02-04,-,0,989.0
-,-,alban,-,874.38,-1.07,1332.74,0.0,152.79,0.36,6,0.0,2,0.0,4,0.0,0,0.0,33.33,0.0,2025-02-12,-,0,1118.0
1137,-18,SCN,-,872.26,-1.45,1211.97,0.0,113.24,0.48,14,0.0,4,0.0,10,0.0,0,0.0,28.57,0.0,2026-02-04,-,0,1184.0
1138,-18,Qirgi,-,872.26,-1.22,1273.15,0.0,133.63,0.41,11,0.0,5,0.0,6,0.0,0,0.0,45.45,0.0,2026-02-03,-,0,1067.0
-,-,DecMoon,FR,872.13,-2.89,1042.04,0.0,56.64,0.96,80,0.0,18,0.0,59,0.0,3,0.0,22.5,0.0,2024-04-14,-,0,-
-,-,Kirian,-,871.42,-1.02,1352.52,0.0,160.37,0.34,6,0.0,2,0.0,4,0.0,0,0.0,33.33,0.0,2025-02-02,-,0,1067.0
-,-,Rychlik,CZ,870.65,-0.85,1445.63,0.0,191.66,0.28,6,0.0,2,0.0,4,0.0,0,0.0,33.33,0.0,2024-04-04,-,0,-
1139,-18,MATADORDELMAR,-,869.02,-1.42,1214.24,0.0,115.07,0.47,15,0.0,5,0.0,10,0.0,0,0.0,33.33,0.0,2026-01-29,-,0,1287.0
1140,19,jandaron,TR,868.95,81.01,1234.4,48.4,121.82,-10.87,12,3.0,3,1.0,9,2.0,0,0.0,25.0,2.78,2026-04-05,-,0,1280.0
-,-,JFK2016,US,868.49,-1.38,1222.67,0.0,118.06,0.46,15,0.0,5,0.0,10,0.0,0,0.0,33.33,0.0,2023-07-15,-,0,-
-,-,postalrat,-,867.89,-0.97,1370.12,0.0,167.41,0.32,6,0.0,2,0.0,4,0.0,0,0.0,33.33,0.0,2024-02-23,-,0,-
-,-,Rincy73,-,866.75,-0.97,1371.43,0.0,168.23,0.32,7,0.0,2,0.0,5,0.0,0,0.0,28.57,0.0,2023-01-15,-,0,-
1141,-19,rubenman,-,866.09,-1.42,1210.43,0.0,114.78,0.47,13,0.0,3,0.0,10,0.0,0,0.0,23.08,0.0,2026-01-31,-,0,-
-,-,pootify,-,865.69,-0.93,1391.62,0.0,175.31,0.31,4,0.0,1,0.0,3,0.0,0,0.0,25.0,0.0,2025-02-01,-,0,1067.0
1142,-19,GWItheUltimate,CA,865.22,-1.64,1164.37,0.0,99.71,0.55,23,0.0,4,0.0,19,0.0,0,0.0,17.39,0.0,2025-12-14,-,0,1114.0
-,-,FLOW_OF_C_H,-,865.08,-0.92,1394.37,0.0,176.43,0.31,5,0.0,2,0.0,3,0.0,0,0.0,40.0,0.0,2024-02-23,-,0,-
-,-,prnv1992,-,864.14,-1.16,1287.43,0.0,141.1,0.39,8,0.0,2,0.0,6,0.0,0,0.0,25.0,0.0,2024-04-04,-,0,-
-,-,BlueJay,-,863.92,-1.06,1326.33,0.0,154.13,0.35,6,0.0,2,0.0,4,0.0,0,0.0,33.33,0.0,2025-02-02,-,0,1184.0
-,-,Ptarr,-,863.35,-0.96,1372.35,0.0,169.67,0.32,7,0.0,2,0.0,5,0.0,0,0.0,28.57,0.0,2023-01-15,-,0,-
-,-,wheelerruss,GB,862.85,-2.88,1033.43,0.0,56.86,0.96,78,0.0,16,0.0,60,0.0,2,0.0,20.51,0.0,2024-12-12,-,0,1111.0
-,-,Raphi,-,862.51,-1.59,1170.58,0.0,102.69,0.53,18,0.0,4,0.0,14,0.0,0,0.0,22.22,0.0,2025-02-12,-,0,1184.0
-,-,Alessannr,-,861.61,-1.13,1294.88,0.0,144.42,0.38,12,0.0,3,0.0,9,0.0,0,0.0,25.0,0.0,2024-04-04,-,0,-
-,-,Ranger,-,860.78,-1.01,1344.95,0.0,161.39,0.34,6,0.0,2,0.0,4,0.0,0,0.0,33.33,0.0,2025-01-30,-,0,1184.0
-,-,JuanitosCZ,-,860.41,-0.76,1500.0,0.0,213.2,0.25,4,0.0,2,0.0,2,0.0,0,0.0,50.0,0.0,2021-11-15,-,0,-
-,-,huihuang,-,860.41,-0.76,1500.0,0.0,213.2,0.25,4,0.0,2,0.0,2,0.0,0,0.0,50.0,0.0,2021-11-15,-,0,-
-,-,hehasmoments,-,860.41,-0.76,1500.0,0.0,213.2,0.25,4,0.0,2,0.0,2,0.0,0,0.0,50.0,0.0,2021-11-15,-,0,-
-,-,Goldan,-,860.41,-0.76,1500.0,0.0,213.2,0.25,4,0.0,2,0.0,2,0.0,0,0.0,50.0,0.0,2021-11-15,G,10,-
-,-,SlemmeOdder,-,860.41,-0.76,1500.0,0.0,213.2,0.25,4,0.0,2,0.0,2,0.0,0,0.0,50.0,0.0,2021-11-15,-,0,-
-,-,Terumo,-,860.41,-0.76,1500.0,0.0,213.2,0.25,4,0.0,2,0.0,2,0.0,0,0.0,50.0,0.0,2021-11-15,-,0,-
-,-,manulao,-,860.41,-0.76,1500.0,0.0,213.2,0.25,4,0.0,2,0.0,2,0.0,0,0.0,50.0,0.0,2021-11-15,-,0,-
-,-,yangziduan,-,860.41,-0.76,1500.0,0.0,213.2,0.25,4,0.0,2,0.0,2,0.0,0,0.0,50.0,0.0,2021-11-15,-,0,1245.0
-,-,Ostua,-,860.41,-0.76,1500.0,0.0,213.2,0.25,4,0.0,2,0.0,2,0.0,0,0.0,50.0,0.0,2021-11-15,-,0,-
-,-,Karhaix,-,860.41,-0.76,1500.0,0.0,213.2,0.25,4,0.0,2,0.0,2,0.0,0,0.0,50.0,0.0,2021-11-15,-,0,-
-,-,qifeng,-,860.41,-0.76,1500.0,0.0,213.2,0.25,4,0.0,2,0.0,2,0.0,0,0.0,50.0,0.0,2021-11-15,-,0,-
-,-,rhode,-,860.41,-0.76,1500.0,0.0,213.2,0.25,4,0.0,2,0.0,2,0.0,0,0.0,50.0,0.0,2021-11-15,-,0,-
-,-,Shobalk,US,860.41,-0.76,1500.0,0.0,213.2,0.25,4,0.0,2,0.0,2,0.0,0,0.0,50.0,0.0,2021-11-15,-,0,-
-,-,ligohigh,-,860.41,-0.76,1500.0,0.0,213.2,0.25,4,0.0,2,0.0,2,0.0,0,0.0,50.0,0.0,2021-11-15,-,0,-
-,-,pororo2,-,860.41,-0.76,1500.0,0.0,213.2,0.25,4,0.0,2,0.0,2,0.0,0,0.0,50.0,0.0,2021-11-15,-,0,-
-,-,samtheman,-,860.41,-0.76,1500.0,0.0,213.2,0.25,4,0.0,2,0.0,2,0.0,0,0.0,50.0,0.0,2021-11-15,-,0,-
-,-,BrentC,-,860.41,-0.76,1500.0,0.0,213.2,0.25,4,0.0,2,0.0,2,0.0,0,0.0,50.0,0.0,2021-11-15,-,0,-
-,-,Arnekin,-,860.41,-0.76,1500.0,0.0,213.2,0.25,4,0.0,2,0.0,2,0.0,0,0.0,50.0,0.0,2021-11-15,G,2,1287.0
-,-,Abby1991,-,860.41,-0.76,1500.0,0.0,213.2,0.25,4,0.0,2,0.0,2,0.0,0,0.0,50.0,0.0,2021-11-15,-,0,-
-,-,thelittlejim,-,860.41,-0.76,1500.0,0.0,213.2,0.25,4,0.0,2,0.0,2,0.0,0,0.0,50.0,0.0,2021-11-15,-,0,-
-,-,Calo,-,860.41,-0.76,1500.0,0.0,213.2,0.25,4,0.0,2,0.0,2,0.0,0,0.0,50.0,0.0,2021-11-15,-,0,-
-,-,madrabbit,-,860.41,-0.76,1500.0,0.0,213.2,0.25,4,0.0,2,0.0,2,0.0,0,0.0,50.0,0.0,2021-11-15,P,2,552.0
-,-,JediPrzemo,-,860.41,-0.76,1500.0,0.0,213.2,0.25,4,0.0,2,0.0,2,0.0,0,0.0,50.0,0.0,2021-11-15,-,0,-
-,-,GrzeHu,-,860.41,-0.76,1500.0,0.0,213.2,0.25,4,0.0,2,0.0,2,0.0,0,0.0,50.0,0.0,2021-11-15,-,0,-
-,-,DanielLin,-,860.41,-0.76,1500.0,0.0,213.2,0.25,4,0.0,2,0.0,2,0.0,0,0.0,50.0,0.0,2021-11-15,-,0,-
-,-,RickLoftson,CA,860.41,-0.76,1500.0,0.0,213.2,0.25,4,0.0,2,0.0,2,0.0,0,0.0,50.0,0.0,2021-11-15,-,0,-
-,-,Aftermath,-,860.41,-0.76,1500.0,0.0,213.2,0.25,4,0.0,2,0.0,2,0.0,0,0.0,50.0,0.0,2021-11-15,-,0,-
-,-,ADRILU,-,860.41,-0.76,1500.0,0.0,213.2,0.25,4,0.0,2,0.0,2,0.0,0,0.0,50.0,0.0,2021-11-15,-,0,-
-,-,est,-,860.41,-0.76,1500.0,0.0,213.2,0.25,4,0.0,2,0.0,2,0.0,0,0.0,50.0,0.0,2021-11-15,-,0,-
-,-,LyraInfinite,-,860.41,-0.76,1500.0,0.0,213.2,0.25,4,0.0,2,0.0,2,0.0,0,0.0,50.0,0.0,2021-11-15,-,0,-
-,-,cleantroll,-,860.41,-0.76,1500.0,0.0,213.2,0.25,4,0.0,2,0.0,2,0.0,0,0.0,50.0,0.0,2021-11-15,-,0,-
-,-,flautert,-,860.41,-0.76,1500.0,0.0,213.2,0.25,4,0.0,2,0.0,2,0.0,0,0.0,50.0,0.0,2021-11-15,-,0,-
-,-,Eira,-,860.41,-0.76,1500.0,0.0,213.2,0.25,4,0.0,2,0.0,2,0.0,0,0.0,50.0,0.0,2021-11-15,-,0,-
-,-,G_7,-,860.41,-0.76,1500.0,0.0,213.2,0.25,4,0.0,2,0.0,2,0.0,0,0.0,50.0,0.0,2021-11-15,G,12,-
-,-,Zelbot,-,860.41,-0.76,1500.0,0.0,213.2,0.25,4,0.0,2,0.0,2,0.0,0,0.0,50.0,0.0,2021-11-15,-,0,-
-,-,FalcoLombardi,-,860.41,-0.76,1500.0,0.0,213.2,0.25,4,0.0,2,0.0,2,0.0,0,0.0,50.0,0.0,2021-11-15,-,0,-
-,-,Luitheone,-,860.41,-0.76,1500.0,0.0,213.2,0.25,4,0.0,2,0.0,2,0.0,0,0.0,50.0,0.0,2021-11-15,-,0,-
-,-,ColdSpark,-,860.41,-0.76,1500.0,0.0,213.2,0.25,4,0.0,2,0.0,2,0.0,0,0.0,50.0,0.0,2021-11-15,-,0,-
1143,-18,madmanmatt666,-,859.85,-1.01,1344.35,0.0,161.5,0.34,6,0.0,2,0.0,4,0.0,0,0.0,33.33,0.0,2026-02-06,-,0,1287.0
1144,-18,SargeGunz,-,859.12,-1.2,1267.3,0.0,136.06,0.4,9,0.0,3,0.0,6,0.0,0,0.0,33.33,0.0,2026-01-31,-,0,-
-,-,PocketAmazing,-,858.87,-0.94,1381.78,0.0,174.31,0.31,6,0.0,2,0.0,4,0.0,0,0.0,33.33,0.0,2024-02-23,-,0,-
-,-,Brandon12129,US,858.58,-0.97,1362.36,0.0,167.93,0.32,7,0.0,2,0.0,5,0.0,0,0.0,28.57,0.0,2023-05-14,-,0,-
-,-,berpdreyfuss,-,857.24,-0.92,1388.79,0.0,177.18,0.31,6,0.0,2,0.0,4,0.0,0,0.0,33.33,0.0,2023-03-01,-,0,-
-,-,KaiMorten,-,857.23,-1.15,1281.99,0.0,141.59,0.38,7,0.0,2,0.0,5,0.0,0,0.0,28.57,0.0,2025-01-31,-,0,1184.0
-,-,Krucik,-,857.05,-1.07,1316.22,0.0,153.06,0.36,10,0.0,2,0.0,7,0.0,1,0.0,20.0,0.0,2023-03-01,-,0,-
1145,-18,rem_Abaddon,-,855.4,-1.22,1257.93,0.0,134.18,0.41,11,0.0,3,0.0,8,0.0,0,0.0,27.27,0.0,2026-01-29,-,0,1067.0
-,-,eotta,-,855.25,-1.87,1117.24,0.0,87.33,0.62,28,0.0,6,0.0,22,0.0,0,0.0,21.43,0.0,2024-10-31,-,0,-
1146,-18,Beewiz,-,854.64,-1.22,1257.19,0.0,134.18,0.41,9,0.0,2,0.0,7,0.0,0,0.0,22.22,0.0,2026-01-30,-,0,1287.0
-,-,MartinCZE,CZ,853.84,-2.41,1059.28,0.0,68.48,0.8,51,0.0,11,0.0,40,0.0,0,0.0,21.57,0.0,2025-02-01,-,0,915.0
-,-,Signor_Darcy,-,853.29,-1.1,1297.93,0.0,148.22,0.37,10,0.0,3,0.0,7,0.0,0,0.0,30.0,0.0,2024-01-16,-,0,-
-,-,Ananasantti,FI,853.15,-1.1,1296.62,0.0,147.82,0.37,9,0.0,2,0.0,7,0.0,0,0.0,22.22,0.0,2024-04-04,-,0,-
1147,-17,Zielonus,-,852.16,-1.32,1222.8,0.0,123.55,0.44,12,0.0,3,0.0,9,0.0,0,0.0,25.0,0.0,2026-02-08,-,0,1118.0
-,-,Siccarius,US,851.97,-0.93,1379.45,0.0,175.83,0.31,6,0.0,2,0.0,4,0.0,0,0.0,33.33,0.0,2024-02-23,P,2,-
-,-,Shalif,FR,851.43,-1.38,1206.49,0.0,118.35,0.46,16,0.0,5,0.0,11,0.0,0,0.0,31.25,0.0,2024-12-12,-,0,1184.0
-,-,hors7,-,850.93,-1.77,1128.52,0.0,92.53,0.59,31,0.0,3,0.0,24,0.0,4,0.0,9.68,0.0,2023-11-15,-,0,-
-,-,rrobby,IT,849.44,-0.98,1348.89,0.0,166.48,0.33,6,0.0,2,0.0,4,0.0,0,0.0,33.33,0.0,2024-02-23,-,0,1287.0
1148,-17,Leoneed.P87,-,848.05,-1.1,1294.14,0.0,148.7,0.37,6,0.0,2,0.0,4,0.0,0,0.0,33.33,0.0,2026-01-29,-,0,-
1149,-17,Zzharg,-,847.2,-1.16,1270.77,0.0,141.19,0.39,9,0.0,2,0.0,7,0.0,0,0.0,22.22,0.0,2026-02-14,-,0,-
-,-,FuManchu,-,846.19,-2.53,1040.48,0.0,64.76,0.84,58,0.0,10,0.0,48,0.0,0,0.0,17.24,0.0,2025-05-18,-,0,1051.0
-,-,8bitMeeple,-,844.67,-0.95,1357.16,0.0,170.83,0.32,7,0.0,2,0.0,5,0.0,0,0.0,28.57,0.0,2023-01-15,-,0,-
-,-,popdragon,-,844.66,-0.88,1401.56,0.0,185.63,0.29,6,0.0,2,0.0,4,0.0,0,0.0,33.33,0.0,2024-01-16,-,0,-
-,-,maffoffo,-,844.6,-0.91,1381.53,0.0,178.98,0.3,5,0.0,2,0.0,3,0.0,0,0.0,40.0,0.0,2025-02-03,-,0,798.0
1150,-17,Less5,-,844.14,-2.2,1067.62,0.0,74.49,0.73,37,0.0,6,0.0,31,0.0,0,0.0,16.22,0.0,2025-12-13,-,0,987.0
1151,-17,Gramadancho,-,841.38,-1.31,1215.39,0.0,124.67,0.44,12,0.0,3,0.0,9,0.0,0,0.0,25.0,0.0,2026-01-29,-,0,1118.0
-,-,Schallers3000,DE,839.01,-1.87,1101.8,0.0,87.6,0.62,30,0.0,1,0.0,28,0.0,1,0.0,3.33,0.0,2024-10-01,G,4,-
-,-,djed,-,838.4,-0.95,1355.42,0.0,172.34,0.32,7,0.0,2,0.0,5,0.0,0,0.0,28.57,0.0,2023-01-15,-,0,-
1152,-16,Mathilda,-,837.8,-0.88,1396.55,0.0,186.25,0.29,3,0.0,1,0.0,2,0.0,0,0.0,33.33,0.0,2025-12-12,-,0,-
1153,-18,JimBryan,-,837.51,-1.27,1223.99,0.0,128.83,0.42,12,0.0,5,0.0,7,0.0,0,0.0,41.67,0.0,2026-02-07,-,0,1067.0
-,-,Balquaz,NO,836.63,-1.03,1313.79,0.0,159.05,0.34,9,0.0,4,0.0,5,0.0,0,0.0,44.44,0.0,2024-02-23,-,0,-
-,-,Sir_Jacob,-,835.96,-1.8,1108.63,0.0,90.89,0.6,24,0.0,6,0.0,18,0.0,0,0.0,25.0,0.0,2023-11-07,-,0,-
1154,-17,Wolfric,-,835.65,-0.95,1353.0,0.0,172.45,0.32,6,0.0,1,0.0,5,0.0,0,0.0,16.67,0.0,2026-02-01,-,0,-
-,-,mladodoc,-,835.2,-0.72,1512.17,0.0,225.66,0.24,3,0.0,2,0.0,1,0.0,0,0.0,66.67,0.0,2024-01-16,-,0,-
1155,-17,vekijo,-,834.35,-1.07,1289.66,0.0,151.77,0.36,6,0.0,2,0.0,4,0.0,0,0.0,33.33,0.0,2026-02-04,-,0,-
-,-,bobis,-,833.84,-1.3,1211.03,0.0,125.73,0.43,14,0.0,4,0.0,10,0.0,0,0.0,28.57,0.0,2023-08-18,-,0,-
-,-,karatox,-,832.72,-2.14,1062.44,0.0,76.57,0.71,30,0.0,2,0.0,27,0.0,1,0.0,6.67,0.0,2024-10-01,-,0,-
-,-,LuisPerdomo,-,831.82,-0.9,1374.18,0.0,180.79,0.3,6,0.0,2,0.0,4,0.0,0,0.0,33.33,0.0,2024-02-23,-,0,-
1156,-11,RuslanP,-,830.65,6.59,1279.69,-40.7,149.68,-15.76,9,3.0,2,0.0,7,3.0,0,0.0,22.22,-11.11,2026-03-23,-,0,-
1157,-18,Clarinachos,-,830.64,-1.06,1291.11,0.0,153.49,0.35,12,0.0,3,0.0,9,0.0,0,0.0,25.0,0.0,2026-02-02,-,0,1271.0
1158,-8,Emerson6Motorcar,-,830.51,21.46,1282.7,-76.34,150.73,-32.6,7,3.0,1,0.0,6,3.0,0,0.0,14.29,-10.71,2026-04-06,-,0,-
-,-,bedtimeformonkeys,-,830.16,-0.89,1382.35,0.0,184.06,0.3,6,0.0,2,0.0,4,0.0,0,0.0,33.33,0.0,2023-03-01,-,0,-
-,-,Kozzie,-,828.69,-0.95,1342.81,0.0,171.37,0.32,6,0.0,3,0.0,3,0.0,0,0.0,50.0,0.0,2024-08-11,-,0,-
1159,-18,Lenni010,-,828.1,-0.97,1331.93,0.0,167.94,0.32,6,0.0,2,0.0,4,0.0,0,0.0,33.33,0.0,2026-01-29,-,0,-
1160,-20,Nomade,-,827.76,-1.43,1170.38,0.0,114.21,0.48,18,0.0,3,0.0,15,0.0,0,0.0,16.67,0.0,2025-12-10,-,0,1118.0
1161,-19,jormapa,-,827.12,-1.09,1274.52,0.0,149.13,0.36,6,0.0,2,0.0,4,0.0,0,0.0,33.33,0.0,2026-01-29,-,0,-
1162,-19,Gregoriocasa,-,824.9,-1.1,1270.5,0.0,148.53,0.37,6,0.0,2,0.0,4,0.0,0,0.0,33.33,0.0,2026-02-05,-,0,-
1163,-19,Tomek,-,823.14,-1.02,1304.68,0.0,160.51,0.34,6,0.0,2,0.0,4,0.0,0,0.0,33.33,0.0,2026-02-08,-,0,1287.0
-,-,Szymonn,-,821.28,-1.46,1157.38,0.0,112.03,0.49,15,0.0,1,0.0,14,0.0,0,0.0,6.67,0.0,2023-10-09,-,0,-
-,-,master176281,DE,820.95,-0.96,1332.66,0.0,170.57,0.32,7,0.0,2,0.0,5,0.0,0,0.0,28.57,0.0,2023-01-15,-,0,-
1164,-18,cagreat1,-,820.74,-1.07,1279.65,0.0,152.97,0.36,6,0.0,2,0.0,4,0.0,0,0.0,33.33,0.0,2026-02-03,-,0,-
-,-,mariyka,RU,819.87,-1.78,1095.73,0.0,91.95,0.59,25,0.0,3,0.0,22,0.0,0,0.0,12.0,0.0,2024-12-15,-,0,1287.0
-,-,ConquistadorColumbus,-,818.37,-1.17,1236.84,0.0,139.49,0.39,12,0.0,2,0.0,9,0.0,1,0.0,16.67,0.0,2024-04-04,-,0,-
-,-,liladre,-,816.84,-1.99,1066.22,0.0,83.13,0.66,28,0.0,5,0.0,23,0.0,0,0.0,17.86,0.0,2023-10-09,-,0,-
1165,-18,firstfloorfinest,BE,815.84,-1.1,1259.2,0.0,147.79,0.37,9,0.0,2,0.0,7,0.0,0,0.0,22.22,0.0,2025-12-13,-,0,-
-,-,Seppel,-,815.65,-0.83,1407.9,0.0,197.42,0.28,4,0.0,1,0.0,3,0.0,0,0.0,25.0,0.0,2024-02-23,-,0,750.0
-,-,Tleilax,-,815.56,-1.17,1232.87,0.0,139.1,0.39,6,0.0,0,0.0,6,0.0,0,0.0,0.0,0.0,2024-04-14,-,0,-
1166,-15,Moskbnea,-,814.51,6.52,973.06,5.42,52.85,-0.37,97,7.0,15,1.0,81,6.0,1,0.0,15.46,-0.1,2026-05-13,-,0,1057.0
-,-,calatravag,-,814.0,-1.1,1256.94,0.0,147.65,0.37,7,0.0,1,0.0,6,0.0,0,0.0,14.29,0.0,2024-04-04,-,0,-
1167,-19,kackajoni,-,813.73,-1.38,1168.35,0.0,118.21,0.46,12,0.0,3,0.0,9,0.0,0,0.0,25.0,0.0,2026-02-03,-,0,1118.0
-,-,Sinkadus,SE,813.68,-0.89,1364.82,0.0,183.71,0.3,7,0.0,2,0.0,5,0.0,0,0.0,28.57,0.0,2023-01-15,-,0,-
-,-,funkenschlag,-,812.34,-0.95,1325.8,0.0,171.15,0.32,7,0.0,2,0.0,5,0.0,0,0.0,28.57,0.0,2023-01-15,-,0,-
1168,-19,RodaxIII,-,810.98,-1.89,1070.01,0.0,86.34,0.63,23,0.0,4,0.0,19,0.0,0,0.0,17.39,0.0,2025-11-18,-,0,1270.0
-,-,Apofis,BG,808.28,-0.76,1455.16,0.0,215.63,0.25,3,0.0,1,0.0,2,0.0,0,0.0,33.33,0.0,2023-01-15,-,0,-
-,-,Gladue,-,807.82,-0.94,1329.78,0.0,173.99,0.31,6,0.0,1,0.0,5,0.0,0,0.0,16.67,0.0,2023-03-01,-,0,-
-,-,Cespac,-,807.56,-0.71,1500.0,0.0,230.81,0.24,3,0.0,1,0.0,1,0.0,1,0.0,33.33,0.0,2023-01-15,-,0,-
-,-,dburstin,-,806.71,-0.9,1350.27,0.0,181.19,0.3,5,0.0,2,0.0,3,0.0,0,0.0,40.0,0.0,2025-02-02,-,0,939.0
-,-,maurice986,-,806.19,-1.03,1282.95,0.0,158.92,0.34,6,0.0,2,0.0,4,0.0,0,0.0,33.33,0.0,2025-01-30,-,0,1118.0
1169,-17,vyvy,-,806.16,-1.19,1217.81,0.0,137.21,0.4,8,0.0,2,0.0,6,0.0,0,0.0,25.0,0.0,2026-02-05,-,0,755.0
-,-,srfdevotee,US,805.17,-0.82,1402.41,0.0,199.08,0.27,3,0.0,1,0.0,2,0.0,0,0.0,33.33,0.0,2024-12-22,-,0,1287.0
1170,-17,haakonaugustus,-,805.05,-1.08,1258.88,0.0,151.28,0.36,6,0.0,1,0.0,5,0.0,0,0.0,16.67,0.0,2026-02-05,-,0,-
-,-,hopek,-,802.81,-0.92,1331.83,0.0,176.34,0.31,7,0.0,3,0.0,4,0.0,0,0.0,42.86,0.0,2023-10-05,-,0,-
-,-,CainsAngel,-,801.93,-0.92,1334.35,0.0,177.47,0.31,5,0.0,1,0.0,4,0.0,0,0.0,20.0,0.0,2025-02-01,-,0,989.0
-,-,TwoFold,-,801.31,-0.95,1315.48,0.0,171.39,0.32,6,0.0,1,0.0,5,0.0,0,0.0,16.67,0.0,2024-12-15,-,0,1184.0
-,-,BubbaOFC,-,801.28,-0.93,1329.24,0.0,175.98,0.31,7,0.0,2,0.0,5,0.0,0,0.0,28.57,0.0,2023-01-15,-,0,-
-,-,Marchely,-,799.9,-1.16,1221.17,0.0,140.42,0.39,9,0.0,2,0.0,7,0.0,0,0.0,22.22,0.0,2025-01-31,-,0,1118.0
1171,-17,thebigcheese,-,799.13,-1.28,1182.12,0.0,127.66,0.43,12,0.0,2,0.0,10,0.0,0,0.0,16.67,0.0,2026-02-02,-,0,1287.0
1172,-16,Fifagi,-,798.63,-1.05,1266.62,0.0,156.0,0.35,6,0.0,2,0.0,4,0.0,0,0.0,33.33,0.0,2026-02-01,-,0,-
1173,-18,Panxo,CL,798.32,-1.42,1144.33,0.0,115.34,0.47,18,0.0,3,0.0,15,0.0,0,0.0,16.67,0.0,2026-02-01,-,0,922.0
-,-,Grishnakk,-,798.26,-0.97,1302.06,0.0,167.93,0.32,6,0.0,1,0.0,5,0.0,0,0.0,16.67,0.0,2024-04-04,-,0,-
-,-,MBK,-,796.91,-0.9,1341.7,0.0,181.6,0.3,6,0.0,2,0.0,4,0.0,0,0.0,33.33,0.0,2024-02-23,-,0,-
-,-,CharlieFish,-,796.77,-1.1,1240.03,0.0,147.75,0.37,6,0.0,1,0.0,5,0.0,0,0.0,16.67,0.0,2025-01-27,-,0,1118.0
-,-,But,-,795.93,-1.29,1175.57,0.0,126.55,0.43,12,0.0,2,0.0,10,0.0,0,0.0,16.67,0.0,2025-01-28,-,0,1184.0
-,-,Jagophile,-,795.06,-0.97,1297.21,0.0,167.38,0.32,6,0.0,1,0.0,5,0.0,0,0.0,16.67,0.0,2024-02-23,-,0,-
1174,-17,EbaN,-,795.02,-1.03,1268.82,0.0,157.93,0.34,6,0.0,1,0.0,5,0.0,0,0.0,16.67,0.0,2026-02-11,-,0,-
-,-,opk,-,794.61,-1.24,1188.9,0.0,131.43,0.41,12,0.0,2,0.0,10,0.0,0,0.0,16.67,0.0,2025-02-02,-,0,1118.0
1175,-17,AvanAgornin,-,794.38,-1.01,1278.95,0.0,161.52,0.34,6,0.0,1,0.0,5,0.0,0,0.0,16.67,0.0,2026-01-28,-,0,-
-,-,MikeyB,-,793.75,-1.0,1282.37,0.0,162.87,0.33,6,0.0,1,0.0,5,0.0,0,0.0,16.67,0.0,2024-02-23,-,0,-
-,-,GeneralWaste,-,792.48,-0.91,1328.68,0.0,178.74,0.3,7,0.0,2,0.0,5,0.0,0,0.0,28.57,0.0,2023-01-15,-,0,-
-,-,draxius,-,789.39,-1.08,1240.72,0.0,150.44,0.36,12,0.0,2,0.0,10,0.0,0,0.0,16.67,0.0,2024-04-04,-,0,-
-,-,juancho1976,-,789.14,-0.99,1283.38,0.0,164.75,0.33,6,0.0,1,0.0,5,0.0,0,0.0,16.67,0.0,2024-02-23,-,0,-
-,-,hongcha,-,787.72,-0.92,1318.33,0.0,176.87,0.31,7,0.0,1,0.0,5,0.0,1,0.0,14.29,0.0,2023-01-15,-,0,-
-,-,dejwut,-,784.86,-1.02,1266.65,0.0,160.6,0.34,6,0.0,1,0.0,5,0.0,0,0.0,16.67,0.0,2024-02-23,-,0,-
-,-,toptheworld,-,784.2,-1.23,1182.06,0.0,132.62,0.41,12,0.0,2,0.0,10,0.0,0,0.0,16.67,0.0,2025-02-03,-,0,1184.0
-,-,Bushel,-,783.82,-1.05,1248.51,0.0,154.9,0.35,9,0.0,2,0.0,7,0.0,0,0.0,22.22,0.0,2023-04-02,-,0,-
-,-,Badavan,-,783.33,-0.67,1516.71,0.0,244.46,0.22,3,0.0,2,0.0,1,0.0,0,0.0,66.67,0.0,2024-01-16,-,0,-
1176,-16,Dexray,-,783.26,-0.94,1303.52,0.0,173.42,0.31,5,0.0,1,0.0,4,0.0,0,0.0,20.0,0.0,2026-01-30,-,0,-
-,-,Igrokratiya,-,782.93,-1.09,1231.77,0.0,149.61,0.36,6,0.0,0,0.0,6,0.0,0,0.0,0.0,0.0,2025-01-29,-,0,1184.0
1177,-16,emifon90,-,782.5,-0.84,1362.84,0.0,193.45,0.28,3,0.0,1,0.0,2,0.0,0,0.0,33.33,0.0,2025-12-12,-,0,1421.0
-,-,superginger,-,780.11,-0.93,1305.66,0.0,175.19,0.31,6,0.0,2,0.0,4,0.0,0,0.0,33.33,0.0,2023-03-01,-,0,-
-,-,HnNAdventures,-,779.98,-1.55,1095.85,0.0,105.29,0.52,21,0.0,4,0.0,17,0.0,0,0.0,19.05,0.0,2024-02-23,-,0,-
-,-,ahowlin,-,778.5,-0.82,1373.7,0.0,198.4,0.27,3,0.0,1,0.0,2,0.0,0,0.0,33.33,0.0,2023-01-15,-,0,-
1178,-16,Hengoroth,-,777.78,-1.28,1159.0,0.0,127.07,0.43,15,0.0,3,0.0,12,0.0,0,0.0,20.0,0.0,2026-02-11,-,0,1184.0
-,-,ALEKYD,-,776.65,-0.76,1416.24,0.0,213.2,0.25,4,0.0,1,0.0,2,0.0,1,0.0,25.0,0.0,2021-11-15,-,0,-
-,-,xiangyi,-,776.65,-0.76,1416.24,0.0,213.2,0.25,4,0.0,1,0.0,2,0.0,1,0.0,25.0,0.0,2021-11-15,-,0,-
-,-,Jerome_Eiffel,-,776.6,-0.72,1460.43,0.0,227.95,0.24,2,0.0,1,0.0,1,0.0,0,0.0,50.0,0.0,2023-10-22,-,0,-
-,-,Nacarato,-,775.78,-0.55,1662.31,0.0,295.51,0.18,1,0.0,1,0.0,0,0.0,0,0.0,100.0,0.0,2019-05-13,-,0,-
-,-,applearn,-,775.11,-0.88,1329.21,0.0,184.7,0.29,6,0.0,1,0.0,5,0.0,0,0.0,16.67,0.0,2023-03-01,-,0,-
1179,-16,KeNMansters,-,775.05,-0.99,1267.08,0.0,164.01,0.33,5,0.0,1,0.0,4,0.0,0,0.0,20.0,0.0,2026-01-30,-,0,-
-,-,SpillisWillis,-,774.29,-1.0,1262.57,0.0,162.76,0.33,6,0.0,1,0.0,5,0.0,0,0.0,16.67,0.0,2025-01-29,-,0,1177.0
-,-,thegruffalo,-,773.62,-1.05,1241.51,0.0,155.96,0.35,6,0.0,1,0.0,5,0.0,0,0.0,16.67,0.0,2025-02-03,-,0,989.0
-,-,JeremyBrokaw,US,773.02,-0.55,1662.31,0.0,296.43,0.18,1,0.0,1,0.0,0,0.0,0,0.0,100.0,0.0,2018-02-18,P,2,-
-,-,anakbawang,-,773.02,-0.55,1662.31,0.0,296.43,0.18,1,0.0,1,0.0,0,0.0,0,0.0,100.0,0.0,2018-01-03,-,0,-
-,-,Talbatross,-,772.81,-1.22,1174.83,0.0,134.01,0.41,12,0.0,2,0.0,10,0.0,0,0.0,16.67,0.0,2024-04-04,-,0,-
-,-,KingPerun,-,772.62,-1.01,1255.27,0.0,160.89,0.34,6,0.0,1,0.0,4,0.0,1,0.0,16.67,0.0,2025-01-27,-,0,1184.0
1180,10,omoi,-,772.4,52.87,1079.33,-6.77,102.31,-19.88,17,7.0,2,1.0,15,6.0,0,0.0,11.76,1.76,2026-05-16,-,0,-
-,-,KytteKatte,-,772.25,-0.74,1431.74,0.0,219.83,0.25,3,0.0,1,0.0,2,0.0,0,0.0,33.33,0.0,2023-01-15,-,0,-
-,-,SagYer,-,772.25,-0.74,1431.74,0.0,219.83,0.25,3,0.0,1,0.0,2,0.0,0,0.0,33.33,0.0,2023-01-15,-,0,-
1181,-17,Rocodo,-,772.08,-0.91,1309.07,0.0,179.0,0.3,7,0.0,4,0.0,3,0.0,0,0.0,57.14,0.0,2025-08-20,-,0,1413.0
-,-,Benici,-,770.88,-1.05,1235.67,0.0,154.93,0.35,6,0.0,1,0.0,5,0.0,0,0.0,16.67,0.0,2024-04-04,-,0,-
-,-,defazze,-,768.24,-0.75,1419.74,0.0,217.17,0.25,3,0.0,1,0.0,2,0.0,0,0.0,33.33,0.0,2023-01-15,-,0,-
-,-,JBloodski,-,767.9,-0.97,1274.39,0.0,168.83,0.32,5,0.0,1,0.0,4,0.0,0,0.0,20.0,0.0,2025-01-30,-,0,939.0
-,-,Kermitoos,-,767.61,-0.84,1349.11,0.0,193.83,0.28,3,0.0,1,0.0,2,0.0,0,0.0,33.33,0.0,2024-12-13,-,0,989.0
-,-,ZguZimZguZa,-,767.12,-0.75,1423.18,0.0,218.69,0.25,3,0.0,1,0.0,2,0.0,0,0.0,33.33,0.0,2023-01-15,-,0,-
-,-,Tohuwabohu,-,766.91,-0.73,1436.51,0.0,223.2,0.24,3,0.0,1,0.0,2,0.0,0,0.0,33.33,0.0,2023-01-15,-,0,-
-,-,ludnunes,-,766.91,-0.73,1436.51,0.0,223.2,0.24,3,0.0,1,0.0,2,0.0,0,0.0,33.33,0.0,2023-01-15,-,0,-
-,-,Durin_NL,NL,766.04,-0.74,1427.62,0.0,220.53,0.25,3,0.0,1,0.0,2,0.0,0,0.0,33.33,0.0,2023-01-15,-,0,-
-,-,DancingQuinn,-,765.37,-1.0,1253.1,0.0,162.58,0.33,6,0.0,2,0.0,4,0.0,0,0.0,33.33,0.0,2024-08-04,-,0,-
1182,-17,sparkyal,-,765.22,-1.15,1189.45,0.0,141.41,0.38,6,0.0,1,0.0,5,0.0,0,0.0,16.67,0.0,2026-02-02,-,0,-
1183,-17,Trek,-,764.29,-1.21,1167.56,0.0,134.42,0.4,11,0.0,2,0.0,9,0.0,0,0.0,18.18,0.0,2026-02-04,-,0,1118.0
1184,-17,janbandit,-,763.5,-1.23,1161.74,0.0,132.75,0.41,10,0.0,1,0.0,9,0.0,0,0.0,10.0,0.0,2026-02-07,-,0,1118.0
-,-,orlin614,-,762.51,-1.12,1198.43,0.0,145.31,0.37,6,0.0,1,0.0,5,0.0,0,0.0,16.67,0.0,2023-10-22,-,0,-
1185,-17,Micha501,-,760.32,-1.19,1169.9,0.0,136.52,0.4,12,0.0,3,0.0,9,0.0,0,0.0,25.0,0.0,2026-02-01,-,0,1118.0
-,-,alexruzzier,-,759.59,-0.92,1290.85,0.0,177.09,0.31,5,0.0,1,0.0,4,0.0,0,0.0,20.0,0.0,2024-02-23,-,0,-
1186,-17,Meklaurufen,-,758.99,-1.02,1240.39,0.0,160.46,0.34,5,0.0,1,0.0,4,0.0,0,0.0,20.0,0.0,2026-02-03,-,0,-
-,-,Dragonheard4,-,758.19,-0.85,1332.87,0.0,191.56,0.28,5,0.0,1,0.0,4,0.0,0,0.0,20.0,0.0,2024-04-04,-,0,-
1187,-17,Redders,-,756.59,-0.89,1304.39,0.0,182.6,0.3,5,0.0,1,0.0,4,0.0,0,0.0,20.0,0.0,2026-02-02,-,0,-
1188,-17,cultro,-,755.43,-1.46,1091.26,0.0,111.94,0.49,15,0.0,1,0.0,14,0.0,0,0.0,6.67,0.0,2025-12-08,-,0,1287.0
-,-,jogkongTW,-,755.35,-0.76,1396.53,0.0,213.73,0.25,6,0.0,1,0.0,4,0.0,1,0.0,16.67,0.0,2023-03-01,-,0,-
1189,-17,Wolfdragons,-,754.27,-1.08,1207.86,0.0,151.2,0.36,6,0.0,2,0.0,4,0.0,0,0.0,33.33,0.0,2026-02-08,-,0,-
-,-,S0neca_,-,753.66,-0.82,1348.8,0.0,198.38,0.27,3,0.0,1,0.0,2,0.0,0,0.0,33.33,0.0,2024-12-06,-,0,1287.0
-,-,LavenderQueen,-,751.54,-0.77,1385.68,0.0,211.38,0.26,3,0.0,0,0.0,1,0.0,2,0.0,0.0,0.0,2024-01-16,-,0,-
-,-,JonJayJanyJanzn,-,750.87,-0.76,1395.22,0.0,214.78,0.25,3,0.0,1,0.0,2,0.0,0,0.0,33.33,0.0,2024-12-08,-,0,1184.0
1190,-17,Francesco_,-,745.44,-1.09,1194.69,0.0,149.75,0.36,6,0.0,1,0.0,5,0.0,0,0.0,16.67,0.0,2026-02-12,-,0,-
-,-,ndzwdz,-,745.35,-1.88,1006.67,0.0,87.11,0.63,30,0.0,3,0.0,26,0.0,1,0.0,10.0,0.0,2024-10-31,-,0,-
-,-,Albino,-,745.2,-1.02,1225.33,0.0,160.04,0.34,6,0.0,1,0.0,5,0.0,0,0.0,16.67,0.0,2024-04-04,-,0,-
1191,-17,Viktoria301296,-,744.25,-0.88,1300.43,0.0,185.39,0.29,5,0.0,1,0.0,4,0.0,0,0.0,20.0,0.0,2026-02-02,-,0,-
-,-,Scotty4s,-,743.68,-0.93,1268.17,0.0,174.83,0.31,4,0.0,1,0.0,3,0.0,0,0.0,25.0,0.0,2025-02-04,-,0,1067.0
1192,-17,Gigot,-,743.47,-1.25,1134.48,0.0,130.34,0.42,12,0.0,2,0.0,10,0.0,0,0.0,16.67,0.0,2026-01-28,-,0,1184.0
-,-,Jelen117,-,742.63,-0.91,1282.53,0.0,179.96,0.3,6,0.0,1,0.0,5,0.0,0,0.0,16.67,0.0,2023-03-01,-,0,-
-,-,Apriori1,-,742.24,-1.01,1226.02,0.0,161.26,0.34,6,0.0,1,0.0,5,0.0,0,0.0,16.67,0.0,2025-01-31,-,0,1184.0
1193,-17,Papella,-,742.08,-1.08,1197.0,0.0,151.64,0.36,6,0.0,1,0.0,5,0.0,0,0.0,16.67,0.0,2026-02-03,-,0,-
-,-,PortugueseBandit,-,742.05,-0.96,1251.43,0.0,169.79,0.32,6,0.0,2,0.0,4,0.0,0,0.0,33.33,0.0,2025-02-04,-,0,1118.0
-,-,Monty1979,-,741.35,-0.89,1292.55,0.0,183.73,0.3,4,0.0,1,0.0,3,0.0,0,0.0,25.0,0.0,2025-02-05,-,0,1183.0
1194,-17,8840806,-,740.05,-0.82,1333.77,0.0,197.91,0.27,3,0.0,0,0.0,3,0.0,0,0.0,0.0,0.0,2025-11-11,-,0,-
-,-,Left-fire-egg,-,739.67,-0.92,1272.23,0.0,177.52,0.31,6,0.0,1,0.0,5,0.0,0,0.0,16.67,0.0,2024-02-23,-,0,-
-,-,pablocg,-,738.87,-1.02,1217.41,0.0,159.51,0.34,6,0.0,1,0.0,5,0.0,0,0.0,16.67,0.0,2024-04-04,-,0,-
-,-,IndieErikJones,-,738.66,-1.01,1221.87,0.0,161.07,0.34,6,0.0,1,0.0,5,0.0,0,0.0,16.67,0.0,2024-02-23,-,0,-
1195,-17,vuffe,-,738.03,-1.07,1194.33,0.0,152.1,0.36,6,0.0,0,0.0,5,0.0,1,0.0,0.0,0.0,2026-02-05,-,0,-
-,-,NicolasJavier,-,737.96,-1.03,1214.03,0.0,158.69,0.34,6,0.0,1,0.0,5,0.0,0,0.0,16.67,0.0,2025-01-31,-,0,1184.0
1196,-17,majin,-,737.57,-0.82,1336.64,0.0,199.69,0.27,3,0.0,0,0.0,3,0.0,0,0.0,0.0,0.0,2025-12-06,-,0,-
1197,-17,JackoKun,-,737.09,-1.11,1178.61,0.0,147.17,0.37,6,0.0,1,0.0,5,0.0,0,0.0,16.67,0.0,2026-02-07,-,0,1287.0
-,-,Doddus,IT,735.6,-0.95,1249.73,0.0,171.38,0.32,6,0.0,1,0.0,5,0.0,0,0.0,16.67,0.0,2024-04-04,-,0,1388.0
-,-,marcelodadf,-,735.25,-0.79,1352.06,0.0,205.6,0.26,3,0.0,1,0.0,2,0.0,0,0.0,33.33,0.0,2024-02-23,-,0,-
-,-,CeeJ,-,734.62,-0.9,1276.95,0.0,180.78,0.3,6,0.0,1,0.0,5,0.0,0,0.0,16.67,0.0,2024-01-16,-,0,-
-,-,CabalSociety,-,733.94,-0.92,1267.08,0.0,177.71,0.31,6,0.0,1,0.0,5,0.0,0,0.0,16.67,0.0,2023-03-01,-,0,-
-,-,Keffo,-,733.9,-0.74,1393.33,0.0,219.81,0.25,3,0.0,1,0.0,2,0.0,0,0.0,33.33,0.0,2023-01-15,-,0,-
-,-,JoeBa,-,733.09,-0.97,1239.23,0.0,168.71,0.32,6,0.0,1,0.0,5,0.0,0,0.0,16.67,0.0,2024-02-23,-,0,-
1198,-17,Jacko65,-,732.96,-1.67,1026.06,0.0,97.7,0.56,27,0.0,3,0.0,24,0.0,0,0.0,11.11,0.0,2025-12-07,-,0,1184.0
1199,-17,TarisI,-,732.79,-0.98,1232.92,0.0,166.71,0.33,6,0.0,2,0.0,4,0.0,0,0.0,33.33,0.0,2026-01-29,-,0,-
1200,-17,tiagosilva,-,731.99,-1.0,1223.5,0.0,163.84,0.33,6,0.0,1,0.0,5,0.0,0,0.0,16.67,0.0,2025-12-05,-,0,1050.0
-,-,reddog,-,730.24,-1.13,1164.55,0.0,144.77,0.38,6,0.0,0,0.0,6,0.0,0,0.0,0.0,0.0,2025-01-31,-,0,1184.0
-,-,Vinny6060,-,728.51,-0.91,1268.61,0.0,180.03,0.3,6,0.0,1,0.0,5,0.0,0,0.0,16.67,0.0,2024-02-23,-,0,872.0
-,-,RiccardoRaso,-,728.08,-0.74,1387.57,0.0,219.83,0.25,3,0.0,1,0.0,2,0.0,0,0.0,33.33,0.0,2023-01-15,-,0,-
-,-,Nele,-,728.08,-0.74,1387.57,0.0,219.83,0.25,3,0.0,1,0.0,2,0.0,0,0.0,33.33,0.0,2023-01-15,-,0,-
-,-,Athelis,-,728.08,-0.74,1387.57,0.0,219.83,0.25,3,0.0,1,0.0,2,0.0,0,0.0,33.33,0.0,2023-01-15,-,0,-
1201,-17,TomaszW,-,725.4,-0.9,1267.8,0.0,180.8,0.3,3,0.0,0,0.0,3,0.0,0,0.0,0.0,0.0,2025-12-13,-,0,-
-,-,-BARBAR-,-,724.36,-0.9,1269.93,0.0,181.86,0.3,7,0.0,1,0.0,5,0.0,1,0.0,14.29,0.0,2023-01-15,-,0,-
1202,-17,Viceroy,-,722.64,-0.81,1324.7,0.0,200.69,0.27,3,0.0,1,0.0,2,0.0,0,0.0,33.33,0.0,2025-12-16,-,0,-
-,-,Garghi,IT,722.38,-0.98,1222.94,0.0,166.85,0.33,6,0.0,2,0.0,4,0.0,0,0.0,33.33,0.0,2023-07-15,-,0,-
1203,-17,Shary,-,722.1,-0.83,1312.29,0.0,196.73,0.28,3,0.0,0,0.0,2,0.0,1,0.0,0.0,0.0,2025-12-13,-,0,-
1204,-17,Lint,-,721.8,-1.02,1202.11,0.0,160.1,0.34,6,0.0,1,0.0,5,0.0,0,0.0,16.67,0.0,2025-12-18,-,0,-
-,-,MadAvenger,-,719.26,-0.96,1231.41,0.0,170.72,0.32,7,0.0,1,0.0,6,0.0,0,0.0,14.29,0.0,2023-01-15,-,0,-
1205,-17,Camy,-,719.23,-1.04,1189.41,0.0,156.72,0.35,5,0.0,1,0.0,4,0.0,0,0.0,20.0,0.0,2026-01-31,-,0,-
-,-,Foujou,-,719.19,-0.97,1224.4,0.0,168.4,0.32,6,0.0,1,0.0,5,0.0,0,0.0,16.67,0.0,2024-02-23,-,0,-
-,-,chumchu,-,718.86,-0.63,1500.0,0.0,260.38,0.21,2,0.0,1,0.0,1,0.0,0,0.0,50.0,0.0,2018-01-16,-,0,-
1206,-17,Wombelbat,-,718.75,-1.06,1181.33,0.0,154.19,0.35,6,0.0,1,0.0,5,0.0,0,0.0,16.67,0.0,2026-02-01,-,0,1375.0
-,-,MarioG1,-,718.43,-0.92,1252.37,0.0,177.98,0.31,3,0.0,0,0.0,3,0.0,0,0.0,0.0,0.0,2024-04-14,-,0,-
-,-,ElArchitekto,-,717.46,-0.99,1211.05,0.0,164.53,0.33,6,0.0,1,0.0,5,0.0,0,0.0,16.67,0.0,2025-02-02,-,0,1184.0
-,-,Wing,-,716.99,-0.95,1229.72,0.0,170.91,0.32,5,0.0,0,0.0,4,0.0,1,0.0,0.0,0.0,2025-01-31,-,0,1118.0
-,-,Moondarra,-,713.54,-0.75,1365.23,0.0,217.23,0.25,3,0.0,0,0.0,2,0.0,1,0.0,0.0,0.0,2023-01-15,-,0,-
1207,-16,FabioFurious,-,713.15,-0.89,1264.06,0.0,183.64,0.3,3,0.0,0,0.0,3,0.0,0,0.0,0.0,0.0,2025-12-08,-,0,-
1208,-16,monorator,-,712.5,-1.21,1115.72,0.0,134.41,0.4,12,0.0,1,0.0,11,0.0,0,0.0,8.33,0.0,2025-12-14,-,0,1184.0
-,-,BillyPilgrim,-,712.45,-0.78,1341.81,0.0,209.79,0.26,3,0.0,1,0.0,2,0.0,0,0.0,33.33,0.0,2024-12-17,-,0,989.0
-,-,nasing,-,711.95,-0.73,1384.35,0.0,224.14,0.24,3,0.0,1,0.0,2,0.0,0,0.0,33.33,0.0,2023-01-15,-,0,-
-,-,Nymphaea,DE,710.51,-0.71,1400.12,0.0,229.87,0.24,3,0.0,1,0.0,2,0.0,0,0.0,33.33,0.0,2024-01-16,-,0,1271.0
-,-,SPEEDOWAGON,-,710.51,-0.71,1400.12,0.0,229.87,0.24,3,0.0,1,0.0,2,0.0,0,0.0,33.33,0.0,2024-01-16,-,0,1287.0
-,-,Tippin,-,710.51,-0.71,1400.12,0.0,229.87,0.24,3,0.0,1,0.0,2,0.0,0,0.0,33.33,0.0,2024-02-23,-,0,-
-,-,Cragheart,DK,709.73,-0.93,1238.0,0.0,176.09,0.31,5,0.0,1,0.0,4,0.0,0,0.0,20.0,0.0,2023-04-02,-,0,-
1209,-16,mkuz18,-,709.73,-1.12,1146.3,0.0,145.52,0.37,8,0.0,1,0.0,7,0.0,0,0.0,12.5,0.0,2025-12-18,-,0,1118.0
-,-,jjmancini,-,708.25,-0.96,1218.7,0.0,170.15,0.32,6,0.0,1,0.0,5,0.0,0,0.0,16.67,0.0,2024-01-16,-,0,-
-,-,__Alex__,-,707.94,-1.75,987.6,0.0,93.22,0.58,38,0.0,3,0.0,30,0.0,5,0.0,7.89,0.0,2024-10-01,-,0,-
-,-,Drk,IT,707.68,-0.71,1400.12,0.0,230.81,0.24,3,0.0,1,0.0,2,0.0,0,0.0,33.33,0.0,2023-01-15,-,0,648.0
-,-,Elendil,-,707.68,-0.71,1400.12,0.0,230.81,0.24,3,0.0,1,0.0,2,0.0,0,0.0,33.33,0.0,2023-01-15,-,0,-
-,-,Hokingfai,HK,707.68,-0.71,1400.12,0.0,230.81,0.24,3,0.0,1,0.0,2,0.0,0,0.0,33.33,0.0,2023-01-15,-,0,-
-,-,somanyrocks,-,707.68,-0.71,1400.12,0.0,230.81,0.24,3,0.0,1,0.0,2,0.0,0,0.0,33.33,0.0,2023-01-15,-,0,-
-,-,MickeyStein,-,707.68,-0.71,1400.12,0.0,230.81,0.24,3,0.0,1,0.0,2,0.0,0,0.0,33.33,0.0,2023-01-15,-,0,-
-,-,Svaldini,CA,707.68,-0.71,1400.12,0.0,230.81,0.24,3,0.0,1,0.0,2,0.0,0,0.0,33.33,0.0,2023-01-15,-,0,-
1210,-16,Mighke,-,706.87,-1.15,1132.1,0.0,141.74,0.38,10,0.0,2,0.0,8,0.0,0,0.0,20.0,0.0,2026-02-01,-,0,1118.0
-,-,MythMoth,-,706.62,-0.74,1365.66,0.0,219.68,0.25,3,0.0,1,0.0,2,0.0,0,0.0,33.33,0.0,2023-01-15,-,0,-
-,-,Maukka,-,706.27,-0.95,1221.1,0.0,171.61,0.32,8,0.0,1,0.0,7,0.0,0,0.0,12.5,0.0,2024-04-04,-,0,-
-,-,Seeker6498,-,705.54,-0.79,1328.59,0.0,207.68,0.26,4,0.0,1,0.0,3,0.0,0,0.0,25.0,0.0,2021-11-15,-,0,-
1211,-16,Frabac,-,703.86,-2.18,928.66,0.0,74.93,0.73,64,0.0,6,0.0,58,0.0,0,0.0,9.38,0.0,2025-12-10,-,0,711.0
1212,-16,Azami,-,703.2,-1.07,1161.25,0.0,152.68,0.36,6,0.0,1,0.0,5,0.0,0,0.0,16.67,0.0,2026-02-04,-,0,1287.0
1213,-16,Vaibhavaiyar,-,702.99,-1.22,1104.63,0.0,133.88,0.41,14,0.0,2,0.0,12,0.0,0,0.0,14.29,0.0,2026-01-31,-,0,1184.0
-,-,Lindoro,-,701.29,-0.9,1245.95,0.0,181.56,0.3,6,0.0,3,0.0,3,0.0,0,0.0,50.0,0.0,2024-08-11,-,0,-
-,-,kivirowei,-,700.76,-1.23,1098.28,0.0,132.51,0.41,10,0.0,1,0.0,9,0.0,0,0.0,10.0,0.0,2025-05-16,-,0,1174.0
-,-,Rancho,-,695.66,-1.01,1179.41,0.0,161.25,0.34,9,0.0,1,0.0,8,0.0,0,0.0,11.11,0.0,2024-02-23,-,0,-
-,-,Tomo,-,694.49,-0.99,1188.9,0.0,164.8,0.33,8,0.0,1,0.0,7,0.0,0,0.0,12.5,0.0,2024-01-16,-,0,-
-,-,OffDutyDad,-,694.33,-0.92,1223.6,0.0,176.42,0.31,6,0.0,1,0.0,5,0.0,0,0.0,16.67,0.0,2024-02-23,-,0,1287.0
-,-,Nelissanne,-,692.88,-0.76,1332.47,0.0,213.2,0.25,4,0.0,1,0.0,3,0.0,0,0.0,25.0,0.0,2021-11-15,-,0,-
-,-,GMass,-,692.88,-0.76,1332.47,0.0,213.2,0.25,4,0.0,1,0.0,3,0.0,0,0.0,25.0,0.0,2021-11-15,-,0,-
-,-,Silent82,-,692.88,-0.76,1332.47,0.0,213.2,0.25,4,0.0,1,0.0,3,0.0,0,0.0,25.0,0.0,2021-11-15,-,0,-
-,-,Xunguito,-,692.88,-0.76,1332.47,0.0,213.2,0.25,4,0.0,1,0.0,3,0.0,0,0.0,25.0,0.0,2021-11-15,-,0,-
-,-,Prezez,-,692.88,-0.76,1332.47,0.0,213.2,0.25,4,0.0,1,0.0,3,0.0,0,0.0,25.0,0.0,2021-11-15,-,0,-
-,-,rmrfusr,-,692.88,-0.76,1332.47,0.0,213.2,0.25,4,0.0,1,0.0,3,0.0,0,0.0,25.0,0.0,2021-11-15,-,0,-
-,-,Grisen,-,692.88,-0.76,1332.47,0.0,213.2,0.25,4,0.0,1,0.0,3,0.0,0,0.0,25.0,0.0,2021-11-15,-,0,-
-,-,toooooof,-,692.88,-0.76,1332.47,0.0,213.2,0.25,4,0.0,1,0.0,3,0.0,0,0.0,25.0,0.0,2021-11-15,-,0,-
-,-,Tosser,-,692.88,-0.76,1332.47,0.0,213.2,0.25,4,0.0,1,0.0,3,0.0,0,0.0,25.0,0.0,2021-11-15,-,0,-
-,-,Jaack,-,692.88,-0.76,1332.47,0.0,213.2,0.25,4,0.0,1,0.0,3,0.0,0,0.0,25.0,0.0,2021-11-15,-,0,-
-,-,Qrzy,-,692.88,-0.76,1332.47,0.0,213.2,0.25,4,0.0,1,0.0,3,0.0,0,0.0,25.0,0.0,2021-11-15,-,0,-
-,-,Lemth,-,692.88,-0.76,1332.47,0.0,213.2,0.25,4,0.0,1,0.0,3,0.0,0,0.0,25.0,0.0,2021-11-15,-,0,-
-,-,Toniolamachine,-,692.88,-0.76,1332.47,0.0,213.2,0.25,4,0.0,1,0.0,3,0.0,0,0.0,25.0,0.0,2021-11-15,-,0,-
-,-,Marcin85,-,692.88,-0.76,1332.47,0.0,213.2,0.25,4,0.0,1,0.0,3,0.0,0,0.0,25.0,0.0,2021-11-15,-,0,-
-,-,Yellowhammer,-,692.88,-0.76,1332.47,0.0,213.2,0.25,4,0.0,1,0.0,3,0.0,0,0.0,25.0,0.0,2021-11-15,-,0,-
-,-,pilscobra,-,692.88,-0.76,1332.47,0.0,213.2,0.25,4,0.0,1,0.0,3,0.0,0,0.0,25.0,0.0,2021-11-15,-,0,-
-,-,Iba,-,692.88,-0.76,1332.47,0.0,213.2,0.25,4,0.0,1,0.0,3,0.0,0,0.0,25.0,0.0,2021-11-15,-,0,-
-,-,Hapetiitti,-,692.88,-0.76,1332.47,0.0,213.2,0.25,4,0.0,1,0.0,3,0.0,0,0.0,25.0,0.0,2021-11-15,-,0,-
-,-,Nagato,-,692.88,-0.76,1332.47,0.0,213.2,0.25,4,0.0,1,0.0,3,0.0,0,0.0,25.0,0.0,2021-11-15,-,0,-
-,-,xiaxud,-,692.88,-0.76,1332.47,0.0,213.2,0.25,4,0.0,1,0.0,3,0.0,0,0.0,25.0,0.0,2021-11-15,-,0,-
-,-,jeannot_la_pinte,-,692.88,-0.76,1332.47,0.0,213.2,0.25,4,0.0,1,0.0,3,0.0,0,0.0,25.0,0.0,2021-11-15,-,0,-
-,-,Dedengkot,-,692.88,-0.76,1332.47,0.0,213.2,0.25,4,0.0,1,0.0,3,0.0,0,0.0,25.0,0.0,2021-11-15,-,0,-
-,-,lpoulter,GB,692.88,-0.76,1332.47,0.0,213.2,0.25,4,0.0,1,0.0,3,0.0,0,0.0,25.0,0.0,2021-11-15,-,0,-
-,-,wolvie02,-,692.88,-0.76,1332.47,0.0,213.2,0.25,4,0.0,1,0.0,3,0.0,0,0.0,25.0,0.0,2021-11-15,-,0,-
-,-,astrostl,-,692.88,-0.76,1332.47,0.0,213.2,0.25,4,0.0,1,0.0,3,0.0,0,0.0,25.0,0.0,2021-11-15,-,0,-
-,-,goldeneyeonline,DE,692.88,-0.76,1332.47,0.0,213.2,0.25,4,0.0,1,0.0,3,0.0,0,0.0,25.0,0.0,2021-11-15,-,0,-
-,-,hcllineker,-,692.88,-0.76,1332.47,0.0,213.2,0.25,4,0.0,1,0.0,3,0.0,0,0.0,25.0,0.0,2021-11-15,-,0,-
-,-,czosy,-,692.88,-0.76,1332.47,0.0,213.2,0.25,4,0.0,1,0.0,3,0.0,0,0.0,25.0,0.0,2021-11-15,-,0,-
-,-,hewb2006,-,692.88,-0.76,1332.47,0.0,213.2,0.25,4,0.0,1,0.0,3,0.0,0,0.0,25.0,0.0,2021-11-15,-,0,-
-,-,joofajnvyber,-,692.88,-0.76,1332.47,0.0,213.2,0.25,4,0.0,1,0.0,3,0.0,0,0.0,25.0,0.0,2021-11-15,-,0,-
-,-,Beru,-,692.88,-0.76,1332.47,0.0,213.2,0.25,4,0.0,1,0.0,3,0.0,0,0.0,25.0,0.0,2021-11-15,-,0,-
-,-,Freddy1986,-,692.88,-0.76,1332.47,0.0,213.2,0.25,4,0.0,1,0.0,3,0.0,0,0.0,25.0,0.0,2021-11-15,-,0,-
-,-,Baso,IT,692.88,-0.76,1332.47,0.0,213.2,0.25,4,0.0,1,0.0,3,0.0,0,0.0,25.0,0.0,2021-11-15,-,0,-
-,-,ZenosHoplite,-,692.88,-0.76,1332.47,0.0,213.2,0.25,4,0.0,1,0.0,3,0.0,0,0.0,25.0,0.0,2021-11-15,-,0,-
-,-,whq115,-,692.88,-0.76,1332.47,0.0,213.2,0.25,4,0.0,1,0.0,3,0.0,0,0.0,25.0,0.0,2021-11-15,-,0,-
-,-,nexpyru,-,692.42,-0.95,1208.98,0.0,172.19,0.32,7,0.0,1,0.0,6,0.0,0,0.0,14.29,0.0,2023-05-14,-,0,-
-,-,1977dragon,-,692.06,-0.99,1187.99,0.0,165.31,0.33,7,0.0,3,0.0,4,0.0,0,0.0,42.86,0.0,2024-08-11,-,0,1388.0
-,-,jobe,-,691.36,-1.07,1148.42,0.0,152.35,0.36,8,0.0,1,0.0,7,0.0,0,0.0,12.5,0.0,2023-09-24,-,0,1421.0
-,-,Marassi,BR,690.46,-0.93,1214.88,0.0,174.81,0.31,7,0.0,1,0.0,5,0.0,1,0.0,14.29,0.0,2023-01-15,-,0,-
-,-,Xela1988,-,689.77,-1.17,1109.79,0.0,140.01,0.39,10,0.0,1,0.0,9,0.0,0,0.0,10.0,0.0,2025-01-29,-,0,1184.0
-,-,Quality_Jones,-,687.58,-0.93,1212.01,0.0,174.81,0.31,7,0.0,1,0.0,6,0.0,0,0.0,14.29,0.0,2023-01-15,-,0,-
-,-,Roksis,-,683.84,-0.94,1203.5,0.0,173.22,0.31,7,0.0,1,0.0,6,0.0,0,0.0,14.29,0.0,2023-01-15,G,2,-
1214,-16,kemal,-,683.47,-1.09,1131.11,0.0,149.21,0.36,6,0.0,0,0.0,6,0.0,0,0.0,0.0,0.0,2026-01-31,-,0,1184.0
1215,-16,paroova,-,682.53,-0.84,1265.49,0.0,194.32,0.28,3,0.0,0,0.0,3,0.0,0,0.0,0.0,0.0,2025-12-21,-,0,-
-,-,Nognix,-,679.87,-0.71,1365.17,0.0,228.43,0.24,2,0.0,1,0.0,1,0.0,0,0.0,50.0,0.0,2024-01-16,-,0,-
-,-,ZappBranigan,-,678.55,-0.95,1193.45,0.0,171.63,0.32,6,0.0,1,0.0,5,0.0,0,0.0,16.67,0.0,2024-02-23,-,0,-
1216,-16,captainparadise,FR,676.95,-1.77,954.55,0.0,92.53,0.59,22,0.0,2,0.0,20,0.0,0,0.0,9.09,0.0,2025-11-30,-,0,1415.0
-,-,ThonosP,BE,676.83,-0.73,1349.45,0.0,224.21,0.24,3,0.0,1,0.0,2,0.0,0,0.0,33.33,0.0,2024-01-16,-,0,-
1217,-16,BennyV,-,676.53,-0.86,1243.29,0.0,188.92,0.29,3,0.0,0,0.0,3,0.0,0,0.0,0.0,0.0,2025-12-12,-,0,-
-,-,Emiliano,IT,675.72,-1.02,1153.42,0.0,159.23,0.34,9,0.0,1,0.0,8,0.0,0,0.0,11.11,0.0,2024-04-04,-,0,-
-,-,RyGuy123,-,675.47,-0.94,1194.18,0.0,172.9,0.31,6,0.0,1,0.0,5,0.0,0,0.0,16.67,0.0,2024-02-23,-,0,-
-,-,Dharkan_Kaazar,-,675.04,-0.81,1278.81,0.0,201.26,0.27,3,0.0,0,0.0,3,0.0,0,0.0,0.0,0.0,2024-02-23,-,0,-
-,-,lingdianyike,-,674.87,-0.91,1211.08,0.0,178.74,0.3,7,0.0,1,0.0,6,0.0,0,0.0,14.29,0.0,2023-01-15,-,0,-
-,-,Nyita,-,674.87,-0.91,1211.08,0.0,178.74,0.3,7,0.0,1,0.0,6,0.0,0,0.0,14.29,0.0,2023-01-15,-,0,-
-,-,Meetsay,-,670.36,-1.68,962.71,0.0,97.45,0.56,25,0.0,2,0.0,21,0.0,2,0.0,8.0,0.0,2024-03-12,-,0,-
1218,-16,BlackSmyth,-,670.28,-1.28,1052.54,0.0,127.42,0.43,15,0.0,1,0.0,14,0.0,0,0.0,6.67,0.0,2026-02-03,-,0,1118.0
1219,-16,Aramirezm,-,668.84,-0.68,1384.64,0.0,238.6,0.23,2,0.0,1,0.0,1,0.0,0,0.0,50.0,0.0,2025-12-12,-,0,-
-,-,SatoruGojo,-,668.81,-0.88,1223.26,0.0,184.81,0.29,6,0.0,1,0.0,5,0.0,0,0.0,16.67,0.0,2024-02-23,-,0,-
1220,-16,FeroDigital,-,668.06,-0.85,1244.52,0.0,192.15,0.28,3,0.0,0,0.0,3,0.0,0,0.0,0.0,0.0,2025-12-09,-,0,-
-,-,Flamingpichu,-,665.98,-0.73,1338.39,0.0,224.14,0.24,3,0.0,1,0.0,2,0.0,0,0.0,33.33,0.0,2023-01-15,-,0,-
1221,-16,Mewunit,-,663.79,-0.87,1228.08,0.0,188.1,0.29,3,0.0,0,0.0,3,0.0,0,0.0,0.0,0.0,2025-12-08,-,0,-
-,-,Althaj,SK,663.6,-0.71,1352.31,0.0,229.57,0.24,3,0.0,1,0.0,2,0.0,0,0.0,33.33,0.0,2024-01-16,-,0,-
-,-,Math4u,-,663.47,-0.73,1330.77,0.0,222.43,0.24,3,0.0,1,0.0,2,0.0,0,0.0,33.33,0.0,2023-01-15,-,0,-
1222,new,BuddhaBoost,-,661.04,211.04,1097.02,-402.98,145.33,145.33,7,7.0,0,0.0,7,7.0,0,0.0,0.0,0.0,2026-05-16,-,0,-
-,-,LUISPI,-,660.34,-0.77,1296.43,0.0,212.03,0.26,4,0.0,1,0.0,3,0.0,0,0.0,25.0,0.0,2021-11-15,-,0,-
-,-,yojimbo79,PL,660.33,-0.77,1296.5,0.0,212.06,0.26,4,0.0,1,0.0,3,0.0,0,0.0,25.0,0.0,2021-11-15,-,0,-
-,-,Duilin,-,660.33,-0.77,1296.5,0.0,212.06,0.26,4,0.0,1,0.0,3,0.0,0,0.0,25.0,0.0,2021-11-15,-,0,-
-,-,qkpbksdm,-,659.59,-1.0,1149.18,0.0,163.2,0.33,5,0.0,0,0.0,5,0.0,0,0.0,0.0,0.0,2024-02-11,-,0,-
1223,-17,Kuraiite,-,658.81,-0.88,1215.35,0.0,185.51,0.29,3,0.0,0,0.0,3,0.0,0,0.0,0.0,0.0,2025-12-07,-,0,-
-,-,Gwindor,-,658.71,-0.89,1209.83,0.0,183.71,0.3,7,0.0,1,0.0,6,0.0,0,0.0,14.29,0.0,2023-01-15,-,0,-
-,-,Piter3000,PL,658.71,-0.89,1209.83,0.0,183.71,0.3,7,0.0,1,0.0,6,0.0,0,0.0,14.29,0.0,2023-01-15,-,0,-
-,-,ctcheung,-,657.64,-0.95,1170.81,0.0,171.06,0.32,5,0.0,0,0.0,5,0.0,0,0.0,0.0,0.0,2025-02-07,-,0,857.0
-,-,Gaulamos,-,657.28,-0.8,1266.87,0.0,203.2,0.27,6,0.0,1,0.0,5,0.0,0,0.0,16.67,0.0,2023-03-01,-,0,1287.0
-,-,PennyOrange,-,656.01,-0.99,1151.23,0.0,165.08,0.33,6,0.0,0,0.0,6,0.0,0,0.0,0.0,0.0,2024-12-11,-,0,1287.0
-,-,Mochi1214,-,655.9,-0.94,1176.85,0.0,173.65,0.31,6,0.0,1,0.0,4,0.0,1,0.0,16.67,0.0,2024-02-23,-,0,-
-,-,Togodomus,-,655.02,-0.93,1178.98,0.0,174.65,0.31,6,0.0,0,0.0,6,0.0,0,0.0,0.0,0.0,2024-02-23,-,0,-
-,-,Phlegm,-,654.98,-0.73,1325.87,0.0,223.63,0.24,3,0.0,1,0.0,2,0.0,0,0.0,33.33,0.0,2024-01-16,-,0,-
-,-,balarithon,-,654.54,-1.04,1126.64,0.0,157.36,0.35,11,0.0,1,0.0,10,0.0,0,0.0,9.09,0.0,2023-05-14,-,0,-
-,-,CaveMan8683,-,654.05,-0.83,1243.91,0.0,196.62,0.28,3,0.0,0,0.0,3,0.0,0,0.0,0.0,0.0,2024-12-05,-,0,1287.0
1224,-17,sjgardner3,-,653.83,-1.25,1045.71,0.0,130.63,0.42,13,0.0,1,0.0,12,0.0,0,0.0,7.69,0.0,2026-02-01,-,0,1184.0
-,-,linyan,-,652.76,-0.88,1209.87,0.0,185.7,0.29,7,0.0,1,0.0,6,0.0,0,0.0,14.29,0.0,2023-01-15,-,0,-
1225,-16,Dolling,-,652.08,2.27,1074.96,-27.53,140.96,-9.93,12,3.0,1,0.0,11,3.0,0,0.0,8.33,-2.78,2026-03-20,-,0,1118.0
-,-,Melonduck4000,-,651.87,-0.78,1277.65,0.0,208.59,0.26,3,0.0,0,0.0,3,0.0,0,0.0,0.0,0.0,2024-02-23,-,0,-
-,-,BigAAA,-,651.77,-0.91,1188.9,0.0,179.04,0.3,5,0.0,0,0.0,5,0.0,0,0.0,0.0,0.0,2024-04-04,-,0,-
-,-,James2at8,-,651.27,-0.82,1248.76,0.0,199.16,0.27,3,0.0,0,0.0,3,0.0,0,0.0,0.0,0.0,2024-02-23,-,0,-
-,-,RayBird,-,649.85,-0.81,1250.64,0.0,200.26,0.27,3,0.0,0,0.0,3,0.0,0,0.0,0.0,0.0,2023-03-01,-,0,-
1226,-18,andregois,-,649.64,-0.92,1181.4,0.0,177.25,0.31,6,0.0,1,0.0,5,0.0,0,0.0,16.67,0.0,2026-02-02,-,0,-
-,-,Michael1101,DE,648.67,-0.87,1212.74,0.0,188.02,0.29,5,0.0,1,0.0,4,0.0,0,0.0,20.0,0.0,2023-04-02,-,0,-
1227,-17,Pancake1,-,644.67,-2.05,884.82,0.0,80.05,0.68,52,0.0,4,0.0,47,0.0,1,0.0,7.69,0.0,2025-12-13,-,0,-
1228,-17,I-Y-T,TR,644.55,-1.07,1103.03,0.0,152.83,0.36,6,0.0,0,0.0,6,0.0,0,0.0,0.0,0.0,2026-02-01,-,0,-
-,-,Fyn,-,642.61,-0.9,1187.22,0.0,181.54,0.3,4,0.0,1,0.0,3,0.0,0,0.0,25.0,0.0,2023-07-15,-,0,-
1229,-17,Maximouse,-,640.07,-0.72,1320.83,0.0,226.92,0.24,3,0.0,0,0.0,3,0.0,0,0.0,0.0,0.0,2025-12-14,-,0,-
1230,-17,PriestCthulhu,-,635.19,-0.89,1182.7,0.0,182.5,0.3,3,0.0,0,0.0,3,0.0,0,0.0,0.0,0.0,2025-12-11,-,0,-
-,-,jacobmaster,-,634.32,-0.93,1158.75,0.0,174.81,0.31,7,0.0,1,0.0,6,0.0,0,0.0,14.29,0.0,2023-01-15,-,0,-
-,-,alibengoeroe,-,633.49,-0.84,1213.45,0.0,193.32,0.28,5,0.0,0,0.0,5,0.0,0,0.0,0.0,0.0,2024-04-04,-,0,-
1231,-17,qman,-,633.12,-1.22,1033.22,0.0,133.37,0.41,9,0.0,1,0.0,8,0.0,0,0.0,11.11,0.0,2025-12-13,-,0,1184.0
-,-,Thaddeus,-,630.24,-0.78,1255.85,0.0,208.54,0.26,3,0.0,0,0.0,3,0.0,0,0.0,0.0,0.0,2023-01-15,-,0,-
1232,-17,Kradmesor,-,627.49,-1.07,1082.93,0.0,151.81,0.36,9,0.0,0,0.0,9,0.0,0,0.0,0.0,0.0,2025-12-08,-,0,1287.0
-,-,Proximo,-,623.62,-0.87,1184.52,0.0,186.97,0.29,3,0.0,0,0.0,3,0.0,0,0.0,0.0,0.0,2024-12-03,-,0,1184.0
-,-,TbeDataGuy,-,621.9,-0.91,1157.81,0.0,178.64,0.3,6,0.0,1,0.0,5,0.0,0,0.0,16.67,0.0,2024-04-04,-,0,-
1233,-17,Axius9,-,621.04,-1.12,1058.97,0.0,145.98,0.37,8,0.0,0,0.0,8,0.0,0,0.0,0.0,0.0,2025-12-08,-,0,1184.0
-,-,DrunkenPete,-,620.17,-0.99,1115.3,0.0,165.04,0.33,6,0.0,0,0.0,6,0.0,0,0.0,0.0,0.0,2025-02-03,-,0,1184.0
1234,-17,Macin,-,618.9,-1.03,1096.41,0.0,159.17,0.34,7,0.0,2,0.0,5,0.0,0,0.0,28.57,0.0,2025-08-18,-,0,1259.0
1235,-17,Rox123,-,618.01,-0.88,1172.94,0.0,184.98,0.29,3,0.0,0,0.0,3,0.0,0,0.0,0.0,0.0,2025-12-10,-,0,-
1236,-17,psztika,-,616.7,-0.77,1253.84,0.0,212.38,0.26,3,0.0,0,0.0,3,0.0,0,0.0,0.0,0.0,2025-12-14,-,0,-
-,-,9275835,-,613.63,-0.86,1182.76,0.0,189.71,0.29,3,0.0,0,0.0,3,0.0,0,0.0,0.0,0.0,2024-12-11,-,0,-
1237,-17,Paajosh,-,611.58,-0.98,1110.55,0.0,166.32,0.33,12,0.0,2,0.0,9,0.0,1,0.0,16.67,0.0,2025-12-18,-,0,1118.0
-,-,King11,-,609.12,-0.76,1248.71,0.0,213.2,0.25,4,0.0,0,0.0,3,0.0,1,0.0,0.0,0.0,2021-11-15,-,0,-
-,-,shadow-knight,-,609.12,-0.76,1248.71,0.0,213.2,0.25,4,0.0,0,0.0,3,0.0,1,0.0,0.0,0.0,2021-11-15,G,10,-
-,-,Juangiraldo11,-,609.12,-0.76,1248.71,0.0,213.2,0.25,4,0.0,0,0.0,3,0.0,1,0.0,0.0,0.0,2021-11-15,-,0,-
-,-,BartoszN,-,609.12,-0.76,1248.71,0.0,213.2,0.25,4,0.0,0,0.0,3,0.0,1,0.0,0.0,0.0,2021-11-15,-,0,-
-,-,Firo,-,609.12,-0.76,1248.71,0.0,213.2,0.25,4,0.0,0,0.0,3,0.0,1,0.0,0.0,0.0,2021-11-15,-,0,-
-,-,RoOlf,-,609.12,-0.76,1248.71,0.0,213.2,0.25,4,0.0,0,0.0,3,0.0,1,0.0,0.0,0.0,2021-11-15,-,0,-
1238,-17,themightyboost,-,609.0,-0.75,1257.38,0.0,216.13,0.25,3,0.0,0,0.0,3,0.0,0,0.0,0.0,0.0,2025-12-06,-,0,-
-,-,Imperator,-,608.21,-0.71,1300.25,0.0,230.68,0.24,2,0.0,0,0.0,2,0.0,0,0.0,0.0,0.0,2025-02-01,-,0,-
-,-,GoguGeologul,-,608.01,-0.75,1256.43,0.0,216.14,0.25,3,0.0,0,0.0,3,0.0,0,0.0,0.0,0.0,2023-01-15,-,0,-
-,-,Kaiserschmarrn,-,607.8,-0.71,1300.25,0.0,230.82,0.24,3,0.0,0,0.0,2,0.0,1,0.0,0.0,0.0,2023-01-15,G,8,407.0
-,-,ack,ES,607.8,-0.71,1300.25,0.0,230.82,0.24,3,0.0,0,0.0,2,0.0,1,0.0,0.0,0.0,2023-01-15,-,0,-
-,-,BTA,-,607.8,-0.71,1300.25,0.0,230.82,0.24,3,0.0,0,0.0,2,0.0,1,0.0,0.0,0.0,2023-01-15,-,0,-
-,-,Hanthelmor,BR,603.3,-1.09,1051.12,0.0,149.27,0.36,10,0.0,0,0.0,10,0.0,0,0.0,0.0,0.0,2024-04-04,-,0,-
1239,-17,Dolio,-,603.14,-0.79,1222.71,0.0,206.52,0.26,3,0.0,0,0.0,3,0.0,0,0.0,0.0,0.0,2025-12-11,-,0,-
-,-,Vaalna,-,600.76,-0.84,1182.87,0.0,194.04,0.28,5,0.0,0,0.0,5,0.0,0,0.0,0.0,0.0,2024-02-23,-,0,-
-,-,Majinbuu,-,599.82,-1.35,961.39,0.0,120.52,0.45,20,0.0,2,0.0,18,0.0,0,0.0,10.0,0.0,2024-01-16,-,0,-
-,-,Kaspipos,-,599.37,-0.8,1213.13,0.0,204.59,0.27,3,0.0,0,0.0,3,0.0,0,0.0,0.0,0.0,2024-12-12,-,0,1287.0
1240,-17,Oluwatobi,-,599.2,-1.21,1004.68,0.0,135.16,0.4,7,0.0,0,0.0,7,0.0,0,0.0,0.0,0.0,2026-02-15,-,0,-
-,-,Snatser,-,594.95,-0.75,1246.46,0.0,217.17,0.25,3,0.0,0,0.0,3,0.0,0,0.0,0.0,0.0,2024-02-23,-,0,1054.0
-,-,Blahu,-,594.69,-0.86,1162.18,0.0,189.16,0.29,5,0.0,0,0.0,5,0.0,0,0.0,0.0,0.0,2024-02-23,-,0,-
-,-,youbib,-,594.55,-0.78,1217.81,0.0,207.75,0.26,3,0.0,0,0.0,3,0.0,0,0.0,0.0,0.0,2024-02-23,-,0,-
1241,-17,Captain_Alex,-,593.92,-0.98,1094.3,0.0,166.79,0.33,6,0.0,0,0.0,6,0.0,0,0.0,0.0,0.0,2025-12-10,-,0,-
-,-,jimlaughs64,-,592.81,-0.83,1179.58,0.0,195.59,0.28,3,0.0,0,0.0,3,0.0,0,0.0,0.0,0.0,2024-12-18,-,0,1287.0
1242,-17,Vojvoda_Micko,-,590.41,-0.84,1176.08,0.0,195.23,0.28,3,0.0,0,0.0,3,0.0,0,0.0,0.0,0.0,2025-12-05,-,0,-
-,-,Glamdring,-,588.18,-0.94,1110.77,0.0,174.2,0.31,6,0.0,0,0.0,6,0.0,0,0.0,0.0,0.0,2024-12-18,-,0,1174.0
-,-,pasin11,-,585.19,-0.95,1100.75,0.0,171.85,0.32,6,0.0,0,0.0,6,0.0,0,0.0,0.0,0.0,2024-01-16,-,0,-
1243,-16,GoodThoughtRhythm,-,584.22,-0.62,1375.12,0.0,263.63,0.21,1,0.0,0,0.0,1,0.0,0,0.0,0.0,0.0,2025-12-09,-,0,-
-,-,Hendra,-,584.17,-0.74,1245.75,0.0,220.53,0.25,3,0.0,0,0.0,3,0.0,0,0.0,0.0,0.0,2023-01-15,-,0,-
1244,-18,pjorge,-,584.01,-1.29,962.35,0.0,126.11,0.43,18,0.0,0,0.0,17,0.0,1,0.0,0.0,0.0,2025-12-15,-,0,1184.0
-,-,kamilya,-,583.36,-0.75,1236.25,0.0,217.63,0.25,2,0.0,0,0.0,2,0.0,0,0.0,0.0,0.0,2024-12-08,-,0,1287.0
1245,-17,woogi,-,582.65,-0.82,1179.52,0.0,198.96,0.27,3,0.0,0,0.0,3,0.0,0,0.0,0.0,0.0,2025-12-05,-,0,-
-,-,Calamar,-,582.09,-0.93,1110.33,0.0,176.08,0.31,5,0.0,0,0.0,5,0.0,0,0.0,0.0,0.0,2024-02-23,-,0,-
-,-,peracottari,-,580.47,-0.73,1250.08,0.0,223.2,0.24,3,0.0,0,0.0,3,0.0,0,0.0,0.0,0.0,2023-01-15,-,0,-
-,-,Muki,-,577.48,-0.77,1213.73,0.0,212.08,0.26,4,0.0,0,0.0,3,0.0,1,0.0,0.0,0.0,2021-11-15,-,0,-
-,-,Viler,-,576.9,-0.78,1203.61,0.0,208.9,0.26,3,0.0,0,0.0,3,0.0,0,0.0,0.0,0.0,2024-02-23,-,0,-
-,-,MasterToT,-,566.27,-0.71,1253.03,0.0,228.92,0.24,2,0.0,0,0.0,2,0.0,0,0.0,0.0,0.0,2023-05-14,-,0,-
-,-,copesettic,US,565.13,-0.85,1141.8,0.0,192.23,0.28,6,0.0,1,0.0,5,0.0,0,0.0,16.67,0.0,2023-03-01,-,0,-
1246,-17,UgoNuma,-,563.39,-0.77,1200.71,0.0,212.44,0.26,3,0.0,0,0.0,3,0.0,0,0.0,0.0,0.0,2025-12-08,-,0,-
-,-,Bonte,-,563.0,-0.78,1191.3,0.0,209.43,0.26,3,0.0,0,0.0,3,0.0,0,0.0,0.0,0.0,2024-02-23,-,0,-
1247,-17,Titiman,-,561.95,-1.31,936.38,0.0,124.81,0.44,15,0.0,1,0.0,14,0.0,0,0.0,6.67,0.0,2026-02-03,-,0,1287.0
-,-,MP87,-,558.58,-0.97,1064.67,0.0,168.7,0.32,9,0.0,1,0.0,8,0.0,0,0.0,11.11,0.0,2024-02-23,-,0,-
-,-,IndianaJones,-,555.86,-0.76,1203.14,0.0,215.76,0.25,3,0.0,0,0.0,3,0.0,0,0.0,0.0,0.0,2023-01-15,-,0,-
-,-,switch201,-,555.64,-1.09,1004.65,0.0,149.67,0.36,7,0.0,0,0.0,7,0.0,0,0.0,0.0,0.0,2025-02-18,-,0,1416.0
-,-,aramaic,-,555.19,-0.71,1240.29,0.0,228.37,0.24,2,0.0,0,0.0,2,0.0,0,0.0,0.0,0.0,2024-01-16,-,0,-
-,-,SpectralB4dger,-,555.01,-0.83,1143.56,0.0,196.19,0.28,3,0.0,0,0.0,3,0.0,0,0.0,0.0,0.0,2024-12-14,-,0,1184.0
-,-,sleepytown,US,555.0,-0.76,1201.08,0.0,215.36,0.25,3,0.0,0,0.0,3,0.0,0,0.0,0.0,0.0,2023-01-15,-,0,-
-,-,jarosz,-,554.64,-0.77,1190.73,0.0,212.03,0.26,4,0.0,0,0.0,4,0.0,0,0.0,0.0,0.0,2021-11-15,-,0,-
-,-,Pecheros,-,553.25,-0.74,1212.68,0.0,219.81,0.25,3,0.0,0,0.0,3,0.0,0,0.0,0.0,0.0,2023-01-15,-,0,-
-,-,pepinecko,-,551.88,-0.92,1083.23,0.0,177.12,0.31,6,0.0,0,0.0,6,0.0,0,0.0,0.0,0.0,2024-12-08,-,0,1287.0
1248,-17,Natulya,-,551.25,-0.85,1124.83,0.0,191.19,0.28,3,0.0,0,0.0,3,0.0,0,0.0,0.0,0.0,2025-12-08,-,0,-
-,-,Sotinche,-,550.1,-0.72,1230.81,0.0,226.9,0.24,3,0.0,1,0.0,2,0.0,0,0.0,33.33,0.0,2023-01-15,-,0,-
-,-,Ronald1,-,549.86,-0.71,1242.57,0.0,230.9,0.24,3,0.0,1,0.0,2,0.0,0,0.0,33.33,0.0,2024-01-16,-,0,-
-,-,gaberosser,-,548.89,-0.87,1110.65,0.0,187.25,0.29,6,0.0,0,0.0,6,0.0,0,0.0,0.0,0.0,2024-01-16,-,0,-
-,-,denwiller,-,548.12,-0.88,1105.15,0.0,185.68,0.29,5,0.0,0,0.0,5,0.0,0,0.0,0.0,0.0,2024-12-08,-,0,1287.0
-,-,dra49,-,547.4,-0.74,1206.89,0.0,219.83,0.25,3,0.0,0,0.0,3,0.0,0,0.0,0.0,0.0,2023-01-15,-,0,-
-,-,darkstar75,IT,547.4,-0.74,1206.89,0.0,219.83,0.25,3,0.0,0,0.0,3,0.0,0,0.0,0.0,0.0,2023-01-15,-,0,-
-,-,Silmegil,-,547.4,-0.74,1206.89,0.0,219.83,0.25,3,0.0,0,0.0,3,0.0,0,0.0,0.0,0.0,2023-01-15,-,0,-
-,-,Melo0,-,547.4,-0.74,1206.89,0.0,219.83,0.25,3,0.0,0,0.0,3,0.0,0,0.0,0.0,0.0,2023-01-15,-,0,-
-,-,lolowest,-,547.38,-0.78,1175.07,0.0,209.23,0.26,3,0.0,0,0.0,3,0.0,0,0.0,0.0,0.0,2023-01-15,-,0,-
-,-,Pietro,-,544.87,-1.1,988.41,0.0,147.84,0.37,11,0.0,0,0.0,11,0.0,0,0.0,0.0,0.0,2023-05-14,-,0,1388.0
-,-,StefanOkrzeja,-,542.11,-0.83,1132.19,0.0,196.7,0.28,3,0.0,0,0.0,3,0.0,0,0.0,0.0,0.0,2024-12-12,-,0,1287.0
1249,-17,Caps,-,541.63,-0.99,1036.81,0.0,165.06,0.33,5,0.0,0,0.0,5,0.0,0,0.0,0.0,0.0,2026-01-30,-,0,-
-,-,Krisztciii,-,539.99,-0.87,1100.92,0.0,186.97,0.29,7,0.0,0,0.0,7,0.0,0,0.0,0.0,0.0,2023-01-15,-,0,-
-,-,Furlan,-,539.67,-0.92,1071.46,0.0,177.26,0.31,7,0.0,0,0.0,7,0.0,0,0.0,0.0,0.0,2023-01-15,-,0,-
-,-,Asturia,-,539.67,-0.92,1071.46,0.0,177.26,0.31,7,0.0,0,0.0,7,0.0,0,0.0,0.0,0.0,2023-01-15,-,0,-
-,-,H4Y3K,-,537.85,-0.88,1092.67,0.0,184.94,0.29,7,0.0,0,0.0,7,0.0,0,0.0,0.0,0.0,2024-01-16,-,0,-
-,-,ruben_san,-,535.36,-0.78,1166.21,0.0,210.28,0.26,3,0.0,0,0.0,3,0.0,0,0.0,0.0,0.0,2024-01-16,-,0,-
-,-,MartyParty,-,534.16,-0.89,1085.29,0.0,183.71,0.3,7,0.0,0,0.0,7,0.0,0,0.0,0.0,0.0,2023-01-15,-,0,-
-,-,Alain23,-,533.92,-0.98,1031.29,0.0,165.79,0.33,6,0.0,0,0.0,6,0.0,0,0.0,0.0,0.0,2025-01-31,-,0,1184.0
1250,-17,Monken,-,532.53,-0.98,1031.94,0.0,166.47,0.33,9,0.0,0,0.0,9,0.0,0,0.0,0.0,0.0,2025-12-07,-,0,1287.0
-,-,Kubenboa,-,531.55,-0.86,1097.19,0.0,188.55,0.29,7,0.0,0,0.0,7,0.0,0,0.0,0.0,0.0,2023-01-15,-,0,-
-,-,kuatz,-,531.46,-0.91,1068.57,0.0,179.04,0.3,7,0.0,0,0.0,7,0.0,0,0.0,0.0,0.0,2023-01-15,-,0,-
-,-,mm34nn,CN,530.07,-0.54,1429.5,0.0,299.81,0.18,1,0.0,0,0.0,1,0.0,0,0.0,0.0,0.0,2021-12-05,M,4,-
-,-,valvonauta,IT,527.81,-0.97,1033.16,0.0,168.45,0.32,6,0.0,0,0.0,6,0.0,0,0.0,0.0,0.0,2024-08-11,-,0,-
-,-,thedayne,-,525.39,-0.88,1082.49,0.0,185.7,0.29,7,0.0,0,0.0,7,0.0,0,0.0,0.0,0.0,2023-01-15,-,0,-
-,-,Edenys,-,525.39,-0.88,1082.49,0.0,185.7,0.29,7,0.0,0,0.0,7,0.0,0,0.0,0.0,0.0,2023-01-15,-,0,-
-,-,FatherMatthew,-,525.35,-0.76,1164.94,0.0,213.2,0.25,4,0.0,0,0.0,4,0.0,0,0.0,0.0,0.0,2021-11-15,-,0,-
-,-,272194996,-,525.35,-0.76,1164.94,0.0,213.2,0.25,4,0.0,0,0.0,4,0.0,0,0.0,0.0,0.0,2021-11-15,-,0,-
-,-,ozzy666,-,525.35,-0.76,1164.94,0.0,213.2,0.25,4,0.0,0,0.0,4,0.0,0,0.0,0.0,0.0,2021-11-15,-,0,-
-,-,amsuska,-,525.35,-0.76,1164.94,0.0,213.2,0.25,4,0.0,0,0.0,4,0.0,0,0.0,0.0,0.0,2021-11-15,-,0,-
-,-,eugeneg,-,525.35,-0.76,1164.94,0.0,213.2,0.25,4,0.0,0,0.0,4,0.0,0,0.0,0.0,0.0,2021-11-15,-,0,-
-,-,Terrill,-,525.35,-0.76,1164.94,0.0,213.2,0.25,4,0.0,0,0.0,4,0.0,0,0.0,0.0,0.0,2021-11-15,-,0,-
-,-,Anchy,-,525.35,-0.76,1164.94,0.0,213.2,0.25,4,0.0,0,0.0,4,0.0,0,0.0,0.0,0.0,2021-11-15,-,0,-
-,-,TepSloan,-,525.35,-0.76,1164.94,0.0,213.2,0.25,4,0.0,0,0.0,4,0.0,0,0.0,0.0,0.0,2021-11-15,-,0,-
-,-,xbusti,-,525.35,-0.76,1164.94,0.0,213.2,0.25,4,0.0,0,0.0,4,0.0,0,0.0,0.0,0.0,2021-11-15,-,0,-
-,-,Nagas,-,525.35,-0.76,1164.94,0.0,213.2,0.25,4,0.0,0,0.0,4,0.0,0,0.0,0.0,0.0,2021-11-15,-,0,-
-,-,number1boy,-,525.35,-0.76,1164.94,0.0,213.2,0.25,4,0.0,0,0.0,4,0.0,0,0.0,0.0,0.0,2021-11-15,-,0,-
-,-,joefling34,-,525.35,-0.76,1164.94,0.0,213.2,0.25,4,0.0,0,0.0,4,0.0,0,0.0,0.0,0.0,2021-11-15,-,0,-
-,-,OfficerJoe,-,525.35,-0.76,1164.94,0.0,213.2,0.25,4,0.0,0,0.0,4,0.0,0,0.0,0.0,0.0,2021-11-15,-,0,-
-,-,Donnin,-,525.35,-0.76,1164.94,0.0,213.2,0.25,4,0.0,0,0.0,4,0.0,0,0.0,0.0,0.0,2021-11-15,-,0,-
-,-,danodan,-,525.35,-0.76,1164.94,0.0,213.2,0.25,4,0.0,0,0.0,4,0.0,0,0.0,0.0,0.0,2021-11-15,-,0,-
-,-,Paiaso,-,525.35,-0.76,1164.94,0.0,213.2,0.25,4,0.0,0,0.0,4,0.0,0,0.0,0.0,0.0,2021-11-15,-,0,-
-,-,xSherylx,-,525.35,-0.76,1164.94,0.0,213.2,0.25,4,0.0,0,0.0,4,0.0,0,0.0,0.0,0.0,2021-11-15,-,0,-
-,-,Tikki,US,525.35,-0.76,1164.94,0.0,213.2,0.25,4,0.0,0,0.0,4,0.0,0,0.0,0.0,0.0,2021-11-15,-,0,-
-,-,Mysticum,-,525.35,-0.76,1164.94,0.0,213.2,0.25,4,0.0,0,0.0,4,0.0,0,0.0,0.0,0.0,2021-11-15,-,0,-
-,-,zakalwe,-,525.35,-0.76,1164.94,0.0,213.2,0.25,4,0.0,0,0.0,4,0.0,0,0.0,0.0,0.0,2021-11-15,-,0,-
-,-,Tarasboula,-,525.35,-0.76,1164.94,0.0,213.2,0.25,4,0.0,0,0.0,4,0.0,0,0.0,0.0,0.0,2021-11-15,-,0,-
-,-,Sucaaaa,-,525.35,-0.76,1164.94,0.0,213.2,0.25,4,0.0,0,0.0,4,0.0,0,0.0,0.0,0.0,2021-11-15,-,0,-
-,-,ManOfSorrows,-,525.35,-0.76,1164.94,0.0,213.2,0.25,4,0.0,0,0.0,4,0.0,0,0.0,0.0,0.0,2021-11-15,-,0,-
-,-,Maxart,-,525.35,-0.76,1164.94,0.0,213.2,0.25,4,0.0,0,0.0,4,0.0,0,0.0,0.0,0.0,2021-11-15,-,0,-
-,-,Loira,-,525.35,-0.76,1164.94,0.0,213.2,0.25,4,0.0,0,0.0,4,0.0,0,0.0,0.0,0.0,2021-11-15,-,0,-
-,-,Solon,-,525.35,-0.76,1164.94,0.0,213.2,0.25,4,0.0,0,0.0,4,0.0,0,0.0,0.0,0.0,2021-11-15,-,0,-
-,-,gm416684729,-,525.35,-0.76,1164.94,0.0,213.2,0.25,4,0.0,0,0.0,4,0.0,0,0.0,0.0,0.0,2021-11-15,-,0,-
-,-,leellz,-,525.35,-0.76,1164.94,0.0,213.2,0.25,4,0.0,0,0.0,4,0.0,0,0.0,0.0,0.0,2021-11-15,-,0,-
-,-,godpepper,-,525.35,-0.76,1164.94,0.0,213.2,0.25,4,0.0,0,0.0,4,0.0,0,0.0,0.0,0.0,2021-11-15,-,0,-
-,-,Sharky22,-,525.35,-0.76,1164.94,0.0,213.2,0.25,4,0.0,0,0.0,4,0.0,0,0.0,0.0,0.0,2021-11-15,-,0,-
-,-,Jerry_Kacmar,-,525.35,-0.76,1164.94,0.0,213.2,0.25,4,0.0,0,0.0,4,0.0,0,0.0,0.0,0.0,2021-11-15,-,0,-
-,-,Willoo,-,525.35,-0.76,1164.94,0.0,213.2,0.25,4,0.0,0,0.0,4,0.0,0,0.0,0.0,0.0,2021-11-15,-,0,-
-,-,Gina72,-,525.35,-0.76,1164.94,0.0,213.2,0.25,4,0.0,0,0.0,4,0.0,0,0.0,0.0,0.0,2021-11-15,-,0,-
-,-,Mlhovan,-,525.03,-0.91,1065.68,0.0,180.22,0.3,5,0.0,0,0.0,5,0.0,0,0.0,0.0,0.0,2023-04-02,-,0,-
-,-,T_error,-,520.16,-0.95,1033.62,0.0,171.15,0.32,7,0.0,0,0.0,7,0.0,0,0.0,0.0,0.0,2023-01-15,-,0,-
-,-,Neyragrat,-,519.07,-0.76,1159.05,0.0,213.33,0.25,3,0.0,0,0.0,3,0.0,0,0.0,0.0,0.0,2023-01-15,-,0,-
-,-,ghudbishs,-,518.63,-0.82,1114.34,0.0,198.57,0.27,3,0.0,0,0.0,3,0.0,0,0.0,0.0,0.0,2024-12-08,-,0,1287.0
-,-,Drako,-,518.5,-0.89,1069.78,0.0,183.76,0.3,5,0.0,0,0.0,5,0.0,0,0.0,0.0,0.0,2024-02-23,-,0,-
-,-,mehanik,-,517.41,-0.77,1155.15,0.0,212.58,0.26,3,0.0,0,0.0,3,0.0,0,0.0,0.0,0.0,2023-01-15,-,0,-
-,-,JurisII,-,514.09,-0.85,1090.8,0.0,192.23,0.28,5,0.0,0,0.0,5,0.0,0,0.0,0.0,0.0,2023-04-02,-,0,-
-,-,saet1a,-,510.76,-0.71,1200.37,0.0,229.87,0.24,3,0.0,0,0.0,3,0.0,0,0.0,0.0,0.0,2024-01-16,-,0,-
-,-,DustInMadness,-,509.34,-0.71,1200.37,0.0,230.34,0.24,3,0.0,0,0.0,3,0.0,0,0.0,0.0,0.0,2023-07-15,-,0,-
-,-,TheJamesBlake,-,507.93,-0.71,1200.37,0.0,230.82,0.24,3,0.0,0,0.0,3,0.0,0,0.0,0.0,0.0,2023-01-15,-,0,-
-,-,StartPlayer,GB,507.93,-0.71,1200.37,0.0,230.82,0.24,3,0.0,0,0.0,3,0.0,0,0.0,0.0,0.0,2023-01-15,-,0,-
-,-,DAVOC,-,507.93,-0.71,1200.37,0.0,230.82,0.24,3,0.0,0,0.0,3,0.0,0,0.0,0.0,0.0,2023-01-15,-,0,-
-,-,DanWins,-,507.93,-0.71,1200.37,0.0,230.82,0.24,3,0.0,0,0.0,3,0.0,0,0.0,0.0,0.0,2023-01-15,G,2,-
-,-,GuiStempelme,-,507.93,-0.71,1200.37,0.0,230.82,0.24,3,0.0,0,0.0,3,0.0,0,0.0,0.0,0.0,2023-01-15,-,0,-
-,-,Grassman,-,507.93,-0.71,1200.37,0.0,230.82,0.24,3,0.0,0,0.0,3,0.0,0,0.0,0.0,0.0,2023-01-15,-,0,-
-,-,miberale,-,507.33,-0.83,1098.18,0.0,196.95,0.28,6,0.0,0,0.0,6,0.0,0,0.0,0.0,0.0,2023-07-15,-,0,-
-,-,torang_ei,-,499.09,-0.76,1144.83,0.0,215.25,0.25,3,0.0,0,0.0,3,0.0,0,0.0,0.0,0.0,2024-02-23,-,0,-
-,-,tbrofromspace,-,498.64,-0.7,1197.56,0.0,232.97,0.23,2,0.0,0,0.0,2,0.0,0,0.0,0.0,0.0,2024-12-04,-,0,1184.0
-,-,Pascalculate,VN,497.78,-0.88,1055.43,0.0,185.88,0.29,5,0.0,0,0.0,5,0.0,0,0.0,0.0,0.0,2023-04-02,-,0,-
1251,-17,OblongOrange,-,497.16,-0.75,1152.02,0.0,218.29,0.25,3,0.0,0,0.0,3,0.0,0,0.0,0.0,0.0,2025-12-14,-,0,-
-,-,MrCl0ud,-,494.72,-0.77,1130.81,0.0,212.03,0.26,4,0.0,0,0.0,4,0.0,0,0.0,0.0,0.0,2021-11-15,-,0,-
-,-,KingMomo,-,493.89,-1.13,927.42,0.0,144.51,0.38,10,0.0,1,0.0,9,0.0,0,0.0,10.0,0.0,2024-12-03,-,0,1287.0
-,-,captpirat,-,485.11,-0.85,1063.9,0.0,192.93,0.28,6,0.0,0,0.0,6,0.0,0,0.0,0.0,0.0,2024-01-16,-,0,-
1252,-17,kynj,-,482.14,-0.76,1126.38,0.0,214.75,0.25,3,0.0,0,0.0,3,0.0,0,0.0,0.0,0.0,2025-12-17,-,0,-
-,-,Flam3ister,-,477.93,-0.73,1150.34,0.0,224.14,0.24,3,0.0,0,0.0,3,0.0,0,0.0,0.0,0.0,2023-01-15,-,0,-
-,-,Dugy,-,477.93,-0.73,1150.34,0.0,224.14,0.24,3,0.0,0,0.0,3,0.0,0,0.0,0.0,0.0,2023-01-15,-,0,-
-,-,Sorio,-,477.93,-0.73,1150.34,0.0,224.14,0.24,3,0.0,0,0.0,3,0.0,0,0.0,0.0,0.0,2023-01-15,-,0,-
-,-,Paakit,AR,477.93,-0.73,1150.34,0.0,224.14,0.24,3,0.0,0,0.0,3,0.0,0,0.0,0.0,0.0,2023-01-15,-,0,-
-,-,boheg,-,474.55,-1.1,919.94,0.0,148.46,0.37,7,0.0,0,0.0,7,0.0,0,0.0,0.0,0.0,2024-10-31,-,0,-
-,-,DanKamu,-,472.16,-0.63,1252.68,0.0,260.17,0.21,2,0.0,0,0.0,2,0.0,0,0.0,0.0,0.0,2018-04-23,-,0,-
-,-,Zeider,-,471.53,-0.63,1252.68,0.0,260.38,0.21,2,0.0,0,0.0,2,0.0,0,0.0,0.0,0.0,2018-01-16,-,0,-
-,-,badoomboom,-,467.56,-0.76,1114.5,0.0,215.65,0.25,3,0.0,0,0.0,3,0.0,0,0.0,0.0,0.0,2024-12-06,-,0,1287.0
-,-,Aghamin,-,467.18,-1.36,826.84,0.0,119.89,0.45,15,0.0,1,0.0,14,0.0,0,0.0,6.67,0.0,2023-09-24,-,0,-
1253,-17,Saginse,-,467.12,-0.79,1086.59,0.0,206.49,0.26,3,0.0,0,0.0,3,0.0,0,0.0,0.0,0.0,2025-12-19,-,0,-
-,-,sps,-,463.48,-1.06,924.91,0.0,153.81,0.35,7,0.0,0,0.0,7,0.0,0,0.0,0.0,0.0,2025-02-13,-,0,1435.0
1254,-17,Colorado,-,458.51,-0.92,991.01,0.0,177.5,0.31,5,0.0,0,0.0,5,0.0,0,0.0,0.0,0.0,2026-01-30,-,0,-
-,-,Meowthfish,TW,457.8,-0.56,1337.69,0.0,293.3,0.19,1,0.0,0,0.0,1,0.0,0,0.0,0.0,0.0,2022-03-06,M,3,-
-,-,AmazingMrHedge,-,455.12,-0.72,1136.92,0.0,227.26,0.24,3,0.0,0,0.0,3,0.0,0,0.0,0.0,0.0,2024-02-23,-,0,-
-,-,Marthy,-,454.28,-0.66,1192.82,0.0,246.18,0.22,3,0.0,1,0.0,2,0.0,0,0.0,33.33,0.0,2024-01-16,-,0,-
-,-,Gervais,IT,451.88,-1.01,934.11,0.0,160.75,0.34,11,0.0,0,0.0,11,0.0,0,0.0,0.0,0.0,2024-12-05,-,0,1287.0
-,-,1point21gigawatts,-,451.16,-0.55,1337.69,0.0,295.51,0.18,1,0.0,0,0.0,1,0.0,0,0.0,0.0,0.0,2019-05-13,-,0,-
-,-,Millership,-,441.1,-0.84,1025.05,0.0,194.65,0.28,6,0.0,0,0.0,6,0.0,0,0.0,0.0,0.0,2024-01-16,-,0,-
-,-,Wicked_Liz,-,436.88,-0.73,1110.66,0.0,224.59,0.24,3,0.0,0,0.0,3,0.0,0,0.0,0.0,0.0,2024-01-16,-,0,-
1255,-17,Rikard,-,432.96,-0.77,1066.75,0.0,211.26,0.26,3,0.0,0,0.0,3,0.0,0,0.0,0.0,0.0,2025-12-09,-,0,-
-,-,red,-,426.77,-0.7,1123.06,0.0,232.1,0.23,2,0.0,0,0.0,2,0.0,0,0.0,0.0,0.0,2024-12-03,-,0,-
-,-,Jeff_Ffej,-,419.09,-0.73,1088.82,0.0,223.25,0.24,3,0.0,0,0.0,3,0.0,0,0.0,0.0,0.0,2024-01-16,-,0,-
-,-,dudurban,-,413.47,-0.76,1057.25,0.0,214.59,0.25,3,0.0,0,0.0,3,0.0,0,0.0,0.0,0.0,2024-01-16,-,0,-
-,-,Lnena,-,401.93,-0.75,1056.31,0.0,218.13,0.25,3,0.0,0,0.0,3,0.0,0,0.0,0.0,0.0,2024-01-16,-,0,-
-,-,cvxmsdup,-,399.87,-0.7,1097.86,0.0,232.66,0.23,2,0.0,0,0.0,2,0.0,0,0.0,0.0,0.0,2023-07-15,-,0,-
-,-,Grobyl,FR,380.61,-0.7,1082.16,0.0,233.85,0.23,3,0.0,0,0.0,3,0.0,0,0.0,0.0,0.0,2023-01-15,-,0,-
-,-,Galaxy_Rhino,-,377.85,-0.7,1080.2,0.0,234.12,0.23,3,0.0,0,0.0,3,0.0,0,0.0,0.0,0.0,2024-01-16,-,0,-
-,-,fmfglkhk,-,371.6,-0.74,1033.66,0.0,220.69,0.25,3,0.0,0,0.0,3,0.0,0,0.0,0.0,0.0,2023-01-15,-,0,-
-,-,Eduard69,-,350.76,-0.87,916.04,0.0,188.42,0.29,5,0.0,0,0.0,5,0.0,0,0.0,0.0,0.0,2025-02-03,-,0,1067.0
-,-,or0b0to,-,320.99,-0.68,1042.2,0.0,240.4,0.23,3,0.0,0,0.0,3,0.0,0,0.0,0.0,0.0,2024-01-16,-,0,-
-,-,Tiesto,-,311.78,-0.84,895.24,0.0,194.48,0.28,4,0.0,0,0.0,4,0.0,0,0.0,0.0,0.0,2023-07-15,-,0,-
-,-,Szymon767,-,40.9,-0.9,582.45,0.0,180.52,0.3,8,0.0,1,0.0,7,0.0,0,0.0,12.5,0.0,2024-03-12,-,0,-
-,-,Turkuee,-,-116.0,-0.57,752.54,0.0,289.51,0.19,4,0.0,1,0.0,3,0.0,0,0.0,25.0,0.0,2023-10-05,-,0,-
