Rank,Rank Δ,Player,Code,C Rating,C Rating Δ,Rating,Rating Δ,RD,RD Δ,Opps,Opps Δ,Ws,Ws Δ,Ls,Ls Δ,Ds,Ds Δ,W%,W% Δ,Last Played,Title,Title Count,Leaderboard Rank
1,0,DireNTropy,US,1899.42,8.69,2013.15,5.42,37.91,-1.09,274,14.0,214,11.0,59,3.0,1,0.0,78.1,0.02,2026-05-31,GM,3,-
-,-,Airren,US,1890.25,-2.75,2069.52,0.0,59.76,0.92,96,0.0,85,0.0,11,0.0,0,0.0,88.54,0.0,2023-09-14,GM,5,622.0
2,1,Wawrzyniec,PL,1880.74,18.28,2000.01,15.56,39.76,-0.91,224,12.0,164,11.0,57,1.0,3,0.0,73.21,1.04,2026-05-05,GM,8,94.0
3,-1,Weidenbaum,DE,1874.34,10.24,1950.86,7.79,25.51,-0.82,718,44.0,485,31.0,223,13.0,10,0.0,67.55,0.19,2026-05-31,GM,27,10.0
4,2,Grozz,RU,1842.49,14.14,1917.94,10.45,25.15,-1.23,354,48.0,253,32.0,98,16.0,3,0.0,71.47,-0.75,2026-05-31,M,1,6.0
5,3,wolvs,UA,1842.05,17.29,1912.12,16.36,23.36,-0.31,696,52.0,473,37.0,218,15.0,5,0.0,67.96,0.26,2026-05-31,GM,3,5.0
6,4,Martin_Pecheur,FR,1837.97,18.41,1910.17,17.05,24.07,-0.45,764,44.0,495,32.0,263,11.0,6,1.0,64.79,0.48,2026-05-31,GM,15,1.0
7,4,Genghisip,UA,1831.38,12.49,1941.0,13.17,36.54,0.23,218,6.0,144,5.0,74,1.0,0,0.0,66.06,0.49,2026-04-19,GM,9,27.0
8,1,St4nkk,PL,1826.73,3.15,1949.96,0.89,41.08,-0.75,192,8.0,152,5.0,39,2.0,1,1.0,79.17,-0.72,2026-05-31,M,1,265.0
9,-4,mwi,PL,1822.42,-15.99,1902.35,-17.51,26.64,-0.51,332,32.0,238,16.0,92,16.0,2,0.0,71.69,-2.31,2026-05-27,M,1,13.0
10,-6,whsvin,HK,1818.44,-28.37,1929.27,-26.96,36.94,0.47,324,8.0,250,3.0,74,5.0,0,0.0,77.16,-1.0,2026-05-15,GM,6,64.0
11,-4,pv4,BE,1814.39,-10.94,1896.19,-11.73,27.27,-0.26,506,26.0,303,13.0,198,13.0,5,0.0,59.88,-0.54,2026-05-29,GM,14,3.0
12,0,Palino,SK,1812.33,2.41,1905.0,4.07,30.89,0.55,550,10.0,358,6.0,192,4.0,0,0.0,65.09,-0.1,2026-05-31,GM,5,77.0
13,8,a440,CA,1803.85,21.88,1919.7,17.54,38.62,-1.45,222,14.0,154,12.0,67,2.0,1,0.0,69.37,1.1,2026-05-27,-,0,26.0
14,3,funestus,NO,1802.74,11.85,1888.94,10.13,28.73,-0.57,336,24.0,227,16.0,107,8.0,2,0.0,67.56,-0.07,2026-05-31,GM,2,11.0
15,-1,Majondor,AU,1801.6,1.37,1877.86,-2.45,25.42,-1.27,510,44.0,326,25.0,178,19.0,6,0.0,63.92,-0.67,2026-05-31,GM,5,8.0
16,-3,totsilence,DE,1799.16,-8.5,1876.59,-9.85,25.81,-0.45,640,36.0,424,19.0,211,17.0,5,0.0,66.25,-0.8,2026-05-31,GM,2,9.0
17,6,Vovka,UA,1797.59,22.67,1892.96,12.64,31.79,-3.34,170,34.0,124,24.0,45,9.0,1,1.0,72.94,-0.59,2026-05-31,-,0,43.0
-,-,Dirkules,DE,1794.04,-3.62,1937.33,0.0,47.76,1.21,126,0.0,93,0.0,33,0.0,0,0.0,73.81,0.0,2024-07-15,GM,3,-
18,0,barboucha,FR,1793.7,5.66,1883.86,2.6,30.05,-1.02,310,24.0,215,14.0,91,9.0,4,1.0,69.35,-0.93,2026-05-31,GM,1,50.0
19,-3,Arne,DE,1792.45,1.15,1872.34,-3.35,26.63,-1.5,318,42.0,213,25.0,103,17.0,2,0.0,66.98,-1.14,2026-05-31,M,4,14.0
-,-,Pascalotopia,CA,1790.29,-3.42,1933.73,0.0,47.81,1.14,116,0.0,79,0.0,37,0.0,0,0.0,68.1,0.0,2024-09-10,GM,5,-
20,-5,Lcfyx,FR,1786.77,-6.08,1871.89,-5.44,28.37,0.21,390,18.0,257,10.0,131,8.0,2,0.0,65.9,-0.5,2026-05-28,M,5,16.0
21,51,zoldaria,US,1783.78,90.29,1904.33,45.97,40.19,-14.77,120,44.0,97,34.0,21,9.0,2,1.0,80.83,-2.06,2026-05-31,-,0,288.0
22,-3,Sandwhale,US,1780.44,-3.46,1925.3,0.0,48.29,1.15,152,0.0,109,0.0,43,0.0,0,0.0,71.71,0.0,2025-07-27,GM,2,82.0
23,-1,Eske,DK,1776.65,1.18,1883.42,-0.47,35.59,-0.55,344,12.0,231,8.0,110,4.0,3,0.0,67.15,-0.02,2026-05-06,GM,4,110.0
-,-,silent_x111,US,1775.1,-3.24,1934.4,0.0,53.1,1.08,246,0.0,183,0.0,63,0.0,0,0.0,74.39,0.0,2022-07-06,GM,14,-
24,123,Tim248,-,1773.71,140.69,1972.17,82.61,66.15,-19.36,54,14.0,50,13.0,4,1.0,0,0.0,92.59,0.09,2026-05-31,-,0,863.0
25,0,Eepogi,FI,1772.61,1.49,1846.83,1.96,24.74,0.16,630,32.0,376,17.0,251,15.0,3,0.0,59.68,-0.35,2026-05-31,GM,1,2.0
26,0,DANeo,DE,1772.34,5.02,1859.8,7.88,29.15,0.95,304,10.0,182,8.0,119,2.0,3,0.0,59.87,0.69,2026-05-06,GM,3,7.0
27,1,dannyboy14,US,1772.03,10.68,1853.39,8.46,27.12,-0.74,378,30.0,229,19.0,145,11.0,4,0.0,60.58,0.24,2026-05-31,GM,2,23.0
28,-8,AaronGreen,US,1763.05,-19.14,1861.25,-21.23,32.73,-0.7,562,18.0,323,7.0,235,10.0,4,1.0,57.47,-0.62,2026-05-31,GM,7,729.0
29,15,ERock37,CA,1762.36,32.24,1847.49,26.73,28.38,-1.84,228,34.0,147,22.0,80,12.0,1,0.0,64.47,0.04,2026-05-31,-,0,51.0
30,-3,pajada,CZ,1759.88,-3.79,1832.89,-5.79,24.34,-0.67,884,48.0,500,28.0,374,20.0,10,0.0,56.56,0.1,2026-05-31,GM,11,12.0
31,7,Tamirys,US,1759.64,20.47,1837.37,18.59,25.91,-0.63,690,36.0,401,26.0,282,10.0,7,0.0,58.12,0.78,2026-05-31,GM,9,69.0
32,1,Gandin,CH,1759.53,6.69,1842.21,6.93,27.56,0.08,364,22.0,232,15.0,130,7.0,2,0.0,63.74,0.29,2026-05-31,M,4,15.0
-,-,Binki,RU,1756.19,-3.91,1882.13,0.0,41.98,1.3,256,0.0,170,0.0,84,0.0,2,0.0,66.41,0.0,2023-12-03,GM,3,-
33,-4,saru,CN,1755.27,-3.11,1827.11,-4.36,23.95,-0.42,700,54.0,425,29.0,260,24.0,15,1.0,60.71,-0.59,2026-05-31,M,3,4.0
34,83,Pitor,NL,1752.46,99.39,1904.56,32.2,50.7,-22.4,74,34.0,63,27.0,11,7.0,0,0.0,85.14,-4.86,2026-05-25,-,0,-
35,-3,Sektat,CH,1751.55,-1.41,1826.51,-4.36,24.99,-0.98,440,44.0,273,25.0,165,19.0,2,0.0,62.05,-0.58,2026-05-31,M,11,18.0
36,-5,Lambda,ES,1750.61,-2.87,1867.8,-3.36,39.06,-0.16,162,6.0,112,3.0,49,3.0,1,0.0,69.14,-0.73,2026-04-14,GM,2,22.0
37,-3,Kolo,IT,1748.25,-2.19,1894.11,-12.87,48.62,-3.56,120,12.0,98,8.0,21,4.0,1,0.0,81.67,-1.66,2026-05-18,M,2,607.0
38,21,Sellux,IT,1744.94,34.32,1902.8,10.36,52.62,-7.99,68,14.0,53,10.0,15,4.0,0,0.0,77.94,-1.69,2026-05-28,-,0,203.0
39,1,Dantes,US,1744.66,9.49,1826.33,2.2,27.22,-2.43,230,44.0,141,25.0,88,18.0,1,1.0,61.3,-1.07,2026-05-31,P,1,36.0
40,-3,Dots,DE,1742.95,3.68,1875.35,1.28,44.13,-0.8,156,6.0,106,4.0,50,2.0,0,0.0,67.95,-0.05,2026-05-19,GM,2,123.0
41,12,Gutemetralla,FR,1741.35,26.68,1834.03,19.83,30.89,-2.28,222,30.0,160,22.0,61,8.0,1,0.0,72.07,0.19,2026-05-31,-,0,24.0
42,-12,Cogito3,US,1739.91,-15.55,1817.49,-20.83,25.86,-1.76,290,50.0,190,27.0,97,23.0,3,0.0,65.52,-2.4,2026-05-31,G,1,34.0
-,-,Lemmingsplayer,GB,1738.57,-2.83,1915.38,0.0,58.94,0.94,96,0.0,79,0.0,17,0.0,0,0.0,82.29,0.0,2022-09-04,GM,1,-
43,-7,iyakhoop,TH,1735.46,-4.67,1841.36,0.0,35.3,1.56,406,0.0,249,0.0,148,0.0,9,0.0,61.33,0.0,2025-11-30,GM,1,297.0
44,2,Lech,PL,1735.38,7.03,1815.87,3.97,26.83,-1.02,418,34.0,256,17.0,160,16.0,2,1.0,61.24,-1.0,2026-05-31,M,3,17.0
45,-4,scipio238,GB,1732.37,-2.79,1820.4,-3.12,29.34,-0.11,276,18.0,172,7.0,104,11.0,0,0.0,62.32,-1.63,2026-05-31,P,3,41.0
46,1,Lander90,BE,1731.2,3.29,1815.4,-7.25,28.06,-3.51,222,50.0,155,27.0,65,22.0,2,1.0,69.82,-4.6,2026-05-31,-,0,80.0
47,9,jezza101,AU,1729.29,15.28,1812.9,9.59,27.87,-1.9,294,38.0,196,24.0,95,14.0,3,0.0,66.67,-0.52,2026-05-31,G,4,40.0
48,-3,Jaracz,PL,1728.87,-0.09,1834.14,-7.16,35.09,-2.36,244,20.0,174,11.0,68,9.0,2,0.0,71.31,-1.46,2026-05-31,P,6,258.0
49,-25,321letsjam,DE,1728.69,-45.43,1816.13,-48.56,29.15,-1.04,298,32.0,193,10.0,103,22.0,2,0.0,64.77,-4.03,2026-05-31,G,5,67.0
50,-8,Sohoof,NL,1728.68,-3.74,1864.97,0.0,45.43,1.25,120,0.0,87,0.0,32,0.0,1,0.0,72.5,0.0,2025-08-18,-,0,218.0
51,54,Drikhen,EE,1727.32,62.64,1845.09,47.39,39.25,-5.08,130,22.0,105,18.0,25,4.0,0,0.0,80.77,0.21,2026-05-30,-,0,226.0
52,-4,Spartan1337,NL,1727.02,3.62,1804.15,2.7,25.71,-0.31,492,32.0,313,19.0,174,13.0,5,0.0,63.62,-0.29,2026-05-31,P,10,37.0
53,-1,Raffaello,DE,1726.69,11.47,1806.15,5.66,26.49,-1.94,276,44.0,185,26.0,89,17.0,2,1.0,67.03,-1.5,2026-05-31,G,2,39.0
54,-11,Allfather,US,1726.5,-4.8,1813.93,-12.28,29.14,-2.49,220,38.0,141,21.0,77,17.0,2,0.0,64.09,-1.84,2026-05-30,-,0,30.0
55,55,IdkIdcIdgaf,UA,1725.05,65.22,1854.41,46.16,43.12,-6.35,102,20.0,75,16.0,26,4.0,1,0.0,73.53,1.58,2026-05-31,G,2,398.0
56,-21,Boromir7,PL,1724.25,-25.02,1801.58,-26.12,25.78,-0.37,554,34.0,339,13.0,212,21.0,3,0.0,61.19,-1.5,2026-05-31,M,8,31.0
57,-18,Angor,RU,1724.08,-14.9,1826.81,-20.4,34.24,-1.83,276,20.0,183,9.0,90,11.0,3,0.0,66.3,-1.67,2026-05-07,GM,1,104.0
58,16,kyshantry,US,1723.8,33.55,1848.78,31.87,41.66,-0.56,158,6.0,92,6.0,66,0.0,0,0.0,58.23,1.65,2026-05-12,M,1,53.0
59,10,Doughnut,GB,1721.48,25.43,1832.33,17.02,36.95,-2.8,176,18.0,126,12.0,49,6.0,1,0.0,71.59,-0.56,2026-05-31,G,6,308.0
60,22,Momomillion,DE,1717.36,32.19,1803.94,24.74,28.86,-2.48,208,38.0,138,26.0,69,12.0,1,0.0,66.35,0.47,2026-05-31,-,0,83.0
61,-4,Fourierrr,BR,1717.24,4.18,1793.79,5.29,25.52,0.37,438,24.0,275,15.0,161,9.0,2,0.0,62.79,-0.01,2026-05-27,M,2,49.0
62,-7,Dazzy,CN,1716.75,2.68,1796.24,1.32,26.5,-0.45,436,32.0,272,19.0,156,12.0,8,1.0,62.39,-0.23,2026-05-31,M,2,20.0
63,-14,Sylvain,FR,1715.88,-6.86,1795.01,-5.4,26.38,0.49,574,20.0,334,10.0,239,10.0,1,0.0,58.19,-0.29,2026-05-26,M,2,38.0
64,0,FirstOfDao,CN,1715.45,12.16,1789.24,9.94,24.6,-0.74,480,42.0,289,26.0,188,16.0,3,0.0,60.21,0.16,2026-05-28,P,2,29.0
65,-11,devilchn,-,1712.12,-2.3,1925.86,0.0,71.25,0.77,42,0.0,37,0.0,5,0.0,0,0.0,88.1,0.0,2025-07-04,-,0,496.0
-,-,Veivi,FI,1711.33,-2.91,1879.45,0.0,56.04,0.97,130,0.0,85,0.0,44,0.0,1,0.0,65.38,0.0,2022-03-06,GM,4,-
66,-5,FCKAFD,DE,1710.23,3.66,1849.2,-0.83,46.32,-1.5,78,6.0,58,3.0,20,3.0,0,0.0,74.36,-2.03,2026-05-17,-,0,100.0
67,22,Vantablack,MO,1710.01,28.1,1789.79,25.93,26.59,-0.72,546,36.0,324,26.0,217,9.0,5,1.0,59.34,0.91,2026-05-29,GM,1,84.0
68,-3,SpartacusImperator,DK,1709.35,9.89,1818.09,10.74,36.25,0.28,234,6.0,148,4.0,83,2.0,3,0.0,63.25,0.09,2026-04-05,P,6,133.0
-,-,Cleanbulk,NL,1708.61,-3.52,1846.56,0.0,45.98,1.17,204,0.0,131,0.0,72,0.0,1,0.0,64.22,0.0,2023-08-30,M,5,-
69,60,Michiel,BE,1708.53,66.12,1898.15,49.16,63.21,-5.65,36,6.0,27,6.0,9,0.0,0,0.0,75.0,5.0,2026-05-24,-,0,176.0
70,299,tianren4561367,-,1707.9,203.26,1905.75,115.15,65.95,-29.37,36,18.0,33,16.0,3,2.0,0,0.0,91.67,-2.77,2026-05-14,-,0,-
-,-,Andrethegiant,NO,1707.53,-3.44,1853.29,0.0,48.59,1.15,166,0.0,115,0.0,51,0.0,0,0.0,69.28,0.0,2023-07-18,GM,1,-
71,-13,Magnetiseur,DE,1707.39,-5.37,1797.27,-3.95,29.96,0.47,416,12.0,265,6.0,146,6.0,5,0.0,63.7,-0.41,2026-05-19,P,10,57.0
72,7,takusto_II,JP,1705.15,18.8,1779.78,15.65,24.88,-1.05,838,44.0,450,28.0,383,16.0,5,0.0,53.7,0.55,2026-05-31,M,3,59.0
73,12,GerisNezus,LT,1704.92,20.4,1781.23,17.87,25.44,-0.84,524,46.0,318,27.0,202,18.0,4,1.0,60.69,-0.19,2026-05-31,P,3,45.0
74,-14,DJParson,DE,1704.07,-4.48,1814.53,0.0,36.82,1.49,464,0.0,262,0.0,201,0.0,1,0.0,56.47,0.0,2025-06-26,GM,8,321.0
75,3,maximpodg,-,1700.43,11.54,1851.59,-6.13,50.39,-5.89,96,12.0,67,7.0,29,5.0,0,0.0,69.79,-1.64,2026-05-06,M,2,-
76,-1,jantteri,-,1699.84,9.67,1774.19,6.79,24.79,-0.96,390,44.0,234,24.0,153,17.0,3,3.0,60.0,-0.69,2026-05-31,G,5,46.0
77,18,tupper,CA,1695.16,18.4,1771.34,16.16,25.4,-0.74,354,38.0,224,23.0,125,15.0,5,0.0,63.28,-0.33,2026-05-31,G,3,78.0
78,9,Phalanxx,US,1693.13,10.26,1790.81,4.08,32.56,-2.06,162,24.0,108,15.0,54,9.0,0,0.0,66.67,-0.72,2026-05-20,-,0,95.0
79,22,zadokk,BE,1692.67,19.64,1776.6,14.4,27.98,-1.74,406,36.0,243,21.0,161,15.0,2,0.0,59.85,-0.15,2026-05-31,P,14,80.0
80,-17,invalidName,NO,1692.65,-11.46,1815.26,-25.66,40.87,-4.73,272,22.0,178,13.0,93,9.0,1,0.0,65.44,-0.56,2026-05-31,GM,2,-
81,3,Nickeberg,-,1691.65,6.93,1815.53,0.52,41.29,-2.13,150,12.0,98,7.0,52,5.0,0,0.0,65.33,-0.61,2026-05-17,P,2,216.0
-,-,gothark,PL,1691.62,-3.92,1818.52,0.0,42.3,1.31,128,0.0,97,0.0,30,0.0,1,0.0,75.78,0.0,2025-05-31,G,2,74.0
82,-32,Gilgamesh2,NL,1691.43,-27.19,1793.77,-25.94,34.11,0.41,194,8.0,134,1.0,58,7.0,2,0.0,69.07,-2.44,2026-03-22,G,2,32.0
83,-6,Gagic,CZ,1690.4,0.5,1765.85,-2.41,25.15,-0.97,380,42.0,222,20.0,155,20.0,3,2.0,58.42,-1.34,2026-05-31,G,5,73.0
84,-3,drodriguez,-,1688.76,2.71,1780.58,-7.16,30.61,-3.29,176,36.0,118,18.0,58,18.0,0,0.0,67.05,-4.38,2026-05-31,-,0,126.0
85,-14,discodancer,-,1688.01,-6.19,1803.36,-9.77,38.45,-1.19,144,12.0,97,7.0,47,5.0,0,0.0,67.36,-0.82,2026-05-05,P,4,130.0
86,18,Huettengaudi,DE,1687.25,21.56,1760.45,19.1,24.4,-0.82,520,44.0,302,28.0,216,16.0,2,0.0,58.08,0.52,2026-05-31,P,6,71.0
87,-36,yaba,PL,1687.2,-30.98,1766.07,-34.82,26.29,-1.28,480,40.0,272,14.0,203,26.0,5,0.0,56.67,-1.97,2026-05-31,M,6,55.0
88,-21,Brightfuture,RU,1684.73,-12.82,1758.94,-14.12,24.74,-0.43,502,38.0,304,16.0,194,22.0,4,0.0,60.56,-1.51,2026-05-31,P,7,48.0
-,-,Rabbles,AU,1684.53,-3.03,1846.86,0.0,54.11,1.01,132,0.0,94,0.0,37,0.0,1,0.0,71.21,0.0,2023-09-03,M,1,-
-,-,Himmelstosh,RU,1683.47,-4.05,1811.88,0.0,42.8,1.35,282,0.0,162,0.0,115,0.0,5,0.0,57.45,0.0,2024-07-15,GM,1,-
89,-27,Tordread,US,1682.63,-22.26,1765.1,-21.01,27.49,0.42,570,20.0,332,6.0,234,14.0,4,0.0,58.25,-1.02,2026-05-20,GM,3,44.0
90,unretired,bobaboba,-,1680.54,17.19,1861.77,-7.53,60.41,-8.24,56,18.0,43,15.0,13,3.0,0,0.0,76.79,3.11,2026-05-31,-,0,-
91,-23,mlhibou,US,1679.88,-16.63,1801.13,-17.33,40.41,-0.23,212,6.0,143,2.0,69,4.0,0,0.0,67.45,-1.0,2026-05-31,GM,1,-
92,8,BlixLT,LT,1679.73,6.69,1746.69,5.54,22.32,-0.38,1132,54.0,616,30.0,513,24.0,3,0.0,54.42,0.06,2026-05-31,P,18,56.0
-,-,Draculade,-,1679.61,-4.09,1801.87,0.0,40.75,1.36,248,0.0,165,0.0,80,0.0,3,0.0,66.53,0.0,2024-12-04,P,2,653.0
93,1,HCsquared,CA,1679.42,2.55,1761.23,0.61,27.27,-0.65,464,30.0,288,16.0,173,14.0,3,0.0,62.07,-0.6,2026-05-28,P,6,66.0
94,69,lhrljr,SG,1678.62,59.47,1812.22,23.02,44.53,-12.15,82,32.0,63,24.0,18,7.0,1,1.0,76.83,-1.17,2026-05-31,-,0,852.0
-,-,LeonC,TW,1678.38,-2.28,1895.29,0.0,72.3,0.76,78,0.0,58,0.0,20,0.0,0,0.0,74.36,0.0,2020-10-28,-,0,-
95,23,Doobie,CN,1678.16,26.9,1755.86,25.88,25.9,-0.34,500,34.0,282,22.0,216,12.0,2,0.0,56.4,0.61,2026-05-31,G,21,87.0
96,-13,Fjantarik,-,1677.65,-7.22,1762.36,-10.02,28.24,-0.93,288,30.0,176,16.0,111,14.0,1,0.0,61.11,-0.91,2026-05-31,P,2,58.0
97,29,zoiedberg,BE,1676.79,33.45,1814.02,10.48,45.74,-7.66,78,20.0,51,13.0,27,7.0,0,0.0,65.38,-0.14,2026-05-28,-,0,265.0
-,-,Ktung,-,1676.28,-3.59,1816.31,0.0,46.68,1.2,228,0.0,143,0.0,84,0.0,1,0.0,62.72,0.0,2023-06-04,M,5,-
98,-1,DrRerNate,DE,1676.23,-0.17,1758.43,-1.21,27.4,-0.35,732,26.0,412,13.0,312,11.0,8,2.0,56.28,-0.24,2026-05-31,GM,4,142.0
99,-33,CaesarSalah,US,1675.71,-23.48,1747.24,-23.53,23.84,-0.01,712,40.0,395,16.0,311,24.0,6,0.0,55.48,-0.92,2026-05-31,P,15,21.0
100,-12,gomensky,CZ,1675.62,-6.64,1777.38,-7.29,33.92,-0.22,210,12.0,144,6.0,66,6.0,0,0.0,68.57,-1.13,2026-05-21,G,2,96.0
101,118,DarKStyle,-,1674.8,90.7,1817.11,20.77,47.44,-23.31,70,42.0,56,31.0,13,10.0,1,1.0,80.0,-9.29,2026-05-31,-,0,-
-,-,Sjir,NL,1674.36,-4.05,1797.54,0.0,41.06,1.35,268,0.0,162,0.0,105,0.0,1,0.0,60.45,0.0,2024-07-15,M,5,-
102,21,DrSniken,NO,1672.77,25.33,1824.95,9.53,50.72,-5.27,66,12.0,48,9.0,18,3.0,0,0.0,72.73,0.51,2026-05-20,-,0,72.0
103,-13,DiddleySquat,BE,1671.97,-7.79,1748.17,-10.74,25.4,-0.98,528,42.0,316,23.0,208,19.0,4,0.0,59.85,-0.44,2026-05-31,GM,1,98.0
-,-,Hierostrafio,SE,1671.83,-3.0,1837.1,0.0,55.09,1.0,132,0.0,81,0.0,51,0.0,0,0.0,61.36,0.0,2022-05-28,GM,3,-
104,-6,Plunderteig,CN,1671.83,-2.54,1867.38,0.0,65.18,0.85,42,0.0,30,0.0,12,0.0,0,0.0,71.43,0.0,2025-09-27,-,0,102.0
105,-9,Raulone,ES,1671.77,-4.96,1772.39,0.0,33.54,1.65,222,0.0,144,0.0,78,0.0,0,0.0,64.86,0.0,2026-02-26,G,5,93.0
106,0,Turdle,AT,1671.72,7.56,1743.7,5.2,23.99,-0.79,428,50.0,251,24.0,172,24.0,5,2.0,58.64,-1.41,2026-05-31,P,4,111.0
107,-14,Oprah,DK,1671.51,-6.2,1758.53,0.0,29.01,2.07,556,0.0,315,0.0,238,0.0,3,0.0,56.65,0.0,2025-11-30,GM,2,60.0
-,-,Veikka,FI,1671.28,-3.89,1804.84,0.0,44.52,1.3,274,0.0,172,0.0,100,0.0,2,0.0,62.77,0.0,2023-11-15,P,10,-
108,-17,weisswurst,NL,1670.91,-8.22,1766.48,-8.08,31.86,0.05,374,12.0,231,5.0,139,7.0,4,0.0,61.76,-0.67,2026-05-18,M,4,120.0
109,-7,RestlessMe,US,1670.55,2.29,1744.08,0.71,24.51,-0.53,592,40.0,337,21.0,250,19.0,5,0.0,56.93,-0.32,2026-05-31,P,5,34.0
110,28,BoatyMcBoatface,US,1670.54,30.56,1748.92,25.97,26.13,-1.53,398,42.0,243,27.0,154,15.0,1,0.0,61.06,0.39,2026-05-31,P,2,88.0
-,-,Zulda,-,1670.17,-2.99,1836.77,0.0,55.53,1.0,114,0.0,73,0.0,36,0.0,5,0.0,64.04,0.0,2022-05-23,M,1,-
111,-3,yaop,CN,1669.44,8.03,1747.23,1.06,25.93,-2.32,284,52.0,165,27.0,116,24.0,3,1.0,58.1,-1.38,2026-05-31,G,1,28.0
-,-,SnailZane,CN,1669.42,-4.14,1791.6,0.0,40.73,1.38,210,0.0,120,0.0,90,0.0,0,0.0,57.14,0.0,2024-09-15,M,6,757.0
-,-,edan92,-,1668.68,-3.41,1816.94,0.0,49.42,1.14,258,0.0,176,0.0,81,0.0,1,0.0,68.22,0.0,2022-11-29,M,4,-
112,-20,heisenberg_97,IT,1665.57,-13.05,1752.83,-13.53,29.09,-0.16,372,18.0,224,7.0,144,11.0,4,0.0,60.22,-1.08,2026-05-26,P,4,118.0
113,-33,moemoe,DE,1665.29,-20.92,1743.26,-26.01,25.99,-1.7,308,48.0,182,19.0,122,29.0,4,0.0,59.09,-3.6,2026-05-31,-,0,65.0
114,-44,Obinger_Alphons,AT,1664.89,-29.62,1771.78,-37.55,35.63,-2.64,152,22.0,104,9.0,47,13.0,1,0.0,68.42,-4.66,2026-05-31,-,0,125.0
115,-12,gregt,-,1664.71,-2.31,1763.9,-6.42,33.06,-1.37,304,20.0,202,12.0,101,8.0,1,0.0,66.45,-0.45,2026-05-21,P,4,321.0
116,21,WanderingWolf,AU,1664.19,23.94,1746.31,21.74,27.37,-0.74,492,32.0,285,23.0,200,9.0,7,0.0,57.93,0.97,2026-05-31,M,1,115.0
117,-31,Reenter73,-,1664.15,-18.97,1752.39,-20.94,29.41,-0.66,490,24.0,294,9.0,192,15.0,4,0.0,60.0,-1.16,2026-05-31,M,5,154.0
118,50,NFGM,DE,1663.32,46.58,1763.55,27.98,33.41,-6.2,136,40.0,92,25.0,41,13.0,3,2.0,67.65,-2.14,2026-05-28,-,0,306.0
119,-43,Footloop,CA,1661.55,-28.57,1785.16,-34.05,41.2,-1.83,248,12.0,143,4.0,99,8.0,6,0.0,57.66,-1.24,2026-05-02,GM,7,-
-,-,Sugoi,CA,1661.5,-2.96,1827.25,0.0,55.25,0.99,78,0.0,55,0.0,23,0.0,0,0.0,70.51,0.0,2024-07-01,P,2,-
-,-,ArtPlay,FR,1661.45,-3.34,1808.42,0.0,48.99,1.11,162,0.0,109,0.0,53,0.0,0,0.0,67.28,0.0,2023-11-15,P,4,-
120,-13,DJLAODIE,CN,1659.94,-3.19,1815.31,0.0,51.79,1.06,78,0.0,56,0.0,21,0.0,1,0.0,71.79,0.0,2025-06-24,-,0,340.0
121,1,Shagrat,CZ,1657.67,8.17,1736.4,3.82,26.24,-1.45,308,42.0,198,25.0,108,17.0,2,0.0,64.29,-0.75,2026-05-31,G,1,112.0
122,-10,e5582768,CN,1656.57,-2.96,1823.38,0.0,55.6,0.99,54,0.0,29,0.0,24,0.0,1,0.0,53.7,0.0,2025-08-17,-,0,238.0
123,29,PlanarFreak,US,1656.09,26.31,1737.1,24.79,27.0,-0.5,434,28.0,261,18.0,169,9.0,4,1.0,60.14,0.29,2026-05-31,G,12,151.0
124,404,Silvester,-,1655.94,233.99,1871.37,140.66,71.81,-31.11,36,18.0,32,17.0,4,1.0,0,0.0,88.89,5.56,2026-05-31,-,0,-
125,61,Dethar,PL,1655.45,53.17,1771.61,18.75,38.72,-11.47,102,38.0,71,24.0,31,14.0,0,0.0,69.61,-3.83,2026-05-31,-,0,302.0
126,-6,Xterm,NO,1654.97,4.45,1750.62,1.65,31.88,-0.93,356,18.0,221,9.0,131,8.0,4,1.0,62.08,-0.64,2026-05-12,G,10,167.0
127,14,RudyRunner666,IT,1654.82,16.28,1745.77,14.88,30.32,-0.47,306,18.0,189,10.0,112,7.0,5,1.0,61.76,-0.39,2026-05-31,G,4,220.0
128,332,Icallhimtest,-,1653.83,197.41,1878.32,92.8,74.83,-34.87,24,12.0,20,9.0,4,3.0,0,0.0,83.33,-8.34,2026-05-07,-,0,-
129,11,borz.zrob,HU,1653.56,14.6,1736.99,13.44,27.81,-0.39,446,24.0,259,15.0,184,9.0,3,0.0,58.07,0.25,2026-05-22,P,4,85.0
130,-17,Snucka,US,1652.67,-3.8,1785.54,0.0,44.29,1.27,96,0.0,64,0.0,31,0.0,1,0.0,66.67,0.0,2025-10-13,-,0,128.0
-,-,Cyphen,US,1652.05,-3.52,1793.34,0.0,47.1,1.17,290,0.0,182,0.0,105,0.0,3,0.0,62.76,0.0,2023-09-03,GM,3,-
131,-32,fugg,US,1652.05,-21.21,1740.95,-23.81,29.63,-0.87,362,24.0,245,7.0,113,16.0,4,1.0,67.68,-2.73,2026-05-31,G,2,473.0
132,-8,occupied,-,1651.05,4.29,1739.2,4.58,29.38,0.09,524,18.0,314,12.0,205,6.0,5,0.0,59.92,0.24,2026-05-29,M,2,161.0
133,-18,mbbchess,US,1650.46,-3.77,1784.19,0.0,44.58,1.26,146,0.0,100,0.0,45,0.0,1,0.0,68.49,0.0,2025-06-26,P,2,398.0
134,42,Zegs,-,1650.29,41.92,1766.53,29.33,38.75,-4.2,156,20.0,102,14.0,54,6.0,0,0.0,65.38,0.67,2026-05-25,P,4,441.0
135,-1,KarlThomas,NO,1649.3,8.05,1748.62,4.76,33.11,-1.1,336,16.0,189,8.0,144,8.0,3,0.0,56.25,-0.31,2026-05-30,M,4,-
136,-5,jhutc,GB,1649.09,7.11,1745.56,1.43,32.16,-1.89,176,24.0,118,14.0,58,10.0,0,0.0,67.05,-1.37,2026-05-28,-,0,113.0
137,-23,daimx,-,1648.97,-6.41,1722.42,-7.82,24.48,-0.47,534,42.0,284,21.0,248,20.0,2,1.0,53.18,-0.28,2026-05-31,P,4,63.0
138,13,Rob_Stedman,AU,1648.66,18.67,1719.92,17.06,23.75,-0.54,682,48.0,384,31.0,294,17.0,4,0.0,56.3,0.62,2026-05-31,M,1,122.0
139,-66,ElChupacabra,MK,1647.71,-45.21,1728.55,-43.05,26.95,0.72,388,18.0,230,0.0,154,18.0,4,0.0,59.28,-2.88,2026-04-22,M,1,42.0
140,-8,Praetorianer,DE,1647.62,5.69,1721.74,4.97,24.7,-0.24,884,38.0,457,18.0,424,19.0,3,1.0,51.7,-0.19,2026-05-31,GM,1,33.0
141,25,Kloef,-,1647.53,30.18,1760.09,16.17,37.52,-4.67,126,24.0,90,15.0,35,9.0,1,0.0,71.43,-2.1,2026-05-31,-,0,922.0
142,8,brunoerwin,-,1646.72,16.44,1726.42,15.89,26.57,-0.18,464,28.0,267,20.0,195,8.0,2,0.0,57.54,0.89,2026-05-24,P,2,119.0
-,-,Straalberg,NO,1645.77,-3.15,1803.81,0.0,52.68,1.05,120,0.0,87,0.0,33,0.0,0,0.0,72.5,0.0,2023-08-21,G,4,-
143,42,Dread_84,DE,1645.64,42.15,1752.81,23.87,35.72,-6.1,128,32.0,89,20.0,39,12.0,0,0.0,69.53,-2.35,2026-05-31,-,0,384.0
144,-9,darwinian,GB,1644.47,3.6,1735.52,4.79,30.35,0.4,264,12.0,160,6.0,101,6.0,3,0.0,60.61,-0.5,2026-05-13,P,2,91.0
145,-34,Boyo,TW,1644.39,-15.28,1731.25,-10.56,28.95,1.57,290,4.0,179,0.0,111,4.0,0,0.0,61.72,-0.87,2026-04-01,G,2,54.0
146,-13,WhateverParsley,-,1643.65,1.94,1728.52,-2.89,28.29,-1.61,406,34.0,236,18.0,168,16.0,2,0.0,58.13,-0.47,2026-05-31,P,12,106.0
147,57,Straszyk,PL,1643.18,50.38,1763.77,43.9,40.2,-2.16,126,12.0,75,10.0,51,2.0,0,0.0,59.52,2.5,2026-05-18,G,4,179.0
148,-3,funnytortoise,ID,1643.04,8.88,1720.13,9.17,25.7,0.1,552,30.0,314,19.0,235,10.0,3,1.0,56.88,0.37,2026-05-28,G,9,70.0
-,-,Olorin_,-,1642.88,-2.53,1838.04,0.0,65.05,0.84,72,0.0,57,0.0,14,0.0,1,0.0,79.17,0.0,2022-06-05,M,1,-
149,51,Kesterer,GB,1640.76,46.39,1830.93,-17.61,63.39,-21.33,52,18.0,40,12.0,12,6.0,0,0.0,76.92,-5.43,2026-05-14,-,0,-
150,unretired,GZ95,CN,1640.47,27.58,1864.13,20.33,74.55,-2.42,32,2.0,24,2.0,8,0.0,0,0.0,75.0,1.67,2026-05-23,-,0,1106.0
-,-,GBH_Grzegorz,-,1639.33,-2.75,1818.13,0.0,59.6,0.92,72,0.0,55,0.0,17,0.0,0,0.0,76.39,0.0,2025-03-17,-,0,757.0
151,-24,Demetrius,UA,1638.85,-4.27,1754.45,0.0,38.53,1.42,140,0.0,93,0.0,47,0.0,0,0.0,66.43,0.0,2025-11-21,-,0,236.0
-,-,Benni,-,1637.21,-3.01,1800.97,0.0,54.59,1.0,108,0.0,85,0.0,23,0.0,0,0.0,78.7,0.0,2023-09-03,G,2,-
152,19,Cmacu,-,1636.89,21.43,1791.11,14.41,51.41,-2.34,72,6.0,46,4.0,25,1.0,1,1.0,63.89,0.25,2026-03-16,-,0,321.0
153,-37,Ristey,GB,1636.78,-16.52,1711.09,-14.71,24.77,0.61,608,26.0,355,9.0,246,17.0,7,0.0,58.39,-1.06,2026-05-31,P,3,52.0
154,-11,Hisbossness,US,1636.57,1.51,1726.29,-4.33,29.91,-1.95,206,30.0,128,15.0,76,15.0,2,0.0,62.14,-2.06,2026-05-31,-,0,135.0
-,-,Japhet,US,1635.96,-2.5,1834.47,0.0,66.17,0.83,98,0.0,70,0.0,28,0.0,0,0.0,71.43,0.0,2020-11-21,P,2,-
155,-27,roverandom,HR,1635.86,-6.66,1709.06,-7.71,24.4,-0.35,628,40.0,368,21.0,258,19.0,2,0.0,58.6,-0.41,2026-05-30,P,10,121.0
-,-,keizerCarel,-,1635.22,-2.16,1863.18,0.0,75.98,0.72,30,0.0,27,0.0,3,0.0,0,0.0,90.0,0.0,2025-03-07,-,0,684.0
156,4,Unterjochen,DE,1635.01,12.54,1716.43,7.39,27.14,-1.72,238,40.0,142,24.0,95,15.0,1,1.0,59.66,0.06,2026-05-31,-,0,100.0
157,33,MrBiz,US,1634.53,35.95,1746.82,19.24,37.43,-5.57,114,28.0,82,18.0,32,10.0,0,0.0,71.93,-2.49,2026-05-20,-,0,480.0
158,-39,Nightvayne,CH,1634.08,-16.97,1716.68,-17.46,27.53,-0.16,376,22.0,221,7.0,151,15.0,4,0.0,58.78,-1.67,2026-05-24,G,5,127.0
159,-4,Gyphon,DE,1633.76,8.1,1730.37,-3.38,32.2,-3.83,174,38.0,113,22.0,60,15.0,1,1.0,64.94,-1.97,2026-05-26,-,0,104.0
160,-51,Flackk,BG,1633.0,-27.35,1711.1,-27.58,26.04,-0.07,448,30.0,253,11.0,190,19.0,5,0.0,56.47,-1.42,2026-05-31,P,5,47.0
-,-,BeatrixAnd,PL,1631.79,-3.06,1794.66,0.0,54.29,1.02,72,0.0,58,0.0,14,0.0,0,0.0,80.56,0.0,2025-05-08,-,0,194.0
161,4,HeirOfValyria,-,1631.28,13.27,1713.42,11.73,27.38,-0.52,552,30.0,310,17.0,237,11.0,5,2.0,56.16,0.03,2026-05-31,P,14,190.0
162,-32,Aranwar,IL,1630.95,-11.18,1716.72,-11.87,28.59,-0.23,520,22.0,284,10.0,229,12.0,7,0.0,54.62,-0.4,2026-05-31,P,12,252.0
163,-17,Crey,-,1630.55,-3.18,1786.7,0.0,52.05,1.06,98,0.0,73,0.0,25,0.0,0,0.0,74.49,0.0,2025-09-03,G,2,299.0
164,-43,Kimmo,FI,1630.39,-19.74,1702.06,-20.44,23.89,-0.23,894,42.0,463,17.0,424,25.0,7,0.0,51.79,-0.56,2026-05-28,GM,1,124.0
165,10,Arcee,-,1629.33,18.36,1717.41,15.11,29.36,-1.09,386,26.0,215,17.0,170,9.0,1,0.0,55.7,0.7,2026-05-31,M,2,184.0
166,-41,Masox,DE,1629.31,-16.27,1702.89,-16.1,24.53,0.05,582,36.0,349,18.0,227,17.0,6,1.0,59.97,-0.65,2026-05-30,P,2,92.0
167,74,bluecube,-,1628.96,58.4,1816.03,-13.82,62.36,-24.07,42,18.0,34,11.0,8,7.0,0,0.0,80.95,-14.88,2026-05-20,-,0,1287.0
168,-15,ben0728,KR,1628.16,-1.36,1727.01,1.15,32.95,0.84,226,6.0,139,4.0,85,2.0,2,0.0,61.5,0.14,2026-03-22,-,0,19.0
169,-27,Kay,HK,1628.05,-8.91,1708.01,-12.83,26.65,-1.31,298,36.0,175,14.0,122,22.0,1,0.0,58.72,-2.73,2026-05-31,P,2,61.0
170,-16,LittleBob,TW,1627.96,-1.08,1711.41,0.89,27.82,0.66,506,18.0,287,13.0,217,5.0,2,0.0,56.72,0.57,2026-05-30,P,14,68.0
171,-35,Yookie,CN,1627.2,-13.55,1720.77,-25.32,31.19,-3.92,184,38.0,128,18.0,56,20.0,0,0.0,69.57,-5.77,2026-05-31,-,0,201.0
172,-16,maiquelPS,ES,1627.08,1.57,1707.58,0.48,26.83,-0.36,506,30.0,277,15.0,228,15.0,1,0.0,54.74,-0.3,2026-05-31,P,15,76.0
173,19,FreddyCrugerKiller,UA,1626.54,28.58,1718.45,26.05,30.64,-0.84,456,20.0,246,14.0,202,6.0,8,0.0,53.95,0.74,2026-05-02,M,6,164.0
174,-26,jonswar,US,1625.86,-4.59,1739.26,0.0,37.8,1.53,252,0.0,150,0.0,102,0.0,0,0.0,59.52,0.0,2025-11-30,M,1,514.0
175,41,ciufile,-,1624.9,40.23,1731.98,23.34,35.69,-5.63,128,34.0,82,23.0,43,10.0,3,1.0,64.06,1.29,2026-05-31,-,0,163.0
-,-,elo8000,-,1624.77,-2.53,1818.5,0.0,64.58,0.84,56,0.0,49,0.0,7,0.0,0,0.0,87.5,0.0,2024-09-04,-,0,1412.0
176,-27,vaLfizzL,DE,1624.29,-6.0,1717.4,0.0,31.04,2.0,494,0.0,268,0.0,224,0.0,2,0.0,54.25,0.0,2025-11-30,M,4,109.0
-,-,chumchu,-,1624.25,-3.34,1772.99,0.0,49.58,1.11,182,0.0,94,0.0,88,0.0,0,0.0,51.65,0.0,2024-02-06,-,0,-
177,25,Amorin,ES,1623.44,30.3,1704.11,28.59,26.89,-0.57,584,32.0,340,19.0,239,13.0,5,0.0,58.22,0.07,2026-05-31,-,0,212.0
178,-20,errliu,-,1622.38,-1.72,1766.25,-11.8,47.96,-3.36,74,10.0,56,5.0,18,5.0,0,0.0,75.68,-4.01,2026-04-04,-,0,619.0
179,0,holy834,CN,1622.22,15.12,1703.72,8.54,27.16,-2.19,236,44.0,140,24.0,96,20.0,0,0.0,59.32,-1.1,2026-05-31,-,0,146.0
-,-,MruczekW,PL,1622.11,-3.33,1770.24,0.0,49.38,1.11,92,0.0,64,0.0,28,0.0,0,0.0,69.57,0.0,2024-10-01,G,4,1245.0
180,30,ed_vins,LV,1620.66,32.63,1698.05,30.84,25.8,-0.6,360,38.0,218,26.0,139,12.0,3,0.0,60.56,0.93,2026-05-31,-,0,114.0
-,-,FoLKeN91,FR,1619.67,-4.07,1744.48,0.0,41.6,1.36,192,0.0,119,0.0,71,0.0,2,0.0,61.98,0.0,2025-05-12,M,2,578.0
-,-,VikingLeif,-,1619.36,-3.79,1751.05,0.0,43.9,1.26,230,0.0,132,0.0,97,0.0,1,0.0,57.39,0.0,2023-12-03,P,8,-
181,-17,mikechike,US,1619.26,1.09,1789.2,-33.47,56.64,-11.52,50,14.0,34,7.0,16,7.0,0,0.0,68.0,-7.0,2026-05-10,-,0,480.0
182,0,jingjing123,CN,1618.84,13.26,1692.64,11.12,24.6,-0.71,380,48.0,224,23.0,150,25.0,6,0.0,58.95,-1.59,2026-05-31,-,0,147.0
183,-3,maxolino,IT,1618.28,11.72,1696.06,11.55,25.93,-0.05,518,26.0,305,16.0,208,10.0,5,0.0,58.88,0.14,2026-05-25,G,6,140.0
184,-23,GerionLannister,CZ,1617.9,-4.17,1736.78,0.0,39.63,1.39,106,0.0,72,0.0,34,0.0,0,0.0,67.92,0.0,2026-02-23,-,0,231.0
185,-4,fathope,SK,1617.79,12.05,1695.67,11.83,25.96,-0.07,526,28.0,300,16.0,222,12.0,4,0.0,57.03,0.0,2026-05-31,P,2,168.0
186,-42,Raskonin,-,1617.72,-16.74,1791.39,-46.08,57.89,-9.78,48,12.0,30,4.0,17,7.0,1,1.0,62.5,-9.72,2026-05-06,-,0,214.0
187,-3,Olesch,DE,1616.93,13.43,1701.35,9.92,28.14,-1.17,476,30.0,267,17.0,205,13.0,4,0.0,56.09,0.04,2026-05-31,P,2,207.0
188,-26,Vorbrock,-,1616.36,-4.05,1738.94,0.0,40.86,1.35,158,0.0,89,0.0,67,0.0,2,0.0,56.33,0.0,2025-07-08,P,12,247.0
189,102,Beebs,-,1614.98,71.04,1743.59,37.24,42.87,-11.27,76,28.0,49,16.0,25,10.0,2,2.0,64.47,-4.28,2026-05-31,-,0,463.0
-,-,Isaia,KR,1614.62,-3.35,1764.5,0.0,49.96,1.12,122,0.0,78,0.0,43,0.0,1,0.0,63.93,0.0,2024-02-23,M,3,-
190,-33,Vangelisb,GR,1614.43,-10.69,1693.46,-11.52,26.34,-0.28,438,32.0,256,14.0,180,18.0,2,0.0,58.45,-1.16,2026-05-31,G,6,142.0
-,-,lukaszt,-,1613.71,-3.03,1779.03,0.0,55.11,1.01,150,0.0,105,0.0,45,0.0,0,0.0,70.0,0.0,2023-04-16,M,1,-
-,-,Shorty55,-,1613.21,-2.95,1782.14,0.0,56.31,0.98,144,0.0,95,0.0,49,0.0,0,0.0,65.97,0.0,2022-05-31,M,3,-
191,433,condemor,-,1612.77,236.65,1880.56,-0.77,89.26,-79.14,26,22.0,22,18.0,4,4.0,0,0.0,84.62,-15.38,2026-05-29,-,0,-
-,-,jmamos,-,1612.75,-3.64,1747.98,0.0,45.08,1.21,132,0.0,88,0.0,44,0.0,0,0.0,66.67,0.0,2025-05-27,G,4,380.0
192,-25,RutgerHauer,SE,1612.46,-4.53,1720.92,0.0,36.15,1.51,222,0.0,132,0.0,89,0.0,1,0.0,59.46,0.0,2025-08-17,M,2,75.0
-,-,sqwndw,CN,1611.76,-5.49,1731.72,0.0,39.99,1.83,438,0.0,253,0.0,182,0.0,3,0.0,57.76,0.0,2024-10-01,GM,2,-
193,-34,delonecarter,GB,1610.51,-12.93,1698.54,-13.07,29.34,-0.05,446,18.0,258,6.0,183,12.0,5,0.0,57.85,-1.03,2026-05-31,G,15,243.0
194,-20,speedstone,PL,1609.61,-2.56,1712.24,-7.94,34.21,-1.79,160,18.0,96,7.0,63,11.0,1,0.0,60.0,-2.68,2026-05-31,-,0,108.0
195,-22,Wanderlust,CN,1609.21,-3.98,1735.09,0.0,41.96,1.33,96,0.0,54,0.0,42,0.0,0,0.0,56.25,0.0,2025-10-14,-,0,25.0
-,-,Arnaud,CH,1607.49,-2.62,1796.68,0.0,63.06,0.87,60,0.0,42,0.0,18,0.0,0,0.0,70.0,0.0,2023-04-16,P,6,-
196,-13,Dragonite,US,1607.43,2.47,1680.32,3.51,24.29,0.34,514,30.0,298,15.0,208,14.0,8,1.0,57.98,-0.49,2026-05-31,G,4,181.0
197,40,Malakesh,DE,1607.31,34.2,1715.42,10.67,36.04,-7.84,116,40.0,75,21.0,41,19.0,0,0.0,64.66,-6.39,2026-05-25,-,0,298.0
198,-26,PhiTrigger,US,1605.82,-8.18,1678.65,-8.68,24.28,-0.17,902,36.0,460,15.0,436,20.0,6,1.0,51.0,-0.39,2026-05-31,M,7,102.0
199,-30,belowfox,CN,1605.58,-11.05,1703.21,-20.31,32.54,-3.09,168,30.0,108,14.0,60,16.0,0,0.0,64.29,-3.83,2026-05-29,-,0,155.0
200,-6,MattM,-,1605.49,7.92,1737.45,0.12,43.99,-2.6,112,10.0,78,4.0,32,5.0,2,1.0,69.64,-2.91,2026-04-15,-,0,1245.0
201,-31,Dvale112,US,1605.36,-10.28,1685.26,-10.58,26.63,-0.1,482,28.0,264,10.0,215,18.0,3,0.0,54.77,-1.18,2026-05-31,G,12,148.0
-,-,Fizi,GB,1604.64,-2.45,1809.08,0.0,68.15,0.82,58,0.0,39,0.0,19,0.0,0,0.0,67.24,0.0,2024-07-07,GM,3,-
-,-,chrroom,-,1604.35,-2.87,1775.11,0.0,56.92,0.96,120,0.0,81,0.0,38,0.0,1,0.0,67.5,0.0,2022-03-06,P,2,-
202,-24,Garlett,-,1603.98,-3.31,1715.43,-5.03,37.15,-0.58,230,10.0,144,5.0,86,5.0,0,0.0,62.61,-0.57,2026-04-19,P,4,389.0
203,228,laozhou,-,1603.09,130.8,1870.9,62.62,89.27,-22.73,18,6.0,16,5.0,2,1.0,0,0.0,88.89,-2.78,2026-03-20,-,0,-
-,-,xRen1101,LT,1602.61,-3.17,1757.53,0.0,51.64,1.06,184,0.0,126,0.0,57,0.0,1,0.0,68.48,0.0,2023-06-06,P,4,-
-,-,Musan,US,1602.42,-4.61,1710.52,0.0,36.04,1.54,370,0.0,225,0.0,145,0.0,0,0.0,60.81,0.0,2025-03-16,P,4,291.0
-,-,kuchjir,CZ,1602.35,-2.88,1775.97,0.0,57.87,0.96,186,0.0,114,0.0,71,0.0,1,0.0,61.29,0.0,2021-05-07,GM,2,-
204,-27,FunkyLere,-,1602.26,-5.71,1691.12,-11.12,29.62,-1.8,244,30.0,140,13.0,103,17.0,1,0.0,57.38,-1.97,2026-05-31,G,8,259.0
-,-,gorozei-12ans,CH,1602.24,-2.64,1789.44,0.0,62.4,0.88,66,0.0,47,0.0,19,0.0,0,0.0,71.21,0.0,2023-06-06,G,2,-
205,61,Goldfinger_,-,1602.12,47.49,1742.26,15.24,46.71,-10.75,68,24.0,47,15.0,21,9.0,0,0.0,69.12,-3.61,2026-05-25,-,0,1287.0
206,16,nerficya,US,1600.71,17.46,1701.11,7.33,33.47,-3.38,140,32.0,79,21.0,61,11.0,0,0.0,56.43,2.73,2026-05-25,-,0,157.0
207,-8,MidnightFox,SE,1600.68,6.15,1692.72,4.33,30.68,-0.6,214,24.0,125,18.0,86,6.0,3,0.0,58.41,2.09,2026-05-31,G,2,62.0
-,-,Bram,-,1600.56,-3.24,1752.27,0.0,50.57,1.08,150,0.0,85,0.0,64,0.0,1,0.0,56.67,0.0,2023-06-06,M,3,-
208,176,bryanckh,SG,1600.56,104.73,1738.71,42.28,46.05,-20.82,82,42.0,60,30.0,22,12.0,0,0.0,73.17,-1.83,2026-05-31,-,0,1262.0
209,unretired,Maxxxx,-,1599.29,-1.25,1772.38,-10.63,57.7,-3.13,78,12.0,51,10.0,25,2.0,2,0.0,65.38,3.26,2026-05-31,P,4,-
-,-,mushan,CN,1597.62,-2.83,1772.56,0.0,58.32,0.94,88,0.0,48,0.0,40,0.0,0,0.0,54.55,0.0,2025-02-07,GM,1,558.0
-,-,Raistlin3m,IT,1597.4,-4.23,1717.73,0.0,40.11,1.41,320,0.0,178,0.0,139,0.0,3,0.0,55.62,0.0,2024-10-01,M,2,-
210,-19,Sunmaster14_LV,LV,1596.42,-1.71,1670.75,-0.18,24.78,0.51,764,34.0,417,22.0,340,11.0,7,1.0,54.58,0.47,2026-05-31,P,6,137.0
211,23,OlaWictorin,SE,1596.04,19.54,1695.11,20.08,33.02,0.18,210,12.0,126,8.0,80,4.0,4,0.0,60.0,0.4,2026-05-16,G,3,150.0
-,-,Covfefe,US,1596.02,-3.78,1724.18,0.0,42.72,1.26,290,0.0,163,0.0,125,0.0,2,0.0,56.21,0.0,2024-12-04,GM,2,-
212,-16,WDD,CN,1594.22,-2.55,1787.72,0.0,64.5,0.85,40,0.0,25,0.0,14,0.0,1,0.0,62.5,0.0,2025-06-28,-,0,224.0
213,-10,LordMichael,DE,1593.57,0.78,1685.92,0.14,30.78,-0.21,334,18.0,204,10.0,125,8.0,5,0.0,61.08,-0.31,2026-05-09,G,8,233.0
214,22,Boristina,US,1593.43,18.48,1710.04,0.52,38.87,-5.99,108,26.0,71,15.0,36,11.0,1,0.0,65.74,-2.55,2026-05-29,-,0,372.0
215,-14,MindKillazz,CA,1593.29,-0.38,1675.76,-0.59,27.49,-0.07,352,24.0,195,13.0,156,11.0,1,0.0,55.4,-0.09,2026-05-31,P,2,134.0
216,-3,RoxasVen,IT,1593.03,6.57,1672.15,4.76,26.37,-0.6,482,32.0,291,18.0,190,14.0,1,0.0,60.37,-0.3,2026-05-31,G,2,217.0
217,4,MiloslavIII,CA,1592.31,9.01,1752.79,-24.99,53.5,-11.33,50,16.0,29,7.0,21,9.0,0,0.0,58.0,-6.71,2026-05-06,-,0,398.0
218,-13,CouchKing,PK,1592.23,0.26,1668.49,-0.5,25.42,-0.25,606,34.0,334,16.0,264,18.0,8,0.0,55.12,-0.47,2026-05-31,P,2,99.0
219,-21,smollov,NL,1591.95,-2.75,1773.54,0.0,60.53,0.92,58,0.0,41,0.0,16,0.0,1,0.0,70.69,0.0,2025-09-05,-,0,920.0
220,-31,kenchan,HK,1591.79,-8.83,1666.54,-6.4,24.92,0.81,604,24.0,344,12.0,253,12.0,7,0.0,56.95,-0.29,2026-05-31,G,8,170.0
221,30,LeonidasI,-,1590.76,22.94,1670.33,20.27,26.53,-0.89,372,36.0,216,26.0,153,10.0,3,0.0,58.06,1.51,2026-05-28,-,0,107.0
222,33,maunzzz,SE,1590.58,24.09,1673.34,16.52,27.59,-2.52,242,48.0,143,26.0,95,22.0,4,0.0,59.09,-1.22,2026-05-31,-,0,162.0
-,-,CarloPedersoli,-,1590.02,-3.83,1722.41,0.0,44.13,1.28,114,0.0,79,0.0,34,0.0,1,0.0,69.3,0.0,2025-02-27,G,4,987.0
-,-,otis,-,1589.35,-1.86,1853.08,0.0,87.91,0.62,24,0.0,19,0.0,5,0.0,0,0.0,79.17,0.0,2025-04-22,-,0,578.0
223,-16,Firedart,GB,1589.31,-1.84,1661.41,-2.21,24.03,-0.13,920,44.0,499,22.0,414,22.0,7,0.0,54.24,-0.21,2026-05-31,P,6,86.0
224,new,W1TCH0R,-,1588.98,1138.98,1849.61,349.61,86.88,86.88,20,20.0,18,18.0,2,2.0,0,0.0,90.0,90.0,2026-05-31,-,0,-
225,6,Beowls,-,1588.26,10.73,1785.42,-30.82,65.72,-13.85,46,12.0,28,7.0,18,5.0,0,0.0,60.87,-0.89,2026-05-09,-,0,321.0
-,-,mlaticka_martanek,-,1588.15,-3.03,1750.34,0.0,54.06,1.01,72,0.0,46,0.0,24,0.0,2,0.0,63.89,0.0,2024-05-25,G,6,-
226,-20,madrabbit,-,1587.67,-3.59,1727.28,0.0,46.54,1.2,108,0.0,67,0.0,41,0.0,0,0.0,62.04,0.0,2025-10-03,P,2,552.0
227,-88,DyziK,PL,1586.96,-52.4,1711.33,-66.35,41.45,-4.65,100,18.0,65,4.0,35,14.0,0,0.0,65.0,-9.39,2026-05-21,-,0,319.0
-,-,ranch99,US,1586.91,-3.48,1729.85,0.0,47.65,1.16,168,0.0,99,0.0,69,0.0,0,0.0,58.93,0.0,2025-05-07,GM,1,578.0
-,-,Hunty93,US,1586.88,-3.87,1719.85,0.0,44.32,1.29,276,0.0,158,0.0,114,0.0,4,0.0,57.25,0.0,2025-04-23,M,3,1245.0
228,2,Tharkis,-,1586.56,8.57,1716.45,-2.89,43.3,-3.82,176,16.0,97,7.0,79,9.0,0,0.0,55.11,-1.14,2026-05-09,P,2,1060.0
229,204,Barnes,-,1586.34,115.11,1717.72,49.11,43.79,-22.0,86,40.0,61,27.0,24,12.0,1,1.0,70.93,-2.98,2026-05-24,-,0,1287.0
230,-4,Romendil,IT,1586.27,5.64,1692.38,-0.69,35.37,-2.11,186,18.0,110,9.0,75,9.0,1,0.0,59.14,-0.98,2026-05-21,G,12,229.0
231,-4,Kharny,GB,1586.11,7.01,1762.61,-30.1,58.83,-12.37,44,14.0,30,7.0,14,7.0,0,0.0,68.18,-8.49,2026-05-16,-,0,757.0
232,-20,Skaiwalker,CZ,1586.1,-0.93,1670.48,-0.88,28.13,0.01,506,24.0,278,15.0,223,9.0,5,0.0,54.94,0.38,2026-05-27,M,2,141.0
233,25,FenPlays,RU,1585.11,21.69,1676.13,18.19,30.34,-1.16,220,24.0,137,15.0,80,9.0,3,0.0,62.27,0.03,2026-05-23,-,0,221.0
-,-,roodBF,-,1584.56,-2.31,1800.02,0.0,71.82,0.77,36,0.0,26,0.0,10,0.0,0,0.0,72.22,0.0,2023-07-18,-,0,-
-,-,Goldan,-,1584.56,-3.16,1742.78,0.0,52.74,1.05,144,0.0,90,0.0,53,0.0,1,0.0,62.5,0.0,2022-09-04,G,10,-
234,23,Mattian12000,IT,1584.0,19.62,1671.43,20.08,29.14,0.15,362,18.0,209,15.0,150,3.0,3,0.0,57.73,1.33,2026-05-20,G,2,278.0
235,-48,flaminghito,-,1583.76,-17.93,1685.56,-26.58,33.93,-2.88,304,24.0,173,9.0,130,15.0,1,0.0,56.91,-1.66,2026-05-31,P,8,913.0
-,-,V0jta,CZ,1583.74,-3.97,1713.41,0.0,43.23,1.32,310,0.0,180,0.0,130,0.0,0,0.0,58.06,0.0,2023-11-15,G,16,-
236,-25,Gavatron,CA,1583.49,-3.81,1661.34,-5.46,25.95,-0.55,766,36.0,398,17.0,362,19.0,6,0.0,51.96,-0.23,2026-05-31,P,3,155.0
-,-,Kelume,-,1583.47,-2.41,1788.64,0.0,68.39,0.8,72,0.0,53,0.0,18,0.0,1,0.0,73.61,0.0,2021-06-02,G,2,-
237,-40,flutter,US,1583.34,-11.92,1668.47,-12.1,28.38,-0.06,282,20.0,166,8.0,113,12.0,3,0.0,58.87,-1.44,2026-05-31,P,2,172.0
238,5,MartinW,DE,1583.18,13.29,1663.48,13.02,26.77,-0.09,486,30.0,280,21.0,203,9.0,3,0.0,57.61,0.81,2026-05-28,G,4,132.0
239,265,Darkriddler,-,1582.38,147.23,1816.85,42.97,78.16,-34.75,24,12.0,17,8.0,7,4.0,0,0.0,70.83,-4.17,2026-05-08,-,0,-
240,-31,ChampDeGlace,DE,1581.58,-8.51,1663.05,-11.57,27.15,-1.02,418,36.0,256,19.0,159,17.0,3,0.0,61.24,-0.8,2026-05-31,G,1,188.0
241,-13,SuperHans,-,1581.29,3.16,1754.74,-8.13,57.81,-3.76,58,6.0,41,3.0,17,3.0,0,0.0,70.69,-2.39,2026-04-07,-,0,589.0
242,-27,jRune,-,1581.21,-3.99,1706.56,0.0,41.78,1.33,144,0.0,82,0.0,61,0.0,1,0.0,56.94,0.0,2026-01-10,P,6,327.0
243,-19,Papaver,HR,1580.8,-2.14,1692.68,-1.53,37.29,0.2,240,6.0,140,2.0,98,4.0,2,0.0,58.33,-0.64,2026-04-10,P,2,149.0
-,-,ShiLin,-,1580.44,-2.47,1779.13,0.0,66.23,0.82,60,0.0,50,0.0,10,0.0,0,0.0,83.33,0.0,2022-09-04,-,0,-
244,311,GrandHedgehog,RU,1579.95,171.53,1729.02,121.37,49.69,-16.72,68,24.0,50,19.0,17,4.0,1,1.0,73.53,3.08,2026-05-31,-,0,-
-,-,Dr.Ampelmann,-,1579.73,-2.85,1752.85,0.0,57.71,0.95,76,0.0,61,0.0,15,0.0,0,0.0,80.26,0.0,2023-11-15,-,0,-
-,-,Allmrak,-,1579.03,-2.15,1806.95,0.0,75.98,0.72,60,0.0,49,0.0,11,0.0,0,0.0,81.67,0.0,2020-05-31,-,0,-
245,136,Balan,CN,1577.79,79.79,1848.81,15.03,90.34,-21.59,16,6.0,13,4.0,3,2.0,0,0.0,81.25,-8.75,2026-05-07,-,0,1051.0
-,-,borostar,-,1577.67,-1.98,1826.56,0.0,82.96,0.66,24,0.0,18,0.0,6,0.0,0,0.0,75.0,0.0,2023-06-06,-,0,1388.0
246,10,ElKhan,CL,1577.63,11.23,1649.9,11.56,24.09,0.11,710,36.0,389,21.0,318,15.0,3,0.0,54.79,0.19,2026-05-31,G,10,160.0
247,-2,Jonny125,RU,1577.58,8.22,1656.39,9.23,26.27,0.34,578,22.0,320,13.0,256,9.0,2,0.0,55.36,0.14,2026-05-31,P,2,173.0
248,68,J0hnny_Utah7,CA,1577.35,46.26,1716.27,35.48,46.3,-3.59,104,12.0,75,10.0,29,2.0,0,0.0,72.12,1.47,2026-05-12,-,0,989.0
249,-29,Sakic19,HU,1576.4,-6.98,1678.29,-18.16,33.96,-3.73,160,32.0,103,17.0,56,15.0,1,0.0,64.38,-2.81,2026-05-30,-,0,285.0
250,-21,Bidenbaum,-,1576.25,-1.84,1842.5,0.0,88.75,0.61,28,0.0,26,0.0,2,0.0,0,0.0,92.86,0.0,2025-07-29,-,0,522.0
251,-34,MrFigu,-,1575.5,-9.08,1679.8,-14.36,34.77,-1.76,146,18.0,79,8.0,62,10.0,5,0.0,54.11,-1.36,2026-05-31,-,0,198.0
252,7,JSauve,-,1574.73,11.48,1730.26,-4.87,51.84,-5.45,66,12.0,46,8.0,20,4.0,0,0.0,69.7,-0.67,2026-05-29,-,0,662.0
253,102,Shmu,-,1574.54,65.7,1770.4,20.22,65.29,-15.16,38,12.0,26,8.0,12,4.0,0,0.0,68.42,-0.81,2026-05-19,-,0,578.0
-,-,LaoHuang,CN,1572.75,-4.21,1703.35,0.0,43.53,1.4,434,0.0,225,0.0,202,0.0,7,0.0,51.84,0.0,2023-11-15,M,3,-
-,-,gnoliy,-,1572.7,-2.38,1779.83,0.0,69.04,0.79,84,0.0,61,0.0,23,0.0,0,0.0,72.62,0.0,2021-03-02,P,2,-
254,new,SandHippo,CN,1572.35,1122.35,2053.93,553.93,160.53,160.53,6,6.0,5,5.0,1,1.0,0,0.0,83.33,83.33,2026-05-08,-,0,238.0
255,-20,Rhizom,-,1571.62,-4.73,1676.11,0.0,34.83,1.58,234,0.0,123,0.0,110,0.0,1,0.0,52.56,0.0,2025-11-30,P,2,144.0
256,50,CrownKiller,KR,1571.46,35.68,1662.19,26.26,30.24,-3.14,248,36.0,146,21.0,100,15.0,2,0.0,58.87,-0.09,2026-05-31,G,2,213.0
-,-,TBow,-,1571.34,-2.4,1778.06,0.0,68.9,0.8,70,0.0,50,0.0,19,0.0,1,0.0,71.43,0.0,2023-02-25,P,2,-
257,-32,SimTubez,AU,1571.24,-9.52,1664.55,-11.0,31.11,-0.49,328,18.0,201,5.0,124,12.0,3,1.0,61.28,-1.95,2026-05-25,G,2,420.0
258,-9,Dovi,PL,1570.62,2.01,1651.52,0.29,26.97,-0.57,512,30.0,293,13.0,215,16.0,4,1.0,57.23,-0.86,2026-05-27,G,2,200.0
259,29,Budde,DE,1569.75,24.1,1669.0,9.57,33.08,-4.84,156,38.0,102,20.0,54,18.0,0,0.0,65.38,-4.11,2026-05-31,-,0,352.0
260,-22,Gelato,DE,1569.26,-3.48,1658.3,-3.44,29.68,0.01,228,20.0,133,13.0,92,7.0,3,0.0,58.33,0.64,2026-05-25,-,0,153.0
261,-73,Kor,BE,1569.19,-31.83,1676.78,-36.92,35.86,-1.7,132,16.0,78,4.0,54,12.0,0,0.0,59.09,-4.7,2026-04-14,-,0,251.0
262,-30,Watlersen,-,1569.1,-8.33,1666.64,-10.02,32.51,-0.57,164,16.0,96,7.0,67,9.0,1,0.0,58.54,-1.6,2026-04-21,-,0,195.0
263,-21,Jorrig,CH,1569.04,-1.12,1666.61,0.03,32.52,0.38,432,12.0,220,8.0,203,4.0,9,0.0,50.93,0.45,2026-05-15,M,1,79.0
264,6,brainac,-,1568.66,14.61,1663.17,12.58,31.5,-0.68,412,18.0,228,11.0,184,7.0,0,0.0,55.34,0.26,2026-05-07,G,14,232.0
265,-5,Thisisnotasmile,GB,1568.42,5.64,1640.47,5.62,24.02,-0.01,800,40.0,412,23.0,386,16.0,2,1.0,51.5,0.32,2026-05-31,P,2,171.0
-,-,Lloydinspace100,-,1568.25,-4.88,1673.33,0.0,35.03,1.63,432,0.0,241,0.0,189,0.0,2,0.0,55.79,0.0,2025-05-31,G,10,555.0
-,-,Dunedain,US,1567.8,-4.39,1690.4,0.0,40.87,1.46,310,0.0,188,0.0,120,0.0,2,0.0,60.65,0.0,2024-06-03,G,12,-
266,-71,wittr,GR,1567.79,-29.02,1646.0,-30.01,26.07,-0.33,480,32.0,265,10.0,212,22.0,3,0.0,55.21,-1.71,2026-05-21,P,8,117.0
267,-59,pigfans,CN,1567.58,-22.99,1763.39,-27.14,65.27,-1.38,36,2.0,25,0.0,11,2.0,0,0.0,69.44,-4.09,2026-03-15,-,0,1057.0
268,3,LT.Stuntovic,-,1567.51,13.63,1666.82,11.4,33.1,-0.75,338,18.0,202,13.0,136,5.0,0,0.0,59.76,0.7,2026-05-18,G,12,274.0
269,54,arDKee,-,1567.43,39.64,1704.61,19.14,45.73,-6.83,82,18.0,58,11.0,24,7.0,0,0.0,70.73,-2.71,2026-05-18,-,0,589.0
270,-30,ChipsAhoya,US,1567.36,-3.7,1641.24,-3.19,24.62,0.17,984,36.0,502,18.0,472,17.0,10,1.0,51.02,-0.03,2026-05-31,P,8,209.0
271,-25,cpp,-,1567.1,-2.08,1675.97,-0.77,36.29,0.43,282,6.0,151,2.0,128,4.0,3,0.0,53.55,-0.44,2026-05-28,G,12,-
272,-49,Padishar,-,1566.98,-16.25,1642.9,-15.87,25.31,0.13,530,30.0,297,12.0,232,18.0,1,0.0,56.04,-0.96,2026-05-31,G,3,138.0
273,103,Flower4,-,1566.08,65.54,1754.48,27.46,62.8,-12.69,44,12.0,33,8.0,10,4.0,1,0.0,75.0,-3.12,2026-05-19,-,0,931.0
274,-56,BitterBlossom,CN,1565.66,-18.78,1673.16,-24.32,35.83,-1.85,158,18.0,99,7.0,58,10.0,1,1.0,62.66,-3.05,2026-05-25,-,0,158.0
-,-,Anderkent,PL,1565.53,-3.0,1729.16,0.0,54.54,1.0,108,0.0,76,0.0,31,0.0,1,0.0,70.37,0.0,2023-04-16,G,4,-
-,-,qyi,-,1565.29,-2.03,1806.38,0.0,80.36,0.68,48,0.0,36,0.0,12,0.0,0,0.0,75.0,0.0,2021-03-02,P,4,-
-,-,Swampzombie,-,1564.79,-3.71,1707.98,0.0,47.73,1.24,206,0.0,111,0.0,94,0.0,1,0.0,53.88,0.0,2024-05-24,M,1,-
275,-22,ChosenWizard,-,1564.67,-2.14,1656.67,-0.3,30.67,0.62,482,12.0,276,8.0,202,4.0,4,0.0,57.26,0.24,2026-05-29,G,12,177.0
-,-,steve10716,-,1564.61,-3.2,1721.25,0.0,52.21,1.07,174,0.0,119,0.0,55,0.0,0,0.0,68.39,0.0,2023-06-06,P,6,-
276,-1,Dayvs,-,1564.44,12.18,1640.09,11.81,25.22,-0.12,526,34.0,302,21.0,219,12.0,5,1.0,57.41,0.3,2026-05-28,-,0,205.0
277,-4,Spence2102,GB,1564.19,11.45,1651.97,8.24,29.26,-1.07,276,26.0,168,15.0,105,11.0,3,0.0,60.87,-0.33,2026-05-24,G,2,180.0
278,62,Rajeev,-,1564.02,48.02,1663.27,34.71,33.08,-4.44,168,34.0,97,21.0,68,11.0,3,2.0,57.74,1.02,2026-05-31,G,1,129.0
-,-,Ronnan,-,1563.54,-2.22,1786.25,0.0,74.24,0.74,32,0.0,20,0.0,12,0.0,0,0.0,62.5,0.0,2023-05-14,P,2,-
279,47,arthurlam90,-,1562.76,37.78,1671.26,30.53,36.17,-2.42,128,22.0,80,18.0,47,4.0,1,0.0,62.5,4.01,2026-05-31,-,0,389.0
-,-,Lothar,US,1562.67,-4.1,1682.19,0.0,39.84,1.37,238,0.0,137,0.0,101,0.0,0,0.0,57.56,0.0,2025-05-06,G,6,509.0
280,-13,vodka,CZ,1562.55,7.95,1640.71,6.95,26.06,-0.33,530,32.0,309,20.0,219,12.0,2,0.0,58.3,0.27,2026-05-28,G,4,228.0
-,-,shpand,-,1562.5,-2.01,1805.98,0.0,81.16,0.67,30,0.0,23,0.0,7,0.0,0,0.0,76.67,0.0,2024-07-15,-,0,-
281,-31,Netopier,SK,1562.14,-6.24,1655.9,0.0,31.25,2.08,526,0.0,284,0.0,240,0.0,2,0.0,53.99,0.0,2025-11-30,M,4,97.0
282,-28,ruby_buby,US,1562.13,-4.5,1671.66,-11.71,36.51,-2.41,130,18.0,74,7.0,53,10.0,3,1.0,56.92,-2.9,2026-05-22,-,0,174.0
283,-19,KenoshaKid,-,1562.1,3.24,1659.07,6.02,32.32,0.93,264,6.0,159,4.0,103,2.0,2,0.0,60.23,0.15,2026-04-10,-,0,261.0
-,-,Snuske,DK,1561.87,-3.34,1708.32,0.0,48.82,1.11,162,0.0,97,0.0,65,0.0,0,0.0,59.88,0.0,2023-06-04,P,4,-
284,-5,Bulten,-,1561.21,11.77,1671.86,9.15,36.88,-0.87,164,12.0,102,8.0,60,4.0,2,0.0,62.2,0.36,2026-05-13,G,1,294.0
-,-,jzebra,US,1560.99,-3.72,1701.13,0.0,46.72,1.24,216,0.0,116,0.0,97,0.0,3,0.0,53.7,0.0,2023-11-15,P,12,-
285,-41,treitze,DE,1560.85,-8.53,1677.61,-5.34,38.92,1.06,348,2.0,186,0.0,158,2.0,4,0.0,53.45,-0.31,2026-03-22,P,4,-
-,-,PacificKonradin,-,1560.78,-3.17,1717.63,0.0,52.28,1.06,102,0.0,77,0.0,25,0.0,0,0.0,75.49,0.0,2024-09-04,-,0,711.0
286,-21,Adamez,PL,1560.49,2.88,1694.8,-2.63,44.77,-1.84,104,8.0,64,4.0,40,4.0,0,0.0,61.54,-0.96,2026-03-15,-,0,192.0
-,-,Rasmulde,-,1558.51,-2.9,1728.41,0.0,56.63,0.97,90,0.0,57,0.0,33,0.0,0,0.0,63.33,0.0,2024-07-01,P,8,-
287,26,Aftheiss,US,1558.47,25.82,1661.92,20.55,34.48,-1.76,160,18.0,103,12.0,56,6.0,1,0.0,64.38,0.3,2026-05-31,-,0,408.0
-,-,JoyBoy,TH,1558.13,-3.48,1700.2,0.0,47.36,1.16,120,0.0,81,0.0,39,0.0,0,0.0,67.5,0.0,2024-09-04,G,4,-
288,-11,Garri,ES,1558.01,6.14,1646.44,6.72,29.48,0.19,516,18.0,304,9.0,211,9.0,1,0.0,58.91,-0.33,2026-05-20,G,6,145.0
-,-,JeJenan,KR,1556.73,-3.02,1719.98,0.0,54.42,1.01,114,0.0,66,0.0,48,0.0,0,0.0,57.89,0.0,2023-06-06,G,12,-
-,-,Mad_Tyrion,IT,1556.04,-1.58,1865.96,0.0,103.31,0.53,30,0.0,29,0.0,1,0.0,0,0.0,96.67,0.0,2022-09-04,-,0,-
289,-21,Slender,-,1555.14,0.6,1700.33,-7.44,48.4,-2.68,96,8.0,65,4.0,29,4.0,2,0.0,67.71,-1.61,2026-04-27,G,6,1054.0
290,9,AxelKlaar,-,1554.82,13.77,1694.63,2.2,46.6,-3.86,84,12.0,56,7.0,28,5.0,0,0.0,66.67,-1.39,2026-05-05,-,0,448.0
291,16,amaj,US,1554.79,19.25,1663.73,10.71,36.32,-2.85,128,22.0,81,12.0,47,10.0,0,0.0,63.28,-1.81,2026-05-27,-,0,439.0
-,-,Bool,-,1554.48,-2.11,1787.53,0.0,77.68,0.7,30,0.0,19,0.0,11,0.0,0,0.0,63.33,0.0,2023-07-18,-,0,-
-,-,chogaling,-,1553.63,-2.71,1736.0,0.0,60.79,0.9,108,0.0,73,0.0,34,0.0,1,0.0,67.59,0.0,2021-03-02,M,2,-
-,-,DarthPsyonic,-,1553.5,-3.08,1717.85,0.0,54.78,1.03,144,0.0,87,0.0,55,0.0,2,0.0,60.42,0.0,2022-06-05,P,4,-
292,142,Maximus1992,-,1553.5,82.27,1731.67,34.62,59.39,-15.88,38,14.0,29,9.0,9,5.0,0,0.0,76.32,-7.01,2026-05-22,-,0,-
-,-,shadow-knight,-,1553.48,-3.01,1716.69,0.0,54.4,1.0,126,0.0,75,0.0,50,0.0,1,0.0,59.52,0.0,2022-09-04,G,10,-
293,-30,danilius,IT,1552.98,-6.26,1653.52,-3.86,33.51,0.8,392,6.0,233,3.0,156,3.0,3,0.0,59.44,-0.15,2026-03-16,P,2,327.0
-,-,Chuckles_the_second,-,1552.96,-3.08,1713.81,0.0,53.62,1.03,90,0.0,55,0.0,35,0.0,0,0.0,61.11,0.0,2023-12-03,M,1,-
-,-,follik,LV,1552.52,-3.56,1693.95,0.0,47.14,1.19,150,0.0,96,0.0,52,0.0,2,0.0,64.0,0.0,2023-11-15,G,2,-
-,-,frotes,US,1552.39,-2.91,1722.96,0.0,56.86,0.97,168,0.0,87,0.0,77,0.0,4,0.0,51.79,0.0,2021-12-05,GM,5,-
294,-7,MurphyAKL,US,1552.36,6.66,1622.95,5.89,23.53,-0.26,792,44.0,418,24.0,368,19.0,6,1.0,52.78,0.11,2026-05-31,G,2,205.0
295,-47,Trond79,-,1552.31,-16.31,1700.39,-55.57,49.36,-13.09,84,30.0,61,17.0,22,12.0,1,1.0,72.62,-8.86,2026-05-31,-,0,1262.0
296,-63,St-Amadeus,CA,1551.96,-24.54,1630.22,-23.11,26.09,0.48,668,26.0,358,7.0,306,19.0,4,0.0,53.59,-1.08,2026-05-31,P,4,199.0
-,-,Grogmir,PL,1551.43,-3.12,1712.41,0.0,53.66,1.04,102,0.0,62,0.0,40,0.0,0,0.0,60.78,0.0,2024-03-03,G,10,-
297,-45,Magesolo,DE,1551.18,-16.56,1621.53,-15.02,23.45,0.51,876,34.0,446,13.0,423,21.0,7,0.0,50.91,-0.52,2026-05-31,P,10,174.0
298,108,LJSHUEN,-,1550.46,63.76,1751.42,35.75,66.99,-9.34,34,8.0,22,4.0,11,4.0,1,0.0,64.71,-4.52,2026-05-06,-,0,662.0
299,89,Alistxi,-,1550.36,55.35,1685.59,43.4,45.07,-3.98,104,12.0,63,9.0,41,3.0,0,0.0,60.58,1.88,2026-05-25,-,0,1287.0
300,250,Sonder.,-,1550.34,139.65,1794.27,31.76,81.31,-35.97,24,12.0,20,9.0,4,3.0,0,0.0,83.33,-8.34,2026-05-31,-,0,-
301,-19,rap2,HK,1550.06,2.07,1634.08,1.49,28.0,-0.19,424,24.0,239,14.0,181,10.0,4,0.0,56.37,0.12,2026-05-31,G,6,202.0
302,389,Djinges,-,1549.95,205.79,1775.27,104.9,75.11,-33.63,24,12.0,20,9.0,4,3.0,0,0.0,83.33,-8.34,2026-05-31,-,0,-
303,-3,spaceport,-,1549.92,9.73,1653.8,3.76,34.63,-1.99,158,20.0,99,10.0,58,10.0,1,0.0,62.66,-1.83,2026-05-31,-,0,444.0
304,-35,BradSwan,US,1549.32,-5.17,1651.53,0.0,34.07,1.72,340,0.0,186,0.0,151,0.0,3,0.0,54.71,0.0,2025-11-30,G,14,548.0
305,-91,Shergar,GB,1549.14,-36.25,1726.17,-70.61,59.01,-11.45,44,14.0,28,6.0,16,8.0,0,0.0,63.64,-9.69,2026-05-15,-,0,757.0
-,-,JohnnyD144,-,1549.04,-1.83,1816.25,0.0,89.07,0.61,42,0.0,37,0.0,5,0.0,0,0.0,88.1,0.0,2022-03-06,-,0,-
306,512,ImmoDoP,-,1548.47,263.43,1834.4,9.87,95.31,-84.52,16,12.0,12,8.0,4,4.0,0,0.0,75.0,-25.0,2026-05-12,-,0,-
307,-114,Prautim,-,1548.45,-49.19,1692.27,-62.34,47.94,-4.38,86,12.0,50,3.0,36,9.0,0,0.0,58.14,-5.37,2026-05-29,-,0,729.0
-,-,rasattack,-,1547.67,-2.17,1774.86,0.0,75.73,0.72,36,0.0,27,0.0,9,0.0,0,0.0,75.0,0.0,2024-07-01,-,0,-
308,82,Andiii,-,1547.55,53.37,1703.59,32.09,52.01,-7.09,64,12.0,40,7.0,23,5.0,1,0.0,62.5,-0.96,2026-05-21,-,0,662.0
309,6,Shincham,BR,1547.0,15.17,1631.96,14.32,28.32,-0.28,468,24.0,269,17.0,196,7.0,3,0.0,57.48,0.72,2026-05-26,G,14,249.0
-,-,HealingAura,-,1546.73,-2.97,1714.04,0.0,55.77,0.99,60,0.0,40,0.0,20,0.0,0,0.0,66.67,0.0,2025-03-19,-,0,757.0
310,-32,Fayebian,-,1546.7,-3.37,1695.17,0.0,49.49,1.12,136,0.0,78,0.0,57,0.0,1,0.0,57.35,0.0,2025-07-02,G,2,398.0
311,-35,Ddafaith,CZ,1546.28,-5.78,1619.48,-4.38,24.4,0.46,678,30.0,369,15.0,306,15.0,3,0.0,54.42,-0.21,2026-05-31,G,8,238.0
312,10,Jiffy,HK,1545.3,17.02,1683.03,14.2,45.91,-0.94,82,6.0,54,4.0,27,2.0,1,0.0,65.85,0.06,2026-05-31,-,0,351.0
313,-33,Tototrillion,DE,1545.21,-3.81,1718.84,-34.56,57.88,-10.25,48,12.0,27,4.0,20,8.0,1,0.0,56.25,-7.64,2026-05-18,-,0,480.0
314,-67,Neandrtalec,-,1544.8,-24.04,1652.32,-27.92,35.84,-1.3,144,14.0,77,3.0,65,11.0,2,0.0,53.47,-3.45,2026-05-12,-,0,291.0
315,-14,TrilceAC,ES,1544.69,4.51,1631.12,4.79,28.81,0.09,536,18.0,283,10.0,249,8.0,4,0.0,52.8,0.1,2026-05-31,P,2,448.0
316,-77,peposqui,ES,1544.27,-27.81,1632.02,-28.71,29.25,-0.3,318,20.0,176,4.0,142,16.0,0,0.0,55.35,-2.37,2026-05-31,G,4,208.0
317,-33,Haubentaucherwelpe,-,1544.15,-2.81,1719.81,0.0,58.55,0.94,78,0.0,56,0.0,22,0.0,0,0.0,71.79,0.0,2026-02-13,-,0,805.0
-,-,lfrantisek,FI,1543.43,-3.85,1672.4,0.0,42.99,1.28,222,0.0,130,0.0,91,0.0,1,0.0,58.56,0.0,2025-05-12,G,4,514.0
318,unretired,Saerleon,-,1542.94,11.73,1697.77,-7.81,51.61,-6.51,152,14.0,92,9.0,60,5.0,0,0.0,60.53,0.39,2026-05-28,M,2,-
-,-,riccccc,-,1542.79,-3.85,1672.16,0.0,43.12,1.28,168,0.0,107,0.0,60,0.0,1,0.0,63.69,0.0,2025-04-07,G,2,659.0
319,-30,VampireD,HK,1542.19,-2.85,1715.48,0.0,57.77,0.95,52,0.0,36,0.0,16,0.0,0,0.0,69.23,0.0,2025-12-29,-,0,219.0
320,-37,Gudimundi,IS,1542.14,-5.72,1634.28,-12.78,30.71,-2.35,190,30.0,113,10.0,75,18.0,2,2.0,59.47,-4.91,2026-05-27,-,0,222.0
321,-40,phoang,-,1540.66,-8.01,1682.8,-24.61,47.38,-5.53,78,14.0,49,6.0,29,8.0,0,0.0,62.82,-4.37,2026-05-20,-,0,255.0
-,-,hihihiji,HK,1540.52,-2.65,1727.89,0.0,62.46,0.88,78,0.0,42,0.0,36,0.0,0,0.0,53.85,0.0,2022-05-29,M,1,-
322,15,TorbenOfHerpes,DE,1540.05,21.11,1648.53,0.49,36.16,-6.88,118,36.0,70,19.0,46,16.0,2,1.0,59.32,-2.88,2026-05-27,-,0,622.0
323,-29,DB.Starman,-,1539.94,-3.28,1620.6,-1.95,26.89,0.44,516,26.0,278,17.0,238,9.0,0,0.0,53.88,0.61,2026-05-31,P,2,183.0
324,-16,baodalanxin,CN,1539.69,4.58,1614.02,4.94,24.77,0.12,566,30.0,309,15.0,253,15.0,4,0.0,54.59,-0.26,2026-05-22,G,2,248.0
325,-51,JCleek,US,1539.32,-12.95,1664.94,-14.51,41.87,-0.52,192,6.0,91,1.0,100,5.0,1,0.0,47.4,-0.99,2026-04-18,M,2,570.0
326,new,FrenkDeTank,NL,1538.94,1088.94,1785.73,285.73,82.26,82.26,22,22.0,21,21.0,1,1.0,0,0.0,95.45,95.45,2026-05-31,-,0,-
327,-29,ChrisTher,-,1538.34,-3.42,1683.03,0.0,48.23,1.14,92,0.0,54,0.0,38,0.0,0,0.0,58.7,0.0,2025-07-29,G,2,551.0
328,-35,Technicolourism,CA,1538.17,-5.36,1718.25,-38.58,60.03,-11.07,42,12.0,26,5.0,15,7.0,1,0.0,61.9,-8.1,2026-05-06,-,0,662.0
-,-,FFAZ,HK,1537.83,-4.66,1652.29,0.0,38.15,1.55,272,0.0,165,0.0,106,0.0,1,0.0,60.66,0.0,2024-10-01,P,2,-
329,-8,Durloc,US,1537.78,9.42,1620.51,7.29,27.58,-0.71,324,30.0,188,16.0,135,14.0,1,0.0,58.02,-0.48,2026-05-31,-,0,345.0
330,-45,Mario86,IT,1537.61,-8.3,1664.43,-9.75,42.27,-0.48,182,6.0,105,2.0,76,4.0,1,0.0,57.69,-0.83,2026-03-11,G,4,346.0
331,-28,StonedHenge420,US,1537.28,-2.57,1616.79,-2.34,26.5,0.07,366,26.0,197,14.0,169,12.0,0,0.0,53.83,0.01,2026-05-26,G,2,210.0
-,-,cs2376jr,US,1537.02,-2.06,1775.72,0.0,79.57,0.69,24,0.0,19,0.0,5,0.0,0,0.0,79.17,0.0,2025-05-08,-,0,729.0
332,-36,eNroamer,LV,1536.69,-5.77,1633.42,0.0,32.24,1.92,786,0.0,382,0.0,399,0.0,5,0.0,48.6,0.0,2025-09-30,G,10,196.0
-,-,Akstar,-,1536.54,-1.83,1805.1,0.0,89.52,0.61,30,0.0,26,0.0,4,0.0,0,0.0,86.67,0.0,2022-02-13,-,0,-
333,-72,Notbot66,FI,1536.15,-26.03,1631.67,-30.3,31.84,-1.42,180,24.0,99,9.0,78,15.0,3,0.0,55.0,-2.69,2026-05-26,-,0,169.0
-,-,Jans,PL,1535.85,-2.76,1714.24,0.0,59.46,0.92,56,0.0,39,0.0,17,0.0,0,0.0,69.64,0.0,2024-09-15,-,0,-
334,-22,Kristin,-,1534.97,1.11,1689.64,-8.21,51.56,-3.11,80,8.0,53,4.0,26,4.0,1,0.0,66.25,-1.81,2026-05-20,-,0,578.0
335,-31,MoonlitShadow,-,1534.75,-4.46,1646.42,0.0,37.22,1.49,214,0.0,124,0.0,87,0.0,3,0.0,57.94,0.0,2025-11-28,-,0,237.0
336,44,Mike1313,RU,1534.39,36.2,1610.48,37.36,25.36,0.39,584,30.0,313,21.0,270,9.0,1,0.0,53.6,0.89,2026-05-31,-,0,229.0
-,-,slig123,US,1534.22,-2.77,1710.49,0.0,58.76,0.92,154,0.0,97,0.0,55,0.0,2,0.0,62.99,0.0,2021-02-07,GM,2,-
337,-35,Tasku,FI,1534.02,-5.89,1659.4,-33.36,41.79,-9.16,110,30.0,71,15.0,38,15.0,1,0.0,64.55,-5.45,2026-05-31,-,0,561.0
338,-29,DavidSegoviano,ES,1533.89,-1.16,1608.8,-0.99,24.97,0.06,430,32.0,236,17.0,194,15.0,0,0.0,54.88,-0.15,2026-05-31,G,2,186.0
-,-,Runawaaayyy,CH,1533.83,-3.47,1677.83,0.0,48.0,1.16,132,0.0,80,0.0,52,0.0,0,0.0,60.61,0.0,2024-04-04,G,2,-
339,-34,Qiubag,PL,1533.65,-3.06,1620.05,1.14,28.8,1.4,396,6.0,191,2.0,202,3.0,3,1.0,48.23,-0.23,2026-03-22,G,6,135.0
340,-7,Aaronwebber,-,1533.47,11.64,1614.13,10.91,26.89,-0.24,566,30.0,309,21.0,255,8.0,2,1.0,54.59,0.86,2026-05-31,P,4,249.0
-,-,Fingerzam,-,1533.3,-2.36,1741.44,0.0,69.38,0.79,36,0.0,28,0.0,8,0.0,0,0.0,77.78,0.0,2024-07-01,-,0,-
-,-,gallinule,-,1533.23,-2.98,1699.46,0.0,55.41,0.99,130,0.0,65,0.0,63,0.0,2,0.0,50.0,0.0,2022-11-18,-,0,-
-,-,Robster,NL,1532.96,-4.88,1647.26,0.0,38.1,1.63,472,0.0,260,0.0,208,0.0,4,0.0,55.08,0.0,2025-03-18,G,10,647.0
341,-16,gamblerch,CL,1532.87,5.96,1622.81,4.31,29.98,-0.55,356,22.0,173,11.0,181,11.0,2,0.0,48.6,0.1,2026-05-31,-,0,306.0
342,83,mrcy,HU,1532.83,57.22,1671.18,33.01,46.12,-8.07,76,18.0,47,11.0,29,7.0,0,0.0,61.84,-0.23,2026-05-09,-,0,726.0
343,-48,pote,TN,1532.6,-10.54,1632.51,-14.15,33.31,-1.2,282,18.0,167,7.0,113,11.0,2,0.0,59.22,-1.39,2026-05-24,G,2,1262.0
344,-24,virvett,BR,1532.45,2.88,1610.55,1.72,26.04,-0.38,414,32.0,229,17.0,181,15.0,4,0.0,55.31,-0.19,2026-05-31,G,2,164.0
345,-83,Aruta,-,1532.42,-29.08,1700.38,-71.36,55.99,-14.09,64,18.0,44,8.0,20,10.0,0,0.0,68.75,-9.51,2026-05-15,-,0,711.0
-,-,Winston11tw,-,1532.4,-2.9,1700.64,0.0,56.08,0.97,150,0.0,85,0.0,58,0.0,7,0.0,56.67,0.0,2021-12-05,P,4,-
346,-35,Sengir80,-,1532.12,-2.11,1669.81,-11.77,45.9,-3.22,76,10.0,46,4.0,30,6.0,0,0.0,60.53,-3.11,2026-04-12,-,0,437.0
-,-,potpath,TH,1531.79,-1.81,1802.5,0.0,90.24,0.6,24,0.0,20,0.0,4,0.0,0,0.0,83.33,0.0,2024-03-17,-,0,-
347,-33,redyredy123,-,1531.34,-1.17,1667.05,-11.12,45.24,-3.32,74,12.0,41,5.0,32,7.0,1,0.0,55.41,-2.65,2026-05-16,-,0,635.0
348,-62,Shadowiscool500,US,1530.92,-14.93,1608.48,-14.85,25.85,0.03,622,32.0,330,12.0,288,20.0,4,0.0,53.05,-0.85,2026-05-31,G,2,116.0
-,-,lppl,-,1530.73,-3.53,1674.33,0.0,47.87,1.18,234,0.0,122,0.0,108,0.0,4,0.0,52.14,0.0,2024-04-05,-,0,-
349,-39,Rumbleman,US,1530.7,-4.15,1653.25,0.0,40.85,1.38,170,0.0,103,0.0,67,0.0,0,0.0,60.59,0.0,2025-11-30,G,8,638.0
350,101,kevinsbane,-,1529.94,67.9,1773.04,-22.24,81.03,-30.04,24,12.0,17,8.0,6,4.0,1,0.0,70.83,-4.17,2026-05-12,-,0,-
351,31,richardhell,UA,1529.21,32.27,1645.2,28.3,38.67,-1.32,124,12.0,75,7.0,49,5.0,0,0.0,60.48,-0.23,2026-05-08,-,0,214.0
352,-2,tnawrocki,US,1529.14,17.47,1618.13,9.98,29.66,-2.5,190,36.0,107,20.0,82,16.0,1,0.0,56.32,-0.17,2026-05-28,-,0,280.0
-,-,Bierfuizl,-,1528.71,-2.5,1725.46,0.0,65.58,0.83,72,0.0,51,0.0,20,0.0,1,0.0,70.83,0.0,2021-09-05,G,2,-
353,43,Crowther,-,1528.69,38.79,1633.11,30.33,34.81,-2.82,170,24.0,98,14.0,70,10.0,2,0.0,57.65,0.12,2026-05-31,G,6,563.0
354,-3,LeoM,IT,1527.67,16.22,1604.78,15.56,25.7,-0.22,514,32.0,277,20.0,232,12.0,5,0.0,53.89,0.57,2026-05-31,-,0,245.0
355,-63,vitek,-,1527.6,-16.04,1639.59,-15.06,37.33,0.33,186,6.0,93,0.0,91,6.0,2,0.0,50.0,-1.67,2026-04-03,G,18,246.0
356,162,Stefan665,-,1527.46,100.04,1687.4,62.63,53.31,-12.47,66,24.0,48,21.0,18,3.0,0,0.0,72.73,8.44,2026-05-30,-,0,1287.0
-,-,mm34nn,CN,1527.16,-2.48,1725.88,0.0,66.24,0.83,60,0.0,29,0.0,30,0.0,1,0.0,48.33,0.0,2022-03-06,M,4,-
-,-,Xsn,PL,1526.53,-2.37,1733.35,0.0,68.94,0.79,48,0.0,36,0.0,10,0.0,2,0.0,75.0,0.0,2025-02-28,-,0,640.0
-,-,Toper,US,1525.92,-2.17,1753.22,0.0,75.77,0.72,66,0.0,40,0.0,25,0.0,1,0.0,60.61,0.0,2019-08-22,-,0,-
357,-5,ktroop,-,1525.86,15.4,1641.85,15.62,38.66,0.07,244,6.0,106,4.0,136,2.0,2,0.0,43.44,0.58,2026-05-31,-,0,-
-,-,busti,BE,1525.82,-3.49,1682.0,0.0,52.06,1.16,116,0.0,76,0.0,40,0.0,0,0.0,65.52,0.0,2023-11-17,-,0,-
-,-,Pripek,FR,1524.8,-3.34,1671.87,0.0,49.03,1.11,144,0.0,91,0.0,52,0.0,1,0.0,63.19,0.0,2024-04-04,-,0,-
-,-,jkmushy,-,1524.75,-2.57,1714.92,0.0,63.39,0.86,102,0.0,66,0.0,36,0.0,0,0.0,64.71,0.0,2021-02-26,P,8,-
-,-,vermiliondk,-,1523.9,-2.04,1764.52,0.0,80.21,0.68,24,0.0,14,0.0,10,0.0,0,0.0,58.33,0.0,2024-07-15,-,0,-
358,-5,Hotti180,DE,1523.38,14.14,1666.68,-38.45,47.77,-17.53,72,30.0,46,15.0,26,15.0,0,0.0,63.89,-9.92,2026-05-30,-,0,-
359,78,eggmancs,GB,1523.37,52.74,1645.97,45.44,40.87,-2.43,132,14.0,77,11.0,54,3.0,1,0.0,58.33,2.4,2026-05-24,-,0,191.0
360,-42,DadboBaggins,US,1523.36,-6.39,1601.94,-7.28,26.19,-0.3,430,30.0,223,15.0,205,15.0,2,0.0,51.86,-0.14,2026-05-31,G,3,178.0
-,-,MugiwaraNoLofwyr,-,1522.87,-3.04,1688.83,0.0,55.32,1.01,144,0.0,89,0.0,55,0.0,0,0.0,61.81,0.0,2022-05-23,P,6,-
361,-33,Kvist,DK,1521.52,-2.78,1698.23,0.0,58.9,0.93,54,0.0,39,0.0,15,0.0,0,0.0,72.22,0.0,2026-01-21,-,0,1287.0
362,100,mzotkiew,-,1521.38,65.61,1693.67,39.59,57.43,-8.67,56,12.0,39,9.0,17,3.0,0,0.0,69.64,1.46,2026-05-13,-,0,-
-,-,gyova,-,1521.37,-2.51,1717.24,0.0,65.29,0.84,72,0.0,45,0.0,27,0.0,0,0.0,62.5,0.0,2021-08-28,P,2,-
363,-39,Mark0n,HR,1521.23,-5.77,1612.58,0.0,30.45,1.92,456,0.0,243,0.0,207,0.0,6,0.0,53.29,0.0,2025-11-21,G,7,186.0
-,-,JohnFreshKennedy,DE,1521.18,-4.07,1644.2,0.0,41.01,1.36,248,0.0,152,0.0,95,0.0,1,0.0,61.29,0.0,2024-07-01,G,10,-
-,-,matus,-,1521.08,-1.57,1832.48,0.0,103.8,0.52,24,0.0,22,0.0,2,0.0,0,0.0,91.67,0.0,2020-05-24,-,0,-
364,0,DarthVaderDLotS,-,1520.79,15.23,1605.39,15.37,28.2,0.05,518,20.0,276,14.0,240,6.0,2,0.0,53.28,0.67,2026-05-26,M,2,277.0
-,-,Berfner,SE,1520.29,-3.29,1671.52,0.0,50.41,1.1,80,0.0,48,0.0,31,0.0,1,0.0,60.0,0.0,2025-03-09,-,0,757.0
365,-6,LordPeter,-,1520.08,12.69,1629.9,13.7,36.61,0.34,180,6.0,96,4.0,81,2.0,3,0.0,53.33,0.46,2026-04-15,G,8,204.0
366,-36,McLovinsBlueberry,-,1519.87,-2.93,1688.51,0.0,56.21,0.98,60,0.0,39,0.0,21,0.0,0,0.0,65.0,0.0,2025-07-09,-,0,720.0
367,-50,Borgmo,DE,1519.11,-11.55,1610.81,-10.66,30.57,0.3,322,18.0,190,9.0,131,9.0,1,0.0,59.01,-0.53,2026-05-31,G,2,410.0
368,119,boonio88,PL,1518.8,73.88,1694.44,39.88,58.55,-11.33,42,12.0,25,7.0,17,5.0,0,0.0,59.52,-0.48,2026-05-07,-,0,939.0
369,-37,GoblinMatron,-,1518.4,-3.8,1628.56,-11.2,36.72,-2.47,124,18.0,71,8.0,53,10.0,0,0.0,57.26,-2.17,2026-05-28,-,0,192.0
370,22,SwaulgustusCaesar,-,1518.05,25.54,1749.98,-73.38,77.31,-32.97,24,12.0,15,5.0,8,6.0,1,1.0,62.5,-20.83,2026-05-17,-,0,-
371,-36,King.I.T.North,-,1517.83,-2.65,1703.73,0.0,61.97,0.88,60,0.0,42,0.0,18,0.0,0,0.0,70.0,0.0,2025-09-03,-,0,865.0
372,-75,PontiusPilatus,DK,1517.82,-24.48,1654.57,-27.38,45.59,-0.97,134,6.0,89,0.0,44,6.0,1,0.0,66.42,-3.11,2026-04-01,G,4,1271.0
373,25,llsgnm,-,1517.19,27.78,1644.64,13.5,42.48,-4.76,90,18.0,58,11.0,32,7.0,0,0.0,64.44,-0.84,2026-05-31,-,0,488.0
374,new,xYotsuba,-,1516.43,1066.43,1772.88,272.88,85.48,85.48,20,20.0,19,19.0,1,1.0,0,0.0,95.0,95.0,2026-05-31,-,0,-
375,-8,Radvan,SK,1516.3,11.22,1602.25,9.18,28.65,-0.68,322,26.0,190,14.0,129,11.0,3,1.0,59.01,-0.45,2026-05-24,-,0,348.0
-,-,ScoliopusB,-,1516.26,-3.83,1647.38,0.0,43.71,1.28,264,0.0,153,0.0,109,0.0,2,0.0,57.95,0.0,2024-05-26,P,2,-
-,-,Radorf,-,1515.58,-3.31,1666.72,0.0,50.38,1.1,166,0.0,87,0.0,77,0.0,2,0.0,52.41,0.0,2023-11-15,M,1,-
-,-,Foolio,-,1515.4,-2.9,1685.71,0.0,56.77,0.97,108,0.0,62,0.0,45,0.0,1,0.0,57.41,0.0,2022-09-04,M,2,-
376,-47,rcia,ES,1514.69,-9.1,1605.66,-7.66,30.32,0.48,496,14.0,267,7.0,223,6.0,6,1.0,53.83,-0.11,2026-04-16,G,16,502.0
377,30,BahbUrge,-,1514.18,27.76,1632.13,16.37,39.32,-3.8,102,18.0,60,10.0,41,7.0,1,1.0,58.82,-0.7,2026-05-13,-,0,310.0
378,11,jSan,-,1514.07,19.17,1631.54,18.16,39.16,-0.34,198,12.0,133,12.0,63,0.0,2,0.0,67.17,2.12,2026-05-30,-,0,343.0
379,-33,MrGekz,PL,1513.91,1.8,1602.98,0.14,29.69,-0.55,418,26.0,228,14.0,185,11.0,5,1.0,54.55,-0.04,2026-05-30,G,4,267.0
380,-23,LuckyAnesa,-,1513.74,5.17,1648.49,1.68,44.92,-1.16,138,6.0,74,3.0,63,3.0,1,0.0,53.62,-0.17,2026-03-13,-,0,271.0
381,19,Garghiii,IT,1513.38,24.36,1591.35,23.29,25.99,-0.36,312,32.0,166,21.0,144,10.0,2,1.0,53.21,1.42,2026-05-30,-,0,359.0
382,-46,Daniii,-,1512.19,-7.12,1598.73,-7.64,28.85,-0.17,420,24.0,241,14.0,178,10.0,1,0.0,57.38,0.06,2026-05-27,G,4,189.0
383,-11,Buldozer_bga,-,1511.59,7.8,1630.45,3.53,39.62,-1.42,120,12.0,67,4.0,53,8.0,0,0.0,55.83,-2.5,2026-04-24,-,0,166.0
384,-36,Agnsild,NO,1511.37,-0.45,1613.02,-7.84,33.88,-2.46,162,24.0,98,10.0,63,14.0,1,0.0,60.49,-3.28,2026-05-29,-,0,269.0
-,-,Taeybae,-,1510.55,-1.69,1800.19,0.0,96.55,0.56,18,0.0,13,0.0,5,0.0,0,0.0,72.22,0.0,2025-03-09,-,0,757.0
385,42,Cat12,CN,1509.74,34.81,1614.77,32.96,35.01,-0.62,180,12.0,112,10.0,67,2.0,1,0.0,62.22,1.51,2026-05-27,-,0,338.0
-,-,GrzeHu,-,1509.6,-2.74,1688.51,0.0,59.63,0.91,84,0.0,56,0.0,28,0.0,0,0.0,66.67,0.0,2022-08-24,-,0,-
-,-,Galinlik,-,1509.56,-2.1,1746.28,0.0,78.91,0.7,30,0.0,19,0.0,10,0.0,1,0.0,63.33,0.0,2023-06-06,-,0,-
-,-,Asaf,IL,1508.6,-3.58,1646.26,0.0,45.89,1.19,154,0.0,102,0.0,51,0.0,1,0.0,66.23,0.0,2024-04-04,-,0,-
386,-48,Terence,-,1508.36,-10.35,1590.9,-9.78,27.51,0.19,566,22.0,294,5.0,268,16.0,4,1.0,51.94,-1.18,2026-05-21,G,6,235.0
387,-44,isman,ES,1508.3,-4.4,1624.38,0.0,38.69,1.47,146,0.0,77,0.0,69,0.0,0,0.0,52.74,0.0,2026-01-23,G,2,182.0
388,-46,Alvin1912,-,1508.27,-6.3,1597.53,0.0,29.75,2.1,500,0.0,272,0.0,222,0.0,6,0.0,54.4,0.0,2026-02-28,P,4,223.0
389,-16,Fleepa0,ES,1507.72,4.97,1593.45,5.71,28.58,0.25,506,18.0,274,10.0,228,8.0,4,0.0,54.15,0.05,2026-05-31,-,0,316.0
390,-45,Pule,-,1507.63,-4.59,1615.88,0.0,36.08,1.53,266,0.0,142,0.0,124,0.0,0,0.0,53.38,0.0,2025-11-30,-,0,282.0
391,-8,Panthera,PL,1507.56,10.7,1584.59,11.44,25.68,0.25,536,30.0,290,20.0,240,10.0,6,0.0,54.1,0.74,2026-05-31,-,0,255.0
392,-17,yliu386,AU,1507.53,6.31,1615.32,-3.23,35.93,-3.18,142,24.0,84,12.0,58,12.0,0,0.0,59.15,-1.87,2026-05-31,-,0,529.0
-,-,P373R,GB,1506.97,-2.1,1740.18,0.0,77.74,0.7,36,0.0,28,0.0,8,0.0,0,0.0,77.78,0.0,2022-09-04,G,2,-
-,-,dayorbyte,-,1506.24,-3.08,1667.67,0.0,53.81,1.03,140,0.0,85,0.0,52,0.0,3,0.0,60.71,0.0,2023-08-05,P,4,-
393,-66,t0mk0t,-,1505.98,-18.51,1651.27,-30.51,48.43,-4.0,76,12.0,45,4.0,29,8.0,2,0.0,59.21,-4.85,2026-05-15,-,0,690.0
-,-,Traumatan,DE,1505.43,-2.82,1681.17,0.0,58.58,0.94,66,0.0,41,0.0,25,0.0,0,0.0,62.12,0.0,2024-07-01,-,0,1287.0
394,-45,JimmyLin,TW,1504.99,-6.79,1581.62,-6.78,25.54,0.0,742,34.0,368,13.0,368,21.0,6,0.0,49.6,-0.54,2026-05-31,M,2,152.0
395,-39,Nostradamus5321,-,1504.52,-4.09,1628.15,0.0,41.21,1.36,130,0.0,73,0.0,53,0.0,4,0.0,56.15,0.0,2026-02-19,-,0,403.0
396,-1,JamesH,GR,1504.45,13.87,1649.02,10.11,48.19,-1.25,108,6.0,67,5.0,41,1.0,0,0.0,62.04,1.26,2026-03-20,-,0,805.0
397,-58,ThomRun974,FR,1504.29,-13.0,1605.02,-13.08,33.58,-0.03,266,12.0,135,5.0,128,7.0,3,0.0,50.75,-0.43,2026-05-16,G,6,543.0
398,-40,InfiniteZest,-,1504.07,-3.69,1610.69,-1.77,35.54,0.64,214,6.0,115,4.0,98,2.0,1,0.0,53.74,0.37,2026-04-20,G,4,344.0
399,30,santhosh163,-,1503.59,30.64,1657.61,-17.89,51.34,-16.18,66,24.0,44,14.0,22,10.0,0,0.0,66.67,-4.76,2026-05-31,-,0,783.0
400,110,Castigar,-,1503.44,71.51,1642.08,60.17,46.21,-3.78,150,12.0,84,10.0,65,2.0,1,0.0,56.0,2.38,2026-05-20,-,0,-
-,-,Hsugneslie,-,1503.26,-4.03,1628.58,0.0,41.77,1.34,216,0.0,122,0.0,94,0.0,0,0.0,56.48,0.0,2024-08-27,G,8,-
-,-,Louaym,-,1503.08,-3.32,1653.08,0.0,50.0,1.11,126,0.0,75,0.0,48,0.0,3,0.0,59.52,0.0,2023-09-03,G,2,-
-,-,Bonnie,-,1502.87,-2.8,1677.85,0.0,58.33,0.93,84,0.0,54,0.0,30,0.0,0,0.0,64.29,0.0,2022-12-04,P,2,-
401,-67,AndriiN,DE,1502.47,-19.26,1588.02,-20.16,28.51,-0.3,272,24.0,147,8.0,124,16.0,1,0.0,54.04,-2.01,2026-05-31,-,0,197.0
402,-61,Hardco,CA,1502.43,-12.73,1595.84,-9.75,31.14,1.0,604,6.0,277,1.0,318,5.0,9,0.0,45.86,-0.29,2026-05-31,M,1,791.0
403,-32,Naleenae,BE,1501.16,-2.67,1684.98,0.0,61.27,0.89,48,0.0,28,0.0,19,0.0,1,0.0,58.33,0.0,2026-01-16,-,0,757.0
404,-7,justinkejs,-,1500.86,11.02,1607.53,9.3,35.56,-0.57,306,12.0,166,6.0,137,6.0,3,0.0,54.25,-0.17,2026-05-21,G,6,805.0
-,-,Redgood,-,1500.75,-2.87,1673.65,0.0,57.64,0.96,78,0.0,51,0.0,27,0.0,0,0.0,65.38,0.0,2025-03-22,-,0,805.0
405,-43,Zathio,US,1500.21,-5.95,1599.25,-4.17,33.01,0.59,280,8.0,158,2.0,118,6.0,4,0.0,56.43,-0.92,2026-05-28,-,0,989.0
406,30,Spoobill,-,1499.3,28.44,1584.39,27.21,28.36,-0.41,396,30.0,218,24.0,174,6.0,4,0.0,55.05,2.04,2026-05-31,-,0,350.0
-,-,deluks917,US,1499.3,-3.85,1639.67,0.0,46.79,1.28,248,0.0,123,0.0,125,0.0,0,0.0,49.6,0.0,2024-02-21,GM,1,-
-,-,Swirek,-,1499.22,-3.0,1663.07,0.0,54.62,1.0,132,0.0,74,0.0,57,0.0,1,0.0,56.06,0.0,2022-06-05,P,2,-
407,70,Cooper,US,1499.13,49.17,1610.55,26.09,37.14,-7.69,112,36.0,67,23.0,45,13.0,0,0.0,59.82,1.93,2026-05-29,-,0,755.0
408,-40,Gabriele,IT,1499.11,-5.87,1588.47,0.0,29.79,1.96,430,0.0,244,0.0,183,0.0,3,0.0,56.74,0.0,2026-01-25,-,0,314.0
409,1,Victory7,CA,1498.99,13.64,1607.49,-5.99,36.16,-6.54,118,34.0,69,16.0,47,17.0,2,1.0,58.47,-4.63,2026-05-31,-,0,872.0
410,-31,Tony117,IT,1498.02,-0.35,1591.03,3.86,31.0,1.4,386,6.0,216,5.0,167,1.0,3,0.0,55.96,0.43,2026-04-11,-,0,362.0
411,-57,Thronx,DE,1497.93,-11.03,1593.81,-8.41,31.96,0.87,340,8.0,186,3.0,152,5.0,2,0.0,54.71,-0.41,2026-03-24,G,4,396.0
412,-81,Deschain,-,1497.34,-25.36,1620.38,-24.46,41.01,0.3,192,6.0,112,2.0,78,4.0,2,0.0,58.33,-0.81,2026-03-13,P,2,-
413,-35,modjoaq,-,1496.98,-2.09,1731.59,0.0,78.2,0.7,34,0.0,25,0.0,9,0.0,0,0.0,73.53,0.0,2026-02-18,-,0,-
-,-,chiang831,-,1496.14,-2.61,1686.52,0.0,63.46,0.87,72,0.0,48,0.0,24,0.0,0,0.0,66.67,0.0,2022-02-24,-,0,-
-,-,Lonzo,DE,1496.06,-3.67,1637.63,0.0,47.19,1.22,218,0.0,123,0.0,94,0.0,1,0.0,56.42,0.0,2023-11-24,G,2,-
414,16,Rolls.Royal,DE,1495.98,23.14,1593.47,15.3,32.5,-2.61,174,32.0,102,22.0,71,10.0,1,0.0,58.62,2.28,2026-05-30,-,0,226.0
415,-49,TheKrunk,-,1495.73,-9.45,1624.04,-27.59,42.77,-6.05,86,24.0,58,15.0,28,9.0,0,0.0,67.44,-1.91,2026-05-31,-,0,757.0
416,63,SvenSvift,AT,1495.72,46.16,1696.84,25.95,67.04,-6.74,36,6.0,21,3.0,15,3.0,0,0.0,58.33,-1.67,2026-05-13,-,0,757.0
-,-,tomaszchwiszczuk,-,1495.5,-2.44,1697.72,0.0,67.41,0.81,66,0.0,39,0.0,25,0.0,2,0.0,59.09,0.0,2022-03-06,P,4,-
417,-52,Attrill20,GB,1495.4,-10.12,1574.33,-9.33,26.31,0.26,604,24.0,321,9.0,279,15.0,4,0.0,53.15,-0.64,2026-05-28,-,0,329.0
418,-32,gabev,US,1495.23,-0.47,1610.24,-0.17,38.34,0.1,128,6.0,75,2.0,52,4.0,1,0.0,58.59,-1.25,2026-05-28,-,0,349.0
419,101,refs,NO,1495.08,68.29,1665.55,39.55,56.83,-9.58,50,12.0,34,8.0,16,4.0,0,0.0,68.0,-0.42,2026-05-15,-,0,394.0
420,-50,McNulty,US,1495.05,-9.13,1598.46,-5.16,34.47,1.33,384,2.0,210,0.0,172,2.0,2,0.0,54.69,-0.28,2026-03-17,-,0,340.0
-,-,Tanario,DK,1494.62,-3.36,1641.78,0.0,49.06,1.12,104,0.0,72,0.0,32,0.0,0,0.0,69.23,0.0,2024-07-01,-,0,-
421,-47,PyBel,ES,1493.73,-7.84,1633.83,-12.31,46.7,-1.49,126,6.0,80,2.0,45,4.0,1,0.0,63.49,-1.51,2026-03-15,G,2,729.0
422,-18,henrymerrivale,IT,1493.68,6.76,1571.59,9.04,25.97,0.76,722,24.0,368,17.0,344,7.0,10,0.0,50.97,0.68,2026-05-31,P,4,242.0
423,12,EnozamaIV,DE,1493.33,22.33,1591.68,14.8,32.79,-2.51,170,30.0,105,20.0,65,10.0,0,0.0,61.76,1.05,2026-05-27,-,0,369.0
424,-12,hypodg,IT,1492.91,9.29,1574.06,8.24,27.05,-0.35,498,30.0,276,18.0,217,12.0,5,0.0,55.42,0.29,2026-05-31,-,0,359.0
-,-,HentaiLover69,US,1492.27,-3.95,1618.38,0.0,42.04,1.32,180,0.0,103,0.0,75,0.0,2,0.0,57.22,0.0,2025-04-16,-,0,910.0
425,-78,JensIV,DE,1491.92,-20.19,1581.56,-25.55,29.88,-1.78,216,30.0,112,10.0,103,20.0,1,0.0,51.85,-2.99,2026-05-31,G,1,158.0
426,-65,Sergeeeee,GB,1491.58,-15.32,1570.78,-15.49,26.4,-0.06,390,30.0,199,13.0,188,17.0,3,0.0,51.03,-0.64,2026-05-25,G,2,234.0
427,-18,raist,SG,1491.45,5.7,1564.08,6.59,24.21,0.3,926,36.0,450,22.0,468,13.0,8,1.0,48.6,0.51,2026-05-31,P,2,185.0
-,-,AvPL,PL,1491.07,-2.44,1692.9,0.0,67.28,0.81,48,0.0,35,0.0,13,0.0,0,0.0,72.92,0.0,2023-10-15,-,0,-
428,-5,Limubai,-,1490.87,14.4,1704.95,-7.16,71.36,-7.19,32,6.0,21,4.0,11,2.0,0,0.0,65.62,0.24,2026-03-27,-,0,757.0
429,-66,LordHomeOffice,DE,1490.81,-15.09,1602.9,-23.12,37.36,-2.68,144,24.0,87,15.0,57,9.0,0,0.0,60.42,0.42,2026-05-31,G,2,576.0
-,-,Waxtax,-,1490.8,-2.27,1706.83,0.0,72.01,0.76,60,0.0,36,0.0,12,0.0,12,0.0,60.0,0.0,2020-11-02,G,2,-
-,-,Lawful,-,1489.86,-2.08,1726.32,0.0,78.82,0.69,48,0.0,36,0.0,12,0.0,0,0.0,75.0,0.0,2021-05-29,-,0,-
-,-,JarekWarsaw,-,1489.57,-3.36,1639.35,0.0,49.93,1.12,168,0.0,91,0.0,75,0.0,2,0.0,54.17,0.0,2023-02-18,G,10,-
430,-53,danebed,IT,1489.44,-10.52,1581.49,-6.94,30.68,1.2,528,6.0,289,2.0,238,4.0,1,0.0,54.73,-0.25,2026-03-20,P,10,289.0
-,-,Aftermath,-,1489.43,-1.32,1859.12,0.0,123.23,0.44,12,0.0,11,0.0,1,0.0,0,0.0,91.67,0.0,2021-06-02,-,0,-
-,-,fielmann,EE,1489.38,-2.84,1663.51,0.0,58.04,0.95,96,0.0,61,0.0,34,0.0,1,0.0,63.54,0.0,2023-03-01,G,2,-
-,-,yangziduan,-,1489.37,-2.36,1696.53,0.0,69.05,0.79,80,0.0,39,0.0,40,0.0,1,0.0,48.75,0.0,2020-04-08,-,0,1245.0
431,-46,AdiQue,PL,1488.49,-7.27,1566.26,-7.76,25.92,-0.17,392,32.0,187,14.0,202,16.0,3,2.0,47.7,-0.36,2026-05-31,P,4,293.0
-,-,yood,-,1488.27,-2.83,1666.97,0.0,59.57,0.94,102,0.0,62,0.0,40,0.0,0,0.0,60.78,0.0,2021-12-05,G,2,-
432,-24,sillysheep,HK,1488.09,2.0,1608.93,0.46,40.28,-0.51,188,8.0,104,3.0,83,5.0,1,0.0,55.32,-0.79,2026-05-04,G,6,757.0
433,-28,Zaij,-,1487.87,1.13,1572.0,0.82,28.05,-0.1,516,24.0,268,13.0,244,10.0,4,1.0,51.94,0.11,2026-05-24,G,2,329.0
434,-35,trzeciakson,PL,1487.67,-1.74,1568.95,-3.38,27.09,-0.55,454,30.0,225,14.0,224,16.0,5,0.0,49.56,-0.2,2026-05-31,P,6,244.0
435,31,Ralf-TtA,DE,1487.62,33.44,1588.76,30.23,33.71,-1.07,240,18.0,122,12.0,117,6.0,1,0.0,50.83,1.28,2026-05-21,G,4,314.0
-,-,Xxchaking,-,1486.93,-2.62,1675.33,0.0,62.8,0.87,78,0.0,54,0.0,23,0.0,1,0.0,69.23,0.0,2022-03-06,-,0,-
436,-49,milanmar,-,1486.77,-8.8,1629.14,-12.91,47.46,-1.37,110,6.0,68,1.0,42,5.0,0,0.0,61.82,-2.6,2026-03-20,-,0,662.0
437,305,Canifex,-,1486.69,160.68,1723.34,47.96,78.88,-37.57,24,12.0,17,8.0,7,4.0,0,0.0,70.83,-4.17,2026-05-14,-,0,-
438,-36,Bad_Horse,-,1486.28,-2.18,1717.95,-100.16,77.22,-32.66,24,12.0,16,5.0,8,7.0,0,0.0,66.67,-25.0,2026-05-05,-,0,-
439,-45,Clayton,-,1486.22,-4.87,1669.13,-13.87,60.97,-3.0,62,4.0,39,1.0,22,3.0,1,0.0,62.9,-2.62,2026-04-21,-,0,-
-,-,Redgarex,-,1485.98,-1.27,1872.43,0.0,128.82,0.42,18,0.0,17,0.0,1,0.0,0,0.0,94.44,0.0,2020-09-06,-,0,-
440,-18,Kuter,PL,1485.91,7.99,1566.07,7.07,26.72,-0.31,554,30.0,295,15.0,254,15.0,5,0.0,53.25,-0.19,2026-05-31,-,0,369.0
-,-,Klakla92th,-,1485.72,-4.57,1596.39,0.0,36.89,1.52,416,0.0,223,0.0,188,0.0,5,0.0,53.61,0.0,2024-11-26,G,4,989.0
-,-,cadol,-,1485.22,-2.4,1692.34,0.0,69.04,0.8,60,0.0,39,0.0,21,0.0,0,0.0,65.0,0.0,2021-08-26,G,2,-
441,-24,dnomn8r,-,1484.34,4.05,1677.19,-35.05,64.28,-13.03,40,10.0,22,3.0,18,7.0,0,0.0,55.0,-8.33,2026-04-15,-,0,578.0
442,-14,Daemon3142,GB,1483.84,9.37,1557.51,9.66,24.56,0.1,852,38.0,400,22.0,443,16.0,9,0.0,46.95,0.51,2026-05-31,-,0,301.0
443,51,schwam,US,1483.6,42.6,1564.62,40.23,27.01,-0.79,368,38.0,190,28.0,175,9.0,3,1.0,51.63,2.54,2026-05-31,-,0,278.0
-,-,HollowKnight,-,1483.56,-2.96,1649.68,0.0,55.37,0.99,112,0.0,64,0.0,46,0.0,2,0.0,57.14,0.0,2023-06-06,-,0,-
-,-,Miklos,HU,1483.48,-4.76,1590.23,0.0,35.58,1.59,366,0.0,203,0.0,159,0.0,4,0.0,55.46,0.0,2024-10-01,-,0,1245.0
444,51,mc_esher,-,1483.2,43.07,1677.91,31.09,64.9,-3.99,54,6.0,34,6.0,19,0.0,1,0.0,62.96,4.63,2026-03-26,P,6,-
445,-54,dougthonus,US,1482.75,-10.62,1571.83,-9.44,29.69,0.39,484,20.0,258,14.0,224,6.0,2,0.0,53.31,0.72,2026-05-31,G,6,362.0
446,-53,Mul,CA,1482.68,-9.12,1566.89,-10.13,28.07,-0.34,308,26.0,168,13.0,138,13.0,2,0.0,54.55,-0.41,2026-05-30,-,0,319.0
447,-87,ABQ,HR,1482.36,-24.61,1577.43,-23.78,31.69,0.28,398,12.0,221,1.0,173,10.0,4,1.0,55.53,-1.46,2026-04-14,G,4,461.0
-,-,G_7,-,1482.34,-3.3,1629.79,0.0,49.15,1.1,186,0.0,106,0.0,79,0.0,1,0.0,56.99,0.0,2023-02-18,G,12,-
448,-37,Scottrick,US,1481.97,-2.51,1677.4,0.0,65.14,0.84,40,0.0,25,0.0,15,0.0,0,0.0,62.5,0.0,2026-02-16,-,0,1429.0
-,-,Octavian,US,1481.97,-4.5,1602.51,0.0,40.18,1.5,372,0.0,184,0.0,185,0.0,3,0.0,49.46,0.0,2025-05-04,M,1,375.0
-,-,ducky1,-,1481.86,-2.09,1717.17,0.0,78.44,0.7,30,0.0,19,0.0,11,0.0,0,0.0,63.33,0.0,2023-08-03,-,0,-
-,-,chenstix,-,1481.82,-3.49,1629.11,0.0,49.1,1.16,192,0.0,96,0.0,94,0.0,2,0.0,50.0,0.0,2023-03-01,G,6,-
449,-130,Kaiserschmarrn,-,1481.03,-48.63,1578.04,-47.39,32.34,0.41,348,12.0,201,0.0,144,12.0,3,0.0,57.76,-2.06,2026-05-26,G,8,407.0
-,-,_sleepwalker,-,1480.53,-4.71,1591.01,0.0,36.83,1.57,276,0.0,155,0.0,119,0.0,2,0.0,56.16,0.0,2025-03-14,-,0,805.0
450,-30,Montu,US,1480.35,1.28,1587.3,-1.09,35.65,-0.79,156,12.0,95,6.0,59,6.0,2,0.0,60.9,-0.91,2026-05-30,-,0,596.0
-,-,Meowthfish,TW,1480.3,-3.58,1620.66,0.0,46.79,1.19,300,0.0,140,0.0,160,0.0,0,0.0,46.67,0.0,2023-06-04,M,3,-
-,-,Asbestos,US,1479.85,-4.73,1586.07,0.0,35.41,1.58,390,0.0,201,0.0,185,0.0,4,0.0,51.54,0.0,2025-03-15,G,8,695.0
451,-37,Wolar,CZ,1478.4,-4.68,1585.79,0.0,35.8,1.56,260,0.0,144,0.0,113,0.0,3,0.0,55.38,0.0,2025-07-22,-,0,282.0
452,-49,NoswordKnight,CN,1478.13,-9.72,1634.98,-9.66,52.29,0.02,72,2.0,42,0.0,29,2.0,1,0.0,58.33,-1.67,2026-03-23,-,0,805.0
453,-34,deleted_user_8840806,-,1477.96,-1.9,1735.5,0.0,85.85,0.63,20,0.0,16,0.0,4,0.0,0,0.0,80.0,0.0,2025-10-07,-,0,-
-,-,IirionClaus,-,1477.68,-2.43,1679.5,0.0,67.27,0.81,78,0.0,49,0.0,29,0.0,0,0.0,62.82,0.0,2020-08-21,P,2,-
454,-41,Jappa,NL,1477.57,-5.69,1565.3,0.0,29.24,1.9,372,0.0,204,0.0,165,0.0,3,0.0,54.84,0.0,2026-01-01,G,4,313.0
-,-,Donni,DE,1477.37,-4.93,1581.77,0.0,34.8,1.64,312,0.0,177,0.0,132,0.0,3,0.0,56.73,0.0,2025-05-31,-,0,253.0
455,135,Pompeius12,-,1477.37,86.0,1752.6,31.22,91.74,-18.26,18,6.0,13,5.0,4,1.0,1,0.0,72.22,5.55,2026-03-20,-,0,-
456,114,Paolol65,FR,1477.33,77.03,1743.22,14.16,88.63,-20.96,20,6.0,15,4.0,4,2.0,1,0.0,75.0,-3.57,2026-03-22,-,0,1271.0
-,-,nichtey,-,1476.4,-1.44,1817.13,0.0,113.58,0.48,24,0.0,20,0.0,4,0.0,0,0.0,83.33,0.0,2020-05-31,-,0,-
457,-39,zbert,DE,1475.14,-4.73,1583.29,0.0,36.05,1.58,250,0.0,139,0.0,109,0.0,2,0.0,55.6,0.0,2025-07-18,G,2,295.0
458,24,GangwonTeacher,-,1475.07,29.17,1632.38,13.98,52.44,-5.07,64,12.0,33,4.0,30,8.0,1,0.0,51.56,-4.21,2026-05-12,-,0,711.0
-,-,GaryPan,-,1475.03,-2.4,1680.2,0.0,68.39,0.8,86,0.0,42,0.0,43,0.0,1,0.0,48.84,0.0,2020-05-08,-,0,-
459,-4,guppyfry,US,1474.65,15.83,1551.86,16.56,25.74,0.24,544,28.0,286,13.0,255,14.0,3,1.0,52.57,-0.34,2026-05-31,G,2,332.0
-,-,GoodSentinel,-,1474.02,-3.08,1633.98,0.0,53.32,1.03,114,0.0,76,0.0,36,0.0,2,0.0,66.67,0.0,2024-02-29,-,0,-
-,-,Torzelan,-,1473.9,-2.11,1706.16,0.0,77.42,0.7,30,0.0,23,0.0,7,0.0,0,0.0,76.67,0.0,2023-04-16,-,0,-
460,86,Rackare,SE,1473.88,60.27,1683.73,39.98,69.95,-6.77,32,6.0,21,3.0,11,3.0,0,0.0,65.62,-3.61,2026-03-18,-,0,805.0
461,46,jacksonray,-,1473.71,39.0,1594.58,29.24,40.29,-3.25,114,18.0,64,12.0,49,6.0,1,0.0,56.14,1.97,2026-05-10,-,0,491.0
462,163,ElTanque35,IT,1472.47,96.53,1591.47,80.63,39.67,-5.3,110,24.0,67,22.0,43,2.0,0,0.0,60.91,8.58,2026-05-31,-,0,805.0
-,-,Woodmouth,NO,1472.23,-3.39,1620.31,0.0,49.36,1.13,132,0.0,77,0.0,55,0.0,0,0.0,58.33,0.0,2023-11-15,-,0,-
-,-,colonize_N,-,1472.16,-1.9,1730.46,0.0,86.1,0.63,42,0.0,31,0.0,11,0.0,0,0.0,73.81,0.0,2020-12-02,-,0,-
-,-,dxp199062,-,1472.07,-2.02,1715.72,0.0,81.21,0.67,36,0.0,27,0.0,9,0.0,0,0.0,75.0,0.0,2022-08-31,-,0,-
-,-,HonestSi,-,1471.9,-2.38,1678.93,0.0,69.01,0.79,54,0.0,34,0.0,20,0.0,0,0.0,62.96,0.0,2022-06-05,-,0,-
463,-47,Magnotta85,IT,1471.1,-10.89,1613.71,-15.53,47.54,-1.55,80,6.0,37,1.0,42,5.0,1,0.0,46.25,-2.4,2026-05-20,-,0,605.0
464,-18,Selya,-,1470.95,6.83,1604.91,-1.79,44.65,-2.87,88,12.0,54,6.0,33,6.0,1,0.0,61.36,-1.8,2026-05-15,-,0,426.0
465,-9,jhamra,DE,1470.11,11.54,1619.44,5.09,49.78,-2.15,74,6.0,40,3.0,34,3.0,0,0.0,54.05,-0.36,2026-03-15,-,0,372.0
466,-26,Composaurus,-,1470.07,3.33,1658.24,-47.39,62.73,-16.9,44,14.0,22,5.0,22,9.0,0,0.0,50.0,-6.67,2026-05-19,-,0,578.0
-,-,Snatser,-,1470.02,-3.8,1601.75,0.0,43.91,1.27,138,0.0,88,0.0,50,0.0,0,0.0,63.77,0.0,2025-05-31,-,0,1054.0
467,-66,RiteInUrEye,CA,1469.44,-19.18,1601.22,-28.18,43.93,-3.0,138,12.0,84,4.0,53,8.0,1,0.0,60.87,-2.62,2026-05-26,-,0,-
-,-,M-L-E,GR,1468.87,-4.31,1587.07,0.0,39.4,1.44,198,0.0,116,0.0,82,0.0,0,0.0,58.59,0.0,2025-05-31,-,0,572.0
468,0,ulkupayaya,-,1468.87,15.11,1648.8,-0.74,59.98,-5.28,58,6.0,32,3.0,23,3.0,3,0.0,55.17,-0.6,2026-03-31,-,0,578.0
469,143,Bull3,-,1468.63,86.97,1666.9,41.57,66.09,-15.13,42,12.0,23,5.0,18,6.0,1,1.0,54.76,-5.24,2026-05-06,-,0,805.0
470,-28,Ricicle,-,1467.94,1.76,1559.96,3.28,30.67,0.5,432,12.0,200,5.0,227,7.0,5,0.0,46.3,-0.13,2026-05-28,P,4,442.0
471,-56,Bobisko,CZ,1467.93,-15.0,1547.29,-13.74,26.45,0.42,534,22.0,289,8.0,243,14.0,2,0.0,54.12,-0.76,2026-05-31,G,2,384.0
472,new,MysteriousWizard,-,1467.48,1017.48,1728.72,228.72,87.08,87.08,18,18.0,16,16.0,2,2.0,0,0.0,88.89,88.89,2026-05-31,-,0,-
473,-24,chefung,-,1467.34,4.66,1548.96,4.75,27.21,0.03,392,24.0,208,10.0,181,14.0,3,0.0,53.06,-0.74,2026-05-31,-,0,303.0
474,108,DayWalker1337,-,1467.28,72.5,1642.65,47.86,58.46,-8.21,48,12.0,26,5.0,21,6.0,1,1.0,54.17,-4.16,2026-05-20,-,0,757.0
475,-32,khyung,US,1466.82,0.71,1570.58,2.65,34.59,0.64,356,6.0,177,4.0,175,2.0,4,0.0,49.72,0.29,2026-04-13,G,4,466.0
-,-,Bonisagius,-,1466.78,-2.49,1663.31,0.0,65.51,0.83,60,0.0,39,0.0,21,0.0,0,0.0,65.0,0.0,2022-05-27,-,0,-
-,-,srfdevotee,US,1466.25,-1.17,1885.4,0.0,139.72,0.39,8,0.0,8,0.0,0,0.0,0,0.0,100.0,0.0,2025-04-26,-,0,1287.0
476,-38,Evron,-,1465.24,-4.52,1577.55,0.0,37.43,1.51,152,0.0,97,0.0,55,0.0,0,0.0,63.82,0.0,2026-01-01,-,0,677.0
477,-51,aaaaa,JP,1465.06,-10.0,1575.14,-8.45,36.69,0.52,214,6.0,112,3.0,102,3.0,0,0.0,52.34,-0.06,2026-04-14,G,2,546.0
-,-,jcc,-,1464.51,-2.96,1631.98,0.0,55.82,0.99,120,0.0,75,0.0,44,0.0,1,0.0,62.5,0.0,2022-09-04,-,0,-
478,-39,CoxCz,CZ,1464.39,-4.02,1586.28,0.0,40.63,1.34,160,0.0,94,0.0,65,0.0,1,0.0,58.75,0.0,2025-06-27,G,4,872.0
-,-,wallimaendu,-,1462.37,-2.95,1630.42,0.0,56.02,0.98,126,0.0,74,0.0,52,0.0,0,0.0,58.73,0.0,2022-08-28,G,8,-
479,533,Adi65,-,1462.36,285.14,1712.78,207.14,83.47,-26.0,24,12.0,14,8.0,10,4.0,0,0.0,58.33,8.33,2026-05-15,-,0,-
-,-,Khar,CZ,1462.24,-3.57,1601.66,0.0,46.47,1.19,168,0.0,98,0.0,68,0.0,2,0.0,58.33,0.0,2023-11-24,-,0,-
480,36,SteelKitten,-,1461.95,33.06,1608.45,6.14,48.83,-8.97,86,18.0,55,8.0,30,9.0,1,1.0,63.95,-5.17,2026-05-24,-,0,-
481,-49,HomerJr,US,1461.77,-10.1,1559.5,-7.22,32.58,0.96,598,6.0,282,1.0,311,5.0,5,0.0,47.16,-0.31,2026-05-31,G,8,805.0
-,-,Stobek,-,1461.73,-3.28,1614.41,0.0,50.89,1.09,138,0.0,83,0.0,53,0.0,2,0.0,60.14,0.0,2024-04-04,-,0,-
482,-37,Mephist,LT,1461.59,-2.75,1542.5,-3.84,26.97,-0.36,320,30.0,166,12.0,151,18.0,3,0.0,51.88,-1.22,2026-05-29,-,0,241.0
-,-,LudwigVan,-,1461.46,-1.75,1740.6,0.0,93.05,0.58,30,0.0,26,0.0,4,0.0,0,0.0,86.67,0.0,2021-02-20,-,0,-
-,-,miniexot,-,1461.4,-3.0,1626.82,0.0,55.14,1.0,150,0.0,77,0.0,70,0.0,3,0.0,51.33,0.0,2023-01-15,P,4,-
-,-,jaggl,-,1461.37,-3.54,1610.82,0.0,49.82,1.18,152,0.0,81,0.0,69,0.0,2,0.0,53.29,0.0,2025-02-28,P,2,757.0
483,-42,happyboykt,KR,1461.35,-5.04,1568.15,0.0,35.6,1.68,372,0.0,195,0.0,173,0.0,4,0.0,52.42,0.0,2026-02-22,G,2,436.0
484,-40,Arkadiussus,PL,1461.07,-3.69,1538.82,-4.24,25.92,-0.18,376,30.0,187,11.0,186,18.0,3,1.0,49.73,-1.14,2026-05-31,-,0,269.0
485,143,Adysian,-,1460.92,86.07,1751.84,27.39,96.97,-19.56,18,6.0,14,5.0,4,1.0,0,0.0,77.78,2.78,2026-03-13,-,0,-
-,-,GerrySalinas,-,1460.81,-3.03,1625.13,0.0,54.77,1.01,84,0.0,43,0.0,40,0.0,1,0.0,51.19,0.0,2023-12-03,G,6,-
486,-38,BemuthBambai,DE,1460.77,-2.63,1596.64,-5.76,45.29,-1.04,100,6.0,54,3.0,45,3.0,1,0.0,54.0,-0.26,2026-03-23,-,0,616.0
-,-,Ondra,-,1460.55,-1.98,1708.12,0.0,82.53,0.66,30,0.0,18,0.0,12,0.0,0,0.0,60.0,0.0,2021-06-02,G,8,-
487,10,ShPini,-,1460.22,21.44,1614.8,-41.44,51.53,-20.96,54,26.0,31,11.0,23,15.0,0,0.0,57.41,-14.02,2026-05-31,-,0,-
-,-,Pastuino,-,1459.85,-1.94,1716.82,0.0,85.66,0.65,54,0.0,39,0.0,15,0.0,0,0.0,72.22,0.0,2020-11-22,-,0,-
488,152,sTeVej,-,1459.42,91.06,1681.5,62.01,74.03,-9.68,30,6.0,17,4.0,11,2.0,2,0.0,56.67,2.5,2026-05-12,-,0,-
-,-,syras,-,1459.21,-1.9,1718.49,0.0,86.43,0.63,24,0.0,15,0.0,8,0.0,1,0.0,62.5,0.0,2024-07-01,-,0,254.0
-,-,Chungdiddly,-,1459.12,-2.5,1655.27,0.0,65.38,0.83,66,0.0,45,0.0,20,0.0,1,0.0,68.18,0.0,2022-02-27,-,0,-
489,4,JohnyT,SK,1458.57,17.16,1563.78,8.11,35.07,-3.02,150,28.0,90,19.0,59,9.0,1,0.0,60.0,1.8,2026-05-28,-,0,522.0
490,-10,JoshyWiggins,GB,1458.43,9.39,1535.08,10.7,25.55,0.44,524,24.0,275,16.0,248,8.0,1,0.0,52.48,0.68,2026-05-30,G,4,346.0
-,-,ugglor,-,1458.27,-4.37,1572.75,0.0,38.16,1.46,244,0.0,127,0.0,112,0.0,5,0.0,52.05,0.0,2025-03-16,G,2,757.0
491,-19,daggsea,CN,1457.29,5.41,1600.68,-8.93,47.8,-4.78,70,12.0,37,5.0,33,7.0,0,0.0,52.86,-2.31,2026-04-14,-,0,304.0
492,637,poikai2,-,1457.14,360.56,1715.19,250.75,86.01,-36.6,24,12.0,15,9.0,9,3.0,0,0.0,62.5,12.5,2026-05-02,-,0,-
493,new,LordTheodore,-,1457.08,1007.08,1765.05,265.05,102.66,102.66,12,12.0,12,12.0,0,0.0,0,0.0,100.0,100.0,2026-05-26,-,0,-
-,-,MarryMeVlaada,-,1456.77,-1.67,1750.27,0.0,97.83,0.56,18,0.0,16,0.0,2,0.0,0,0.0,88.89,0.0,2023-12-03,-,0,-
494,77,pavelceska,-,1456.16,56.11,1625.15,-10.82,56.33,-22.31,52,24.0,33,15.0,19,9.0,0,0.0,63.46,-0.83,2026-05-31,-,0,1372.0
-,-,Amitke,IL,1455.95,-3.89,1584.06,0.0,42.7,1.3,174,0.0,97,0.0,76,0.0,1,0.0,55.75,0.0,2024-08-19,-,0,-
495,123,norbetk,PL,1455.43,77.44,1582.53,61.86,42.37,-5.19,102,18.0,61,14.0,40,4.0,1,0.0,59.8,3.85,2026-05-22,-,0,742.0
496,-25,HopeForLuck,DE,1455.32,2.92,1544.29,4.28,29.66,0.45,306,14.0,165,8.0,138,6.0,3,0.0,53.92,0.15,2026-05-28,-,0,377.0
-,-,DGMvado,-,1455.26,-2.29,1669.88,0.0,71.54,0.76,36,0.0,21,0.0,14,0.0,1,0.0,58.33,0.0,2024-07-01,-,0,-
497,-27,Sarek,DE,1455.06,2.29,1536.82,2.94,27.25,0.22,406,24.0,215,17.0,187,7.0,4,0.0,52.96,1.13,2026-05-31,-,0,255.0
498,254,snakilan,-,1454.0,132.97,1670.65,12.41,72.22,-40.18,30,18.0,20,12.0,10,6.0,0,0.0,66.67,0.0,2026-05-10,-,0,-
499,46,MoreHat,US,1453.9,39.98,1619.29,30.45,55.13,-3.18,54,6.0,29,4.0,24,2.0,1,0.0,53.7,1.62,2026-03-15,-,0,670.0
-,-,Elwen,-,1453.55,-2.38,1658.97,0.0,68.47,0.79,66,0.0,46,0.0,20,0.0,0,0.0,69.7,0.0,2021-06-02,-,0,-
500,381,Sirkopczyk,-,1453.5,194.11,1724.7,134.6,90.4,-19.84,18,6.0,13,6.0,5,0.0,0,0.0,72.22,13.89,2026-03-17,-,0,-
501,-48,comant,RU,1453.39,-6.91,1530.35,-6.98,25.65,-0.02,576,30.0,304,13.0,270,17.0,2,0.0,52.78,-0.52,2026-05-31,-,0,267.0
502,-45,sdzy,-,1453.28,-3.81,1602.5,0.0,49.74,1.27,98,0.0,52,0.0,46,0.0,0,0.0,53.06,0.0,2026-02-28,-,0,321.0
503,-42,Kelern,-,1453.03,-2.74,1533.74,-2.22,26.9,0.17,392,24.0,205,12.0,187,12.0,0,0.0,52.3,-0.15,2026-05-31,-,0,357.0
504,-35,Kaczas,PL,1452.56,-0.23,1582.39,-8.45,43.28,-2.74,104,12.0,61,5.0,43,7.0,0,0.0,58.65,-2.22,2026-05-15,-,0,536.0
505,30,CRocky,-,1451.65,32.08,1558.02,17.69,35.46,-4.8,128,32.0,71,20.0,56,12.0,1,0.0,55.47,2.35,2026-05-29,-,0,622.0
-,-,AlbertoMariani91,-,1451.57,-2.97,1625.36,0.0,57.93,0.99,108,0.0,65,0.0,43,0.0,0,0.0,60.19,0.0,2023-04-16,G,2,-
-,-,Balquaz,NO,1450.84,-3.86,1578.36,0.0,42.51,1.29,202,0.0,112,0.0,88,0.0,2,0.0,55.45,0.0,2024-06-02,-,0,-
-,-,HavardG,-,1450.76,-3.79,1586.16,0.0,45.13,1.26,150,0.0,83,0.0,66,0.0,1,0.0,55.33,0.0,2024-07-01,-,0,-
-,-,ttaimmortal,-,1450.61,-1.81,1721.03,0.0,90.14,0.6,24,0.0,17,0.0,7,0.0,0,0.0,70.83,0.0,2021-09-05,-,0,-
506,-48,Loveschack,DK,1450.36,-6.44,1539.67,0.0,29.77,2.15,532,0.0,288,0.0,242,0.0,2,0.0,54.14,0.0,2026-02-28,-,0,310.0
507,-6,sergraim,-,1450.21,13.35,1535.24,15.0,28.34,0.55,486,18.0,260,12.0,223,6.0,3,0.0,53.5,0.51,2026-05-31,-,0,334.0
-,-,Diluvian,-,1450.15,-2.04,1691.07,0.0,80.31,0.68,30,0.0,21,0.0,9,0.0,0,0.0,70.0,0.0,2022-09-04,-,0,-
-,-,Krzesimyr,-,1449.64,-2.15,1678.69,0.0,76.35,0.72,54,0.0,37,0.0,17,0.0,0,0.0,68.52,0.0,2021-08-25,G,2,-
-,-,LadyWhale,-,1449.63,-2.22,1671.17,0.0,73.84,0.74,46,0.0,29,0.0,17,0.0,0,0.0,63.04,0.0,2023-03-05,-,0,-
-,-,Luckcats,FR,1449.44,-2.58,1641.0,0.0,63.85,0.86,58,0.0,41,0.0,16,0.0,1,0.0,70.69,0.0,2023-09-03,-,0,-
-,-,Tshemmp,DE,1449.26,-3.45,1591.53,0.0,47.42,1.15,106,0.0,67,0.0,38,0.0,1,0.0,63.21,0.0,2024-07-01,-,0,-
508,-6,Darek79,-,1449.03,13.06,1575.67,5.88,42.21,-2.39,110,12.0,59,7.0,49,4.0,2,1.0,53.64,0.58,2026-04-15,-,0,922.0
-,-,JeremyBrokaw,US,1449.01,-2.48,1652.94,0.0,67.98,0.83,80,0.0,43,0.0,36,0.0,1,0.0,53.75,0.0,2021-09-30,P,2,-
-,-,claxic,-,1448.98,-3.1,1610.91,0.0,53.98,1.03,94,0.0,57,0.0,36,0.0,1,0.0,60.64,0.0,2024-07-01,-,0,-
-,-,GregP,US,1448.64,-3.5,1590.98,0.0,47.45,1.17,352,0.0,169,0.0,181,0.0,2,0.0,48.01,0.0,2023-03-01,P,6,-
509,-85,maciek,PL,1448.5,-27.55,1525.1,-25.78,25.53,0.59,586,26.0,306,7.0,278,19.0,2,0.0,52.22,-1.17,2026-05-30,-,0,281.0
510,-238,paradigm72,-,1448.49,-104.33,1724.17,-218.88,91.89,-38.18,20,12.0,13,5.0,7,7.0,0,0.0,65.0,-35.0,2026-05-26,-,0,-
-,-,Enki,-,1448.25,-1.83,1717.12,0.0,89.62,0.61,24,0.0,17,0.0,7,0.0,0,0.0,70.83,0.0,2024-07-01,-,0,-
511,-38,barda,PT,1447.68,-4.18,1570.65,0.0,40.99,1.39,252,0.0,139,0.0,112,0.0,1,0.0,55.16,0.0,2025-07-13,-,0,638.0
512,-23,kuzmich,US,1447.5,3.42,1551.09,5.38,34.53,0.65,324,6.0,176,3.0,147,3.0,1,0.0,54.32,-0.08,2026-03-15,G,4,520.0
513,166,saZmer,-,1447.42,99.25,1684.17,5.42,78.92,-31.28,24,12.0,15,7.0,9,5.0,0,0.0,62.5,-4.17,2026-05-08,-,0,-
-,-,Nuzzoloo95,-,1446.95,-1.9,1704.74,0.0,85.93,0.63,24,0.0,17,0.0,7,0.0,0,0.0,70.83,0.0,2024-07-01,-,0,-
514,-93,Tuty,SK,1446.64,-31.73,1544.6,-34.65,32.65,-0.97,336,18.0,177,1.0,156,17.0,3,0.0,52.68,-2.67,2026-05-31,-,0,652.0
-,-,Rivarama,-,1446.37,-3.61,1589.64,0.0,47.76,1.2,174,0.0,92,0.0,81,0.0,1,0.0,52.87,0.0,2023-11-15,G,2,-
515,-65,MarekP,CZ,1446.24,-15.97,1537.97,-12.48,30.58,1.16,358,6.0,184,0.0,171,6.0,3,0.0,51.4,-0.87,2026-03-24,G,6,423.0
516,-41,GunKer,-,1445.68,-5.25,1551.89,0.0,35.41,1.75,374,0.0,212,0.0,160,0.0,2,0.0,56.68,0.0,2025-08-31,G,2,224.0
517,-70,Voidray,-,1445.61,-18.43,1604.24,-38.89,52.88,-6.82,60,12.0,29,2.0,30,10.0,1,0.0,48.33,-7.92,2026-05-13,-,0,872.0
518,-55,Kejml,CZ,1445.05,-10.56,1526.36,-10.33,27.1,0.08,656,24.0,319,10.0,327,14.0,10,0.0,48.63,-0.26,2026-05-27,G,6,259.0
519,-41,vagrantil,AU,1444.68,-5.23,1542.68,-15.03,32.67,-3.27,148,30.0,66,13.0,79,17.0,3,0.0,44.59,-0.33,2026-05-27,-,0,264.0
520,12,haimke,-,1443.96,23.16,1521.79,21.2,25.94,-0.65,650,36.0,329,21.0,311,14.0,10,1.0,50.62,0.46,2026-05-31,G,4,261.0
521,-57,shohei,JP,1443.75,-11.1,1533.7,-12.0,29.98,-0.3,434,24.0,232,13.0,197,11.0,5,0.0,53.46,0.05,2026-05-31,-,0,536.0
522,44,MoxNox,-,1443.74,40.57,1606.45,12.99,54.24,-9.19,54,18.0,35,14.0,19,4.0,0,0.0,64.81,6.48,2026-05-31,-,0,1262.0
523,61,IVE,-,1442.6,48.43,1618.39,36.96,58.59,-3.82,46,6.0,22,4.0,23,2.0,1,0.0,47.83,2.83,2026-03-23,-,0,480.0
-,-,Dr.Hummsfred,-,1442.59,-2.55,1637.1,0.0,64.84,0.85,84,0.0,46,0.0,38,0.0,0,0.0,54.76,0.0,2021-03-02,G,4,-
524,-24,NapoleonB,PL,1442.5,4.9,1592.91,-8.58,50.14,-4.49,74,12.0,38,3.0,36,9.0,0,0.0,51.35,-5.1,2026-05-15,-,0,989.0
-,-,Cokey,AU,1441.92,-2.43,1646.95,0.0,68.34,0.81,48,0.0,26,0.0,21,0.0,1,0.0,54.17,0.0,2022-12-04,G,6,-
-,-,goeroezeboe,-,1441.83,-2.3,1657.56,0.0,71.91,0.77,60,0.0,36,0.0,24,0.0,0,0.0,60.0,0.0,2021-03-02,G,2,-
525,24,FunkcniPC,-,1441.67,29.12,1602.45,7.32,53.59,-7.27,60,12.0,32,6.0,28,6.0,0,0.0,53.33,-0.84,2026-05-19,-,0,872.0
526,-41,Arinmir,DE,1441.31,-4.1,1564.66,0.0,41.11,1.37,200,0.0,100,0.0,100,0.0,0,0.0,50.0,0.0,2026-01-22,G,4,989.0
-,-,gigi lamoroso,-,1441.31,-3.13,1598.28,0.0,52.32,1.04,132,0.0,76,0.0,54,0.0,2,0.0,57.58,0.0,2023-11-28,-,0,-
527,-15,Tomtomparking,FR,1440.75,9.81,1519.26,9.1,26.17,-0.24,636,30.0,309,16.0,322,13.0,5,1.0,48.58,0.23,2026-05-26,-,0,308.0
528,40,sergilicious,-,1440.58,38.97,1676.23,-57.48,78.55,-32.15,32,20.0,25,15.0,7,5.0,0,0.0,78.12,-5.21,2026-05-31,-,0,-
529,-62,sttailtw,-,1440.33,-13.49,1519.55,-13.1,26.41,0.13,606,30.0,304,12.0,298,18.0,4,0.0,50.17,-0.52,2026-05-27,-,0,419.0
530,-42,Haxxorn,SE,1440.3,-4.53,1517.14,-4.9,25.61,-0.12,656,32.0,305,14.0,345,18.0,6,0.0,46.49,-0.14,2026-05-29,G,10,286.0
531,-28,Parcival,IT,1440.19,4.65,1541.25,-6.56,33.69,-3.74,150,30.0,83,14.0,66,16.0,1,0.0,55.33,-2.17,2026-05-31,-,0,455.0
532,-40,Ruudi,FI,1439.95,-2.24,1659.14,0.0,73.06,0.75,32,0.0,21,0.0,11,0.0,0,0.0,65.62,0.0,2025-10-16,-,0,686.0
-,-,Decolonization,JP,1439.64,-3.36,1592.67,0.0,51.01,1.12,186,0.0,93,0.0,92,0.0,1,0.0,50.0,0.0,2023-03-01,G,6,-
-,-,Henader,PL,1439.18,-3.17,1596.19,0.0,52.34,1.06,140,0.0,86,0.0,54,0.0,0,0.0,61.43,0.0,2023-03-01,-,0,-
533,-59,martinxjames,-,1438.59,-12.63,1531.44,-19.47,30.95,-2.28,196,30.0,108,14.0,87,16.0,1,0.0,55.1,-1.53,2026-05-29,-,0,336.0
-,-,T3RR4,-,1438.49,-1.71,1725.01,0.0,95.51,0.57,24,0.0,18,0.0,6,0.0,0,0.0,75.0,0.0,2021-09-05,-,0,-
534,-48,Teraspena,FI,1438.29,-6.92,1542.78,-5.0,34.83,0.64,260,6.0,137,3.0,119,3.0,4,0.0,52.69,-0.07,2026-04-11,-,0,634.0
535,-83,pessen,-,1438.06,-23.14,1618.0,-40.46,59.98,-5.77,48,8.0,23,3.0,24,5.0,1,0.0,47.92,-2.08,2026-03-17,-,0,549.0
-,-,matinghiasi,-,1437.77,-2.08,1673.63,0.0,78.62,0.69,24,0.0,14,0.0,10,0.0,0,0.0,58.33,0.0,2025-04-25,-,0,440.0
536,-45,maumastoks,LT,1437.74,-5.42,1537.52,-3.14,33.26,0.76,510,6.0,252,2.0,255,4.0,3,0.0,49.41,-0.19,2026-05-28,G,2,711.0
-,-,Bejn,-,1437.08,-2.08,1672.07,0.0,78.33,0.69,30,0.0,19,0.0,11,0.0,0,0.0,63.33,0.0,2022-09-04,-,0,-
-,-,Rimuel,-,1437.07,-2.4,1644.13,0.0,69.02,0.8,60,0.0,40,0.0,20,0.0,0,0.0,66.67,0.0,2024-06-02,-,0,-
537,-26,Borman,-,1436.96,6.0,1586.0,-2.91,49.68,-2.97,76,8.0,46,4.0,30,4.0,0,0.0,60.53,-1.23,2026-03-25,-,0,805.0
538,-57,MBlueMan,CA,1436.79,-11.09,1531.57,-8.1,31.59,1.0,372,6.0,187,2.0,183,4.0,2,0.0,50.27,-0.28,2026-05-22,-,0,463.0
-,-,Thrune,-,1436.56,-3.18,1590.19,0.0,51.21,1.06,144,0.0,87,0.0,55,0.0,2,0.0,60.42,0.0,2023-03-01,-,0,-
539,-63,Thomi,-,1436.47,-13.82,1527.35,-16.56,30.29,-0.92,368,24.0,187,7.0,178,17.0,3,0.0,50.82,-1.51,2026-05-31,-,0,725.0
540,12,Minik,-,1436.34,27.01,1633.51,5.01,65.72,-7.33,36,6.0,21,3.0,15,3.0,0,0.0,58.33,-1.67,2026-03-15,-,0,872.0
541,-82,qhung49,VN,1435.86,-20.85,1541.43,-17.69,35.19,1.05,500,6.0,231,0.0,260,6.0,9,0.0,46.2,-0.56,2026-04-20,M,2,473.0
542,422,cyb3k,-,1435.84,230.32,1690.62,92.73,84.93,-45.86,20,12.0,11,7.0,9,5.0,0,0.0,55.0,5.0,2026-05-18,-,0,-
-,-,Jii77,-,1435.49,-2.3,1649.01,0.0,71.17,0.77,48,0.0,27,0.0,20,0.0,1,0.0,56.25,0.0,2022-03-06,G,4,-
543,-34,nattee,TH,1434.48,2.22,1517.71,3.94,27.74,0.57,564,18.0,272,11.0,287,7.0,5,0.0,48.23,0.43,2026-05-31,-,0,429.0
544,-45,C3POsMidriff,-,1434.35,-3.7,1571.74,0.0,45.79,1.23,142,0.0,84,0.0,58,0.0,0,0.0,59.15,0.0,2025-12-10,G,2,426.0
545,unretired,wombats111,-,1434.23,-23.58,1652.88,-53.52,72.88,-9.98,42,12.0,26,8.0,16,4.0,0,0.0,61.9,1.9,2026-05-29,G,4,-
546,-25,Medgar,-,1434.1,7.99,1524.2,5.62,30.03,-0.79,270,24.0,148,10.0,120,14.0,2,0.0,54.81,-1.29,2026-05-26,-,0,398.0
547,-93,TribunX,DE,1434.03,-25.99,1513.86,-21.71,26.61,1.43,588,12.0,304,1.0,278,11.0,6,0.0,51.7,-0.9,2026-05-29,-,0,286.0
548,-83,Desgenais,CZ,1433.91,-20.33,1510.96,-20.22,25.69,0.03,574,30.0,296,9.0,277,21.0,1,0.0,51.57,-1.19,2026-05-31,-,0,388.0
549,-59,BuWu,DE,1433.89,-9.96,1523.89,-15.4,30.0,-1.81,188,30.0,96,12.0,91,18.0,1,0.0,51.06,-2.1,2026-05-31,-,0,371.0
-,-,Olivier000,FR,1433.64,-4.03,1557.68,0.0,41.35,1.34,190,0.0,96,0.0,93,0.0,1,0.0,50.53,0.0,2025-01-23,-,0,805.0
-,-,dudzik,-,1433.51,-2.63,1621.05,0.0,62.51,0.88,72,0.0,38,0.0,34,0.0,0,0.0,52.78,0.0,2022-05-26,G,4,-
550,-54,DieKrake89,-,1433.45,-6.27,1583.56,-52.44,50.04,-15.39,66,28.0,39,13.0,27,15.0,0,0.0,59.09,-9.33,2026-05-31,G,2,-
551,384,northlynx,DE,1433.23,205.75,1755.27,48.14,107.34,-52.54,12,6.0,10,4.0,2,2.0,0,0.0,83.33,-16.67,2026-04-17,-,0,-
552,197,AlkashRusanovskiy,-,1433.08,109.41,1653.04,40.43,73.32,-22.99,30,12.0,18,8.0,12,4.0,0,0.0,60.0,4.44,2026-05-08,-,0,-
553,-31,Ratsia,FI,1432.78,6.78,1574.73,5.19,47.32,-0.53,84,4.0,49,3.0,34,1.0,1,0.0,58.33,0.83,2026-05-13,-,0,802.0
554,-29,wartin,SK,1432.41,9.93,1517.83,12.91,28.47,0.99,676,18.0,326,13.0,348,5.0,2,0.0,48.22,0.65,2026-05-31,P,2,275.0
-,-,AXL79,-,1432.38,-2.9,1605.4,0.0,57.67,0.97,66,0.0,34,0.0,31,0.0,1,0.0,51.52,0.0,2024-04-04,G,6,-
555,-1,Bergen,NO,1431.35,22.73,1505.12,24.19,24.59,0.49,846,30.0,376,19.0,464,10.0,6,1.0,44.44,0.69,2026-05-31,G,6,386.0
-,-,g.threepwood,-,1431.03,-3.22,1584.7,0.0,51.22,1.07,200,0.0,112,0.0,87,0.0,1,0.0,56.0,0.0,2023-05-08,-,0,-
556,-3,Pavnco,-,1430.95,22.31,1662.5,-91.67,77.18,-38.0,24,12.0,14,4.0,10,8.0,0,0.0,58.33,-25.0,2026-05-18,-,0,-
557,-59,larshb,DK,1430.56,-7.81,1510.83,-9.03,26.76,-0.41,454,30.0,231,12.0,220,17.0,3,1.0,50.88,-0.77,2026-05-28,G,2,372.0
-,-,KrwawyPysio,-,1430.54,-1.91,1687.36,0.0,85.61,0.64,24,0.0,16,0.0,8,0.0,0,0.0,66.67,0.0,2024-07-01,-,0,-
558,-34,buttoxide,SG,1429.3,6.29,1577.53,0.61,49.41,-1.89,76,6.0,46,3.0,30,3.0,0,0.0,60.53,-0.9,2026-03-23,-,0,681.0
-,-,tbat,-,1429.23,-3.42,1572.96,0.0,47.91,1.14,198,0.0,99,0.0,98,0.0,1,0.0,50.0,0.0,2023-09-03,G,4,-
559,-46,CardinalBadger,-,1428.35,-2.39,1633.8,0.0,68.49,0.8,44,0.0,28,0.0,16,0.0,0,0.0,63.64,0.0,2026-01-22,-,0,872.0
-,-,MarSonWar,-,1428.32,-3.45,1574.64,0.0,48.77,1.15,94,0.0,46,0.0,48,0.0,0,0.0,48.94,0.0,2025-05-22,-,0,-
-,-,Yambomb,-,1428.27,-2.05,1668.14,0.0,79.96,0.68,42,0.0,31,0.0,11,0.0,0,0.0,73.81,0.0,2021-03-02,-,0,-
560,-76,theussner79,DE,1427.98,-17.65,1504.3,-16.51,25.44,0.38,550,26.0,291,9.0,257,17.0,2,0.0,52.91,-0.91,2026-05-25,-,0,356.0
-,-,laozhang,-,1427.86,-3.2,1584.42,0.0,52.19,1.07,94,0.0,41,0.0,51,0.0,2,0.0,43.62,0.0,2023-11-15,G,2,-
-,-,TryAndStopUs,US,1427.83,-2.48,1626.77,0.0,66.32,0.83,78,0.0,37,0.0,41,0.0,0,0.0,47.44,0.0,2021-05-23,M,2,-
-,-,Andrew_Davidson,-,1426.96,-3.72,1561.24,0.0,44.76,1.24,146,0.0,76,0.0,69,0.0,1,0.0,52.05,0.0,2025-04-25,-,0,684.0
561,-78,kopu,-,1426.95,-18.92,1553.78,-22.29,42.28,-1.12,156,12.0,95,7.0,59,5.0,2,0.0,60.9,-0.21,2026-05-25,-,0,937.0
-,-,Barnstormer,-,1426.29,-3.42,1574.69,0.0,49.47,1.14,136,0.0,75,0.0,59,0.0,2,0.0,55.15,0.0,2024-07-01,-,0,-
562,352,Sawell,-,1426.1,184.02,1593.38,138.53,55.76,-15.16,54,18.0,29,14.0,23,4.0,2,0.0,53.7,12.03,2026-05-24,G,2,-
-,-,Shivian,NL,1426.06,-3.76,1559.03,0.0,44.32,1.25,230,0.0,120,0.0,109,0.0,1,0.0,52.17,0.0,2023-11-15,-,0,-
563,-37,t-k-421,US,1426.03,3.78,1505.25,5.06,26.41,0.43,390,24.0,182,14.0,205,10.0,3,0.0,46.67,0.77,2026-05-27,-,0,284.0
-,-,KenCastle,-,1425.63,-2.65,1613.1,0.0,62.49,0.88,72,0.0,38,0.0,34,0.0,0,0.0,52.78,0.0,2022-02-24,-,0,-
-,-,gigilamoroso,-,1425.55,-3.13,1584.03,0.0,52.83,1.04,96,0.0,53,0.0,43,0.0,0,0.0,55.21,0.0,2024-07-01,-,0,-
-,-,Don_bronzo,-,1425.36,-2.19,1652.19,0.0,75.61,0.73,56,0.0,34,0.0,22,0.0,0,0.0,60.71,0.0,2023-02-05,-,0,-
564,28,AntoineBx,FR,1425.16,35.11,1567.85,13.03,47.56,-7.36,68,16.0,41,8.0,25,8.0,2,0.0,60.29,-3.17,2026-04-21,-,0,794.0
-,-,elracha,PT,1424.9,-3.56,1563.04,0.0,46.05,1.19,250,0.0,136,0.0,114,0.0,0,0.0,54.4,0.0,2023-06-28,-,0,-
-,-,nickless0,-,1424.54,-2.02,1667.87,0.0,81.11,0.67,36,0.0,26,0.0,10,0.0,0,0.0,72.22,0.0,2022-11-29,-,0,-
565,-48,EmiratesOfHacan,-,1424.22,-3.77,1555.25,0.0,43.68,1.26,132,0.0,76,0.0,56,0.0,0,0.0,57.58,0.0,2026-01-16,-,0,786.0
-,-,YSun,-,1424.16,-3.53,1568.82,0.0,48.22,1.18,178,0.0,111,0.0,66,0.0,1,0.0,62.36,0.0,2024-04-04,-,0,-
-,-,BureRF,-,1423.51,-3.86,1554.71,0.0,43.73,1.29,122,0.0,63,0.0,57,0.0,2,0.0,51.64,0.0,2025-05-20,-,0,687.0
-,-,jskunsa,-,1423.27,-2.43,1627.09,0.0,67.94,0.81,60,0.0,33,0.0,27,0.0,0,0.0,55.0,0.0,2021-06-02,-,0,-
-,-,Gobos,ET,1423.06,-3.45,1565.3,0.0,47.41,1.15,304,0.0,159,0.0,140,0.0,5,0.0,52.3,0.0,2023-04-04,-,0,-
-,-,ZRoronoaZ,CZ,1422.87,-4.48,1544.56,0.0,40.56,1.49,238,0.0,130,0.0,107,0.0,1,0.0,54.62,0.0,2025-03-14,-,0,939.0
566,-26,czaurel,-,1422.38,6.86,1513.46,8.16,30.36,0.43,360,12.0,184,7.0,173,5.0,3,0.0,51.11,0.25,2026-05-30,-,0,529.0
-,-,Milah,-,1422.36,-2.69,1606.39,0.0,61.35,0.9,90,0.0,56,0.0,33,0.0,1,0.0,62.22,0.0,2022-03-06,-,0,-
567,-38,tronnemann,NO,1422.09,0.41,1516.99,1.28,31.64,0.29,274,12.0,147,7.0,125,5.0,2,0.0,53.65,0.21,2026-04-06,-,0,333.0
-,-,Raze27,-,1421.76,-3.17,1580.95,0.0,53.06,1.06,138,0.0,82,0.0,56,0.0,0,0.0,59.42,0.0,2024-02-26,-,0,-
568,12,extrmn8r,-,1421.72,26.32,1613.02,-15.19,63.77,-13.84,38,12.0,21,6.0,16,6.0,1,0.0,55.26,-2.43,2026-05-15,-,0,805.0
-,-,Kojtic,-,1421.66,-2.76,1599.38,0.0,59.24,0.92,52,0.0,28,0.0,24,0.0,0,0.0,53.85,0.0,2024-09-15,-,0,-
-,-,leothelion,-,1421.5,-1.54,1740.31,0.0,106.27,0.51,12,0.0,12,0.0,0,0.0,0,0.0,100.0,0.0,2025-05-29,-,0,1262.0
-,-,vanishadow,CN,1421.07,-2.02,1663.44,0.0,80.79,0.67,30,0.0,24,0.0,6,0.0,0,0.0,80.0,0.0,2023-03-01,-,0,88.0
-,-,Callumf,AU,1420.66,-2.75,1599.49,0.0,59.61,0.92,84,0.0,51,0.0,30,0.0,3,0.0,60.71,0.0,2022-09-04,-,0,-
569,-54,jonzewiespike,DE,1420.63,-8.96,1507.62,-8.86,28.99,0.03,248,18.0,127,7.0,121,11.0,0,0.0,51.21,-0.96,2026-05-31,-,0,310.0
-,-,backspace,-,1420.47,-2.59,1611.54,0.0,63.69,0.86,54,0.0,39,0.0,13,0.0,2,0.0,72.22,0.0,2024-09-15,-,0,1259.0
570,-22,MickeyStein,-,1420.42,7.51,1541.68,6.62,40.42,-0.3,176,6.0,101,4.0,72,2.0,3,0.0,57.39,0.33,2026-05-19,-,0,-
-,-,cookieben,-,1420.16,-2.67,1609.49,0.0,63.11,0.89,84,0.0,48,0.0,35,0.0,1,0.0,57.14,0.0,2021-11-27,G,2,-
-,-,HLDM,-,1419.93,-1.8,1693.03,0.0,91.03,0.6,18,0.0,12,0.0,6,0.0,0,0.0,66.67,0.0,2024-07-01,-,0,-
-,-,cal21,-,1419.44,-3.2,1579.19,0.0,53.25,1.07,174,0.0,103,0.0,70,0.0,1,0.0,59.2,0.0,2022-11-23,G,2,-
-,-,Naval,-,1419.24,-2.03,1661.75,0.0,80.83,0.68,28,0.0,19,0.0,9,0.0,0,0.0,67.86,0.0,2025-03-14,-,0,805.0
571,-66,ElDiabloAzul,US,1418.91,-16.22,1525.5,-14.43,35.53,0.59,314,6.0,147,0.0,164,6.0,3,0.0,46.82,-0.91,2026-05-31,-,0,-
573,-35,ChunkySam,US,1418.59,2.21,1554.39,-11.0,45.27,-4.4,78,14.0,47,6.0,31,8.0,0,0.0,60.26,-3.8,2026-05-28,-,0,1106.0
572,-38,Scipio1126,US,1418.59,-1.73,1701.59,0.0,94.33,0.58,24,0.0,18,0.0,6,0.0,0,0.0,75.0,0.0,2025-12-01,-,0,805.0
574,-37,bcnoexceptions,US,1418.49,1.33,1503.72,1.75,28.41,0.14,404,20.0,176,8.0,217,12.0,11,0.0,43.56,-0.19,2026-05-20,G,4,273.0
-,-,orlin614,-,1417.91,-2.43,1623.46,0.0,68.51,0.81,48,0.0,31,0.0,17,0.0,0,0.0,64.58,0.0,2023-11-27,-,0,-
575,-56,wolfcub41,-,1417.39,-9.63,1627.92,-119.69,70.18,-36.69,36,24.0,22,13.0,13,11.0,1,0.0,61.11,-13.89,2026-05-29,-,0,-
-,-,Woodenman,-,1417.34,-3.76,1550.91,0.0,44.52,1.25,294,0.0,134,0.0,157,0.0,3,0.0,45.58,0.0,2024-03-03,P,4,-
-,-,Finite,-,1416.98,-1.33,1784.36,0.0,122.46,0.44,12,0.0,12,0.0,0,0.0,0,0.0,100.0,0.0,2021-11-29,-,0,-
-,-,FranszKO,-,1416.38,-1.76,1694.96,0.0,92.86,0.59,30,0.0,22,0.0,7,0.0,1,0.0,73.33,0.0,2021-03-02,-,0,-
-,-,Brandon12129,US,1416.36,-3.22,1570.07,0.0,51.24,1.07,162,0.0,96,0.0,66,0.0,0,0.0,59.26,0.0,2023-12-03,-,0,-
576,-3,mezerrrrr,US,1416.12,16.73,1610.81,-1.78,64.9,-6.17,40,6.0,19,3.0,20,3.0,1,0.0,47.5,0.44,2026-03-13,-,0,662.0
577,-63,Foxxx,-,1415.97,-13.91,1634.64,-44.7,72.89,-10.26,30,6.0,18,2.0,12,4.0,0,0.0,60.0,-6.67,2026-03-19,-,0,-
578,-48,Krayze,GB,1415.82,-5.56,1524.07,0.0,36.09,1.85,186,0.0,98,0.0,83,0.0,5,0.0,52.69,0.0,2025-12-02,-,0,300.0
-,-,Cadrach,-,1415.65,-2.44,1618.39,0.0,67.58,0.81,54,0.0,29,0.0,25,0.0,0,0.0,53.7,0.0,2022-06-05,G,4,-
-,-,Snorky,-,1415.65,-2.56,1608.3,0.0,64.22,0.85,54,0.0,32,0.0,22,0.0,0,0.0,59.26,0.0,2023-06-04,-,0,-
579,-52,Mkucharz,CA,1414.92,-7.13,1560.71,-16.9,48.6,-3.26,80,10.0,42,3.0,37,7.0,1,0.0,52.5,-3.21,2026-04-12,-,0,452.0
580,-49,RiRu,LV,1414.91,-6.27,1498.59,-8.54,27.89,-0.76,276,30.0,140,12.0,133,18.0,3,0.0,50.72,-1.31,2026-05-31,-,0,331.0
-,-,theChony,MX,1414.7,-3.74,1549.47,0.0,44.93,1.25,358,0.0,177,0.0,171,0.0,10,0.0,49.44,0.0,2024-04-04,G,4,-
581,-21,Herdeksunek,CZ,1414.64,7.63,1495.92,8.75,27.09,0.37,374,24.0,187,10.0,183,14.0,4,0.0,50.0,-0.57,2026-05-31,-,0,362.0
-,-,PTactician,-,1414.49,-3.29,1572.56,0.0,52.69,1.1,118,0.0,60,0.0,58,0.0,0,0.0,50.85,0.0,2023-11-15,G,6,-
582,-19,KEIL,PL,1413.69,7.8,1494.69,6.57,27.0,-0.41,484,30.0,239,14.0,240,16.0,5,0.0,49.38,-0.18,2026-05-28,-,0,541.0
-,-,Piter3000,PL,1413.52,-3.3,1561.28,0.0,49.25,1.1,136,0.0,73,0.0,61,0.0,2,0.0,53.68,0.0,2023-06-04,-,0,-
-,-,Ramonster,NL,1413.38,-4.09,1539.5,0.0,42.04,1.36,226,0.0,136,0.0,90,0.0,0,0.0,60.18,0.0,2024-09-15,-,0,-
583,-25,TheElk,US,1413.21,5.64,1495.62,5.35,27.47,-0.1,470,24.0,235,12.0,232,11.0,3,1.0,50.0,0.0,2026-05-31,-,0,289.0
584,205,Quasar_Enderas,-,1413.09,110.87,1607.21,31.28,64.71,-26.53,34,18.0,23,12.0,11,6.0,0,0.0,67.65,-1.1,2026-05-31,-,0,-
585,-16,Ekdezel,-,1411.35,10.37,1488.25,11.52,25.63,0.39,598,24.0,297,14.0,295,9.0,6,1.0,49.67,0.37,2026-05-29,-,0,429.0
586,-45,kwojtasz,US,1411.17,-3.98,1536.43,0.0,41.75,1.33,196,0.0,105,0.0,90,0.0,1,0.0,53.57,0.0,2026-01-31,-,0,989.0
-,-,Etherealz,CA,1410.3,-4.47,1524.05,0.0,37.92,1.49,268,0.0,145,0.0,123,0.0,0,0.0,54.1,0.0,2025-01-27,-,0,511.0
587,-25,Raffaelus,-,1410.26,4.07,1690.86,-41.03,93.53,-15.03,24,6.0,19,4.0,5,2.0,0,0.0,79.17,-4.16,2026-03-24,-,0,1067.0
-,-,tkornai,HU,1410.23,-3.11,1569.19,0.0,52.99,1.04,96,0.0,61,0.0,34,0.0,1,0.0,63.54,0.0,2024-09-04,-,0,-
-,-,Boogeli,NL,1410.22,-3.36,1558.55,0.0,49.44,1.12,104,0.0,61,0.0,42,0.0,1,0.0,58.65,0.0,2024-05-29,-,0,-
-,-,buste,-,1410.21,-3.43,1556.54,0.0,48.78,1.14,138,0.0,64,0.0,74,0.0,0,0.0,46.38,0.0,2024-06-02,G,14,-
-,-,Abenteurer86,-,1410.2,-3.41,1554.52,0.0,48.11,1.14,134,0.0,75,0.0,59,0.0,0,0.0,55.97,0.0,2024-04-04,-,0,-
-,-,Finglove,-,1410.1,-4.17,1531.31,0.0,40.4,1.39,320,0.0,161,0.0,159,0.0,0,0.0,50.31,0.0,2024-09-04,G,2,-
-,-,Gbro,-,1409.7,-2.2,1635.89,0.0,75.39,0.73,54,0.0,42,0.0,12,0.0,0,0.0,77.78,0.0,2023-03-01,G,2,-
588,-14,RobertdeSable,-,1409.53,10.85,1501.61,10.28,30.7,-0.19,390,18.0,186,11.0,202,7.0,2,0.0,47.69,0.65,2026-05-31,G,6,565.0
-,-,Reinuvader,HU,1409.5,-3.89,1536.15,0.0,42.22,1.3,222,0.0,128,0.0,93,0.0,1,0.0,57.66,0.0,2025-01-15,-,0,1388.0
-,-,ChinaWanping,-,1409.17,-1.79,1682.67,0.0,91.17,0.6,24,0.0,20,0.0,4,0.0,0,0.0,83.33,0.0,2021-09-05,-,0,-
-,-,Diabloz,-,1409.09,-3.12,1570.47,0.0,53.79,1.04,104,0.0,58,0.0,46,0.0,0,0.0,55.77,0.0,2023-03-01,-,0,-
-,-,Mathies,-,1409.05,-3.22,1565.16,0.0,52.04,1.07,150,0.0,79,0.0,70,0.0,1,0.0,52.67,0.0,2023-01-15,G,4,-
-,-,TheBiggerE,-,1409.02,-2.92,1584.26,0.0,58.41,0.97,108,0.0,56,0.0,48,0.0,4,0.0,51.85,0.0,2022-02-22,-,0,-
-,-,Masterchief,-,1408.98,-2.75,1590.57,0.0,60.53,0.92,60,0.0,34,0.0,26,0.0,0,0.0,56.67,0.0,2025-03-15,-,0,644.0
-,-,Szumo,-,1408.74,-2.61,1598.93,0.0,63.39,0.87,84,0.0,46,0.0,38,0.0,0,0.0,54.76,0.0,2021-08-22,G,2,-
-,-,Diaz,-,1408.57,-1.79,1682.85,0.0,91.43,0.6,18,0.0,10,0.0,8,0.0,0,0.0,55.56,0.0,2024-07-01,-,0,-
589,-4,Pshemo,-,1408.53,14.79,1498.3,12.69,29.92,-0.7,278,24.0,136,15.0,141,9.0,1,0.0,48.92,1.28,2026-05-28,-,0,305.0
-,-,vivimaster,IT,1408.49,-3.49,1552.61,0.0,48.04,1.16,146,0.0,84,0.0,61,0.0,1,0.0,57.53,0.0,2025-05-11,-,0,729.0
590,-31,migoet,BE,1408.47,0.99,1486.0,2.84,25.84,0.62,646,24.0,303,13.0,340,11.0,3,0.0,46.9,0.28,2026-05-26,-,0,378.0
591,-47,Lammoth,DE,1408.39,-5.58,1486.07,-4.15,25.89,0.48,604,24.0,304,10.0,296,14.0,4,0.0,50.33,-0.36,2026-05-29,-,0,423.0
592,-28,Sophia,-,1407.66,2.78,1529.88,-7.59,40.74,-3.46,252,18.0,130,8.0,120,10.0,2,0.0,51.59,-0.55,2026-05-28,-,0,-
-,-,Elin,US,1407.59,-3.6,1549.13,0.0,47.18,1.2,204,0.0,109,0.0,94,0.0,1,0.0,53.43,0.0,2023-11-25,-,0,-
593,-70,Rius,-,1407.0,-18.86,1658.23,-31.88,83.74,-4.34,22,2.0,16,0.0,6,2.0,0,0.0,72.73,-7.27,2026-03-23,-,0,-
594,6,Giledon,-,1406.8,18.77,1614.89,0.29,69.36,-6.16,36,6.0,22,4.0,14,2.0,0,0.0,61.11,1.11,2026-03-23,-,0,729.0
595,-56,aivin,PL,1406.66,-8.95,1522.3,-8.71,38.55,0.08,192,6.0,98,2.0,93,4.0,1,0.0,51.04,-0.57,2026-03-20,-,0,352.0
-,-,SergioCamp,-,1406.52,-2.13,1636.37,0.0,76.62,0.71,32,0.0,16,0.0,16,0.0,0,0.0,50.0,0.0,2024-07-15,-,0,-
-,-,sorpy,KR,1406.35,-3.82,1537.32,0.0,43.66,1.27,120,0.0,65,0.0,50,0.0,5,0.0,54.17,0.0,2025-03-12,-,0,794.0
596,-45,Synchro,BD,1406.04,-3.46,1557.31,0.0,50.42,1.15,66,0.0,36,0.0,30,0.0,0,0.0,54.55,0.0,2026-02-25,-,0,728.0
-,-,JeroenSchreurs,BE,1405.29,-3.94,1531.85,0.0,42.19,1.31,272,0.0,127,0.0,144,0.0,1,0.0,46.69,0.0,2024-10-01,G,2,-
-,-,Mrzout,-,1404.78,-3.21,1559.72,0.0,51.65,1.07,132,0.0,75,0.0,57,0.0,0,0.0,56.82,0.0,2025-03-05,-,0,805.0
597,-40,petki,-,1404.68,-2.98,1571.74,0.0,55.69,0.99,102,0.0,56,0.0,45,0.0,1,0.0,54.9,0.0,2026-01-23,-,0,-
-,-,Giga,IT,1404.23,-4.32,1521.3,0.0,39.02,1.44,302,0.0,152,0.0,150,0.0,0,0.0,50.33,0.0,2024-09-15,G,4,-
-,-,Schmitztopher,-,1404.03,-1.56,1718.23,0.0,104.73,0.52,18,0.0,13,0.0,5,0.0,0,0.0,72.22,0.0,2020-06-28,G,2,-
598,41,NozoEli,-,1403.88,32.99,1662.36,-25.9,86.16,-19.63,18,6.0,11,2.0,7,4.0,0,0.0,61.11,-13.89,2026-03-16,-,0,-
599,-63,Pelej,PL,1402.83,-16.04,1512.49,-14.2,36.55,0.61,296,6.0,121,0.0,171,6.0,4,0.0,40.88,-0.84,2026-05-29,-,0,-
600,161,Darain,SG,1401.87,86.02,1539.84,65.26,45.99,-6.92,70,20.0,39,16.0,31,4.0,0,0.0,55.71,9.71,2026-05-29,-,0,630.0
-,-,Vanillehahn,-,1400.9,-1.32,1771.92,0.0,123.67,0.44,12,0.0,10,0.0,2,0.0,0,0.0,83.33,0.0,2020-11-25,-,0,-
-,-,Biancus,IT,1400.68,-3.75,1535.1,0.0,44.81,1.25,184,0.0,95,0.0,88,0.0,1,0.0,51.63,0.0,2025-03-27,-,0,805.0
-,-,aimo,CN,1400.62,-1.52,1723.79,0.0,107.72,0.51,12,0.0,10,0.0,2,0.0,0,0.0,83.33,0.0,2023-07-15,-,0,-
-,-,Montanor,-,1400.1,-1.36,1760.03,0.0,119.98,0.45,18,0.0,16,0.0,2,0.0,0,0.0,88.89,0.0,2022-09-04,-,0,-
601,-58,BlueCardinal,-,1400.03,-14.29,1600.89,-34.33,66.96,-6.68,36,6.0,20,1.0,16,5.0,0,0.0,55.56,-7.77,2026-04-03,-,0,1067.0
602,4,boogy5,LT,1399.84,15.88,1481.47,16.11,27.21,0.08,482,24.0,239,15.0,236,9.0,7,0.0,49.59,0.68,2026-05-31,-,0,473.0
603,-38,Carbon14,-,1399.83,-4.72,1485.77,-3.72,28.65,0.33,492,18.0,236,7.0,255,10.0,1,1.0,47.97,-0.34,2026-05-31,-,0,361.0
-,-,CrushU,-,1399.83,-4.06,1528.82,0.0,43.0,1.35,248,0.0,110,0.0,136,0.0,2,0.0,44.35,0.0,2025-03-28,G,2,-
604,-57,pdx,-,1399.77,-13.57,1489.96,-16.15,30.06,-0.86,240,24.0,115,9.0,124,15.0,1,0.0,47.92,-1.15,2026-05-31,-,0,479.0
-,-,Luthenoor,-,1399.69,-2.25,1618.14,0.0,72.82,0.75,48,0.0,32,0.0,16,0.0,0,0.0,66.67,0.0,2021-09-04,-,0,-
605,196,Leeech,FI,1399.58,100.95,1596.45,51.97,65.62,-16.33,36,12.0,18,8.0,18,4.0,0,0.0,50.0,8.33,2026-05-14,-,0,805.0
-,-,holyknife,-,1399.51,-2.86,1571.96,0.0,57.48,0.95,126,0.0,67,0.0,57,0.0,2,0.0,53.17,0.0,2022-06-05,-,0,-
606,4,nkbobo,IT,1399.27,16.32,1480.35,16.88,27.03,0.19,566,24.0,272,13.0,291,11.0,3,0.0,48.06,0.27,2026-05-31,-,0,461.0
-,-,PIRCSUPREME,-,1398.88,-2.53,1594.12,0.0,65.08,0.84,42,0.0,27,0.0,15,0.0,0,0.0,64.29,0.0,2025-05-31,-,0,852.0
-,-,DjesusHChrist,-,1398.68,-1.07,1857.97,0.0,153.1,0.36,6,0.0,6,0.0,0,0.0,0,0.0,100.0,0.0,2020-12-02,-,0,-
607,119,Bromios,US,1398.01,68.14,1563.99,60.7,55.32,-2.48,58,6.0,33,6.0,25,0.0,0,0.0,56.9,4.98,2026-03-13,-,0,989.0
608,-75,vbogoev,BG,1397.81,-22.92,1484.94,-21.59,29.04,0.44,278,18.0,136,6.0,139,12.0,3,0.0,48.92,-1.08,2026-05-27,-,0,375.0
-,-,meleke,-,1397.77,-1.69,1688.41,0.0,96.88,0.56,18,0.0,12,0.0,6,0.0,0,0.0,66.67,0.0,2024-04-04,-,0,-
-,-,Archer1629,TW,1397.63,-1.7,1685.3,0.0,95.89,0.57,18,0.0,14,0.0,3,0.0,1,0.0,77.78,0.0,2024-09-15,-,0,-
-,-,MikeyLear,-,1397.47,-2.59,1589.0,0.0,63.84,0.86,50,0.0,24,0.0,26,0.0,0,0.0,48.0,0.0,2025-03-11,-,0,478.0
609,-37,CloneFish,NL,1397.16,-2.39,1485.73,-0.43,29.52,0.65,360,12.0,164,6.0,193,6.0,3,0.0,45.56,0.16,2026-05-18,-,0,338.0
610,320,Banderjax,-,1397.08,166.71,1660.17,105.01,87.7,-20.57,18,6.0,14,6.0,4,0.0,0,0.0,77.78,11.11,2026-04-19,-,0,1271.0
-,-,Kripa,FI,1396.83,-3.38,1541.83,0.0,48.33,1.13,148,0.0,85,0.0,61,0.0,2,0.0,57.43,0.0,2023-06-28,-,0,-
-,-,ttaf,-,1396.07,-1.73,1680.95,0.0,94.96,0.58,30,0.0,24,0.0,6,0.0,0,0.0,80.0,0.0,2023-02-23,-,0,-
-,-,Xovion,-,1395.67,-2.67,1579.02,0.0,61.12,0.89,96,0.0,54,0.0,41,0.0,1,0.0,56.25,0.0,2021-11-28,-,0,-
611,-35,lukejones82,-,1395.37,-2.15,1623.81,0.0,76.15,0.72,24,0.0,12,0.0,12,0.0,0,0.0,50.0,0.0,2026-02-21,-,0,729.0
-,-,Jordanian,NL,1395.31,-2.73,1576.86,0.0,60.51,0.91,96,0.0,56,0.0,39,0.0,1,0.0,58.33,0.0,2022-03-06,-,0,-
612,-17,opatulony,PL,1394.88,5.79,1483.68,6.59,29.6,0.27,324,18.0,161,10.0,158,8.0,5,0.0,49.69,0.34,2026-05-31,-,0,368.0
613,167,LukeHeinz57,-,1394.48,86.95,1569.23,65.66,58.25,-7.09,54,12.0,29,7.0,25,5.0,0,0.0,53.7,1.32,2026-05-31,-,0,-
614,295,KidCanuck,-,1393.96,150.02,1651.4,96.85,85.82,-17.72,18,6.0,11,5.0,7,1.0,0,0.0,61.11,11.11,2026-03-20,-,0,-
615,128,FlyGon,-,1393.89,68.22,1594.88,14.0,66.99,-18.07,36,12.0,24,7.0,12,5.0,0,0.0,66.67,-4.16,2026-04-12,-,0,1243.0
-,-,Siccarius,US,1393.05,-3.78,1528.0,0.0,44.99,1.26,186,0.0,100,0.0,86,0.0,0,0.0,53.76,0.0,2024-06-02,P,2,-
-,-,Goodgame111,-,1392.58,-1.65,1689.92,0.0,99.11,0.55,20,0.0,16,0.0,4,0.0,0,0.0,80.0,0.0,2023-04-04,-,0,-
616,19,Daru,PL,1392.19,19.51,1530.57,17.87,46.13,-0.55,76,6.0,44,3.0,32,3.0,0,0.0,57.89,-0.68,2026-05-07,-,0,751.0
-,-,drzewko,PL,1392.06,-2.88,1566.05,0.0,57.99,0.96,86,0.0,42,0.0,44,0.0,0,0.0,48.84,0.0,2023-04-16,-,0,-
617,-75,Prashanth,-,1391.68,-23.05,1496.52,-26.79,34.95,-1.25,146,18.0,73,2.0,73,16.0,0,0.0,50.0,-5.47,2026-05-26,-,0,393.0
-,-,NikeBarbachiara,IT,1391.44,-3.28,1542.03,0.0,50.2,1.09,108,0.0,56,0.0,52,0.0,0,0.0,51.85,0.0,2024-07-01,-,0,-
618,-40,DonRaphon,-,1391.0,-5.26,1486.96,0.0,31.99,1.75,352,0.0,166,0.0,185,0.0,1,0.0,47.16,0.0,2025-12-02,-,0,412.0
619,-40,Iosefvs,-,1390.73,-4.88,1498.29,0.0,35.85,1.63,502,0.0,233,0.0,268,0.0,1,0.0,46.41,0.0,2026-01-18,-,0,681.0
620,-33,EugeneB,-,1390.53,-2.6,1579.99,0.0,63.15,0.87,44,0.0,26,0.0,18,0.0,0,0.0,59.09,0.0,2026-01-20,-,0,529.0
621,-38,Tyrtaios,DE,1389.86,-4.5,1500.61,-16.07,36.92,-3.85,118,24.0,59,9.0,58,15.0,1,0.0,50.0,-3.19,2026-05-29,-,0,505.0
-,-,Sir_Smiley,-,1389.43,-1.55,1705.5,0.0,105.36,0.52,18,0.0,13,0.0,5,0.0,0,0.0,72.22,0.0,2021-06-02,-,0,-
-,-,Deepthought,PT,1389.32,-3.27,1541.1,0.0,50.59,1.09,168,0.0,84,0.0,84,0.0,0,0.0,50.0,0.0,2023-05-23,G,2,-
622,-31,DayWeed,-,1388.46,-2.67,1573.53,0.0,61.69,0.89,46,0.0,34,0.0,12,0.0,0,0.0,73.91,0.0,2025-11-30,-,0,620.0
-,-,Wildfighter,-,1388.29,-1.47,1720.45,0.0,110.72,0.49,12,0.0,11,0.0,1,0.0,0,0.0,91.67,0.0,2022-05-26,-,0,-
-,-,Vali1590,-,1388.05,-1.59,1698.56,0.0,103.5,0.53,20,0.0,16,0.0,4,0.0,0,0.0,80.0,0.0,2025-03-08,-,0,939.0
623,43,pepikos,NL,1386.1,31.95,1538.43,29.54,50.78,-0.81,78,6.0,34,3.0,44,3.0,0,0.0,43.59,0.53,2026-04-02,-,0,805.0
624,-19,Vi15So17,DE,1386.08,1.59,1464.69,2.56,26.2,0.32,440,24.0,216,11.0,223,13.0,1,0.0,49.09,-0.19,2026-05-29,-,0,365.0
625,-58,Diogenes,AU,1386.0,-16.98,1463.86,-15.53,25.95,0.48,658,26.0,308,9.0,346,17.0,4,0.0,46.81,-0.5,2026-05-31,-,0,326.0
626,-65,Hysen,GB,1385.52,-20.93,1487.75,-19.63,34.08,0.43,170,8.0,74,1.0,95,7.0,1,0.0,43.53,-1.53,2026-04-03,-,0,261.0
627,196,rustylantern,-,1385.45,102.06,1590.17,-3.77,68.24,-35.28,30,18.0,19,10.0,10,7.0,1,1.0,63.33,-11.67,2026-05-31,-,0,-
-,-,BillyPilgrim,-,1385.44,-2.89,1559.36,0.0,57.97,0.96,130,0.0,70,0.0,57,0.0,3,0.0,53.85,0.0,2025-01-20,-,0,989.0
628,-27,K1N9,-,1385.31,-2.13,1616.17,0.0,76.95,0.71,26,0.0,14,0.0,12,0.0,0,0.0,53.85,0.0,2026-01-25,-,0,729.0
629,-35,Nicks,CA,1385.09,-4.45,1504.71,-4.79,39.87,-0.12,170,6.0,78,3.0,90,3.0,2,0.0,45.88,0.15,2026-04-11,-,0,630.0
-,-,Arnekin,-,1384.35,-1.47,1718.02,0.0,111.22,0.49,18,0.0,13,0.0,5,0.0,0,0.0,72.22,0.0,2020-09-06,G,2,1287.0
-,-,kentropy,-,1384.3,-1.99,1630.76,0.0,82.15,0.66,30,0.0,18,0.0,11,0.0,1,0.0,60.0,0.0,2021-12-05,-,0,-
-,-,markino,-,1384.21,-1.9,1642.53,0.0,86.11,0.63,30,0.0,16,0.0,14,0.0,0,0.0,53.33,0.0,2021-03-02,G,6,-
630,-34,RedMadMike,PL,1384.09,-4.74,1490.21,0.0,35.37,1.58,164,0.0,81,0.0,82,0.0,1,0.0,49.39,0.0,2026-02-22,-,0,416.0
631,-56,Netrom,-,1383.99,-14.14,1474.89,-15.19,30.3,-0.35,240,18.0,122,5.0,115,12.0,3,1.0,50.83,-1.87,2026-05-28,-,0,389.0
632,16,Depp,CA,1383.86,22.13,1510.33,-10.55,42.16,-10.89,86,32.0,46,16.0,40,16.0,0,0.0,53.49,-2.07,2026-05-31,-,0,1245.0
-,-,NyaLala,-,1383.61,-1.6,1690.42,0.0,102.27,0.53,18,0.0,11,0.0,6,0.0,1,0.0,61.11,0.0,2020-12-02,-,0,-
633,-77,StarLakeGuy,-,1383.56,-24.47,1591.4,-51.69,69.28,-9.07,32,6.0,19,1.0,13,5.0,0,0.0,59.38,-9.85,2026-03-22,-,0,805.0
-,-,Serena,AT,1383.39,-3.33,1532.0,0.0,49.54,1.11,84,0.0,42,0.0,42,0.0,0,0.0,50.0,0.0,2025-03-23,-,0,621.0
634,2,brumynut,AU,1382.98,11.07,1461.89,12.39,26.3,0.44,682,24.0,319,15.0,356,9.0,7,0.0,46.77,0.57,2026-05-26,-,0,459.0
-,-,Honigbaer,DE,1382.78,-4.21,1507.59,0.0,41.6,1.4,262,0.0,139,0.0,117,0.0,6,0.0,53.05,0.0,2024-08-19,-,0,-
635,-21,alittlehorse,-,1382.56,2.28,1526.36,-0.12,47.93,-0.8,66,4.0,31,2.0,35,2.0,0,0.0,46.97,0.2,2026-04-21,-,0,593.0
636,-128,mikemast,-,1381.99,-50.71,1544.61,-76.12,54.21,-8.47,52,12.0,24,1.0,26,11.0,2,0.0,46.15,-11.35,2026-05-19,-,0,488.0
-,-,BubbaOFC,-,1381.85,-2.71,1564.76,0.0,60.97,0.9,72,0.0,35,0.0,36,0.0,1,0.0,48.61,0.0,2023-01-15,-,0,-
-,-,jsjsj,AU,1381.81,-3.41,1533.9,0.0,50.7,1.14,98,0.0,54,0.0,44,0.0,0,0.0,55.1,0.0,2024-10-01,-,0,-
-,-,DanWins,-,1381.65,-3.96,1505.72,0.0,41.36,1.32,186,0.0,95,0.0,91,0.0,0,0.0,51.08,0.0,2024-09-04,G,2,-
-,-,_pupu_,-,1381.41,-1.99,1629.9,0.0,82.83,0.66,24,0.0,13,0.0,10,0.0,1,0.0,54.17,0.0,2023-03-01,-,0,-
-,-,Alessannr,-,1381.36,-3.36,1528.4,0.0,49.01,1.12,108,0.0,54,0.0,54,0.0,0,0.0,50.0,0.0,2024-09-04,-,0,-
-,-,GrafZahl,DE,1381.12,-2.25,1601.68,0.0,73.52,0.75,42,0.0,28,0.0,13,0.0,1,0.0,66.67,0.0,2025-04-28,-,0,872.0
637,-48,rabalder,NO,1380.88,-10.55,1512.77,-12.73,43.96,-0.73,110,6.0,58,1.0,50,5.0,2,0.0,52.73,-2.08,2026-03-20,-,0,383.0
-,-,BlueRay,-,1380.75,-1.73,1665.72,0.0,94.99,0.58,24,0.0,14,0.0,10,0.0,0,0.0,58.33,0.0,2021-06-02,G,4,-
638,-27,Imiter,PL,1380.61,-2.26,1598.27,0.0,72.55,0.75,34,0.0,20,0.0,14,0.0,0,0.0,58.82,0.0,2025-12-06,-,0,522.0
639,-37,vendogs,RU,1380.34,-5.96,1470.03,0.0,29.89,1.99,348,0.0,167,0.0,176,0.0,5,0.0,47.99,0.0,2026-01-15,-,0,275.0
-,-,Elpiereo,-,1380.17,-2.31,1592.97,0.0,70.94,0.77,36,0.0,19,0.0,17,0.0,0,0.0,52.78,0.0,2025-03-12,-,0,757.0
640,-31,Peperinni,-,1379.9,-3.34,1527.64,0.0,49.25,1.11,70,0.0,36,0.0,33,0.0,1,0.0,51.43,0.0,2026-02-02,-,0,910.0
641,-38,Die12,IT,1379.59,-5.21,1481.09,0.0,33.83,1.74,438,0.0,205,0.0,228,0.0,5,0.0,46.8,0.0,2026-01-15,-,0,352.0
642,180,Tasso,-,1379.52,96.03,1520.43,59.85,46.97,-12.06,66,24.0,41,18.0,25,6.0,0,0.0,62.12,7.36,2026-05-31,-,0,1178.0
643,-39,SerBaldur,-,1379.21,-5.59,1467.63,0.0,29.47,1.86,428,0.0,214,0.0,211,0.0,3,0.0,50.0,0.0,2026-02-28,-,0,865.0
644,-2,MichalJar,-,1379.0,10.76,1567.84,-6.08,62.95,-5.61,44,6.0,27,3.0,16,3.0,1,0.0,61.36,-1.8,2026-04-02,-,0,1388.0
-,-,BoBo1983,-,1378.97,-1.15,1803.04,0.0,141.36,0.38,12,0.0,10,0.0,1,0.0,1,0.0,83.33,0.0,2020-09-06,-,0,-
-,-,warwick716,-,1378.76,-1.61,1683.19,0.0,101.48,0.54,18,0.0,16,0.0,2,0.0,0,0.0,88.89,0.0,2023-09-03,-,0,-
645,-64,Legoman,CA,1378.73,-16.53,1520.73,-46.72,47.33,-10.06,72,24.0,39,12.0,32,12.0,1,0.0,54.17,-2.08,2026-05-31,-,0,473.0
-,-,Jelen117,-,1378.64,-1.88,1642.12,0.0,87.83,0.63,30,0.0,22,0.0,7,0.0,1,0.0,73.33,0.0,2023-03-01,-,0,-
-,-,icantdrawanime,-,1378.57,-2.92,1545.86,0.0,55.76,0.97,114,0.0,63,0.0,50,0.0,1,0.0,55.26,0.0,2022-11-25,-,0,-
646,-16,SKJaCaRD,FR,1378.56,4.64,1479.37,-2.65,33.6,-2.43,154,24.0,74,9.0,80,15.0,0,0.0,48.05,-1.95,2026-05-31,-,0,432.0
-,-,yesod,-,1377.9,-2.27,1594.25,0.0,72.12,0.76,54,0.0,34,0.0,20,0.0,0,0.0,62.96,0.0,2021-12-05,-,0,-
-,-,wmfjfnlb,-,1377.85,-1.4,1728.38,0.0,116.84,0.47,12,0.0,12,0.0,0,0.0,0,0.0,100.0,0.0,2022-11-23,-,0,-
647,-40,Cresspahl,US,1377.82,-5.98,1466.9,-8.82,29.7,-0.95,208,26.0,100,13.0,107,13.0,1,0.0,48.08,0.28,2026-05-26,-,0,355.0
648,-26,Tyristan,-,1377.07,-0.04,1532.43,-14.89,51.79,-4.95,72,12.0,43,7.0,28,5.0,1,0.0,59.72,-0.28,2026-05-28,-,0,1388.0
649,18,chris223,-,1376.96,23.05,1459.46,24.34,27.5,0.43,598,24.0,276,15.0,319,9.0,3,0.0,46.15,0.68,2026-05-26,-,0,505.0
650,452,Krex,-,1376.9,256.83,1551.11,186.74,58.07,-23.37,46,24.0,29,19.0,17,5.0,0,0.0,63.04,17.59,2026-05-31,-,0,-
651,149,HumusAmongUs,-,1376.75,78.1,1544.93,-4.17,56.06,-27.42,46,24.0,27,12.0,19,12.0,0,0.0,58.7,-9.48,2026-05-29,-,0,-
-,-,Elsumo,-,1376.64,-1.89,1636.81,0.0,86.72,0.63,24,0.0,17,0.0,7,0.0,0,0.0,70.83,0.0,2024-08-30,-,0,-
-,-,Eatoreded,-,1376.6,-2.72,1558.11,0.0,60.5,0.91,72,0.0,35,0.0,37,0.0,0,0.0,48.61,0.0,2023-03-01,-,0,-
-,-,Iwego,-,1376.6,-1.93,1630.43,0.0,84.61,0.64,24,0.0,14,0.0,10,0.0,0,0.0,58.33,0.0,2024-07-01,-,0,-
652,-36,aloci,-,1376.44,-3.44,1520.37,0.0,47.98,1.15,90,0.0,51,0.0,37,0.0,2,0.0,56.67,0.0,2025-08-28,-,0,635.0
653,-32,humanmoves,-,1376.24,-1.07,1491.49,-17.14,38.41,-5.36,108,24.0,55,9.0,53,15.0,0,0.0,50.93,-3.83,2026-05-28,-,0,454.0
654,-148,loMucho,-,1376.23,-58.57,1545.62,-127.46,56.46,-22.96,64,24.0,31,9.0,32,15.0,1,0.0,48.44,-6.56,2026-05-31,-,0,-
655,-56,Ioannis3,GR,1375.85,-12.2,1453.24,-10.46,25.8,0.58,634,24.0,284,6.0,345,18.0,5,0.0,44.79,-0.78,2026-05-31,-,0,342.0
656,72,figs,-,1375.29,45.72,1605.03,27.59,76.58,-6.04,26,4.0,13,2.0,13,2.0,0,0.0,50.0,0.0,2026-04-08,-,0,872.0
-,-,Dinnser,-,1374.85,-2.65,1564.7,0.0,63.28,0.88,84,0.0,44,0.0,38,0.0,2,0.0,52.38,0.0,2022-02-27,-,0,-
657,4,woodabooga,-,1374.75,18.55,1546.1,-6.8,57.12,-8.45,50,12.0,25,4.0,25,8.0,0,0.0,50.0,-5.26,2026-05-19,-,0,543.0
-,-,florian629,-,1374.14,-2.11,1607.09,0.0,77.65,0.7,30,0.0,17,0.0,13,0.0,0,0.0,56.67,0.0,2025-01-23,-,0,989.0
-,-,Gadgame,-,1374.11,-1.39,1726.1,0.0,117.33,0.46,14,0.0,10,0.0,3,0.0,1,0.0,71.43,0.0,2024-04-04,-,0,-
-,-,default01,-,1373.75,-2.18,1600.27,0.0,75.5,0.73,42,0.0,29,0.0,13,0.0,0,0.0,69.05,0.0,2022-03-06,-,0,-
-,-,Karpik,PL,1373.7,-3.16,1529.69,0.0,51.99,1.05,150,0.0,82,0.0,68,0.0,0,0.0,54.67,0.0,2022-12-04,-,0,-
658,-1,McNeil,DK,1373.33,15.89,1507.65,14.82,44.77,-0.36,98,6.0,56,4.0,41,2.0,1,0.0,57.14,0.62,2026-04-03,-,0,726.0
-,-,EvilBen,GB,1373.15,-1.66,1668.97,0.0,98.61,0.55,18,0.0,11,0.0,7,0.0,0,0.0,61.11,0.0,2023-04-16,-,0,-
659,-61,Bookhouseboy,NO,1373.07,-15.52,1457.4,-15.85,28.11,-0.11,568,24.0,248,6.0,316,18.0,4,0.0,43.66,-0.83,2026-05-31,-,0,456.0
660,-31,Strawer_1982,IT,1373.03,-1.33,1459.96,-1.07,28.98,0.09,324,18.0,157,8.0,167,10.0,0,0.0,48.46,-0.23,2026-05-31,-,0,517.0
661,-41,Minde,NO,1372.69,-4.68,1483.78,0.0,37.03,1.56,232,0.0,116,0.0,111,0.0,5,0.0,50.0,0.0,2025-12-30,-,0,742.0
-,-,exfret,-,1372.46,-2.18,1599.46,0.0,75.67,0.73,54,0.0,36,0.0,16,0.0,2,0.0,66.67,0.0,2020-04-08,-,0,-
662,-85,rstrack,-,1372.45,-24.34,1545.06,-34.58,57.54,-3.41,54,6.0,33,2.0,21,4.0,0,0.0,61.11,-3.47,2026-03-15,-,0,1287.0
663,-46,luigino71,IT,1371.34,-8.26,1448.28,-6.37,25.65,0.63,728,24.0,334,13.0,391,11.0,3,0.0,45.88,0.28,2026-05-31,-,0,334.0
-,-,Pirigin,-,1370.33,-2.15,1598.88,0.0,76.19,0.72,32,0.0,21,0.0,11,0.0,0,0.0,65.62,0.0,2024-04-04,-,0,-
-,-,Alfredbob,-,1370.33,-1.45,1707.21,0.0,112.29,0.48,18,0.0,13,0.0,5,0.0,0,0.0,72.22,0.0,2020-12-02,-,0,-
-,-,samtheman,-,1370.01,-2.19,1597.38,0.0,75.79,0.73,42,0.0,21,0.0,21,0.0,0,0.0,50.0,0.0,2021-12-05,-,0,-
-,-,homura,-,1369.98,-1.75,1650.43,0.0,93.48,0.58,18,0.0,11,0.0,7,0.0,0,0.0,61.11,0.0,2023-04-16,-,0,-
-,-,BeetleJuice,CZ,1369.93,-4.27,1494.29,0.0,41.45,1.42,320,0.0,152,0.0,167,0.0,1,0.0,47.5,0.0,2024-12-31,-,0,-
664,6,ZioKhan,IT,1369.84,17.46,1447.17,19.05,25.78,0.53,560,24.0,249,17.0,306,6.0,5,1.0,44.46,1.18,2026-05-31,-,0,378.0
665,11,Bizniouf,-,1369.82,20.78,1469.64,10.39,33.27,-3.46,156,30.0,78,14.0,76,16.0,2,0.0,50.0,-0.79,2026-05-27,-,0,451.0
-,-,Kelric,-,1369.69,-3.1,1538.28,0.0,56.2,1.03,116,0.0,60,0.0,56,0.0,0,0.0,51.72,0.0,2023-06-06,-,0,-
666,8,andykr,GB,1369.56,20.35,1455.29,17.81,28.58,-0.85,230,30.0,105,15.0,121,15.0,4,0.0,45.65,0.65,2026-05-31,-,0,442.0
667,unretired,Owen1982,-,1368.94,33.17,1526.52,29.26,52.53,-1.3,114,6.0,62,5.0,51,1.0,1,0.0,54.39,1.61,2026-04-14,-,0,-
668,-24,stefano-prof,-,1368.81,4.17,1481.63,-0.08,37.6,-1.42,292,14.0,143,7.0,145,7.0,4,0.0,48.97,0.05,2026-04-16,G,2,1057.0
669,-56,booyakasha,-,1368.8,-11.94,1561.44,-30.11,64.21,-6.06,36,6.0,17,1.0,19,5.0,0,0.0,47.22,-6.11,2026-03-14,-,0,662.0
670,457,docpain,-,1368.78,271.42,1586.71,107.89,72.64,-54.51,28,20.0,17,12.0,10,7.0,1,1.0,60.71,-1.79,2026-05-31,-,0,-
-,-,Metz63,-,1368.69,-2.44,1570.8,0.0,67.37,0.81,48,0.0,26,0.0,22,0.0,0,0.0,54.17,0.0,2025-01-17,-,0,939.0
671,-56,powerbigoud,-,1368.49,-11.42,1450.86,-9.36,27.46,0.69,556,18.0,267,5.0,284,13.0,5,0.0,48.02,-0.68,2026-05-30,-,0,469.0
-,-,TheOTHERZadok,-,1368.42,-2.56,1563.65,0.0,65.08,0.85,78,0.0,52,0.0,26,0.0,0,0.0,66.67,0.0,2021-12-05,-,0,-
672,-34,Doddus,IT,1368.36,-2.78,1548.72,0.0,60.12,0.93,72,0.0,42,0.0,30,0.0,0,0.0,58.33,0.0,2025-07-28,-,0,1388.0
673,30,JoopHuizinga,-,1368.3,29.31,1473.63,15.59,35.11,-4.57,150,30.0,67,15.0,83,15.0,0,0.0,44.67,1.34,2026-05-28,-,0,852.0
-,-,Nealio,NL,1368.2,-4.21,1490.14,0.0,40.65,1.4,208,0.0,106,0.0,102,0.0,0,0.0,50.96,0.0,2024-09-22,-,0,-
-,-,Exurbitantus,-,1368.03,-2.48,1565.87,0.0,65.95,0.83,50,0.0,29,0.0,21,0.0,0,0.0,58.0,0.0,2023-05-31,-,0,-
674,-31,Twistor,FI,1367.99,2.49,1512.44,-2.41,48.15,-1.63,68,6.0,41,3.0,27,3.0,0,0.0,60.29,-1.0,2026-03-25,-,0,679.0
-,-,Non-SlimJim,-,1367.94,-1.98,1615.07,0.0,82.38,0.66,36,0.0,22,0.0,13,0.0,1,0.0,61.11,0.0,2021-09-05,-,0,-
-,-,Z-man,-,1367.14,-1.67,1659.79,0.0,97.55,0.56,18,0.0,12,0.0,6,0.0,0,0.0,66.67,0.0,2025-03-18,-,0,805.0
-,-,Enthusio,-,1367.03,-2.48,1567.43,0.0,66.8,0.83,72,0.0,42,0.0,29,0.0,1,0.0,58.33,0.0,2021-08-29,-,0,-
-,-,cbend37,US,1366.71,-3.43,1512.73,0.0,48.67,1.14,140,0.0,61,0.0,78,0.0,1,0.0,43.57,0.0,2024-02-23,-,0,-
-,-,Warpfield,-,1366.53,-1.46,1701.54,0.0,111.67,0.49,12,0.0,9,0.0,3,0.0,0,0.0,75.0,0.0,2025-01-24,-,0,989.0
-,-,fu1luo,-,1366.49,-3.1,1525.86,0.0,53.12,1.03,106,0.0,54,0.0,50,0.0,2,0.0,50.94,0.0,2024-03-17,-,0,-
675,-56,broskiumenyiora,US,1366.47,-11.16,1473.84,-14.03,35.79,-0.96,152,12.0,71,4.0,79,8.0,2,0.0,46.71,-1.15,2026-05-18,-,0,697.0
676,-79,Limdul1988,CZ,1366.0,-22.62,1472.42,-24.12,35.47,-0.5,176,12.0,90,2.0,82,10.0,4,0.0,51.14,-2.52,2026-04-09,-,0,707.0
-,-,Rockoccodrillo,-,1365.93,-3.75,1505.24,0.0,46.44,1.25,122,0.0,65,0.0,56,0.0,1,0.0,53.28,0.0,2025-03-10,-,0,859.0
-,-,FooledTwice,-,1365.81,-3.82,1494.84,0.0,43.01,1.27,138,0.0,67,0.0,69,0.0,2,0.0,48.55,0.0,2025-04-09,G,2,622.0
-,-,DukeAtreides,-,1365.27,-3.34,1513.11,0.0,49.28,1.11,162,0.0,78,0.0,81,0.0,3,0.0,48.15,0.0,2024-07-15,-,0,-
-,-,bedtimeformonkeys,-,1364.78,-1.5,1690.52,0.0,108.58,0.5,12,0.0,7,0.0,4,0.0,1,0.0,58.33,0.0,2023-03-01,-,0,-
677,-8,Rasputin,-,1364.64,12.16,1443.87,15.03,26.41,0.96,664,18.0,277,13.0,380,4.0,7,1.0,41.72,0.85,2026-05-31,-,0,403.0
678,-37,jkdvz,-,1364.4,-3.9,1492.79,0.0,42.8,1.3,202,0.0,74,0.0,127,0.0,1,0.0,36.63,0.0,2025-11-09,-,0,-
-,-,Bravo,-,1364.33,-2.0,1609.43,0.0,81.7,0.67,26,0.0,14,0.0,11,0.0,1,0.0,53.85,0.0,2025-01-22,-,0,989.0
679,-46,Proteus,-,1364.29,-8.61,1475.69,-11.55,37.14,-0.98,162,12.0,76,4.0,84,8.0,2,0.0,46.91,-1.09,2026-04-15,-,0,426.0
680,-49,Csannerud,NO,1364.27,-9.27,1444.29,-7.9,26.67,0.46,634,24.0,289,10.0,343,14.0,2,0.0,45.58,-0.16,2026-05-25,-,0,394.0
681,-49,Seppel,-,1364.17,-8.81,1474.53,-10.42,36.79,-0.54,210,12.0,91,5.0,119,7.0,0,0.0,43.33,-0.1,2026-05-31,-,0,750.0
-,-,shockway,-,1363.93,-3.32,1523.34,0.0,53.13,1.11,162,0.0,83,0.0,71,0.0,8,0.0,51.23,0.0,2022-11-30,-,0,-
-,-,AdrianosMaximus,-,1363.75,-3.03,1528.65,0.0,54.97,1.01,78,0.0,41,0.0,37,0.0,0,0.0,52.56,0.0,2024-07-01,-,0,-
-,-,GedoMazo,-,1363.32,-1.5,1689.92,0.0,108.87,0.5,12,0.0,8,0.0,4,0.0,0,0.0,66.67,0.0,2024-04-04,-,0,-
-,-,cheekysausage,-,1363.01,-1.88,1623.94,0.0,86.98,0.63,36,0.0,24,0.0,12,0.0,0,0.0,66.67,0.0,2021-06-02,-,0,-
682,-56,Largos,-,1362.85,-12.99,1439.3,-12.93,25.48,0.02,528,30.0,256,9.0,271,21.0,1,0.0,48.48,-1.12,2026-05-30,-,0,480.0
683,-30,Mensha,-,1362.71,3.52,1545.13,-11.21,60.81,-4.91,48,6.0,26,2.0,22,4.0,0,0.0,54.17,-2.97,2026-03-20,-,0,805.0
-,-,XDoge,-,1362.68,-2.54,1557.06,0.0,64.79,0.85,90,0.0,45,0.0,44,0.0,1,0.0,50.0,0.0,2021-06-02,P,4,-
684,-34,TAOxEagle,US,1362.11,1.24,1470.0,-4.49,35.96,-1.91,262,18.0,136,8.0,122,8.0,4,2.0,51.91,-0.55,2026-05-27,-,0,662.0
-,-,Vlaada,CZ,1362.06,-1.04,1832.57,0.0,156.84,0.35,6,0.0,5,0.0,1,0.0,0,0.0,83.33,0.0,2020-06-28,G,2,-
-,-,C666,-,1361.7,-1.62,1665.21,0.0,101.17,0.54,18,0.0,10,0.0,8,0.0,0,0.0,55.56,0.0,2020-12-02,P,2,-
-,-,mikey1nt,-,1361.7,-2.48,1559.88,0.0,66.06,0.83,42,0.0,24,0.0,17,0.0,1,0.0,57.14,0.0,2025-01-21,-,0,1067.0
-,-,Paul.,-,1361.64,-1.46,1695.99,0.0,111.45,0.49,12,0.0,7,0.0,5,0.0,0,0.0,58.33,0.0,2023-03-01,-,0,-
685,62,Gubbstyv,-,1361.24,37.52,1527.36,-11.98,55.37,-16.5,50,20.0,26,9.0,24,11.0,0,0.0,52.0,-4.67,2026-05-31,-,0,-
686,-34,daices,US,1361.24,0.68,1463.03,1.24,33.93,0.19,448,12.0,227,7.0,217,5.0,4,0.0,50.67,0.21,2026-05-31,G,2,648.0
-,-,Basse,-,1361.21,-1.74,1643.91,0.0,94.23,0.58,24,0.0,17,0.0,7,0.0,0,0.0,70.83,0.0,2020-03-30,-,0,-
687,47,Drk,IT,1360.57,33.08,1445.59,32.56,28.34,-0.17,452,24.0,214,16.0,236,8.0,2,0.0,47.35,1.09,2026-05-29,-,0,648.0
-,-,_Melkor,-,1360.11,-1.44,1699.55,0.0,113.15,0.48,12,0.0,10,0.0,2,0.0,0,0.0,83.33,0.0,2024-02-25,-,0,-
-,-,laimas123,-,1359.62,-2.59,1551.5,0.0,63.96,0.86,102,0.0,59,0.0,43,0.0,0,0.0,57.84,0.0,2021-05-23,-,0,-
688,-6,JiriHosek,-,1359.6,12.12,1521.6,-25.46,54.0,-12.53,58,20.0,33,11.0,24,9.0,1,0.0,56.9,-0.99,2026-05-31,-,0,989.0
-,-,Chixx,SE,1359.24,-3.35,1511.84,0.0,50.87,1.12,140,0.0,74,0.0,65,0.0,1,0.0,52.86,0.0,2023-08-28,-,0,-
689,-35,joehammerman,US,1358.72,-0.43,1447.74,3.58,29.67,1.34,354,6.0,171,3.0,179,3.0,4,0.0,48.31,0.03,2026-03-26,-,0,418.0
-,-,LordBC,AU,1358.29,-1.89,1619.08,0.0,86.93,0.63,26,0.0,14,0.0,11,0.0,1,0.0,53.85,0.0,2025-03-18,-,0,872.0
690,-45,NRoy,US,1358.1,-4.66,1465.3,0.0,35.73,1.55,158,0.0,76,0.0,82,0.0,0,0.0,48.1,0.0,2026-02-10,-,0,616.0
-,-,shezbot,-,1357.97,-2.71,1540.61,0.0,60.88,0.9,96,0.0,53,0.0,43,0.0,0,0.0,55.21,0.0,2022-02-27,-,0,-
691,72,Gerti,DE,1357.62,42.4,1557.87,20.96,66.75,-7.14,40,6.0,20,4.0,18,2.0,2,0.0,50.0,2.94,2026-03-19,-,0,939.0
-,-,tongtong,-,1357.4,-1.76,1635.92,0.0,92.84,0.59,20,0.0,12,0.0,8,0.0,0,0.0,60.0,0.0,2025-01-23,-,0,1118.0
-,-,Mads,-,1357.37,-3.99,1485.34,0.0,42.66,1.33,210,0.0,106,0.0,104,0.0,0,0.0,50.48,0.0,2024-09-04,-,0,-
-,-,zalarg,-,1357.2,-3.09,1517.65,0.0,53.49,1.03,72,0.0,40,0.0,32,0.0,0,0.0,55.56,0.0,2024-09-04,-,0,-
692,72,Gandy,-,1356.98,42.1,1497.75,29.58,46.92,-4.17,74,12.0,36,7.0,38,5.0,0,0.0,48.65,1.88,2026-05-13,-,0,555.0
693,-56,Bathman,CL,1356.79,-14.96,1442.69,-17.68,28.63,-0.91,224,30.0,105,10.0,119,20.0,0,0.0,46.88,-2.09,2026-05-31,-,0,412.0
-,-,DHYellow,-,1356.66,-2.52,1550.2,0.0,64.51,0.84,78,0.0,37,0.0,41,0.0,0,0.0,47.44,0.0,2021-11-21,-,0,-
694,-106,Brett13,-,1356.28,-35.42,1588.82,-44.17,77.51,-2.92,24,2.0,14,0.0,10,2.0,0,0.0,58.33,-5.31,2026-03-20,-,0,872.0
695,-24,Wennejoekel,NL,1355.77,3.71,1452.94,6.29,32.39,0.86,362,6.0,164,4.0,193,2.0,5,0.0,45.3,0.36,2026-05-20,G,2,381.0
-,-,pgierasi,PL,1355.72,-3.43,1499.27,0.0,47.85,1.14,122,0.0,60,0.0,61,0.0,1,0.0,49.18,0.0,2024-02-29,-,0,-
696,-18,yhw,-,1355.72,7.37,1534.86,-3.81,59.72,-3.73,50,6.0,31,3.0,19,3.0,0,0.0,62.0,-1.64,2026-03-18,-,0,939.0
697,-51,sorecats,ID,1355.46,-7.11,1450.14,-3.71,31.56,1.13,440,6.0,200,2.0,239,4.0,1,0.0,45.45,-0.17,2026-04-13,-,0,552.0
698,-64,Captn4wesome,DE,1354.98,-17.72,1448.83,-21.25,31.28,-1.18,210,24.0,95,6.0,115,18.0,0,0.0,45.24,-2.61,2026-05-31,-,0,387.0
-,-,Nucrus,-,1354.85,-1.6,1663.12,0.0,102.76,0.53,20,0.0,10,0.0,10,0.0,0,0.0,50.0,0.0,2024-07-01,-,0,-
699,17,BirdOfPreyyy,RU,1354.75,21.63,1458.18,17.92,34.47,-1.24,162,18.0,76,12.0,86,6.0,0,0.0,46.91,2.47,2026-05-29,-,0,210.0
700,-35,Happykitten,-,1354.63,0.26,1473.87,1.08,39.75,0.28,156,6.0,84,4.0,72,2.0,0,0.0,53.85,0.52,2026-04-15,-,0,1184.0
-,-,marcusesses1,CA,1354.56,-3.92,1480.32,0.0,41.92,1.31,232,0.0,118,0.0,112,0.0,2,0.0,50.86,0.0,2024-11-26,-,0,1184.0
-,-,Rockdrigo,-,1354.55,-1.81,1625.17,0.0,90.21,0.6,36,0.0,25,0.0,11,0.0,0,0.0,69.44,0.0,2020-11-17,-,0,-
-,-,Kenvi,PL,1354.29,-4.06,1475.76,0.0,40.49,1.35,190,0.0,98,0.0,90,0.0,2,0.0,51.58,0.0,2024-10-01,-,0,-
-,-,Valsim,-,1354.15,-2.26,1572.83,0.0,72.89,0.75,36,0.0,21,0.0,15,0.0,0,0.0,58.33,0.0,2025-03-16,-,0,939.0
-,-,Dies,-,1354.08,-1.46,1689.22,0.0,111.71,0.49,18,0.0,14,0.0,4,0.0,0,0.0,77.78,0.0,2021-06-02,-,0,-
701,-26,Skatanic,-,1353.61,4.41,1566.03,-21.15,70.81,-8.52,32,6.0,17,2.0,15,4.0,0,0.0,53.12,-4.57,2026-03-17,-,0,872.0
702,-13,Cleveman,DE,1353.59,8.95,1439.13,11.57,28.51,0.87,604,12.0,278,9.0,320,3.0,6,0.0,46.03,0.59,2026-05-23,-,0,317.0
703,-52,LhuCaS,ES,1353.43,-7.4,1440.97,-5.75,29.18,0.55,486,18.0,220,10.0,263,8.0,3,0.0,45.27,0.4,2026-05-31,-,0,448.0
-,-,ywgmth,-,1353.34,-1.91,1609.85,0.0,85.5,0.64,30,0.0,21,0.0,9,0.0,0,0.0,70.0,0.0,2022-02-25,-,0,-
704,-42,JimBryan,-,1353.22,-1.87,1616.09,0.0,87.62,0.62,24,0.0,17,0.0,6,0.0,1,0.0,70.83,0.0,2026-02-03,-,0,1067.0
-,-,DoNotCopy,-,1353.13,-2.51,1550.11,0.0,65.66,0.84,78,0.0,50,0.0,28,0.0,0,0.0,64.1,0.0,2022-03-06,-,0,-
-,-,Rzheng4,-,1353.0,-1.64,1651.11,0.0,99.37,0.55,18,0.0,13,0.0,5,0.0,0,0.0,72.22,0.0,2025-03-14,-,0,805.0
705,-47,Likas11,CZ,1352.95,-3.59,1490.64,0.0,45.9,1.2,98,0.0,37,0.0,60,0.0,1,0.0,37.76,0.0,2026-01-21,-,0,609.0
-,-,JakubUhlir,CZ,1352.08,-4.27,1466.28,0.0,38.07,1.42,314,0.0,147,0.0,164,0.0,3,0.0,46.82,0.0,2024-10-01,-,0,-
706,-34,petrau77,FI,1352.07,1.04,1429.75,2.91,25.89,0.62,878,24.0,379,14.0,495,10.0,4,0.0,43.17,0.43,2026-05-31,P,2,365.0
707,-47,Lodon,NL,1351.49,-4.91,1452.05,0.0,33.52,1.64,348,0.0,157,0.0,186,0.0,5,0.0,45.11,0.0,2025-11-30,-,0,546.0
-,-,RootNegative,-,1351.43,-2.3,1564.62,0.0,71.06,0.77,48,0.0,32,0.0,15,0.0,1,0.0,66.67,0.0,2022-11-23,-,0,-
708,-24,GerwinW,-,1351.25,4.22,1454.16,-4.37,34.3,-2.86,144,24.0,73,10.0,70,14.0,1,0.0,50.69,-1.81,2026-05-29,-,0,700.0
709,-32,Ilidur,-,1351.24,2.58,1536.76,-8.17,61.84,-3.58,48,6.0,25,1.0,23,5.0,0,0.0,52.08,-5.06,2026-03-23,-,0,805.0
-,-,Bigwellow,NL,1351.17,-4.25,1469.66,0.0,39.5,1.42,184,0.0,90,0.0,90,0.0,4,0.0,48.91,0.0,2025-04-27,-,0,468.0
710,-16,ksfga,-,1350.8,7.73,1518.25,-3.07,55.82,-3.6,48,6.0,26,3.0,22,3.0,0,0.0,54.17,-0.59,2026-04-13,-,0,872.0
711,-43,samgreco,JP,1350.71,-2.76,1529.45,0.0,59.58,0.92,50,0.0,23,0.0,27,0.0,0,0.0,46.0,0.0,2026-01-28,-,0,989.0
-,-,Lara13,-,1350.49,-1.54,1668.22,0.0,105.91,0.51,18,0.0,15,0.0,3,0.0,0,0.0,83.33,0.0,2024-06-02,-,0,-
712,-53,Dzsabo,HU,1350.47,-5.96,1436.62,-6.82,28.72,-0.29,244,24.0,117,12.0,126,12.0,1,0.0,47.95,0.22,2026-05-31,-,0,423.0
-,-,NagyGL,-,1350.0,-1.55,1665.64,0.0,105.21,0.52,24,0.0,16,0.0,8,0.0,0,0.0,66.67,0.0,2020-02-09,-,0,-
-,-,Grobyl,FR,1349.89,-3.34,1498.6,0.0,49.57,1.11,192,0.0,97,0.0,94,0.0,1,0.0,50.52,0.0,2023-02-25,-,0,-
-,-,antonfstam,-,1349.87,-2.93,1519.81,0.0,56.65,0.98,150,0.0,71,0.0,77,0.0,2,0.0,47.33,0.0,2021-11-22,-,0,-
-,-,Fane,BE,1349.83,-3.33,1507.48,0.0,52.55,1.11,156,0.0,76,0.0,78,0.0,2,0.0,48.72,0.0,2023-03-01,P,2,-
-,-,AkisProg,GR,1349.67,-2.83,1526.14,0.0,58.82,0.94,84,0.0,47,0.0,37,0.0,0,0.0,55.95,0.0,2023-04-04,-,0,-
-,-,Tandeta,PL,1349.05,-1.91,1607.73,0.0,86.22,0.64,30,0.0,14,0.0,15,0.0,1,0.0,46.67,0.0,2021-06-02,G,4,695.0
-,-,BastionvonRaven,-,1348.99,-2.48,1549.16,0.0,66.72,0.83,58,0.0,29,0.0,29,0.0,0,0.0,50.0,0.0,2023-04-16,-,0,-
-,-,MastermindZeta,-,1348.85,-2.08,1585.3,0.0,78.82,0.69,42,0.0,24,0.0,17,0.0,1,0.0,57.14,0.0,2023-03-01,-,0,-
713,-40,traskmania,-,1348.43,-2.31,1561.15,0.0,70.91,0.77,36,0.0,18,0.0,17,0.0,1,0.0,50.0,0.0,2026-01-26,-,0,989.0
-,-,copesettic,US,1348.32,-2.77,1526.32,0.0,59.33,0.92,74,0.0,40,0.0,34,0.0,0,0.0,54.05,0.0,2023-06-04,-,0,-
714,37,noobgo,-,1348.08,25.83,1453.36,24.87,35.09,-0.32,302,12.0,146,9.0,149,3.0,7,0.0,48.34,1.1,2026-05-14,-,0,1287.0
715,-11,seviech,-,1347.99,9.57,1424.99,10.94,25.67,0.46,632,24.0,285,12.0,340,12.0,7,0.0,45.09,0.19,2026-05-25,-,0,406.0
716,62,gego,-,1347.26,38.68,1495.98,34.59,49.57,-1.36,80,6.0,44,4.0,36,2.0,0,0.0,55.0,0.95,2026-03-14,-,0,872.0
-,-,ycl,-,1347.1,-1.82,1617.37,0.0,90.09,0.61,18,0.0,10,0.0,8,0.0,0,0.0,55.56,0.0,2025-03-08,-,0,757.0
717,-70,GregoryD,PL,1347.08,-14.66,1435.41,-13.87,29.44,0.26,572,18.0,241,6.0,329,12.0,2,0.0,42.13,-0.29,2026-05-31,P,2,522.0
-,-,LinhVu,-,1346.88,-2.83,1521.41,0.0,58.18,0.94,62,0.0,34,0.0,28,0.0,0,0.0,54.84,0.0,2025-01-19,-,0,989.0
-,-,sbauer9,-,1346.79,-3.08,1506.97,0.0,53.39,1.03,144,0.0,68,0.0,76,0.0,0,0.0,47.22,0.0,2023-08-05,-,0,-
718,-91,firlefanzer,-,1346.17,-29.24,1436.88,-31.44,30.24,-0.74,238,24.0,110,3.0,128,21.0,0,0.0,46.22,-3.78,2026-05-31,-,0,414.0
-,-,Mouette,-,1346.02,-2.72,1528.67,0.0,60.88,0.91,64,0.0,31,0.0,30,0.0,3,0.0,48.44,0.0,2023-12-03,-,0,-
-,-,trieshard,-,1345.73,-2.77,1528.13,0.0,60.8,0.92,78,0.0,43,0.0,34,0.0,1,0.0,55.13,0.0,2022-12-04,-,0,-
719,39,irule,-,1345.49,27.64,1435.48,24.26,30.0,-1.13,218,28.0,99,14.0,117,14.0,2,0.0,45.41,0.67,2026-05-30,-,0,457.0
720,new,Akametsu,-,1345.44,895.44,1580.49,80.49,78.35,78.35,24,24.0,18,18.0,6,6.0,0,0.0,75.0,75.0,2026-05-31,-,0,-
721,63,Amara,-,1345.37,39.3,1630.77,-33.23,95.13,-24.18,18,6.0,13,3.0,5,3.0,0,0.0,72.22,-11.11,2026-03-24,-,0,-
722,-15,Peaceminusone,-,1345.32,8.59,1453.06,3.98,35.92,-1.54,264,18.0,126,10.0,137,8.0,1,0.0,47.73,0.58,2026-05-30,G,2,921.0
-,-,Saucisse,-,1345.2,-2.72,1537.9,0.0,64.23,0.91,64,0.0,38,0.0,23,0.0,3,0.0,59.38,0.0,2023-11-15,-,0,-
723,-40,tiffelvet,-,1344.92,-2.42,1551.87,0.0,68.98,0.81,44,0.0,26,0.0,18,0.0,0,0.0,59.09,0.0,2026-01-24,-,0,560.0
-,-,Neil.W,-,1344.57,-2.78,1524.62,0.0,60.02,0.93,84,0.0,43,0.0,41,0.0,0,0.0,51.19,0.0,2022-08-29,-,0,-
-,-,mafiasco,-,1343.79,-3.31,1496.2,0.0,50.8,1.1,184,0.0,93,0.0,91,0.0,0,0.0,50.54,0.0,2023-10-15,-,0,-
-,-,Levia,-,1343.7,-3.46,1485.88,0.0,47.39,1.15,108,0.0,55,0.0,53,0.0,0,0.0,50.93,0.0,2024-09-04,-,0,989.0
-,-,zook,-,1343.64,-2.42,1553.12,0.0,69.83,0.81,78,0.0,42,0.0,36,0.0,0,0.0,53.85,0.0,2020-11-18,P,4,-
-,-,Dragonheard4,-,1343.43,-2.08,1578.87,0.0,78.48,0.69,30,0.0,17,0.0,12,0.0,1,0.0,56.67,0.0,2024-04-04,-,0,-
724,67,Smilzo,-,1343.24,41.4,1544.29,-3.99,67.02,-15.13,36,12.0,16,4.0,19,7.0,1,1.0,44.44,-5.56,2026-05-13,-,0,989.0
725,-39,Noash,US,1342.42,-4.09,1464.22,0.0,40.6,1.36,212,0.0,106,0.0,104,0.0,2,0.0,50.0,0.0,2026-01-21,-,0,611.0
726,-12,Urist,-,1342.4,8.1,1466.24,-4.52,41.28,-4.21,102,18.0,53,9.0,48,9.0,1,0.0,51.96,-0.42,2026-05-29,-,0,798.0
727,-37,Opi,-,1342.35,-2.0,1588.7,0.0,82.12,0.67,24,0.0,13,0.0,11,0.0,0,0.0,54.17,0.0,2026-01-30,-,0,989.0
-,-,GWax11,-,1342.35,-3.04,1506.35,0.0,54.66,1.01,114,0.0,59,0.0,55,0.0,0,0.0,51.75,0.0,2023-01-15,-,0,-
728,-65,MechJayTi2,-,1342.27,-12.8,1462.91,-28.83,40.21,-5.35,104,24.0,56,11.0,47,12.0,1,1.0,53.85,-2.4,2026-05-30,-,0,705.0
729,-36,hein,-,1342.02,-1.35,1703.72,0.0,120.57,0.45,12,0.0,9,0.0,3,0.0,0,0.0,75.0,0.0,2026-01-27,-,0,-
730,-28,Torneedo,-,1341.89,2.26,1452.2,3.43,36.77,0.39,164,6.0,77,3.0,84,3.0,3,0.0,46.95,0.11,2026-03-18,-,0,922.0
731,93,nanoprince,-,1341.81,59.05,1508.14,50.91,55.45,-2.71,88,8.0,36,4.0,50,3.0,2,1.0,40.91,0.91,2026-05-09,-,0,382.0
732,21,Ti-Guy_Latour,-,1341.7,21.14,1465.43,20.06,41.24,-0.36,138,6.0,68,5.0,70,1.0,0,0.0,49.28,1.55,2026-04-10,-,0,849.0
733,-77,timaeus,-,1341.65,-16.23,1544.6,-28.23,67.65,-4.0,54,6.0,32,0.0,22,6.0,0,0.0,59.26,-7.41,2026-03-20,-,0,-
-,-,Black8,-,1341.53,-2.31,1554.29,0.0,70.92,0.77,42,0.0,21,0.0,20,0.0,1,0.0,50.0,0.0,2024-04-04,-,0,-
-,-,demainlesdauphins,-,1341.48,-3.38,1488.44,0.0,48.99,1.13,92,0.0,45,0.0,46,0.0,1,0.0,48.91,0.0,2025-04-25,-,0,681.0
-,-,Crazybastard77,-,1341.43,-0.97,1844.9,0.0,167.82,0.32,6,0.0,5,0.0,1,0.0,0,0.0,83.33,0.0,2020-09-06,-,0,-
-,-,spectronz,-,1341.09,-2.41,1544.35,0.0,67.75,0.8,60,0.0,32,0.0,28,0.0,0,0.0,53.33,0.0,2021-12-05,-,0,-
734,-42,Helen-the-great,-,1340.58,-3.25,1492.65,0.0,50.69,1.08,102,0.0,56,0.0,46,0.0,0,0.0,54.9,0.0,2026-01-29,-,0,572.0
735,6,Adrianobf,BR,1340.44,14.29,1444.73,16.17,34.77,0.63,300,6.0,134,5.0,165,1.0,1,0.0,44.67,0.79,2026-04-18,-,0,514.0
736,-18,Boardello,GB,1340.36,7.62,1421.87,12.17,27.17,1.51,542,8.0,249,6.0,292,2.0,1,0.0,45.94,0.43,2026-05-18,-,0,432.0
737,7,Gosho,-,1340.01,15.63,1596.9,-58.51,85.63,-24.71,20,8.0,11,3.0,9,5.0,0,0.0,55.0,-11.67,2026-04-10,-,0,-
-,-,Varthos,-,1339.86,-2.77,1519.31,0.0,59.82,0.92,114,0.0,60,0.0,54,0.0,0,0.0,52.63,0.0,2021-12-05,-,0,-
-,-,Guylikikipoile,-,1339.85,-1.46,1675.83,0.0,111.99,0.49,18,0.0,14,0.0,4,0.0,0,0.0,77.78,0.0,2024-04-04,-,0,-
738,7,AsKier,PL,1339.81,15.56,1427.87,16.04,29.35,0.16,400,18.0,185,13.0,215,5.0,0,0.0,46.25,1.22,2026-05-31,-,0,655.0
739,54,makoleon,-,1339.75,39.24,1617.33,-20.31,92.53,-19.85,18,6.0,10,3.0,8,3.0,0,0.0,55.56,-2.77,2026-03-17,-,0,-
740,-31,Mockingbird5,GB,1339.38,3.61,1426.0,6.44,28.87,0.94,418,12.0,187,7.0,229,5.0,2,0.0,44.74,0.41,2026-05-18,-,0,411.0
741,234,Chroso,-,1339.36,142.43,1568.29,106.91,76.31,-11.84,30,6.0,16,5.0,13,0.0,1,1.0,53.33,7.5,2026-03-31,-,0,989.0
742,-46,matst379,SE,1338.98,-2.63,1430.68,2.46,30.57,1.7,304,2.0,140,1.0,163,1.0,1,0.0,46.05,0.02,2026-03-12,-,0,438.0
743,7,lol1,-,1338.8,16.36,1505.66,6.75,55.62,-3.21,56,6.0,26,3.0,30,3.0,0,0.0,46.43,0.43,2026-03-23,-,0,365.0
744,41,Antigua,HU,1338.72,33.17,1544.01,11.18,68.43,-7.33,36,6.0,18,4.0,18,2.0,0,0.0,50.0,3.33,2026-03-24,-,0,757.0
-,-,dulbbong,-,1338.44,-1.94,1590.82,0.0,84.13,0.65,24,0.0,14,0.0,10,0.0,0,0.0,58.33,0.0,2024-12-07,-,0,989.0
745,38,Alfonsillo,-,1338.11,31.58,1459.39,19.52,40.43,-4.02,108,20.0,50,9.0,58,11.0,0,0.0,46.3,-0.29,2026-05-29,-,0,1067.0
-,-,arnbold,-,1337.81,-2.65,1523.02,0.0,61.74,0.88,66,0.0,38,0.0,28,0.0,0,0.0,57.58,0.0,2023-11-24,-,0,-
746,-65,giannisoad,IT,1337.78,-10.18,1425.35,-9.56,29.19,0.2,446,18.0,195,7.0,248,11.0,3,0.0,43.72,-0.21,2026-05-31,-,0,429.0
-,-,Biadko,-,1337.49,-2.94,1510.57,0.0,57.69,0.98,126,0.0,65,0.0,60,0.0,1,0.0,51.59,0.0,2022-03-06,-,0,-
747,91,Caveman90,-,1337.3,61.39,1592.54,6.2,85.08,-18.4,18,6.0,10,3.0,8,3.0,0,0.0,55.56,-2.77,2026-03-16,-,0,-
-,-,Styku,-,1337.26,-1.21,1743.42,0.0,135.39,0.4,12,0.0,9,0.0,2,0.0,1,0.0,75.0,0.0,2019-12-30,-,0,-
-,-,Cragheart,DK,1336.95,-2.65,1526.02,0.0,63.02,0.88,66,0.0,36,0.0,29,0.0,1,0.0,54.55,0.0,2023-04-16,-,0,-
748,-63,Polldrake,-,1336.92,-9.96,1433.99,-12.15,32.36,-0.73,192,18.0,83,7.0,106,11.0,3,0.0,43.23,-0.45,2026-05-31,-,0,485.0
-,-,CPC_CHAIRMAN,-,1336.87,-3.4,1489.69,0.0,50.94,1.13,102,0.0,46,0.0,55,0.0,1,0.0,45.1,0.0,2024-07-15,-,0,-
749,-48,N4F,-,1336.26,-3.84,1476.22,0.0,46.65,1.28,74,0.0,35,0.0,38,0.0,1,0.0,47.3,0.0,2026-02-28,-,0,746.0
-,-,gustn_toh,-,1336.26,-2.88,1506.66,0.0,56.8,0.96,126,0.0,58,0.0,66,0.0,2,0.0,46.03,0.0,2022-02-22,G,2,-
-,-,Alexo,-,1336.1,-2.77,1514.52,0.0,59.48,0.92,60,0.0,32,0.0,27,0.0,1,0.0,53.33,0.0,2025-01-12,-,0,1181.0
750,60,Asperins,LV,1335.89,43.67,1423.63,41.86,29.24,-0.6,242,26.0,104,18.0,137,8.0,1,0.0,42.98,3.17,2026-05-26,-,0,469.0
751,-40,Purplegoo,-,1335.82,0.83,1416.69,1.63,26.96,0.27,656,24.0,299,12.0,356,12.0,1,0.0,45.58,0.17,2026-05-31,-,0,389.0
-,-,PiotrekB,-,1335.7,-3.36,1484.69,0.0,49.66,1.12,108,0.0,57,0.0,51,0.0,0,0.0,52.78,0.0,2025-01-12,-,0,1280.0
-,-,RabidRabbit,US,1335.69,-3.37,1489.83,0.0,51.38,1.12,164,0.0,92,0.0,71,0.0,1,0.0,56.1,0.0,2023-03-01,-,0,-
752,-103,Taeveren,-,1335.24,-25.68,1425.86,-25.13,30.21,0.18,208,16.0,92,2.0,115,14.0,1,0.0,44.23,-2.65,2026-04-04,-,0,409.0
-,-,Vascostamartins,-,1335.09,-2.81,1512.88,0.0,59.26,0.94,72,0.0,39,0.0,31,0.0,2,0.0,54.17,0.0,2023-09-03,-,0,-
753,-48,runningnemo,-,1335.05,-3.03,1501.63,0.0,55.53,1.01,60,0.0,31,0.0,29,0.0,0,0.0,51.67,0.0,2026-01-19,-,0,939.0
754,-57,mahawirasd,ID,1334.9,-6.3,1423.18,0.0,29.43,2.1,542,0.0,242,0.0,296,0.0,4,0.0,44.65,0.0,2026-01-05,-,0,435.0
755,-132,chobodrone,-,1334.79,-41.56,1567.04,-152.17,77.42,-36.87,24,12.0,11,2.0,13,10.0,0,0.0,45.83,-29.17,2026-05-12,-,0,-
-,-,chen.,CN,1334.53,-2.16,1564.96,0.0,76.81,0.72,34,0.0,21,0.0,13,0.0,0,0.0,61.76,0.0,2025-02-02,-,0,720.0
756,-36,kaeptnblaubaer,DE,1334.29,1.83,1411.93,1.94,25.88,0.04,560,30.0,238,15.0,320,15.0,2,0.0,42.5,0.42,2026-05-23,-,0,358.0
-,-,wuzhecn,-,1334.11,-2.85,1507.82,0.0,57.9,0.95,108,0.0,54,0.0,52,0.0,2,0.0,50.0,0.0,2022-08-31,-,0,-
757,-47,Satanislav,-,1333.92,-1.43,1675.63,0.0,113.9,0.48,12,0.0,7,0.0,5,0.0,0,0.0,58.33,0.0,2026-01-16,-,0,-
-,-,HeartBreakKid,US,1333.48,-3.0,1499.95,0.0,55.49,1.0,84,0.0,44,0.0,39,0.0,1,0.0,52.38,0.0,2024-07-01,-,0,-
-,-,casual_umami,AT,1333.41,-2.38,1541.3,0.0,69.3,0.79,40,0.0,24,0.0,16,0.0,0,0.0,60.0,0.0,2023-12-03,-,0,-
-,-,madagelo,-,1333.13,-2.09,1567.91,0.0,78.26,0.7,36,0.0,17,0.0,19,0.0,0,0.0,47.22,0.0,2021-06-02,G,2,-
-,-,M.T,-,1332.83,-2.18,1557.63,0.0,74.93,0.73,32,0.0,20,0.0,12,0.0,0,0.0,62.5,0.0,2025-03-18,-,0,469.0
-,-,lulligator,-,1332.63,-1.57,1650.02,0.0,105.8,0.52,30,0.0,22,0.0,8,0.0,0,0.0,73.33,0.0,2020-06-28,-,0,-
758,-12,skab12,-,1332.45,8.66,1414.45,7.0,27.33,-0.55,404,30.0,170,15.0,225,15.0,9,0.0,42.08,0.64,2026-05-31,-,0,446.0
-,-,danielusuga,-,1332.3,-2.12,1564.36,0.0,77.35,0.71,36,0.0,21,0.0,14,0.0,1,0.0,58.33,0.0,2024-04-04,-,0,-
-,-,DALUM,-,1332.27,-1.98,1579.65,0.0,82.46,0.66,36,0.0,22,0.0,14,0.0,0,0.0,61.11,0.0,2021-03-02,-,0,-
759,16,Dubz,-,1331.94,23.16,1454.72,16.38,40.93,-2.26,112,12.0,56,7.0,56,5.0,0,0.0,50.0,1.0,2026-05-28,-,0,602.0
-,-,skanadron,-,1331.11,-2.17,1558.01,0.0,75.63,0.72,42,0.0,22,0.0,20,0.0,0,0.0,52.38,0.0,2021-12-05,-,0,-
-,-,hannes10001,-,1331.09,-2.75,1515.98,0.0,61.63,0.92,114,0.0,58,0.0,56,0.0,0,0.0,50.88,0.0,2021-08-21,-,0,-
-,-,GokuBC,PL,1331.09,-4.09,1454.0,0.0,40.97,1.36,224,0.0,114,0.0,110,0.0,0,0.0,50.89,0.0,2024-09-04,-,0,-
-,-,AxelG,-,1331.03,-2.29,1547.16,0.0,72.04,0.76,42,0.0,23,0.0,19,0.0,0,0.0,54.76,0.0,2022-12-04,-,0,-
760,-39,themightyboost,-,1331.03,-1.26,1720.13,0.0,129.7,0.42,12,0.0,9,0.0,2,0.0,1,0.0,75.0,0.0,2025-12-06,-,0,-
761,-63,Kermit19,-,1330.82,-9.82,1452.25,-10.81,40.48,-0.33,118,6.0,49,2.0,67,4.0,2,0.0,41.53,-0.43,2026-05-20,-,0,403.0
762,-33,michasz,-,1330.54,1.43,1428.61,-4.26,32.69,-1.9,172,24.0,80,8.0,90,16.0,2,0.0,46.51,-2.14,2026-05-22,-,0,605.0
763,-46,sausagesky,-,1330.42,-2.59,1521.9,0.0,63.83,0.86,46,0.0,21,0.0,25,0.0,0,0.0,45.65,0.0,2026-01-22,-,0,1067.0
764,-33,Chris10,DE,1330.39,2.09,1436.3,-6.03,35.3,-2.71,134,24.0,65,12.0,69,12.0,0,0.0,48.51,0.33,2026-05-31,-,0,473.0
-,-,Makt,-,1330.2,-1.48,1661.49,0.0,110.43,0.49,14,0.0,8,0.0,5,0.0,1,0.0,57.14,0.0,2025-03-21,-,0,872.0
-,-,DrWhom,-,1329.97,-3.01,1495.7,0.0,55.24,1.0,102,0.0,52,0.0,50,0.0,0,0.0,50.98,0.0,2025-02-28,-,0,1178.0
-,-,KachnickaxD,-,1329.85,-2.62,1523.24,0.0,64.46,0.87,78,0.0,43,0.0,35,0.0,0,0.0,55.13,0.0,2022-02-22,-,0,-
765,-41,mugumagu,-,1329.5,-2.29,1543.84,0.0,71.45,0.76,30,0.0,13,0.0,17,0.0,0,0.0,43.33,0.0,2026-01-17,-,0,805.0
-,-,Talbatross,-,1329.46,-3.99,1457.76,0.0,42.77,1.33,246,0.0,119,0.0,125,0.0,2,0.0,48.37,0.0,2024-05-26,-,0,-
766,-51,Paoloco,-,1329.26,-4.15,1420.37,-3.59,30.37,0.19,480,18.0,213,5.0,266,13.0,1,0.0,44.38,-0.64,2026-05-30,G,2,552.0
-,-,Blackbolt53,-,1329.16,-1.65,1626.57,0.0,99.14,0.55,18,0.0,11,0.0,7,0.0,0,0.0,61.11,0.0,2024-04-04,-,0,-
-,-,uday,PL,1329.02,-3.44,1473.29,0.0,48.09,1.15,92,0.0,48,0.0,43,0.0,1,0.0,52.17,0.0,2025-03-15,-,0,872.0
-,-,Rychlik,CZ,1328.96,-2.38,1534.76,0.0,68.6,0.79,44,0.0,21,0.0,22,0.0,1,0.0,47.73,0.0,2024-04-04,-,0,-
-,-,Bullya,-,1328.77,-3.55,1470.09,0.0,47.11,1.18,218,0.0,108,0.0,108,0.0,2,0.0,49.54,0.0,2023-06-04,-,0,-
-,-,Ockham,-,1328.24,-1.69,1617.91,0.0,96.56,0.56,18,0.0,12,0.0,6,0.0,0,0.0,66.67,0.0,2024-04-04,-,0,-
767,-79,IpaStian,NO,1327.63,-17.71,1433.55,-23.06,35.31,-1.79,152,18.0,64,4.0,86,14.0,2,0.0,42.11,-2.67,2026-05-18,-,0,487.0
-,-,Onlineguy,-,1327.58,-2.15,1562.72,0.0,78.38,0.72,36,0.0,23,0.0,12,0.0,1,0.0,63.89,0.0,2024-04-04,-,0,-
768,-13,gulper,-,1327.32,6.92,1450.48,0.64,41.06,-2.09,126,12.0,64,7.0,61,5.0,1,0.0,50.79,0.79,2026-05-20,-,0,645.0
769,4,z0pfel,DE,1327.26,17.74,1436.29,5.98,36.34,-3.92,126,26.0,59,12.0,66,13.0,1,1.0,46.83,-0.17,2026-05-28,-,0,709.0
-,-,272194996,-,1327.08,-2.33,1539.84,0.0,70.92,0.78,54,0.0,30,0.0,24,0.0,0,0.0,55.56,0.0,2021-12-05,-,0,-
770,-31,zackg,US,1327.03,-0.02,1436.36,1.11,36.44,0.38,180,6.0,85,3.0,94,3.0,1,0.0,47.22,0.09,2026-03-28,-,0,466.0
771,-12,aoe2champ,-,1326.37,9.38,1419.32,5.67,30.98,-1.24,184,24.0,88,11.0,96,13.0,0,0.0,47.83,-0.29,2026-05-31,-,0,690.0
772,0,Sale,-,1326.28,16.7,1618.33,-52.67,97.35,-23.12,18,6.0,10,3.0,8,3.0,0,0.0,55.56,-2.77,2026-03-20,-,0,-
773,-61,baggioka,HU,1326.01,-8.8,1407.28,-10.09,27.09,-0.43,374,30.0,154,10.0,217,19.0,3,1.0,41.18,-0.68,2026-05-31,-,0,420.0
774,-47,SeanHandley,-,1325.97,-3.68,1420.03,-7.37,31.35,-1.23,194,24.0,94,11.0,100,13.0,0,0.0,48.45,-0.37,2026-05-25,-,0,494.0
775,-43,T.KAZ3-1,-,1325.83,-2.39,1531.51,0.0,68.56,0.8,44,0.0,30,0.0,14,0.0,0,0.0,68.18,0.0,2026-01-11,-,0,-
-,-,itsPG,-,1325.38,-4.3,1442.05,0.0,38.89,1.43,378,0.0,174,0.0,200,0.0,4,0.0,46.03,0.0,2025-01-27,-,0,1067.0
776,-11,methak,FR,1325.17,10.35,1424.46,12.86,33.1,0.84,212,8.0,91,4.0,121,4.0,0,0.0,42.92,0.27,2026-03-22,-,0,622.0
777,40,Jochabeth,-,1325.16,40.0,1456.19,31.53,43.68,-2.82,98,12.0,43,8.0,54,4.0,1,0.0,43.88,3.18,2026-04-12,-,0,452.0
778,-78,Metil,-,1325.11,-15.33,1448.53,-16.39,41.14,-0.35,176,6.0,80,1.0,96,5.0,0,0.0,45.45,-1.02,2026-03-17,-,0,939.0
779,-41,AdumbusPrime,CA,1324.85,-2.28,1540.35,0.0,71.84,0.76,30,0.0,14,0.0,16,0.0,0,0.0,46.67,0.0,2026-02-03,-,0,527.0
-,-,Kirill,-,1324.53,-2.44,1528.62,0.0,68.03,0.81,54,0.0,31,0.0,23,0.0,0,0.0,57.41,0.0,2022-03-06,-,0,-
780,-12,oleKanin,NO,1324.39,11.84,1413.23,11.89,29.62,0.02,334,18.0,146,9.0,187,9.0,1,0.0,43.71,0.36,2026-05-29,-,0,469.0
781,0,jokerchai,-,1324.36,17.28,1487.24,16.19,54.29,-0.37,76,2.0,33,2.0,42,0.0,1,0.0,43.42,1.53,2026-05-17,-,0,-
782,-42,ZesPak,-,1324.33,-2.24,1543.88,0.0,73.18,0.75,30,0.0,16,0.0,14,0.0,0,0.0,53.33,0.0,2026-01-27,-,0,939.0
783,-50,Megatron,GB,1324.18,-3.92,1451.04,0.0,42.29,1.31,242,0.0,118,0.0,124,0.0,0,0.0,48.76,0.0,2025-08-31,-,0,1262.0
-,-,Sweaty-Pie,-,1324.13,-3.31,1473.93,0.0,49.93,1.1,252,0.0,104,0.0,144,0.0,4,0.0,41.27,0.0,2022-12-04,G,2,-
-,-,3soteric,-,1324.04,-1.65,1620.31,0.0,98.76,0.55,24,0.0,17,0.0,7,0.0,0,0.0,70.83,0.0,2021-05-26,-,0,-
784,-48,Spriteule,DE,1323.79,-3.49,1466.87,0.0,47.69,1.16,104,0.0,54,0.0,47,0.0,3,0.0,51.92,0.0,2026-01-27,-,0,872.0
785,-29,Colorado,-,1323.69,3.53,1442.09,4.29,39.47,0.25,206,6.0,74,2.0,131,4.0,1,0.0,35.92,-0.08,2026-05-29,-,0,-
786,-19,kngoswg,-,1323.52,10.1,1453.18,-5.63,43.22,-5.24,84,18.0,39,6.0,45,12.0,0,0.0,46.43,-3.57,2026-05-26,-,0,780.0
787,-27,micropip,-,1323.39,6.88,1401.76,8.86,26.12,0.66,608,24.0,254,11.0,347,13.0,7,0.0,41.78,0.17,2026-05-30,-,0,555.0
788,0,TheYoungDutch,US,1323.17,19.81,1453.61,18.05,43.48,-0.59,108,6.0,54,4.0,53,2.0,1,0.0,50.0,0.98,2026-03-22,-,0,640.0
-,-,thenobleknave,-,1321.52,-1.05,1786.51,0.0,155.0,0.35,6,0.0,5,0.0,1,0.0,0,0.0,83.33,0.0,2020-06-28,G,2,-
789,-35,sodalppargkppakee,-,1321.38,0.84,1439.19,-5.54,39.27,-2.13,118,18.0,56,5.0,62,13.0,0,0.0,47.46,-3.54,2026-05-31,-,0,422.0
-,-,kaiwanxiaola,TW,1321.35,-2.1,1555.41,0.0,78.02,0.7,32,0.0,14,0.0,17,0.0,1,0.0,43.75,0.0,2023-04-16,-,0,-
-,-,jmw,-,1321.2,-3.53,1459.8,0.0,46.2,1.18,132,0.0,62,0.0,68,0.0,2,0.0,46.97,0.0,2024-06-02,-,0,-
790,-42,DerIch86,-,1321.02,-2.65,1505.86,0.0,61.61,0.88,44,0.0,24,0.0,20,0.0,0,0.0,54.55,0.0,2026-02-28,-,0,872.0
-,-,toadstool,-,1320.78,-2.2,1549.3,0.0,76.17,0.73,36,0.0,22,0.0,14,0.0,0,0.0,61.11,0.0,2023-04-16,-,0,-
-,-,gpeter63,-,1320.47,-3.59,1458.6,0.0,46.04,1.2,182,0.0,96,0.0,86,0.0,0,0.0,52.75,0.0,2024-06-02,-,0,-
791,-22,Francesco1812,IT,1319.83,7.4,1397.94,8.26,26.04,0.29,536,30.0,233,12.0,296,17.0,7,1.0,43.47,-0.21,2026-05-26,-,0,509.0
792,294,vito,-,1319.78,187.84,1584.71,126.05,88.31,-20.6,20,8.0,10,5.0,10,3.0,0,0.0,50.0,8.33,2026-05-09,-,0,-
-,-,gaitimes,-,1319.76,-1.39,1670.73,0.0,116.99,0.46,18,0.0,16,0.0,2,0.0,0,0.0,88.89,0.0,2024-09-15,-,0,783.0
-,-,Birnenschorsch,-,1319.62,-1.91,1576.51,0.0,85.63,0.64,24,0.0,12,0.0,12,0.0,0,0.0,50.0,0.0,2024-07-01,-,0,-
-,-,Cahir,-,1319.37,-1.36,1679.79,0.0,120.14,0.45,12,0.0,11,0.0,1,0.0,0,0.0,91.67,0.0,2022-02-22,-,0,-
-,-,nuvolaz,-,1319.18,-4.06,1474.61,0.0,51.81,1.35,210,0.0,105,0.0,105,0.0,0,0.0,50.0,0.0,2023-12-03,-,0,-
793,-58,Cristiancordeu,AR,1318.94,-8.38,1412.02,-4.99,31.03,1.13,338,6.0,144,2.0,188,4.0,6,0.0,42.6,-0.17,2026-05-21,-,0,496.0
794,37,Puren94,-,1318.82,37.53,1543.53,14.01,74.9,-7.84,32,6.0,18,2.0,14,4.0,0,0.0,56.25,-5.29,2026-03-29,-,0,1287.0
795,-25,Froggy42,DE,1318.23,7.44,1405.47,7.97,29.08,0.18,368,18.0,164,9.0,200,8.0,4,1.0,44.57,0.28,2026-05-20,-,0,527.0
-,-,Claudacia,-,1318.12,-1.79,1592.01,0.0,91.3,0.6,24,0.0,14,0.0,10,0.0,0,0.0,58.33,0.0,2021-02-21,-,0,-
796,6,Ulyssess,IT,1317.15,19.88,1404.94,20.68,29.26,0.27,392,18.0,163,12.0,227,6.0,2,0.0,41.58,1.21,2026-05-26,-,0,491.0
-,-,PatLes5Couronnes,-,1316.55,-1.78,1600.88,0.0,94.78,0.59,42,0.0,15,0.0,26,0.0,1,0.0,35.71,0.0,2025-04-26,-,0,578.0
-,-,DeineMudda,-,1316.13,-1.41,1662.45,0.0,115.44,0.47,12,0.0,7,0.0,5,0.0,0,0.0,58.33,0.0,2023-03-01,-,0,-
-,-,joofajnvyber,-,1315.75,-2.76,1496.54,0.0,60.26,0.92,102,0.0,51,0.0,51,0.0,0,0.0,50.0,0.0,2021-12-05,-,0,-
-,-,Royalhawk,-,1315.75,-2.26,1533.48,0.0,72.58,0.75,34,0.0,16,0.0,18,0.0,0,0.0,47.06,0.0,2025-03-24,-,0,872.0
-,-,Corrsarz,-,1315.66,-0.87,1879.99,0.0,188.11,0.29,6,0.0,6,0.0,0,0.0,0,0.0,100.0,0.0,2020-06-21,-,0,-
797,-453,FollowerOfCicero,-,1315.65,-196.61,1639.49,-263.69,107.94,-22.36,14,6.0,8,1.0,6,5.0,0,0.0,57.14,-30.36,2026-03-29,-,0,-
798,-41,Clue72,-,1314.98,-3.69,1455.73,0.0,46.92,1.23,100,0.0,46,0.0,53,0.0,1,0.0,46.0,0.0,2025-11-29,-,0,1421.0
-,-,danodan,-,1314.58,-2.54,1507.11,0.0,64.18,0.85,90,0.0,52,0.0,38,0.0,0,0.0,57.78,0.0,2021-09-05,-,0,-
799,-76,Dvd75,IT,1314.55,-17.59,1400.69,-18.83,28.71,-0.41,464,24.0,204,5.0,258,19.0,2,0.0,43.97,-1.26,2026-05-31,-,0,609.0
-,-,Andregby,-,1314.52,-1.49,1644.12,0.0,109.87,0.5,18,0.0,14,0.0,3,0.0,1,0.0,77.78,0.0,2021-06-02,-,0,-
800,-87,javimb89,ES,1314.23,-20.28,1393.23,-20.42,26.33,-0.05,404,30.0,176,9.0,227,21.0,1,0.0,43.56,-1.09,2026-05-29,-,0,446.0
801,110,ThePerceptiveGamer,-,1313.85,70.63,1471.95,34.29,52.7,-12.11,54,18.0,31,11.0,23,7.0,0,0.0,57.41,1.85,2026-05-26,-,0,845.0
802,67,SirDaan,-,1313.75,48.8,1622.17,28.76,102.81,-6.68,14,2.0,9,1.0,5,1.0,0,0.0,64.29,-2.38,2026-03-13,-,0,-
803,-217,A-Raw,-,1313.7,-79.51,1539.21,-109.3,75.17,-9.93,30,6.0,14,0.0,15,5.0,1,1.0,46.67,-11.66,2026-03-19,-,0,989.0
-,-,legendeman,-,1313.59,-1.39,1666.78,0.0,117.73,0.46,12,0.0,11,0.0,1,0.0,0,0.0,91.67,0.0,2022-02-27,-,0,-
804,-67,Aardwolf44,-,1313.26,-13.88,1424.76,-12.92,37.17,0.32,356,6.0,135,1.0,218,5.0,3,0.0,37.92,-0.37,2026-03-14,G,2,989.0
805,300,yourdearbrother,-,1313.09,196.43,1587.81,146.24,91.57,-16.73,18,6.0,10,5.0,8,1.0,0,0.0,55.56,13.89,2026-03-18,-,0,-
-,-,Isaca10,-,1312.57,-2.83,1487.46,0.0,58.3,0.94,84,0.0,46,0.0,38,0.0,0,0.0,54.76,0.0,2023-11-18,-,0,-
-,-,Serenicus,-,1312.51,-1.64,1611.54,0.0,99.68,0.55,18,0.0,10,0.0,7,0.0,1,0.0,55.56,0.0,2025-03-22,-,0,872.0
806,-44,Cyrus_j2s,-,1311.94,-3.59,1449.79,0.0,45.95,1.2,110,0.0,55,0.0,55,0.0,0,0.0,50.0,0.0,2026-01-24,-,0,872.0
807,-41,Keyadoria,-,1311.64,-1.95,1566.3,0.0,84.89,0.65,24,0.0,14,0.0,10,0.0,0,0.0,58.33,0.0,2026-01-22,-,0,1067.0
-,-,grantfive,-,1311.1,-2.14,1540.0,0.0,76.3,0.71,36,0.0,21,0.0,14,0.0,1,0.0,58.33,0.0,2022-03-06,-,0,-
808,-29,KTown,-,1310.33,2.75,1399.33,3.39,29.67,0.21,350,18.0,147,10.0,201,8.0,2,0.0,42.0,0.73,2026-05-30,-,0,589.0
-,-,Melingsguten,-,1310.26,-2.17,1536.28,0.0,75.34,0.72,32,0.0,19,0.0,13,0.0,0,0.0,59.38,0.0,2024-04-04,-,0,1287.0
809,45,Gympanse,-,1310.06,40.44,1479.12,-13.06,56.35,-17.84,44,18.0,22,7.0,21,11.0,1,0.0,50.0,-7.69,2026-05-29,-,0,-
-,-,KristianMedK,-,1309.88,-2.61,1500.16,0.0,63.43,0.87,90,0.0,51,0.0,37,0.0,2,0.0,56.67,0.0,2021-09-05,-,0,-
810,29,Kartek,-,1309.69,33.86,1459.75,-3.9,50.02,-12.59,70,24.0,39,13.0,30,11.0,1,0.0,55.71,-0.81,2026-05-25,-,0,861.0
-,-,-BARBAR-,-,1309.64,-1.1,1756.39,0.0,148.92,0.37,6,0.0,5,0.0,0,0.0,1,0.0,83.33,0.0,2023-01-15,-,0,-
-,-,Intriguing,-,1309.64,-1.96,1560.47,0.0,83.61,0.65,42,0.0,25,0.0,17,0.0,0,0.0,59.52,0.0,2021-03-02,-,0,-
-,-,5calpel,GB,1309.52,-3.44,1453.09,0.0,47.86,1.15,134,0.0,69,0.0,63,0.0,2,0.0,51.49,0.0,2024-06-02,-,0,-
811,-37,Pulpecja,PL,1309.26,0.03,1389.8,-0.13,26.85,-0.05,374,30.0,158,11.0,213,19.0,3,0.0,42.25,-0.48,2026-05-28,-,0,488.0
812,92,saiggo16,ES,1309.23,62.65,1422.81,49.2,37.86,-4.48,254,28.0,105,16.0,148,12.0,1,0.0,41.34,1.96,2026-05-28,-,0,-
-,-,Dooglassa,-,1309.14,-1.84,1575.0,0.0,88.62,0.61,22,0.0,9,0.0,13,0.0,0,0.0,40.91,0.0,2024-07-15,-,0,-
-,-,eLGi,-,1308.89,-1.81,1579.22,0.0,90.11,0.6,24,0.0,14,0.0,10,0.0,0,0.0,58.33,0.0,2022-03-06,-,0,-
813,27,Otto_von_Bismarck,-,1308.59,32.83,1508.86,19.61,66.76,-4.41,36,6.0,16,2.0,20,4.0,0,0.0,44.44,-2.23,2026-03-13,-,0,939.0
814,39,TTTTTT,-,1308.45,38.52,1562.97,-16.09,84.84,-18.2,18,6.0,9,2.0,9,4.0,0,0.0,50.0,-8.33,2026-03-19,-,0,-
815,-44,fridaK,-,1308.29,-2.16,1535.5,0.0,75.74,0.72,30,0.0,16,0.0,14,0.0,0,0.0,53.33,0.0,2026-01-25,-,0,939.0
816,20,Maharaj_JD,-,1308.13,30.12,1452.3,25.85,48.06,-1.43,90,6.0,39,4.0,51,2.0,0,0.0,43.33,1.66,2026-03-14,-,0,271.0
-,-,superginger,-,1308.0,-2.86,1480.85,0.0,57.62,0.95,88,0.0,43,0.0,45,0.0,0,0.0,48.86,0.0,2023-03-05,-,0,-
-,-,Epikoros,-,1307.32,-1.52,1631.27,0.0,107.98,0.51,18,0.0,8,0.0,8,0.0,2,0.0,44.44,0.0,2023-04-16,-,0,-
817,-40,GetGot,-,1307.09,-1.52,1629.29,0.0,107.4,0.51,12,0.0,8,0.0,4,0.0,0,0.0,66.67,0.0,2026-01-28,-,0,-
-,-,JBloodski,-,1307.07,-1.47,1639.66,0.0,110.86,0.49,12,0.0,8,0.0,4,0.0,0,0.0,66.67,0.0,2025-01-22,-,0,939.0
-,-,Jerome_Eiffel,-,1307.05,-2.36,1514.42,0.0,69.12,0.79,42,0.0,24,0.0,17,0.0,1,0.0,57.14,0.0,2023-11-29,-,0,-
818,19,Oleksandr,UA,1307.03,29.13,1478.87,19.02,57.28,-3.37,54,6.0,24,3.0,30,3.0,0,0.0,44.44,0.69,2026-03-15,-,0,337.0
819,-43,razorsedger,-,1306.58,-2.19,1531.05,0.0,74.82,0.73,30,0.0,17,0.0,12,0.0,1,0.0,56.67,0.0,2026-01-27,-,0,939.0
-,-,PostupRed,-,1306.26,-2.73,1493.35,0.0,62.36,0.91,102,0.0,43,0.0,58,0.0,1,0.0,42.16,0.0,2021-11-24,-,0,-
-,-,Steak,-,1306.1,-1.61,1610.05,0.0,101.32,0.54,18,0.0,13,0.0,5,0.0,0,0.0,72.22,0.0,2023-12-03,-,0,-
820,-212,rrobby,IT,1305.68,-77.68,1455.74,-109.94,50.02,-10.75,64,18.0,28,1.0,35,16.0,1,1.0,43.75,-14.95,2026-05-30,-,0,1287.0
-,-,Grandnewby,-,1305.63,-2.35,1514.6,0.0,69.66,0.78,36,0.0,23,0.0,12,0.0,1,0.0,63.89,0.0,2025-04-22,-,0,849.0
-,-,InquisitorEisenhorn,US,1305.47,-2.58,1497.79,0.0,64.1,0.86,60,0.0,36,0.0,24,0.0,0,0.0,60.0,0.0,2022-12-04,-,0,-
821,-102,Covid_19,-,1305.41,-27.23,1490.53,-40.57,61.71,-4.45,42,6.0,21,0.0,21,6.0,0,0.0,50.0,-8.33,2026-03-15,-,0,-
822,-135,Pieroz88,-,1305.28,-40.07,1527.99,-70.49,74.24,-10.14,32,6.0,16,0.0,16,6.0,0,0.0,50.0,-11.54,2026-03-21,-,0,296.0
823,-11,akira215,US,1305.25,14.23,1390.46,17.79,28.4,1.18,512,12.0,222,8.0,287,4.0,3,0.0,43.36,0.56,2026-05-31,-,0,457.0
-,-,Vandal,-,1305.12,-2.19,1530.38,0.0,75.09,0.73,36,0.0,14,0.0,22,0.0,0,0.0,38.89,0.0,2024-07-01,-,0,-
824,-99,Hashlerka,-,1304.93,-25.47,1422.39,-29.1,39.15,-1.21,122,12.0,53,4.0,68,8.0,1,0.0,43.44,-1.11,2026-05-31,-,0,653.0
-,-,Pika07,-,1304.92,-2.2,1527.37,0.0,74.15,0.73,30,0.0,16,0.0,14,0.0,0,0.0,53.33,0.0,2025-03-20,-,0,872.0
825,-39,etJake,US,1304.85,0.25,1403.67,1.15,32.94,0.3,276,12.0,115,6.0,158,6.0,3,0.0,41.67,0.38,2026-05-31,-,0,578.0
-,-,Psynergist,-,1304.7,-1.28,1690.53,0.0,128.61,0.43,14,0.0,8,0.0,6,0.0,0,0.0,57.14,0.0,2024-04-04,-,0,-
-,-,satur,-,1304.54,-1.5,1632.26,0.0,109.24,0.5,12,0.0,6,0.0,6,0.0,0,0.0,50.0,0.0,2024-04-04,-,0,-
826,-44,shiro0405,JP,1303.93,-3.14,1462.49,0.0,52.85,1.05,66,0.0,28,0.0,38,0.0,0,0.0,42.42,0.0,2026-01-27,-,0,939.0
-,-,Fblthp,-,1303.83,-2.28,1519.16,0.0,71.78,0.76,42,0.0,26,0.0,16,0.0,0,0.0,61.9,0.0,2023-03-01,-,0,-
827,-132,Rob13,BR,1303.78,-38.95,1405.18,-46.58,33.8,-2.54,140,24.0,59,3.0,79,20.0,2,1.0,42.14,-6.14,2026-05-24,-,0,598.0
-,-,Mulkabu,-,1303.26,-1.49,1632.88,0.0,109.87,0.5,18,0.0,10,0.0,6,0.0,2,0.0,55.56,0.0,2020-09-06,G,2,-
-,-,Eyswein,US,1302.81,-2.89,1472.79,0.0,56.66,0.96,60,0.0,29,0.0,31,0.0,0,0.0,48.33,0.0,2025-02-16,-,0,-
828,-122,ClaudiusMaurelius,-,1302.61,-35.41,1570.5,-90.77,89.3,-18.46,18,6.0,8,0.0,9,6.0,1,0.0,44.44,-22.23,2026-03-21,-,0,-
829,15,NoelFerrer,-,1302.17,28.59,1570.26,-13.13,89.36,-13.91,18,6.0,9,1.0,9,5.0,0,0.0,50.0,-16.67,2026-03-23,-,0,-
-,-,NateH,-,1301.89,-2.04,1542.23,0.0,80.11,0.68,24,0.0,11,0.0,13,0.0,0,0.0,45.83,0.0,2025-04-28,-,0,729.0
830,-24,abobey,ES,1301.84,7.07,1381.41,8.26,26.52,0.4,632,24.0,271,11.0,354,12.0,7,1.0,42.88,0.12,2026-05-31,-,0,534.0
-,-,thelittlejim,-,1301.81,-3.35,1454.11,0.0,50.77,1.12,108,0.0,53,0.0,54,0.0,1,0.0,49.07,0.0,2024-03-17,-,0,-
-,-,Olivyon,-,1301.46,-1.34,1666.36,0.0,121.63,0.45,18,0.0,13,0.0,5,0.0,0,0.0,72.22,0.0,2020-09-13,-,0,-
-,-,Bluebird503,-,1301.45,-2.92,1469.37,0.0,55.97,0.97,86,0.0,43,0.0,43,0.0,0,0.0,50.0,0.0,2023-03-01,-,0,-
-,-,Aksan,-,1301.12,-1.97,1549.32,0.0,82.74,0.66,24,0.0,14,0.0,9,0.0,1,0.0,58.33,0.0,2023-12-03,-,0,-
-,-,Reallaurin,-,1300.87,-1.58,1612.41,0.0,103.85,0.53,18,0.0,13,0.0,3,0.0,2,0.0,72.22,0.0,2021-06-02,-,0,-
-,-,jazzbaek,-,1300.61,-1.38,1656.25,0.0,118.55,0.46,12,0.0,8,0.0,4,0.0,0,0.0,66.67,0.0,2021-03-02,-,0,-
-,-,osterangen,-,1300.57,-3.58,1441.05,0.0,46.83,1.19,234,0.0,111,0.0,119,0.0,4,0.0,47.44,0.0,2023-07-15,-,0,-
-,-,Dedengkot,-,1300.02,-2.94,1468.19,0.0,56.06,0.98,114,0.0,56,0.0,57,0.0,1,0.0,49.12,0.0,2023-12-03,-,0,-
-,-,Luedegast,-,1300.01,-1.68,1591.88,0.0,97.29,0.56,18,0.0,11,0.0,7,0.0,0,0.0,61.11,0.0,2024-04-04,-,0,-
-,-,FLOW_OF_C_H,-,1300.0,-1.17,1717.8,0.0,139.27,0.39,8,0.0,6,0.0,2,0.0,0,0.0,75.0,0.0,2024-02-23,-,0,-
-,-,arixe,-,1299.25,-2.39,1507.65,0.0,69.47,0.8,72,0.0,39,0.0,32,0.0,1,0.0,54.17,0.0,2021-08-18,-,0,-
-,-,DVDripXvid,-,1299.09,-1.84,1565.09,0.0,88.66,0.61,18,0.0,11,0.0,7,0.0,0,0.0,61.11,0.0,2025-03-10,-,0,729.0
831,-37,LudoH,-,1298.22,-2.11,1530.86,0.0,77.55,0.7,26,0.0,12,0.0,13,0.0,1,0.0,46.15,0.0,2026-01-27,-,0,872.0
-,-,deleted_user_9880390,-,1297.29,-2.82,1472.05,0.0,58.25,0.94,66,0.0,36,0.0,30,0.0,0,0.0,54.55,0.0,2024-05-24,-,0,-
832,-35,Martin2021,-,1296.93,-2.6,1488.45,0.0,63.84,0.87,50,0.0,27,0.0,23,0.0,0,0.0,54.0,0.0,2025-07-25,-,0,753.0
-,-,wep,-,1296.42,-2.23,1517.17,0.0,73.58,0.74,48,0.0,21,0.0,27,0.0,0,0.0,43.75,0.0,2020-08-12,P,2,-
833,-34,KubikD,-,1296.35,-2.68,1480.4,0.0,61.35,0.89,48,0.0,24,0.0,24,0.0,0,0.0,50.0,0.0,2026-01-20,-,0,529.0
-,-,Arccos,GR,1295.82,-3.98,1444.06,0.0,49.42,1.33,278,0.0,123,0.0,154,0.0,1,0.0,44.24,0.0,2023-05-25,P,4,-
-,-,Schallers3000,DE,1295.27,-4.72,1415.22,0.0,39.99,1.57,426,0.0,183,0.0,238,0.0,5,0.0,42.96,0.0,2024-10-01,G,4,-
834,-104,Gurhuntar,-,1294.92,-33.84,1469.82,-46.35,58.3,-4.17,50,6.0,24,0.0,25,6.0,1,0.0,48.0,-6.55,2026-03-19,-,0,872.0
-,-,Joalm,-,1294.88,-2.84,1471.38,0.0,58.83,0.95,96,0.0,47,0.0,49,0.0,0,0.0,48.96,0.0,2022-09-04,-,0,-
-,-,wirymen,PL,1294.74,-3.75,1428.77,0.0,44.68,1.25,166,0.0,78,0.0,87,0.0,1,0.0,46.99,0.0,2024-07-01,-,0,-
-,-,TBC,-,1294.32,-1.55,1611.03,0.0,105.57,0.52,18,0.0,12,0.0,6,0.0,0,0.0,66.67,0.0,2024-04-04,-,0,-
835,83,Impr,-,1294.28,55.52,1452.27,5.15,52.66,-16.79,60,24.0,29,9.0,30,14.0,1,1.0,48.33,-7.23,2026-05-31,-,0,1381.0
836,-33,Rubberchicken,AU,1294.15,-1.13,1726.3,0.0,144.05,0.38,8,0.0,8,0.0,0,0.0,0,0.0,100.0,0.0,2026-01-02,-,0,-
-,-,jratana1,-,1293.69,-1.31,1667.19,0.0,124.5,0.44,12,0.0,9,0.0,3,0.0,0,0.0,75.0,0.0,2024-04-04,-,0,-
837,-244,lcesar34,-,1293.6,-96.43,1528.59,-133.54,78.33,-12.37,30,6.0,19,0.0,11,6.0,0,0.0,63.33,-15.84,2026-03-23,-,0,-
838,-40,albinsix,FR,1293.53,-5.82,1375.28,-5.55,27.25,0.09,698,24.0,296,11.0,398,13.0,4,0.0,42.41,0.13,2026-05-31,-,0,517.0
-,-,fli_pao,-,1293.47,-3.97,1418.82,0.0,41.79,1.32,186,0.0,87,0.0,98,0.0,1,0.0,46.77,0.0,2025-02-28,-,0,716.0
-,-,Bahul,-,1293.27,-1.64,1593.03,0.0,99.92,0.55,18,0.0,12,0.0,6,0.0,0,0.0,66.67,0.0,2024-04-04,-,0,-
-,-,carygug,-,1292.88,-2.02,1534.98,0.0,80.7,0.67,30,0.0,14,0.0,16,0.0,0,0.0,46.67,0.0,2022-03-06,-,0,-
-,-,lleviadon,-,1292.61,-2.28,1509.13,0.0,72.17,0.76,54,0.0,26,0.0,28,0.0,0,0.0,48.15,0.0,2021-06-02,G,6,-
-,-,stanel,RO,1292.26,-3.62,1442.2,0.0,49.98,1.21,310,0.0,129,0.0,181,0.0,0,0.0,41.61,0.0,2023-02-28,G,4,-
839,-52,Wiktor,-,1292.07,-11.99,1393.65,-17.53,33.86,-1.85,180,24.0,78,8.0,102,16.0,0,0.0,43.33,-1.54,2026-05-31,-,0,414.0
-,-,Slavica,HR,1291.77,-2.87,1464.36,0.0,57.53,0.96,64,0.0,29,0.0,35,0.0,0,0.0,45.31,0.0,2025-03-09,-,0,595.0
-,-,TERMINATORDESTROYER,-,1291.7,-0.99,1785.35,0.0,164.55,0.33,6,0.0,5,0.0,0,0.0,1,0.0,83.33,0.0,2020-09-06,-,0,-
840,-185,mowangfeng,-,1291.23,-67.2,1553.49,-115.1,87.42,-15.97,20,6.0,11,1.0,8,4.0,1,1.0,55.0,-16.43,2026-03-21,-,0,1375.0
841,-37,Buiz,DK,1291.05,-4.0,1415.02,0.0,41.32,1.33,172,0.0,81,0.0,91,0.0,0,0.0,47.09,0.0,2026-01-25,-,0,788.0
842,-47,Chriiiss,FR,1291.02,-9.11,1380.07,-8.37,29.69,0.25,446,18.0,185,7.0,257,10.0,4,1.0,41.48,-0.11,2026-05-31,-,0,445.0
-,-,Philihp,-,1291.02,-1.98,1540.31,0.0,83.1,0.66,42,0.0,25,0.0,16,0.0,1,0.0,59.52,0.0,2021-12-05,-,0,-
-,-,dickhui,-,1290.65,-1.24,1685.92,0.0,131.76,0.41,12,0.0,10,0.0,2,0.0,0,0.0,83.33,0.0,2021-03-02,-,0,-
-,-,StudyCZ,-,1289.89,-2.57,1481.89,0.0,64.0,0.86,102,0.0,49,0.0,53,0.0,0,0.0,48.04,0.0,2021-05-30,-,0,-
843,-32,Rick80,-,1289.23,-1.93,1376.9,-1.6,29.22,0.11,430,18.0,183,8.0,245,10.0,2,0.0,42.56,0.08,2026-05-31,-,0,618.0
-,-,peracottari,-,1289.14,-3.56,1436.43,0.0,49.1,1.19,282,0.0,112,0.0,167,0.0,3,0.0,39.72,0.0,2023-02-18,-,0,-
844,77,Kivok,-,1289.04,55.57,1570.43,0.33,93.8,-18.41,18,6.0,10,4.0,8,2.0,0,0.0,55.56,5.56,2026-03-13,-,0,-
-,-,Brecker,-,1288.94,-2.84,1464.05,0.0,58.37,0.95,108,0.0,51,0.0,56,0.0,1,0.0,47.22,0.0,2022-08-29,-,0,-
845,-137,Michcio,-,1288.84,-47.03,1417.91,-82.72,43.02,-11.9,86,32.0,39,10.0,47,22.0,0,0.0,45.35,-8.35,2026-05-25,-,0,1241.0
-,-,Sotinche,-,1288.66,-3.21,1440.34,0.0,50.56,1.07,156,0.0,71,0.0,83,0.0,2,0.0,45.51,0.0,2023-02-28,-,0,-
846,103,Chenese,-,1288.46,74.48,1508.46,47.28,73.33,-9.07,30,6.0,14,3.0,15,2.0,1,1.0,46.67,0.84,2026-03-18,-,0,1118.0
847,-34,grace,-,1288.14,-2.3,1502.65,0.0,71.5,0.77,36,0.0,21,0.0,15,0.0,0,0.0,58.33,0.0,2025-07-15,-,0,1172.0
848,-184,J-Dawg,-,1287.92,-66.5,1496.67,-91.92,69.58,-8.48,32,6.0,15,0.0,17,6.0,0,0.0,46.88,-10.81,2026-03-23,-,0,805.0
849,-21,Dumnac,FR,1287.57,5.87,1373.67,5.17,28.7,-0.23,274,24.0,120,13.0,151,11.0,3,0.0,43.8,1.0,2026-05-31,-,0,611.0
850,-60,Garban7,-,1287.44,-14.43,1385.81,-14.65,32.79,-0.07,312,12.0,127,3.0,183,9.0,2,0.0,40.71,-0.62,2026-05-23,-,0,541.0
851,-19,Jolli,-,1287.2,5.98,1379.64,5.1,30.81,-0.29,250,18.0,102,8.0,144,8.0,4,2.0,40.8,0.28,2026-05-27,-,0,500.0
-,-,ZacDeMundo,CA,1287.17,-3.53,1427.31,0.0,46.71,1.18,132,0.0,63,0.0,68,0.0,1,0.0,47.73,0.0,2024-09-15,-,0,-
852,-60,Schedar,-,1287.13,-14.31,1399.07,-12.81,37.31,0.5,236,6.0,106,0.0,128,6.0,2,0.0,44.92,-1.17,2026-03-16,-,0,836.0
-,-,Ryk_Longspear,-,1286.87,-1.87,1549.37,0.0,87.5,0.62,24,0.0,14,0.0,10,0.0,0,0.0,58.33,0.0,2022-03-06,-,0,-
-,-,LaDfBC,-,1286.86,-1.9,1545.26,0.0,86.13,0.63,24,0.0,14,0.0,10,0.0,0,0.0,58.33,0.0,2025-05-06,-,0,729.0
853,40,verbalg,-,1286.57,34.47,1404.81,24.89,39.41,-3.19,100,18.0,43,11.0,57,7.0,0,0.0,43.0,3.98,2026-05-26,-,0,720.0
-,-,Abby1991,-,1285.34,-2.17,1511.37,0.0,75.34,0.72,36,0.0,18,0.0,18,0.0,0,0.0,50.0,0.0,2022-05-29,-,0,-
854,-155,tue2k,-,1283.97,-56.53,1544.91,-112.03,86.98,-18.5,18,6.0,9,1.0,9,5.0,0,0.0,50.0,-16.67,2026-03-18,-,0,-
-,-,BTA,-,1283.9,-3.41,1432.83,0.0,49.64,1.14,182,0.0,81,0.0,98,0.0,3,0.0,44.51,0.0,2023-05-28,-,0,-
855,-47,Jume,ES,1283.78,-10.38,1367.05,-10.59,27.75,-0.07,290,24.0,116,6.0,171,18.0,3,0.0,40.0,-1.35,2026-05-25,-,0,496.0
-,-,Emiliano,IT,1281.74,-3.41,1426.94,0.0,48.4,1.14,228,0.0,102,0.0,126,0.0,0,0.0,44.74,0.0,2024-04-04,-,0,-
856,149,longapple,-,1281.56,102.43,1555.64,33.33,91.36,-23.04,18,6.0,9,3.0,9,3.0,0,0.0,50.0,0.0,2026-03-14,-,0,-
-,-,Nigma,RU,1281.53,-2.99,1448.61,0.0,55.7,1.0,104,0.0,50,0.0,54,0.0,0,0.0,48.08,0.0,2023-03-01,-,0,-
-,-,Stu12,-,1281.42,-1.54,1599.15,0.0,105.91,0.51,24,0.0,14,0.0,10,0.0,0,0.0,58.33,0.0,2019-12-29,-,0,-
857,-37,Amarok,-,1281.18,-2.7,1464.42,0.0,61.08,0.9,48,0.0,22,0.0,26,0.0,0,0.0,45.83,0.0,2026-01-26,-,0,1067.0
-,-,pabula,PL,1281.17,-3.74,1414.89,0.0,44.57,1.25,162,0.0,71,0.0,87,0.0,4,0.0,43.83,0.0,2024-10-01,-,0,-
858,-42,Sapiocek,-,1281.05,-4.58,1398.49,0.0,39.15,1.53,238,0.0,95,0.0,139,0.0,4,0.0,39.92,0.0,2026-01-27,G,2,796.0
859,-44,weed14,SG,1280.76,-4.97,1381.81,0.0,33.68,1.66,454,0.0,187,0.0,264,0.0,3,0.0,41.19,0.0,2025-11-27,-,0,932.0
-,-,SKM,-,1280.75,-1.95,1532.38,0.0,83.88,0.65,24,0.0,13,0.0,10,0.0,1,0.0,54.17,0.0,2023-09-03,-,0,-
860,new,scaggi,-,1280.69,830.69,1585.57,85.57,101.63,101.63,12,12.0,9,9.0,3,3.0,0,0.0,75.0,75.0,2026-05-25,-,0,-
861,-47,luckrider,DE,1280.66,-9.07,1370.08,-8.3,29.81,0.26,316,18.0,129,4.0,183,13.0,4,1.0,40.82,-1.13,2026-05-31,-,0,432.0
-,-,jamiu5,-,1280.65,-2.09,1515.61,0.0,78.32,0.7,48,0.0,18,0.0,30,0.0,0,0.0,37.5,0.0,2020-06-28,P,2,-
862,-41,Drizzt84,-,1280.36,-3.19,1390.72,-2.21,36.79,0.33,194,6.0,79,2.0,113,4.0,2,0.0,40.72,-0.24,2026-04-03,-,0,659.0
863,-37,joecackler,-,1280.18,-2.1,1515.34,-44.32,78.38,-14.07,22,6.0,12,2.0,9,4.0,1,0.0,54.55,-7.95,2026-05-24,-,0,868.0
-,-,bobis,-,1280.04,-2.2,1505.19,0.0,75.05,0.73,50,0.0,34,0.0,15,0.0,1,0.0,68.0,0.0,2023-08-25,-,0,-
-,-,HansBugge,NO,1280.0,-4.72,1389.23,0.0,36.41,1.57,308,0.0,136,0.0,169,0.0,3,0.0,44.16,0.0,2025-04-19,-,0,700.0
864,-45,Bonobours,FR,1279.73,-4.87,1385.7,0.0,35.33,1.62,164,0.0,70,0.0,94,0.0,0,0.0,42.68,0.0,2026-01-28,-,0,679.0
865,-38,HerrBu,-,1279.68,-2.03,1522.43,0.0,80.92,0.68,24,0.0,13,0.0,11,0.0,0,0.0,54.17,0.0,2026-01-21,-,0,989.0
866,4,taltal,-,1279.08,14.68,1421.1,12.11,47.34,-0.86,84,6.0,37,2.0,46,3.0,1,1.0,44.05,-0.82,2026-03-18,-,0,536.0
-,-,KindFortress,-,1278.94,-3.48,1421.8,0.0,47.62,1.16,136,0.0,59,0.0,76,0.0,1,0.0,43.38,0.0,2024-09-04,-,0,1287.0
-,-,joaoleal2,-,1278.91,-2.83,1459.84,0.0,60.31,0.94,138,0.0,63,0.0,75,0.0,0,0.0,45.65,0.0,2021-09-05,-,0,-
867,-32,OrionAlpha,-,1278.86,-0.15,1356.12,1.34,25.75,0.5,698,30.0,273,9.0,414,20.0,11,1.0,39.11,-0.41,2026-05-31,-,0,512.0
-,-,jczas,-,1278.61,-1.99,1524.78,0.0,82.06,0.66,36,0.0,21,0.0,15,0.0,0,0.0,58.33,0.0,2022-05-29,-,0,-
868,-61,greyshade,-,1278.57,-16.17,1371.72,-14.8,31.05,0.46,428,12.0,188,2.0,237,10.0,3,0.0,43.93,-0.78,2026-05-22,-,0,494.0
-,-,jezevec_lesni,-,1278.32,-2.46,1477.23,0.0,66.3,0.82,84,0.0,38,0.0,46,0.0,0,0.0,45.24,0.0,2021-03-02,G,2,-
869,-39,Frygian,-,1278.07,-3.54,1419.43,0.0,47.12,1.18,84,0.0,36,0.0,47,0.0,1,0.0,42.86,0.0,2026-01-23,-,0,562.0
870,-18,SteffenViisdom,-,1277.93,7.91,1482.45,-13.76,68.17,-7.22,36,6.0,16,2.0,20,4.0,0,0.0,44.44,-2.23,2026-03-11,-,0,872.0
-,-,deleted_user_9275835,-,1277.73,-1.42,1623.54,0.0,115.27,0.47,12,0.0,9,0.0,3,0.0,0,0.0,75.0,0.0,2024-12-04,-,0,1287.0
-,-,Medicus,-,1277.47,-2.22,1498.89,0.0,73.81,0.74,34,0.0,15,0.0,19,0.0,0,0.0,44.12,0.0,2025-01-27,-,0,939.0
-,-,pororo2,-,1277.44,-2.05,1518.97,0.0,80.51,0.68,36,0.0,21,0.0,15,0.0,0,0.0,58.33,0.0,2021-12-05,-,0,-
-,-,BrentC,-,1277.42,-2.74,1456.7,0.0,59.76,0.91,138,0.0,56,0.0,79,0.0,3,0.0,40.58,0.0,2021-12-22,-,0,-
871,9,FrancoisFerdinand,-,1277.36,17.39,1421.7,12.93,48.11,-1.49,84,6.0,37,3.0,46,3.0,1,0.0,44.05,0.46,2026-04-15,-,0,842.0
872,303,Graypilgrim,-,1277.02,232.33,1484.1,64.5,69.03,-55.94,32,24.0,15,12.0,16,12.0,1,0.0,46.88,9.38,2026-05-31,-,0,-
-,-,cibernyam,-,1276.89,-3.23,1430.26,0.0,51.12,1.08,100,0.0,46,0.0,53,0.0,1,0.0,46.0,0.0,2024-05-26,-,0,-
-,-,CrystalPete420,-,1276.88,-2.41,1482.62,0.0,68.58,0.8,54,0.0,25,0.0,28,0.0,1,0.0,46.3,0.0,2022-08-31,-,0,989.0
-,-,Akio,-,1276.73,-2.29,1495.94,0.0,73.07,0.76,90,0.0,54,0.0,36,0.0,0,0.0,60.0,0.0,2020-11-27,-,0,-
-,-,Robson_Ponte,-,1276.62,-3.8,1407.85,0.0,43.74,1.27,194,0.0,94,0.0,100,0.0,0,0.0,48.45,0.0,2024-04-04,-,0,-
873,-39,vgiannog,-,1276.5,-3.5,1398.24,-9.22,40.58,-1.91,110,12.0,50,6.0,59,6.0,1,0.0,45.45,0.55,2026-05-29,-,0,602.0
-,-,ivantz,-,1276.5,-2.13,1506.19,0.0,76.56,0.71,72,0.0,38,0.0,34,0.0,0,0.0,52.78,0.0,2020-05-24,-,0,-
-,-,bluestar,-,1276.41,-1.22,1678.15,0.0,133.91,0.41,12,0.0,7,0.0,4,0.0,1,0.0,58.33,0.0,2019-06-13,-,0,-
-,-,AmosCai,-,1276.22,-2.37,1483.04,0.0,68.94,0.79,48,0.0,24,0.0,22,0.0,2,0.0,50.0,0.0,2022-08-29,-,0,-
-,-,Sonaes,-,1275.89,-2.62,1466.72,0.0,63.61,0.87,90,0.0,49,0.0,41,0.0,0,0.0,54.44,0.0,2022-02-27,G,2,-
874,107,Fanti,-,1275.86,83.88,1535.9,28.54,86.68,-18.45,18,6.0,9,3.0,9,3.0,0,0.0,50.0,0.0,2026-03-12,-,0,-
-,-,bzburnin,-,1275.55,-4.85,1385.24,0.0,36.56,1.62,586,0.0,239,0.0,336,0.0,11,0.0,40.78,0.0,2025-04-19,G,6,707.0
875,119,OodOok,-,1275.3,87.78,1484.0,31.7,69.57,-18.69,36,12.0,18,6.0,18,6.0,0,0.0,50.0,0.0,2026-03-29,-,0,1375.0
876,-51,HRG,-,1275.26,-7.05,1360.33,-5.56,28.36,0.5,366,18.0,143,4.0,223,14.0,0,0.0,39.07,-0.87,2026-05-31,-,0,517.0
877,82,Vyzvejkanec,-,1274.26,64.71,1468.16,48.19,64.63,-5.51,44,6.0,19,4.0,25,2.0,0,0.0,43.18,3.71,2026-03-23,-,0,939.0
-,-,oldmutant,-,1274.23,-3.42,1422.33,0.0,49.37,1.14,196,0.0,92,0.0,104,0.0,0,0.0,46.94,0.0,2023-03-05,-,0,-
-,-,Vanilla,-,1274.21,-2.26,1491.72,0.0,72.5,0.75,36,0.0,15,0.0,21,0.0,0,0.0,41.67,0.0,2024-09-04,-,0,-
-,-,Darkksun,-,1273.97,-2.13,1503.78,0.0,76.6,0.71,30,0.0,12,0.0,18,0.0,0,0.0,40.0,0.0,2024-07-01,-,0,-
878,-156,kingslayer90,-,1273.97,-58.3,1489.52,-86.47,71.85,-9.39,36,6.0,16,0.0,20,6.0,0,0.0,44.44,-8.89,2026-03-14,-,0,805.0
879,36,BadEagle,-,1273.97,32.12,1503.7,-4.01,76.57,-12.04,26,6.0,11,2.0,14,3.0,1,1.0,42.31,-2.69,2026-03-26,-,0,1118.0
-,-,Mikeski,-,1273.93,-1.89,1533.41,0.0,86.49,0.63,22,0.0,13,0.0,9,0.0,0,0.0,59.09,0.0,2025-03-23,-,0,939.0
-,-,LSF,-,1273.84,-0.95,1789.33,0.0,171.83,0.32,6,0.0,6,0.0,0,0.0,0,0.0,100.0,0.0,2020-09-06,-,0,-
880,-20,GamesClaw,-,1273.49,5.43,1387.82,5.61,38.11,0.06,190,6.0,84,4.0,106,2.0,0,0.0,44.21,0.73,2026-05-18,-,0,805.0
-,-,Dometcalf,-,1273.38,-2.83,1447.65,0.0,58.09,0.94,70,0.0,34,0.0,35,0.0,1,0.0,48.57,0.0,2024-02-25,-,0,-
881,-15,Monik,LT,1272.28,5.72,1352.47,6.93,26.73,0.4,694,24.0,270,12.0,417,12.0,7,0.0,38.9,0.39,2026-05-31,-,0,500.0
-,-,torstenk,-,1272.02,-2.62,1460.03,0.0,62.67,0.87,48,0.0,25,0.0,22,0.0,1,0.0,52.08,0.0,2025-01-26,-,0,1284.0
882,45,jmcj,-,1271.76,40.81,1416.82,21.09,48.35,-6.57,70,18.0,31,7.0,39,11.0,0,0.0,44.29,-1.86,2026-05-31,-,0,1258.0
883,-36,Cimone,IT,1271.7,-1.44,1611.66,0.0,113.32,0.48,12,0.0,8,0.0,4,0.0,0,0.0,66.67,0.0,2026-01-23,-,0,-
-,-,dannymcbride,-,1271.65,-2.21,1494.03,0.0,74.12,0.74,28,0.0,15,0.0,13,0.0,0,0.0,53.57,0.0,2025-01-24,-,0,868.0
-,-,Backburner,LB,1271.51,-2.93,1441.75,0.0,56.75,0.98,102,0.0,52,0.0,50,0.0,0,0.0,50.98,0.0,2024-04-04,-,0,-
884,-39,Numsy71,-,1271.19,-2.2,1495.27,0.0,74.69,0.73,30,0.0,12,0.0,18,0.0,0,0.0,40.0,0.0,2026-01-24,-,0,717.0
-,-,Hamsert,-,1271.04,-1.82,1541.28,0.0,90.08,0.61,30,0.0,19,0.0,10,0.0,1,0.0,63.33,0.0,2021-09-05,-,0,-
-,-,darkstar75,IT,1270.26,-2.82,1448.97,0.0,59.57,0.94,84,0.0,41,0.0,42,0.0,1,0.0,48.81,0.0,2023-02-12,-,0,-
885,392,FireBones,-,1270.19,379.5,1519.37,68.25,83.06,-103.75,22,18.0,14,12.0,7,5.0,1,1.0,63.64,13.64,2026-05-25,-,0,-
886,-44,JJsDad,-,1270.06,-4.34,1480.32,-26.88,70.09,-7.52,30,6.0,12,1.0,18,5.0,0,0.0,40.0,-5.83,2026-03-14,-,0,989.0
887,-23,dmhalford,IT,1269.95,3.28,1369.29,5.83,33.11,0.85,418,6.0,161,3.0,254,3.0,3,0.0,38.52,0.17,2026-04-07,-,0,700.0
-,-,DrewTheBold,-,1268.95,-1.39,1620.4,0.0,117.15,0.46,18,0.0,13,0.0,5,0.0,0,0.0,72.22,0.0,2021-03-02,-,0,-
-,-,Pablito,-,1268.87,-3.55,1407.46,0.0,46.2,1.18,248,0.0,109,0.0,138,0.0,1,0.0,43.95,0.0,2023-08-25,-,0,-
888,462,ogre44444,-,1268.67,571.07,1549.15,-26.11,93.49,-199.06,20,18.0,15,13.0,5,5.0,0,0.0,75.0,-25.0,2026-05-27,-,0,-
-,-,Tohuwabohu,-,1268.55,-1.61,1573.76,0.0,101.74,0.54,18,0.0,11,0.0,6,0.0,1,0.0,61.11,0.0,2023-01-15,-,0,-
889,-18,TeriyakiJaccuzi,US,1268.12,3.72,1346.69,4.56,26.19,0.28,600,26.0,238,10.0,354,14.0,8,2.0,39.67,-0.05,2026-05-31,-,0,502.0
-,-,ysiad,-,1267.9,-2.25,1486.19,0.0,72.76,0.75,36,0.0,23,0.0,13,0.0,0,0.0,63.89,0.0,2023-11-28,-,0,460.0
-,-,Entername,-,1267.81,-1.71,1555.01,0.0,95.73,0.57,18,0.0,10,0.0,8,0.0,0,0.0,55.56,0.0,2025-03-27,-,0,939.0
890,-35,Zzharg,-,1267.73,-1.24,1661.22,0.0,131.16,0.41,8,0.0,4,0.0,4,0.0,0,0.0,50.0,0.0,2026-02-07,-,0,-
891,3,Jmstoic,-,1267.4,15.33,1392.18,8.68,41.59,-2.22,186,12.0,73,5.0,112,7.0,1,0.0,39.25,0.17,2026-05-28,-,0,1244.0
-,-,Vitezslack,-,1267.31,-2.17,1495.0,0.0,75.9,0.72,48,0.0,26,0.0,22,0.0,0,0.0,54.17,0.0,2021-09-05,-,0,-
-,-,PhamNuwen,-,1267.27,-2.43,1469.42,0.0,67.38,0.81,42,0.0,23,0.0,19,0.0,0,0.0,54.76,0.0,2025-01-29,-,0,989.0
892,-36,Minkus,-,1267.01,-1.94,1520.03,0.0,84.34,0.65,24,0.0,16,0.0,8,0.0,0,0.0,66.67,0.0,2026-02-01,-,0,1118.0
-,-,Derey,-,1266.61,-2.65,1452.17,0.0,61.85,0.88,84,0.0,42,0.0,41,0.0,1,0.0,50.0,0.0,2022-05-27,-,0,-
-,-,Keffo,-,1266.56,-2.52,1463.78,0.0,65.74,0.84,60,0.0,31,0.0,28,0.0,1,0.0,51.67,0.0,2023-01-15,-,0,-
-,-,clickk,-,1266.52,-1.67,1560.31,0.0,97.93,0.56,18,0.0,8,0.0,10,0.0,0,0.0,44.44,0.0,2025-03-16,-,0,939.0
893,-44,StefanGreatFirst,PL,1266.5,-4.24,1388.29,0.0,40.6,1.41,152,0.0,64,0.0,87,0.0,1,0.0,42.11,0.0,2026-01-21,-,0,1067.0
-,-,wylaryzel,AT,1266.23,-3.48,1412.35,0.0,48.71,1.16,168,0.0,78,0.0,88,0.0,2,0.0,46.43,0.0,2023-08-26,-,0,-
-,-,macike,-,1266.07,-2.2,1489.27,0.0,74.4,0.73,42,0.0,19,0.0,23,0.0,0,0.0,45.24,0.0,2022-09-04,-,0,-
-,-,CabalSociety,-,1265.97,-2.87,1437.56,0.0,57.2,0.96,96,0.0,47,0.0,48,0.0,1,0.0,48.96,0.0,2023-04-16,-,0,-
894,-46,Melon6688,CA,1265.59,-5.28,1351.09,-3.0,28.5,0.76,640,18.0,267,6.0,369,12.0,4,0.0,41.72,-0.24,2026-05-18,-,0,742.0
-,-,Menno,-,1265.31,-3.58,1405.35,0.0,46.68,1.19,150,0.0,65,0.0,84,0.0,1,0.0,43.33,0.0,2024-07-01,G,2,-
895,-36,nicg,US,1265.19,-2.89,1435.22,0.0,56.68,0.96,58,0.0,27,0.0,31,0.0,0,0.0,46.55,0.0,2026-02-01,-,0,802.0
896,-34,Norgaimen,-,1265.07,-2.35,1475.05,0.0,69.99,0.78,44,0.0,22,0.0,22,0.0,0,0.0,50.0,0.0,2026-01-27,-,0,-
897,-25,Crs,GB,1264.98,0.74,1343.37,1.05,26.13,0.1,584,30.0,219,12.0,363,18.0,2,0.0,37.5,0.14,2026-05-28,-,0,463.0
898,-16,MarcinWol,-,1264.81,6.05,1558.13,-86.25,97.77,-30.77,18,6.0,11,2.0,7,4.0,0,0.0,61.11,-13.89,2026-03-18,-,0,-
899,-36,baralex,-,1264.72,-2.0,1510.06,0.0,81.78,0.67,30,0.0,14,0.0,16,0.0,0,0.0,46.67,0.0,2026-01-26,-,0,872.0
900,-35,Deremfi,-,1264.59,-2.07,1501.83,0.0,79.08,0.69,36,0.0,19,0.0,17,0.0,0,0.0,52.78,0.0,2026-01-24,-,0,-
-,-,JonJayJanyJanzn,-,1264.26,-1.58,1574.88,0.0,103.54,0.53,18,0.0,12,0.0,6,0.0,0,0.0,66.67,0.0,2024-12-07,-,0,1184.0
901,-60,Mejdzr,CZ,1264.07,-10.84,1371.17,-9.23,35.7,0.54,242,6.0,98,1.0,143,5.0,1,0.0,40.5,-0.6,2026-04-14,G,2,536.0
-,-,Drannoc,-,1264.03,-2.36,1471.93,0.0,69.3,0.79,72,0.0,38,0.0,34,0.0,0,0.0,52.78,0.0,2021-06-02,-,0,-
902,-106,Izayoi,-,1263.93,-35.88,1489.57,-128.79,75.21,-30.97,24,12.0,13,3.0,11,9.0,0,0.0,54.17,-29.16,2026-05-30,-,0,-
903,10,Modiarty,-,1263.92,21.3,1539.91,-56.11,92.0,-25.81,18,6.0,10,2.0,8,4.0,0,0.0,55.56,-11.11,2026-03-19,-,0,-
904,-21,SchutterNL,-,1263.73,5.29,1530.53,-50.95,88.94,-18.75,18,6.0,10,1.0,8,5.0,0,0.0,55.56,-19.44,2026-03-27,-,0,-
-,-,Aksiom,-,1263.63,-2.86,1435.04,0.0,57.14,0.95,126,0.0,56,0.0,70,0.0,0,0.0,44.44,0.0,2022-03-06,-,0,-
905,-37,araknid,ES,1263.38,-2.17,1492.58,0.0,76.4,0.72,24,0.0,11,0.0,11,0.0,2,0.0,45.83,0.0,2025-08-30,-,0,1116.0
906,-22,monkeyml,-,1263.29,5.08,1368.58,6.97,35.1,0.63,226,6.0,95,3.0,125,3.0,6,0.0,42.04,0.22,2026-04-14,-,0,640.0
907,13,kev5047,GB,1263.24,27.93,1361.98,24.09,32.91,-1.28,266,24.0,93,14.0,171,10.0,2,0.0,34.96,2.32,2026-05-25,-,0,565.0
-,-,wicaksonoadi,-,1263.23,-2.11,1497.17,0.0,77.98,0.7,36,0.0,18,0.0,17,0.0,1,0.0,50.0,0.0,2021-08-19,-,0,-
908,232,Patelavache,-,1262.98,179.75,1485.56,143.88,74.2,-11.96,36,12.0,17,7.0,19,5.0,0,0.0,47.22,5.55,2026-05-13,-,0,1118.0
909,36,Aekk,-,1262.9,44.37,1566.68,-42.39,101.26,-28.92,14,6.0,6,1.0,8,5.0,0,0.0,42.86,-19.64,2026-03-16,-,0,-
910,-19,Bedrich_H,-,1262.82,10.47,1348.48,10.9,28.55,0.14,438,24.0,157,11.0,274,13.0,7,0.0,35.84,0.57,2026-05-31,-,0,602.0
911,-54,Joppur,SE,1262.82,-5.77,1359.69,0.0,32.29,1.92,330,0.0,131,0.0,198,0.0,1,0.0,39.7,0.0,2026-02-28,-,0,396.0
-,-,Davidmel,IL,1262.73,-4.04,1385.86,0.0,41.04,1.35,330,0.0,133,0.0,192,0.0,5,0.0,40.3,0.0,2024-09-15,-,0,-
912,-79,LeSauvage,BE,1262.5,-17.75,1358.58,-14.48,32.03,1.09,310,6.0,130,0.0,180,6.0,0,0.0,41.94,-0.82,2026-04-09,-,0,565.0
-,-,SteveMB55,-,1262.44,-2.9,1431.77,0.0,56.45,0.97,108,0.0,54,0.0,52,0.0,2,0.0,50.0,0.0,2022-09-04,-,0,-
913,-104,hyudun,-,1262.34,-29.95,1522.4,-90.66,86.69,-20.24,18,6.0,8,1.0,10,5.0,0,0.0,44.44,-13.89,2026-03-15,-,0,-
914,32,exender,-,1262.32,45.36,1476.18,39.74,71.29,-1.87,32,2.0,13,2.0,19,0.0,0,0.0,40.62,3.95,2026-03-14,-,0,872.0
-,-,Circadia,-,1262.32,-1.01,1748.08,0.0,161.92,0.34,12,0.0,10,0.0,2,0.0,0,0.0,83.33,0.0,2019-02-17,-,0,-
915,-48,Nacarato,-,1262.0,-3.87,1392.61,0.0,43.53,1.29,228,0.0,68,0.0,160,0.0,0,0.0,29.82,0.0,2026-01-30,-,0,-
-,-,ToastedLion,-,1261.96,-1.32,1632.19,0.0,123.41,0.44,12,0.0,11,0.0,1,0.0,0,0.0,91.67,0.0,2022-08-30,-,0,-
916,-236,SafeT,-,1261.79,-86.37,1519.05,-138.51,85.75,-17.38,18,6.0,8,0.0,10,6.0,0,0.0,44.44,-22.23,2026-03-17,-,0,-
-,-,dontatum,-,1261.74,-2.64,1457.19,0.0,65.15,0.88,78,0.0,38,0.0,40,0.0,0,0.0,48.72,0.0,2022-02-28,-,0,-
-,-,pablocg,-,1261.32,-1.46,1596.78,0.0,111.82,0.49,12,0.0,8,0.0,4,0.0,0,0.0,66.67,0.0,2024-04-04,-,0,-
-,-,phixed,-,1260.84,-3.16,1417.14,0.0,52.1,1.05,168,0.0,82,0.0,85,0.0,1,0.0,48.81,0.0,2022-11-27,-,0,1287.0
-,-,Jaykeblakk,-,1260.57,-2.35,1471.78,0.0,70.4,0.78,38,0.0,20,0.0,17,0.0,1,0.0,52.63,0.0,2025-01-05,-,0,1413.0
-,-,Cruul,-,1260.13,-2.91,1428.92,0.0,56.26,0.97,132,0.0,62,0.0,68,0.0,2,0.0,46.97,0.0,2022-06-05,-,0,-
917,-41,Oranim,-,1260.06,-1.96,1512.03,0.0,83.99,0.65,26,0.0,14,0.0,12,0.0,0,0.0,53.85,0.0,2026-01-26,-,0,989.0
918,36,xy-y,-,1259.96,48.32,1543.87,-31.65,94.63,-26.66,18,6.0,9,2.0,9,4.0,0,0.0,50.0,-8.33,2026-03-17,-,0,-
919,-45,tanman,-,1259.91,-3.29,1343.5,-3.03,27.86,0.09,554,24.0,220,7.0,328,17.0,6,0.0,39.71,-0.48,2026-05-29,-,0,570.0
-,-,UnknownMight,-,1259.81,-1.21,1664.73,0.0,134.97,0.4,12,0.0,9,0.0,3,0.0,0,0.0,75.0,0.0,2020-09-06,-,0,-
920,-70,peppe76,-,1259.57,-11.11,1354.97,-10.4,31.8,0.24,308,12.0,129,3.0,175,9.0,4,0.0,41.88,-0.69,2026-05-25,-,0,640.0
921,-43,ekatar,-,1259.55,-2.0,1505.55,0.0,82.0,0.67,24,0.0,11,0.0,13,0.0,0,0.0,45.83,0.0,2026-01-24,-,0,989.0
-,-,Pack,-,1259.38,-1.57,1572.53,0.0,104.39,0.52,18,0.0,8,0.0,10,0.0,0,0.0,44.44,0.0,2024-04-04,-,0,-
922,-49,kalev,-,1259.22,-4.44,1370.76,0.0,37.18,1.48,136,0.0,59,0.0,76,0.0,1,0.0,43.38,0.0,2025-11-30,-,0,576.0
-,-,Wiles,-,1258.76,-1.73,1542.01,0.0,94.42,0.58,30,0.0,18,0.0,11,0.0,1,0.0,60.0,0.0,2020-11-30,-,0,-
-,-,markosalaplaya,-,1258.5,-3.59,1398.0,0.0,46.5,1.2,330,0.0,119,0.0,210,0.0,1,0.0,36.06,0.0,2024-09-15,G,2,1374.0
-,-,Runje,-,1258.22,-1.26,1647.97,0.0,129.92,0.42,12,0.0,9,0.0,3,0.0,0,0.0,75.0,0.0,2020-12-02,-,0,-
923,-28,Vinny6060,-,1258.12,7.15,1381.91,6.4,41.26,-0.25,144,6.0,60,3.0,84,3.0,0,0.0,41.67,0.37,2026-04-19,-,0,872.0
924,319,RougeEconomist,-,1257.81,304.56,1503.32,160.73,81.84,-47.95,22,14.0,11,9.0,11,5.0,0,0.0,50.0,25.0,2026-05-31,-,0,-
-,-,Stevenlan90,-,1257.46,-2.47,1458.38,0.0,66.97,0.82,84,0.0,41,0.0,41,0.0,2,0.0,48.81,0.0,2024-02-23,-,0,-
-,-,Thantalus,-,1257.45,-2.38,1464.11,0.0,68.89,0.79,44,0.0,20,0.0,24,0.0,0,0.0,45.45,0.0,2023-05-14,-,0,-
-,-,Shobalk,US,1257.28,-2.93,1426.3,0.0,56.34,0.98,90,0.0,42,0.0,47,0.0,1,0.0,46.67,0.0,2023-12-03,-,0,-
925,-50,HolyOutlaw,US,1257.25,-5.66,1345.39,-4.81,29.38,0.28,440,18.0,158,5.0,278,13.0,4,0.0,35.91,-0.35,2026-05-31,-,0,572.0
-,-,CerseiShade,-,1257.05,-1.55,1571.9,0.0,104.95,0.52,18,0.0,10,0.0,7,0.0,1,0.0,55.56,0.0,2020-03-15,-,0,-
926,147,PunchHorse,-,1256.99,116.63,1485.99,32.75,76.33,-27.96,24,12.0,13,7.0,10,4.0,1,1.0,54.17,4.17,2026-05-31,-,0,-
-,-,terroirista,-,1256.8,-2.45,1457.9,0.0,67.03,0.82,98,0.0,50,0.0,46,0.0,2,0.0,51.02,0.0,2020-09-24,G,2,-
-,-,fathotdog,-,1256.69,-2.01,1500.55,0.0,81.29,0.67,36,0.0,16,0.0,20,0.0,0,0.0,44.44,0.0,2021-06-02,-,0,-
927,142,RuslanP,-,1256.38,114.19,1545.41,50.36,96.34,-21.28,18,6.0,9,3.0,9,3.0,0,0.0,50.0,0.0,2026-03-18,-,0,-
-,-,Charcutero,-,1256.06,-3.03,1417.84,0.0,53.92,1.01,94,0.0,43,0.0,51,0.0,0,0.0,45.74,0.0,2024-09-04,-,0,-
928,-42,honne,-,1255.88,1.93,1489.25,-36.94,77.79,-12.95,26,6.0,12,2.0,13,4.0,1,0.0,46.15,-3.85,2026-03-18,-,0,989.0
-,-,Enas,-,1255.52,-2.09,1489.81,0.0,78.1,0.7,30,0.0,13,0.0,17,0.0,0,0.0,43.33,0.0,2025-03-09,-,0,836.0
-,-,likkle1,GB,1255.42,-3.63,1392.9,0.0,45.82,1.21,186,0.0,79,0.0,107,0.0,0,0.0,42.47,0.0,2024-04-04,-,0,-
929,-39,Jaja,CZ,1255.37,2.64,1355.51,2.05,33.38,-0.19,290,18.0,112,4.0,178,14.0,0,0.0,38.62,-1.09,2026-05-26,-,0,1062.0
930,202,Waaaaaa,-,1255.36,164.56,1529.96,121.17,91.53,-14.46,18,6.0,10,4.0,8,2.0,0,0.0,55.56,5.56,2026-03-27,-,0,-
-,-,eugeneg,-,1255.3,-2.78,1432.03,0.0,58.91,0.93,114,0.0,53,0.0,59,0.0,2,0.0,46.49,0.0,2022-06-05,-,0,-
-,-,holmesiv,-,1255.02,-2.45,1455.92,0.0,66.97,0.82,66,0.0,36,0.0,29,0.0,1,0.0,54.55,0.0,2022-02-26,-,0,-
-,-,Ado,-,1254.54,-3.42,1412.26,0.0,52.57,1.14,164,0.0,72,0.0,90,0.0,2,0.0,43.9,0.0,2024-08-22,G,2,1245.0
-,-,Irishdomer08,-,1253.96,-2.92,1424.57,0.0,56.87,0.97,192,0.0,75,0.0,117,0.0,0,0.0,39.06,0.0,2021-09-05,G,4,-
-,-,Neron,-,1253.9,-2.05,1492.32,0.0,79.47,0.68,42,0.0,22,0.0,20,0.0,0,0.0,52.38,0.0,2021-06-02,-,0,-
931,-80,Geegs,-,1253.51,-16.97,1358.53,-14.88,35.01,0.69,296,6.0,109,0.0,185,6.0,2,0.0,36.82,-0.77,2026-03-14,-,0,867.0
932,-22,Lenni010,-,1253.37,10.02,1437.37,-26.86,61.33,-12.29,40,12.0,16,3.0,24,9.0,0,0.0,40.0,-6.43,2026-05-31,-,0,-
933,-90,collace,-,1253.22,-20.8,1372.56,-35.57,39.78,-4.92,108,24.0,40,4.0,67,20.0,1,0.0,37.04,-5.82,2026-05-24,-,0,989.0
-,-,Tukhachevsky,-,1252.75,-2.26,1471.5,0.0,72.92,0.75,30,0.0,17,0.0,12,0.0,1,0.0,56.67,0.0,2024-06-16,-,0,-
934,-47,Vegeta4791,-,1252.58,-1.08,1341.93,-2.61,29.78,-0.51,328,24.0,124,8.0,202,16.0,2,0.0,37.8,-0.36,2026-05-31,-,0,648.0
-,-,zaan,-,1252.33,-0.87,1816.66,0.0,188.11,0.29,6,0.0,5,0.0,0,0.0,1,0.0,83.33,0.0,2020-06-28,-,0,-
-,-,But,-,1252.16,-2.74,1431.59,0.0,59.81,0.91,66,0.0,31,0.0,34,0.0,1,0.0,46.97,0.0,2025-01-28,-,0,1184.0
935,-30,Larsusvonundzu,-,1252.06,6.09,1362.85,-3.52,36.93,-3.2,126,24.0,57,10.0,68,14.0,1,0.0,45.24,-0.84,2026-05-28,-,0,746.0
-,-,Sinkadus,SE,1251.8,-3.5,1395.56,0.0,47.92,1.17,174,0.0,79,0.0,91,0.0,4,0.0,45.4,0.0,2024-06-02,-,0,-
-,-,Purpleseven,-,1251.21,-1.94,1505.23,0.0,84.67,0.65,42,0.0,25,0.0,15,0.0,2,0.0,59.52,0.0,2022-02-16,-,0,-
-,-,Krill,-,1251.06,-1.93,1504.46,0.0,84.47,0.64,48,0.0,22,0.0,26,0.0,0,0.0,45.83,0.0,2020-09-13,-,0,-
936,-47,Beewiz,-,1251.05,-1.74,1533.42,0.0,94.12,0.58,18,0.0,9,0.0,9,0.0,0,0.0,50.0,0.0,2026-01-22,-,0,1287.0
-,-,Chubecca,IT,1251.03,-3.15,1409.76,0.0,52.91,1.05,120,0.0,52,0.0,67,0.0,1,0.0,43.33,0.0,2023-06-04,-,0,-
937,-45,Partyshank,-,1250.98,-1.2,1348.66,-0.14,32.56,0.35,408,12.0,164,5.0,241,7.0,3,0.0,40.2,0.05,2026-05-31,-,0,589.0
938,-41,Mitchum,IT,1250.87,0.75,1342.34,-1.24,30.49,-0.66,230,24.0,82,8.0,147,16.0,1,0.0,35.65,-0.27,2026-05-31,-,0,491.0
939,new,jdtyler7,-,1250.52,800.52,1483.62,-16.38,77.7,77.7,24,24.0,15,15.0,9,9.0,0,0.0,62.5,62.5,2026-05-26,-,0,-
-,-,jabroney,AU,1250.38,-2.58,1442.34,0.0,63.99,0.86,72,0.0,38,0.0,34,0.0,0,0.0,52.78,0.0,2022-08-30,-,0,-
940,-111,jandaron,TR,1248.35,-33.29,1423.89,-45.92,58.52,-4.21,48,6.0,21,0.0,27,6.0,0,0.0,43.75,-6.25,2026-04-03,-,0,1280.0
941,-40,tysat,-,1248.31,0.42,1356.94,-2.05,36.21,-0.82,188,12.0,74,5.0,112,7.0,2,0.0,39.36,0.16,2026-05-27,-,0,522.0
-,-,Maukka,-,1248.1,-3.71,1384.12,0.0,45.34,1.24,212,0.0,89,0.0,121,0.0,2,0.0,41.98,0.0,2024-04-04,-,0,-
-,-,Fapoleon,-,1247.49,-2.86,1420.65,0.0,57.72,0.95,72,0.0,30,0.0,42,0.0,0,0.0,41.67,0.0,2024-07-01,-,0,-
942,137,deleted_user_5800682,-,1247.43,108.55,1684.98,11.26,145.85,-32.43,6,2.0,3,1.0,3,1.0,0,0.0,50.0,0.0,2026-03-17,-,0,-
-,-,Nevic,-,1247.35,-3.07,1415.61,0.0,56.09,1.02,110,0.0,45,0.0,65,0.0,0,0.0,40.91,0.0,2025-03-11,G,2,499.0
-,-,Krucik,-,1246.66,-3.16,1412.88,0.0,55.41,1.05,128,0.0,57,0.0,70,0.0,1,0.0,44.53,0.0,2023-03-01,-,0,-
943,-97,Sathran,-,1246.62,-26.74,1524.77,-96.9,92.72,-23.39,18,6.0,10,2.0,8,4.0,0,0.0,55.56,-11.11,2026-03-28,-,0,-
944,-44,InGodWeTrust,-,1246.52,-1.49,1576.11,0.0,109.86,0.5,12,0.0,5,0.0,7,0.0,0,0.0,41.67,0.0,2026-01-28,-,0,-
-,-,Ferguse72,-,1246.45,-1.65,1542.64,0.0,98.73,0.55,18,0.0,12,0.0,6,0.0,0,0.0,66.67,0.0,2024-04-04,-,0,-
945,-43,sackn,-,1246.07,-1.52,1567.44,0.0,107.12,0.51,12,0.0,7,0.0,5,0.0,0,0.0,58.33,0.0,2026-01-16,-,0,-
-,-,jogkongTW,-,1245.96,-3.91,1373.6,0.0,42.55,1.3,264,0.0,106,0.0,155,0.0,3,0.0,40.15,0.0,2024-06-02,-,0,-
946,-40,bambi4,GB,1245.81,0.96,1344.43,3.39,32.87,0.81,244,6.0,99,3.0,144,3.0,1,0.0,40.57,0.23,2026-05-15,-,0,675.0
-,-,tarmapas,-,1245.8,-2.15,1473.99,0.0,76.07,0.72,54,0.0,27,0.0,26,0.0,1,0.0,50.0,0.0,2023-01-15,-,0,-
947,-68,mahlerian_shadow,US,1245.76,-15.59,1334.3,-14.2,29.51,0.47,416,18.0,164,3.0,250,15.0,2,0.0,39.42,-1.03,2026-05-31,-,0,549.0
948,14,N0rBeer,-,1245.52,39.67,1465.3,20.48,73.26,-6.4,36,6.0,16,2.0,20,4.0,0,0.0,44.44,-2.23,2026-03-19,-,0,939.0
-,-,Sheik-Yerbouti,-,1245.41,-3.41,1390.12,0.0,48.24,1.14,162,0.0,72,0.0,88,0.0,2,0.0,44.44,0.0,2023-11-25,-,0,-
949,-53,eaguirre,-,1245.29,-5.0,1348.24,0.0,34.32,1.67,366,0.0,156,0.0,206,0.0,4,0.0,42.62,0.0,2025-11-30,-,0,1181.0
-,-,BlaueElise,-,1245.22,-3.87,1380.35,0.0,45.04,1.29,200,0.0,79,0.0,116,0.0,5,0.0,39.5,0.0,2024-06-02,-,0,1287.0
950,-92,pandaczar,-,1245.21,-23.12,1429.57,-35.51,61.45,-4.13,44,6.0,18,0.0,26,6.0,0,0.0,40.91,-6.46,2026-03-31,-,0,939.0
-,-,Adrian-2909,-,1245.11,-1.02,1725.41,0.0,160.1,0.34,6,0.0,6,0.0,0,0.0,0,0.0,100.0,0.0,2022-03-06,-,0,-
-,-,LeChuckichu,DK,1244.88,-3.02,1408.72,0.0,54.61,1.01,92,0.0,45,0.0,47,0.0,0,0.0,48.91,0.0,2023-12-03,-,0,-
951,-74,kabel2,DE,1244.44,-17.43,1332.01,-16.07,29.19,0.46,458,18.0,177,3.0,277,15.0,4,0.0,38.65,-0.9,2026-05-27,-,0,563.0
-,-,PopoHappy,-,1244.28,-1.69,1535.27,0.0,97.0,0.56,24,0.0,15,0.0,9,0.0,0,0.0,62.5,0.0,2021-09-05,-,0,-
-,-,Xxyu,CN,1244.22,-2.0,1491.33,0.0,82.37,0.67,28,0.0,14,0.0,12,0.0,2,0.0,50.0,0.0,2025-01-22,-,0,845.0
-,-,Minasei,-,1244.15,-2.62,1432.99,0.0,62.95,0.87,104,0.0,44,0.0,60,0.0,0,0.0,42.31,0.0,2021-11-15,-,0,-
952,-53,sbaro,-,1243.7,-4.6,1354.65,0.0,36.98,1.53,204,0.0,85,0.0,118,0.0,1,0.0,41.67,0.0,2025-11-30,-,0,578.0
-,-,yojimbo79,PL,1243.59,-2.82,1421.19,0.0,59.2,0.94,84,0.0,39,0.0,44,0.0,1,0.0,46.43,0.0,2022-11-25,-,0,-
953,-68,RoboKay314,US,1243.38,-12.38,1325.03,-11.71,27.22,0.22,454,24.0,163,6.0,288,18.0,3,0.0,35.9,-0.61,2026-05-31,-,0,486.0
-,-,Jinster99,-,1242.84,-1.83,1510.97,0.0,89.38,0.61,36,0.0,18,0.0,18,0.0,0,0.0,50.0,0.0,2020-12-02,-,0,-
-,-,chrislear,-,1242.84,-1.17,1660.67,0.0,139.28,0.39,8,0.0,6,0.0,2,0.0,0,0.0,75.0,0.0,2023-01-22,-,0,-
-,-,Yuit,-,1242.49,-2.52,1438.7,0.0,65.4,0.84,60,0.0,29,0.0,30,0.0,1,0.0,48.33,0.0,2023-02-05,-,0,-
954,-31,Claudius74,CA,1242.02,9.08,1320.95,9.55,26.31,0.16,572,30.0,212,11.0,357,18.0,3,1.0,37.06,-0.02,2026-05-25,-,0,558.0
955,-94,Fullynice,-,1241.94,-25.98,1322.43,-24.58,26.83,0.47,604,24.0,228,4.0,369,20.0,7,0.0,37.75,-0.87,2026-05-31,-,0,508.0
956,-48,Pants101,-,1241.9,-2.15,1470.63,0.0,76.24,0.72,26,0.0,13,0.0,13,0.0,0,0.0,50.0,0.0,2026-02-01,-,0,872.0
-,-,hinghenry,-,1241.63,-1.25,1633.21,0.0,130.53,0.42,12,0.0,7,0.0,5,0.0,0,0.0,58.33,0.0,2020-09-06,-,0,-
957,163,Wyszek,-,1241.5,136.6,1485.6,120.13,81.36,-5.49,30,6.0,13,4.0,16,2.0,1,0.0,43.33,5.83,2026-03-27,-,0,1067.0
958,33,FiveGee,-,1241.41,53.29,1429.85,37.81,62.81,-5.16,48,6.0,20,4.0,28,2.0,0,0.0,41.67,3.57,2026-04-20,-,0,607.0
-,-,Vijaybabu,-,1241.39,-2.28,1456.98,0.0,71.86,0.76,54,0.0,27,0.0,25,0.0,2,0.0,50.0,0.0,2021-08-27,-,0,-
959,-52,Quokka,FR,1241.15,-2.92,1409.24,0.0,56.03,0.97,64,0.0,23,0.0,39,0.0,2,0.0,35.94,0.0,2025-12-04,-,0,614.0
-,-,Rossonerix10x,-,1241.11,-4.32,1356.87,0.0,38.59,1.44,344,0.0,145,0.0,196,0.0,3,0.0,42.15,0.0,2024-11-26,-,0,1184.0
-,-,AyllonRafa,-,1240.93,-2.11,1473.37,0.0,77.48,0.7,60,0.0,28,0.0,30,0.0,2,0.0,46.67,0.0,2020-11-27,-,0,-
960,-48,Jived,IT,1240.41,-2.81,1415.31,0.0,58.3,0.94,58,0.0,31,0.0,27,0.0,0,0.0,53.45,0.0,2026-01-16,-,0,841.0
961,111,Conzi,-,1240.35,99.89,1462.97,26.75,74.21,-24.38,32,12.0,17,6.0,14,6.0,1,0.0,53.12,-1.88,2026-05-20,-,0,-
-,-,GoguGeologul,-,1240.19,-2.56,1439.35,0.0,66.39,0.85,56,0.0,28,0.0,27,0.0,1,0.0,50.0,0.0,2023-09-03,-,0,-
-,-,1977dragon,-,1239.14,-2.47,1437.73,0.0,66.2,0.82,38,0.0,17,0.0,21,0.0,0,0.0,44.74,0.0,2024-09-04,-,0,1388.0
-,-,RandySandy,-,1239.11,-1.57,1552.18,0.0,104.36,0.52,24,0.0,16,0.0,8,0.0,0,0.0,66.67,0.0,2020-05-26,-,0,-
-,-,Cuna_General,-,1238.82,-1.25,1631.88,0.0,131.02,0.42,12,0.0,8,0.0,4,0.0,0,0.0,66.67,0.0,2020-12-02,-,0,-
-,-,LMH,-,1238.33,-1.55,1553.57,0.0,105.08,0.52,14,0.0,7,0.0,7,0.0,0,0.0,50.0,0.0,2025-03-07,-,0,939.0
-,-,Riences,-,1238.32,-2.08,1477.34,0.0,79.67,0.69,48,0.0,25,0.0,22,0.0,1,0.0,52.08,0.0,2021-12-05,-,0,-
962,40,Oso,-,1238.16,55.1,1499.06,3.47,86.97,-17.21,20,6.0,9,2.0,11,4.0,0,0.0,45.0,-5.0,2026-03-16,-,0,926.0
-,-,ozzy666,-,1238.12,-2.89,1411.07,0.0,57.65,0.96,102,0.0,50,0.0,50,0.0,2,0.0,49.02,0.0,2024-03-17,-,0,-
-,-,midr,-,1237.61,-1.08,1692.21,0.0,151.54,0.36,6,0.0,4,0.0,2,0.0,0,0.0,66.67,0.0,2024-02-23,-,0,-
-,-,layze23,US,1237.25,-2.81,1413.1,0.0,58.62,0.94,76,0.0,30,0.0,45,0.0,1,0.0,39.47,0.0,2024-06-16,-,0,-
963,-47,sms18004,-,1237.18,-3.57,1374.92,0.0,45.91,1.19,160,0.0,67,0.0,93,0.0,0,0.0,41.88,0.0,2026-01-30,-,0,801.0
-,-,boltar,-,1237.17,-2.21,1461.1,0.0,74.64,0.74,60,0.0,29,0.0,31,0.0,0,0.0,48.33,0.0,2020-11-20,G,2,-
-,-,AsukaBlank,-,1236.95,-1.9,1496.08,0.0,86.38,0.63,30,0.0,17,0.0,11,0.0,2,0.0,56.67,0.0,2023-01-15,-,0,-
964,-45,Exile,-,1236.93,-1.08,1353.66,-3.91,38.91,-0.94,164,12.0,62,3.0,100,9.0,2,0.0,37.8,-1.02,2026-04-27,-,0,600.0
-,-,Weston,-,1236.72,-2.1,1475.36,0.0,79.55,0.7,48,0.0,25,0.0,23,0.0,0,0.0,52.08,0.0,2021-02-21,G,2,-
-,-,Valec,-,1236.63,-2.2,1459.84,0.0,74.4,0.73,36,0.0,19,0.0,17,0.0,0,0.0,52.78,0.0,2024-09-04,-,0,-
-,-,erlikhan,-,1236.59,-1.89,1496.29,0.0,86.57,0.63,24,0.0,11,0.0,13,0.0,0,0.0,45.83,0.0,2025-01-26,-,0,989.0
-,-,KapitanTom,CZ,1236.02,-4.21,1354.05,0.0,39.34,1.4,226,0.0,83,0.0,142,0.0,1,0.0,36.73,0.0,2025-02-28,-,0,852.0
-,-,ssacz,PL,1236.01,-3.13,1392.78,0.0,52.25,1.04,84,0.0,38,0.0,46,0.0,0,0.0,45.24,0.0,2024-04-04,-,0,-
965,-48,NovusIgnis,US,1235.98,-4.72,1342.73,0.0,35.58,1.57,280,0.0,107,0.0,171,0.0,2,0.0,38.21,0.0,2026-02-28,-,0,985.0
-,-,Suo,-,1234.76,-2.74,1415.22,0.0,60.15,0.91,132,0.0,47,0.0,85,0.0,0,0.0,35.61,0.0,2021-08-17,G,2,-
-,-,CainsAngel,-,1234.43,-1.46,1569.98,0.0,111.85,0.49,14,0.0,8,0.0,6,0.0,0,0.0,57.14,0.0,2025-01-26,-,0,989.0
966,new,Kajdi,-,1233.99,783.99,1539.9,39.9,101.97,101.97,12,12.0,8,8.0,4,4.0,0,0.0,66.67,66.67,2026-05-31,-,0,-
-,-,SaMatra,-,1233.9,-1.86,1497.89,0.0,88.0,0.62,24,0.0,8,0.0,15,0.0,1,0.0,33.33,0.0,2024-04-04,-,0,1278.0
-,-,Gwindor,-,1233.88,-2.35,1442.49,0.0,69.54,0.78,48,0.0,21,0.0,27,0.0,0,0.0,43.75,0.0,2023-12-03,-,0,-
967,-20,ce.re,-,1233.69,17.63,1542.67,-87.14,102.99,-34.92,14,6.0,8,2.0,6,4.0,0,0.0,57.14,-17.86,2026-03-21,-,0,-
-,-,Hendra,-,1233.47,-3.41,1380.38,0.0,48.97,1.14,168,0.0,70,0.0,97,0.0,1,0.0,41.67,0.0,2023-12-03,-,0,-
968,-36,J-dog,GB,1232.39,3.45,1328.86,2.72,32.16,-0.24,284,18.0,106,6.0,175,12.0,3,0.0,37.32,-0.27,2026-05-21,-,0,593.0
-,-,josqvin,-,1232.35,-1.73,1517.98,0.0,95.21,0.58,34,0.0,19,0.0,13,0.0,2,0.0,55.88,0.0,2020-04-08,-,0,-
-,-,stripe999,GB,1231.87,-3.59,1370.51,0.0,46.21,1.2,210,0.0,87,0.0,121,0.0,2,0.0,41.43,0.0,2024-04-04,-,0,-
-,-,Don_B,-,1231.46,-0.95,1748.51,0.0,172.35,0.32,6,0.0,6,0.0,0,0.0,0,0.0,100.0,0.0,2021-06-02,-,0,-
-,-,Hokingfai,HK,1231.21,-3.09,1392.53,0.0,53.77,1.03,102,0.0,40,0.0,61,0.0,1,0.0,39.22,0.0,2024-03-17,-,0,-
969,-29,Michal_Kossakowski,-,1230.99,7.57,1430.3,-13.39,66.44,-6.99,40,6.0,15,2.0,25,4.0,0,0.0,37.5,-0.74,2026-03-15,-,0,416.0
-,-,alibengoeroe,-,1230.64,-2.35,1439.41,0.0,69.59,0.78,50,0.0,19,0.0,31,0.0,0,0.0,38.0,0.0,2024-04-04,-,0,-
-,-,Hellomruppercut,-,1230.3,-3.08,1390.41,0.0,53.37,1.03,138,0.0,59,0.0,78,0.0,1,0.0,42.75,0.0,2023-01-15,-,0,-
-,-,xqcjfway,-,1229.62,-1.33,1599.72,0.0,123.37,0.44,18,0.0,13,0.0,4,0.0,1,0.0,72.22,0.0,2023-02-05,-,0,-
970,-44,mobeza,-,1229.39,-1.58,1539.58,0.0,103.39,0.53,16,0.0,10,0.0,6,0.0,0,0.0,62.5,0.0,2026-01-26,-,0,1067.0
-,-,Scurvydraco,-,1229.35,-2.83,1405.78,0.0,58.81,0.94,54,0.0,21,0.0,33,0.0,0,0.0,38.89,0.0,2025-04-30,-,0,1388.0
971,-49,Daze,-,1228.88,-4.14,1339.51,-13.5,36.88,-3.12,160,24.0,53,7.0,106,16.0,1,1.0,33.12,-0.7,2026-05-31,-,0,670.0
-,-,Andreyko2003,-,1228.84,-2.05,1468.6,0.0,79.92,0.68,26,0.0,10,0.0,15,0.0,1,0.0,38.46,0.0,2025-01-28,-,0,661.0
-,-,Caracalla,-,1228.66,-4.17,1352.11,0.0,41.15,1.39,176,0.0,75,0.0,101,0.0,0,0.0,42.61,0.0,2025-02-28,-,0,1170.0
972,-5,Panxo,CL,1228.58,25.12,1346.35,23.2,39.26,-0.64,124,12.0,48,5.0,74,7.0,2,0.0,38.71,0.32,2026-05-31,-,0,922.0
973,-48,Francis88,-,1228.21,-4.49,1354.47,0.0,42.09,1.5,162,0.0,58,0.0,104,0.0,0,0.0,35.8,0.0,2025-10-06,-,0,611.0
974,-45,gwfalcon,-,1228.12,-2.29,1442.45,0.0,71.44,0.76,38,0.0,17,0.0,21,0.0,0,0.0,44.74,0.0,2026-01-29,-,0,1118.0
-,-,Gardir,-,1227.85,-3.38,1375.8,0.0,49.32,1.13,208,0.0,83,0.0,122,0.0,3,0.0,39.9,0.0,2024-04-04,G,6,-
-,-,Adam-Collett,-,1227.73,-1.73,1511.39,0.0,94.55,0.58,24,0.0,15,0.0,9,0.0,0,0.0,62.5,0.0,2022-02-28,-,0,-
-,-,Betasuppe,-,1227.71,-1.39,1580.19,0.0,117.49,0.46,12,0.0,7,0.0,5,0.0,0,0.0,58.33,0.0,2020-11-18,-,0,-
975,-44,colepiechotta,-,1227.38,-1.89,1486.12,0.0,86.25,0.63,20,0.0,9,0.0,11,0.0,0,0.0,45.0,0.0,2026-01-18,-,0,989.0
-,-,snowcrush,SG,1227.18,-2.95,1403.9,0.0,58.91,0.98,108,0.0,43,0.0,63,0.0,2,0.0,39.81,0.0,2022-11-27,-,0,-
976,unretired,DonStino,BE,1227.17,10.85,1337.65,9.39,36.83,-0.49,328,14.0,117,6.0,210,8.0,1,0.0,35.67,0.32,2026-05-31,-,0,1388.0
977,-44,Luludumm,-,1226.79,-2.04,1467.71,0.0,80.31,0.68,24,0.0,11,0.0,13,0.0,0,0.0,45.83,0.0,2025-12-01,-,0,805.0
-,-,Tsachi,-,1226.73,-1.72,1512.08,0.0,95.12,0.57,18,0.0,8,0.0,10,0.0,0,0.0,44.44,0.0,2023-04-16,-,0,-
-,-,Vienneau,-,1225.97,-1.67,1519.53,0.0,97.85,0.56,24,0.0,12,0.0,12,0.0,0,0.0,50.0,0.0,2019-12-22,-,0,-
978,-41,MeteorisVulcanus,NL,1225.89,0.05,1335.13,-0.93,36.41,-0.33,156,12.0,60,3.0,96,9.0,0,0.0,38.46,-1.12,2026-05-31,-,0,572.0
979,78,Madivar,-,1225.07,74.51,1457.78,49.96,77.57,-8.18,30,6.0,14,3.0,16,3.0,0,0.0,46.67,0.84,2026-03-13,-,0,1067.0
-,-,Jiggling,-,1225.04,-2.56,1418.77,0.0,64.58,0.85,84,0.0,34,0.0,50,0.0,0,0.0,40.48,0.0,2022-08-26,-,0,-
-,-,DeNnY0810,-,1224.89,-3.16,1380.32,0.0,51.81,1.05,94,0.0,41,0.0,51,0.0,2,0.0,43.62,0.0,2024-03-17,-,0,-
-,-,lukewong,-,1224.73,-2.41,1429.84,0.0,68.37,0.8,54,0.0,23,0.0,30,0.0,1,0.0,42.59,0.0,2022-05-29,-,0,-
980,-56,ClaridadNocturna,ES,1224.5,-8.3,1339.85,-7.75,38.45,0.18,186,6.0,67,1.0,117,5.0,2,0.0,36.02,-0.65,2026-04-25,-,0,700.0
-,-,Preadicator,-,1224.34,-1.35,1587.8,0.0,121.15,0.45,12,0.0,7,0.0,5,0.0,0,0.0,58.33,0.0,2020-11-28,-,0,-
-,-,Arius,-,1223.81,-1.91,1479.82,0.0,85.34,0.64,24,0.0,12,0.0,12,0.0,0,0.0,50.0,0.0,2024-02-23,-,0,-
981,-47,Jobjobsdone,-,1223.76,-4.99,1415.91,-20.84,64.05,-5.28,44,6.0,18,1.0,25,5.0,1,0.0,40.91,-3.83,2026-03-26,-,0,-
-,-,pootify,-,1223.64,-1.05,1691.69,0.0,156.02,0.35,8,0.0,4,0.0,4,0.0,0,0.0,50.0,0.0,2025-01-23,-,0,1067.0
-,-,Ranior,US,1223.38,-1.54,1541.14,0.0,105.92,0.51,14,0.0,8,0.0,6,0.0,0,0.0,57.14,0.0,2025-03-11,-,0,872.0
982,unretired,Vortex1612,-,1222.92,336.16,1511.87,244.37,96.32,-30.6,18,8.0,9,7.0,9,1.0,0,0.0,50.0,30.0,2026-04-20,-,0,1287.0
-,-,icarium_jag,-,1222.68,-2.09,1458.18,0.0,78.5,0.7,42,0.0,21,0.0,20,0.0,1,0.0,50.0,0.0,2021-12-05,-,0,-
-,-,fygarslayer,-,1222.23,-2.18,1446.53,0.0,74.77,0.73,48,0.0,24,0.0,23,0.0,1,0.0,50.0,0.0,2021-03-02,-,0,-
-,-,The_Law,ZA,1221.99,-4.75,1329.05,0.0,35.69,1.58,380,0.0,141,0.0,237,0.0,2,0.0,37.11,0.0,2025-04-17,-,0,778.0
-,-,Durin_NL,NL,1221.97,-2.58,1411.7,0.0,63.24,0.86,66,0.0,30,0.0,35,0.0,1,0.0,45.45,0.0,2023-02-28,-,0,-
-,-,Tugger,-,1221.86,-1.49,1550.27,0.0,109.47,0.5,18,0.0,10,0.0,8,0.0,0,0.0,55.56,0.0,2020-12-02,-,0,-
-,-,ConorS,US,1221.06,-1.85,1486.27,0.0,88.4,0.62,24,0.0,14,0.0,9,0.0,1,0.0,58.33,0.0,2024-04-04,-,0,-
-,-,Fysh,-,1220.83,-1.57,1534.69,0.0,104.62,0.52,18,0.0,8,0.0,10,0.0,0,0.0,44.44,0.0,2021-12-05,-,0,-
-,-,Henstein,-,1220.22,-2.0,1466.21,0.0,82.0,0.67,32,0.0,13,0.0,19,0.0,0,0.0,40.62,0.0,2024-07-01,-,0,-
-,-,Drenteller,-,1220.16,-0.82,1813.98,0.0,197.94,0.27,6,0.0,6,0.0,0,0.0,0,0.0,100.0,0.0,2020-09-13,-,0,-
983,-55,Jesaphi,-,1219.93,-10.67,1321.3,-10.79,33.79,-0.04,242,12.0,89,2.0,150,10.0,3,0.0,36.78,-1.05,2026-05-16,-,0,536.0
984,-45,Ragnard,-,1219.42,-4.86,1329.96,0.0,36.85,1.62,328,0.0,125,0.0,197,0.0,6,0.0,38.11,0.0,2026-01-14,-,0,700.0
-,-,ReneTTA,-,1219.42,-1.59,1526.63,0.0,102.4,0.53,18,0.0,12,0.0,6,0.0,0,0.0,66.67,0.0,2024-09-15,-,0,-
-,-,LeonardoDaVinci016,-,1219.39,-1.84,1487.03,0.0,89.21,0.61,26,0.0,10,0.0,16,0.0,0,0.0,38.46,0.0,2025-03-19,-,0,872.0
985,-43,Jurri,-,1219.35,-2.28,1434.88,0.0,71.84,0.76,30,0.0,17,0.0,13,0.0,0,0.0,56.67,0.0,2026-01-29,-,0,1106.0
-,-,KKluigi,-,1219.06,-3.67,1357.73,0.0,46.22,1.22,204,0.0,81,0.0,119,0.0,4,0.0,39.71,0.0,2024-02-28,-,0,-
-,-,OGWiseman,-,1218.99,-1.44,1559.02,0.0,113.34,0.48,12,0.0,8,0.0,4,0.0,0,0.0,66.67,0.0,2024-02-23,-,0,-
986,51,Olunia,-,1218.72,58.16,1362.73,25.5,48.0,-10.89,74,24.0,30,10.0,42,14.0,2,0.0,40.54,0.54,2026-05-31,-,0,1416.0
987,123,kacavenda,-,1218.69,105.84,1434.85,-33.9,72.06,-46.58,30,18.0,15,8.0,15,10.0,0,0.0,50.0,-8.33,2026-05-31,-,0,-
988,-31,Shiffdog,-,1218.6,8.83,1317.6,3.81,33.0,-1.67,182,24.0,63,9.0,118,15.0,1,0.0,34.62,0.44,2026-05-31,-,0,520.0
989,-184,Bigsbyben,-,1218.55,-76.48,1540.06,-185.7,107.17,-36.41,14,6.0,7,1.0,7,5.0,0,0.0,50.0,-25.0,2026-03-27,-,0,-
990,-54,PacoHolliday,-,1218.47,-8.32,1338.84,-8.17,40.12,0.05,142,6.0,53,1.0,86,5.0,3,0.0,37.32,-0.92,2026-04-11,-,0,505.0
991,-50,Sirovec,HR,1218.42,-4.14,1315.34,-4.19,32.31,-0.02,306,14.0,112,4.0,194,10.0,0,0.0,36.6,-0.39,2026-05-14,-,0,543.0
-,-,wenyu0007,-,1218.1,-0.92,1751.94,0.0,177.95,0.31,6,0.0,6,0.0,0,0.0,0,0.0,100.0,0.0,2021-06-02,-,0,-
-,-,Museos,-,1218.03,-1.19,1628.4,0.0,136.79,0.4,12,0.0,8,0.0,4,0.0,0,0.0,66.67,0.0,2020-08-23,-,0,-
-,-,ConquistadorColumbus,-,1216.99,-3.49,1361.91,0.0,48.31,1.16,144,0.0,51,0.0,92,0.0,1,0.0,35.42,0.0,2024-09-04,-,0,-
-,-,Jaack,-,1216.86,-2.74,1398.39,0.0,60.51,0.91,102,0.0,44,0.0,56,0.0,2,0.0,43.14,0.0,2022-02-23,-,0,-
-,-,Pat_the_Cat,-,1216.74,-1.68,1510.71,0.0,97.99,0.56,18,0.0,9,0.0,9,0.0,0,0.0,50.0,0.0,2024-07-01,-,0,-
-,-,chisuru,-,1216.34,-1.89,1475.88,0.0,86.51,0.63,24,0.0,10,0.0,14,0.0,0,0.0,41.67,0.0,2024-04-04,-,0,-
-,-,kirkowitz,-,1216.01,-1.46,1551.35,0.0,111.78,0.49,24,0.0,16,0.0,8,0.0,0,0.0,66.67,0.0,2020-11-26,-,0,-
-,-,RogueMeeple,-,1215.97,-2.72,1396.87,0.0,60.3,0.91,102,0.0,48,0.0,54,0.0,0,0.0,47.06,0.0,2022-03-06,-,0,-
-,-,Garghi,IT,1215.91,-2.52,1411.94,0.0,65.34,0.84,46,0.0,24,0.0,22,0.0,0,0.0,52.17,0.0,2024-03-17,-,0,-
992,-48,Biggi86,-,1215.88,-3.46,1358.91,0.0,47.68,1.15,90,0.0,40,0.0,50,0.0,0,0.0,44.44,0.0,2026-01-21,-,0,1067.0
993,-703,Faeyon,-,1215.67,-329.28,1515.03,-457.77,99.79,-42.83,56,24.0,25,14.0,31,10.0,0,0.0,44.64,10.26,2026-05-30,-,0,-
994,-23,Kozzilla,-,1215.63,16.92,1334.49,15.0,39.62,-0.64,162,12.0,56,4.0,104,8.0,2,0.0,34.57,-0.1,2026-05-31,-,0,670.0
-,-,luiza,-,1215.44,-1.75,1496.81,0.0,93.79,0.58,24,0.0,13,0.0,11,0.0,0,0.0,54.17,0.0,2021-12-05,-,0,-
-,-,est,-,1214.43,-1.03,1691.59,0.0,159.05,0.34,6,0.0,5,0.0,1,0.0,0,0.0,83.33,0.0,2021-12-05,-,0,-
-,-,maciejka,-,1214.42,-1.4,1564.29,0.0,116.62,0.47,12,0.0,6,0.0,6,0.0,0,0.0,50.0,0.0,2024-04-04,-,0,-
995,48,Krzolek,-,1214.11,55.09,1379.84,23.74,55.24,-10.45,54,18.0,23,8.0,31,10.0,0,0.0,42.59,0.92,2026-05-25,-,0,1381.0
-,-,pilalla,-,1213.88,-1.48,1545.29,0.0,110.47,0.49,18,0.0,10,0.0,8,0.0,0,0.0,55.56,0.0,2020-12-02,-,0,-
-,-,Lopesllm,-,1213.55,-2.19,1438.78,0.0,75.07,0.73,60,0.0,26,0.0,33,0.0,1,0.0,43.33,0.0,2020-09-06,G,2,-
-,-,Boerpopoer,-,1213.15,-2.0,1458.59,0.0,81.82,0.67,30,0.0,14,0.0,16,0.0,0,0.0,46.67,0.0,2022-03-06,-,0,-
-,-,BedrockLP,-,1213.14,-1.85,1478.36,0.0,88.41,0.62,24,0.0,11,0.0,13,0.0,0,0.0,45.83,0.0,2024-04-04,-,0,-
-,-,Lennart,-,1213.01,-2.34,1426.1,0.0,71.03,0.78,62,0.0,28,0.0,34,0.0,0,0.0,45.16,0.0,2024-04-04,-,0,-
-,-,Foujou,-,1212.7,-1.33,1581.82,0.0,123.04,0.44,12,0.0,7,0.0,5,0.0,0,0.0,58.33,0.0,2024-02-23,-,0,-
-,-,Mikael.S,-,1212.58,-1.86,1476.99,0.0,88.14,0.62,18,0.0,8,0.0,10,0.0,0,0.0,44.44,0.0,2025-03-07,-,0,939.0
-,-,berpdreyfuss,-,1212.22,-3.18,1365.75,0.0,51.17,1.06,150,0.0,63,0.0,86,0.0,1,0.0,42.0,0.0,2023-03-01,-,0,-
996,-45,MaxBoomer,DK,1212.14,-0.69,1342.92,1.02,43.59,0.57,112,2.0,47,1.0,65,1.0,0,0.0,41.96,0.14,2026-03-08,-,0,-
997,-94,Zero_1627,-,1211.97,-35.56,1427.97,-60.09,72.0,-8.18,30,6.0,14,0.0,16,6.0,0,0.0,46.67,-11.66,2026-03-17,-,0,989.0
998,41,Silmegil,-,1211.96,51.97,1395.38,25.65,61.14,-8.77,72,12.0,27,4.0,45,8.0,0,0.0,37.5,-0.83,2026-05-29,-,0,-
-,-,ouTlier,-,1211.83,-1.03,1688.24,0.0,158.8,0.34,6,0.0,5,0.0,1,0.0,0,0.0,83.33,0.0,2024-12-02,-,0,989.0
-,-,DangerGranger,-,1211.76,-1.0,1699.92,0.0,162.72,0.33,6,0.0,5,0.0,1,0.0,0,0.0,83.33,0.0,2020-06-28,-,0,-
-,-,Maxart,-,1211.73,-2.09,1447.94,0.0,78.73,0.7,42,0.0,21,0.0,21,0.0,0,0.0,50.0,0.0,2021-12-05,-,0,-
999,-51,Igordol,-,1211.6,-3.33,1338.71,-7.89,42.37,-1.52,124,12.0,41,2.0,81,10.0,2,0.0,33.06,-1.76,2026-05-31,-,0,1174.0
-,-,Deardo,-,1211.56,-2.59,1401.73,0.0,63.39,0.86,90,0.0,38,0.0,51,0.0,1,0.0,42.22,0.0,2021-09-05,-,0,-
-,-,SuwalaT,-,1210.67,-3.14,1374.55,0.0,54.63,1.05,180,0.0,64,0.0,113,0.0,3,0.0,35.56,0.0,2023-09-03,G,2,-
-,-,pdp01,-,1210.56,-2.68,1397.72,0.0,62.39,0.89,102,0.0,46,0.0,56,0.0,0,0.0,45.1,0.0,2021-11-15,-,0,-
-,-,PajaBez,-,1210.45,-1.82,1479.78,0.0,89.78,0.61,36,0.0,20,0.0,16,0.0,0,0.0,55.56,0.0,2021-02-20,-,0,-
-,-,mazir,-,1210.17,-3.79,1346.49,0.0,45.44,1.26,140,0.0,56,0.0,84,0.0,0,0.0,40.0,0.0,2024-09-04,-,0,-
1000,-48,creamyalfredo,-,1210.13,-1.79,1483.91,0.0,91.26,0.6,18,0.0,10,0.0,8,0.0,0,0.0,55.56,0.0,2026-01-07,-,0,937.0
1001,-58,ThomasM,-,1210.09,-9.92,1356.02,-14.63,48.64,-1.57,84,6.0,33,1.0,50,5.0,1,0.0,39.29,-1.74,2026-04-09,-,0,918.0
1002,-46,Wolfric,-,1209.41,-1.27,1593.64,0.0,128.08,0.42,12,0.0,6,0.0,6,0.0,0,0.0,50.0,0.0,2026-02-03,-,0,-
-,-,kwarrend,US,1209.3,-1.58,1519.75,0.0,103.49,0.53,18,0.0,10,0.0,8,0.0,0,0.0,55.56,0.0,2023-03-01,-,0,-
-,-,Gustavus_Adolphus,-,1208.44,-1.55,1525.78,0.0,105.78,0.52,14,0.0,7,0.0,7,0.0,0,0.0,50.0,0.0,2025-03-19,-,0,939.0
-,-,Manish05,-,1208.41,-2.05,1448.87,0.0,80.15,0.68,48,0.0,22,0.0,25,0.0,1,0.0,45.83,0.0,2021-03-02,G,2,-
-,-,8bitMeeple,-,1208.31,-3.16,1365.23,0.0,52.31,1.05,174,0.0,70,0.0,103,0.0,1,0.0,40.23,0.0,2023-01-15,-,0,-
1003,new,amadeo,-,1208.08,758.08,1671.46,171.46,154.46,154.46,6,6.0,5,5.0,1,1.0,0,0.0,83.33,83.33,2026-04-26,-,0,-
1004,57,Azerbaperro,-,1207.64,59.57,1451.9,15.98,81.42,-14.53,22,6.0,8,3.0,14,3.0,0,0.0,36.36,5.11,2026-03-24,-,0,989.0
1005,-42,Brickmarck,-,1207.49,1.93,1344.32,-7.25,45.61,-3.06,114,12.0,45,3.0,69,9.0,0,0.0,39.47,-1.71,2026-03-30,-,0,1067.0
-,-,Marassi,BR,1207.07,-3.17,1364.19,0.0,52.37,1.06,140,0.0,61,0.0,79,0.0,0,0.0,43.57,0.0,2023-02-22,-,0,-
-,-,Ananasantti,FI,1206.68,-3.98,1328.35,0.0,40.56,1.33,406,0.0,151,0.0,252,0.0,3,0.0,37.19,0.0,2024-04-04,-,0,-
1006,45,Stedam,-,1206.42,52.95,1447.36,44.98,80.31,-2.66,28,2.0,13,2.0,15,0.0,0,0.0,46.43,4.12,2026-03-17,-,0,939.0
1007,-47,Rivendell,-,1206.25,-3.27,1357.48,0.0,50.41,1.09,204,0.0,76,0.0,127,0.0,1,0.0,37.25,0.0,2025-12-08,-,0,-
1008,-50,Everex,CZ,1206.22,-3.54,1298.6,-2.73,30.79,0.27,408,18.0,137,4.0,267,14.0,4,0.0,33.58,-0.52,2026-05-31,-,0,628.0
-,-,Rabus,DE,1206.11,-3.16,1361.36,0.0,51.75,1.05,114,0.0,49,0.0,65,0.0,0,0.0,42.98,0.0,2024-04-04,-,0,-
1009,29,Dolling,-,1205.85,45.55,1478.57,-9.37,90.91,-18.31,22,6.0,11,2.0,11,4.0,0,0.0,50.0,-6.25,2026-03-12,-,0,1118.0
1010,91,vansmith3555,-,1205.79,84.71,1488.83,-1.55,94.35,-28.75,18,6.0,9,3.0,9,3.0,0,0.0,50.0,0.0,2026-03-17,-,0,-
-,-,betweenworlds,IN,1205.71,-4.34,1321.76,0.0,38.68,1.45,302,0.0,114,0.0,184,0.0,4,0.0,37.75,0.0,2025-01-15,-,0,1245.0
-,-,Tafareeeeel,-,1205.68,-1.53,1526.06,0.0,106.79,0.51,18,0.0,10,0.0,8,0.0,0,0.0,55.56,0.0,2022-03-06,-,0,-
-,-,majortom111,-,1205.34,-2.68,1390.12,0.0,61.59,0.89,80,0.0,36,0.0,44,0.0,0,0.0,45.0,0.0,2023-03-01,-,0,-
1011,-29,xeveli,CZ,1205.27,14.08,1302.13,13.24,32.28,-0.28,274,18.0,90,7.0,184,11.0,0,0.0,32.85,0.43,2026-05-27,-,0,687.0
-,-,karatox,-,1204.55,-4.48,1324.98,0.0,40.14,1.49,314,0.0,123,0.0,187,0.0,4,0.0,39.17,0.0,2024-10-01,-,0,-
1012,-124,ginociccio,-,1204.29,-48.6,1440.82,-85.86,78.84,-12.42,24,6.0,9,0.0,15,6.0,0,0.0,37.5,-12.5,2026-03-15,-,0,939.0
-,-,Chul,-,1204.24,-2.49,1402.79,0.0,66.18,0.83,114,0.0,57,0.0,56,0.0,1,0.0,50.0,0.0,2020-12-02,G,2,-
1013,-63,Dienekes,-,1203.68,-9.85,1285.28,-7.95,27.2,0.64,670,24.0,221,6.0,445,18.0,4,0.0,32.99,-0.29,2026-05-26,-,0,533.0
1014,-76,Kayser,-,1203.29,-22.35,1416.38,-45.1,71.03,-7.58,32,6.0,13,0.0,18,5.0,1,1.0,40.62,-9.38,2026-03-21,-,0,872.0
-,-,PietroLiVoti,-,1202.85,-2.39,1411.61,0.0,69.59,0.8,72,0.0,30,0.0,42,0.0,0,0.0,41.67,0.0,2020-09-06,G,4,-
1015,-49,DonutRapist,-,1202.41,-2.18,1427.57,0.0,75.06,0.73,30,0.0,12,0.0,18,0.0,0,0.0,40.0,0.0,2026-01-20,-,0,729.0
1016,-29,Glamdring,-,1202.33,12.59,1311.37,8.88,36.35,-1.24,336,18.0,132,8.0,200,10.0,4,0.0,39.29,0.3,2026-05-31,-,0,1174.0
1017,-45,yezebel,-,1202.06,3.43,1358.91,0.03,52.28,-1.13,60,4.0,22,2.0,38,2.0,0,0.0,36.67,0.96,2026-04-15,-,0,1118.0
-,-,MrTriangle,-,1202.02,-2.1,1437.99,0.0,78.66,0.7,30,0.0,15,0.0,15,0.0,0,0.0,50.0,0.0,2024-09-04,-,0,-
-,-,szaibot,-,1201.88,-2.69,1387.58,0.0,61.9,0.9,120,0.0,51,0.0,69,0.0,0,0.0,42.5,0.0,2021-09-05,-,0,-
-,-,Piotr33,PL,1201.8,-3.39,1347.75,0.0,48.65,1.13,132,0.0,47,0.0,84,0.0,1,0.0,35.61,0.0,2024-05-28,-,0,-
-,-,nchoong,MY,1201.58,-2.19,1425.9,0.0,74.77,0.73,30,0.0,13,0.0,17,0.0,0,0.0,43.33,0.0,2024-09-15,-,0,-
-,-,Rancho,-,1201.46,-2.92,1369.85,0.0,56.13,0.97,78,0.0,32,0.0,46,0.0,0,0.0,41.03,0.0,2024-05-28,-,0,-
-,-,jamieIsMyNamie,-,1201.15,-2.77,1387.66,0.0,62.17,0.92,120,0.0,49,0.0,69,0.0,2,0.0,40.83,0.0,2021-08-26,-,0,-
-,-,Dugy,-,1200.59,-2.96,1369.34,0.0,56.25,0.99,100,0.0,41,0.0,59,0.0,0,0.0,41.0,0.0,2023-06-04,-,0,-
-,-,Ayakonutty,-,1200.16,-1.86,1464.48,0.0,88.11,0.62,24,0.0,12,0.0,12,0.0,0,0.0,50.0,0.0,2025-01-30,-,0,780.0
-,-,CountFab,-,1200.08,-1.69,1490.72,0.0,96.88,0.56,18,0.0,9,0.0,9,0.0,0,0.0,50.0,0.0,2025-03-21,-,0,872.0
1018,-48,Alebv,-,1199.9,-2.12,1431.7,0.0,77.26,0.71,30,0.0,15,0.0,15,0.0,0,0.0,50.0,0.0,2026-01-23,-,0,939.0
-,-,Devius,-,1199.61,-1.66,1496.04,0.0,98.81,0.55,18,0.0,6,0.0,12,0.0,0,0.0,33.33,0.0,2024-07-01,-,0,-
-,-,FlyingDutchman,NL,1199.39,-1.41,1547.13,0.0,115.92,0.47,18,0.0,9,0.0,9,0.0,0,0.0,50.0,0.0,2019-02-10,-,0,-
-,-,Kunizial,-,1199.33,-1.34,1566.33,0.0,122.33,0.45,12,0.0,6,0.0,6,0.0,0,0.0,50.0,0.0,2025-02-01,-,0,989.0
-,-,Narsil,-,1199.3,-1.73,1482.73,0.0,94.48,0.58,30,0.0,18,0.0,10,0.0,2,0.0,60.0,0.0,2021-02-17,-,0,-
-,-,GAM3NURD,US,1198.93,-3.36,1349.64,0.0,50.24,1.12,146,0.0,58,0.0,81,0.0,7,0.0,39.73,0.0,2024-12-04,-,0,1287.0
1019,-66,Loscy,-,1198.92,-12.78,1417.69,-42.53,72.92,-9.92,30,6.0,13,1.0,17,5.0,0,0.0,43.33,-6.67,2026-03-14,-,0,-
1020,-65,JohnnyMac,-,1198.85,-11.88,1281.23,-11.13,27.46,0.25,626,24.0,225,7.0,390,17.0,11,0.0,35.94,-0.27,2026-05-31,-,0,512.0
1021,-60,Cromlech,-,1197.57,-9.0,1360.54,-17.11,54.32,-2.7,60,6.0,27,1.0,33,5.0,0,0.0,45.0,-3.15,2026-04-01,-,0,705.0
1022,-38,Gr33ny,-,1197.54,6.41,1280.99,6.78,27.81,0.13,540,24.0,189,9.0,350,15.0,1,0.0,35.0,0.12,2026-05-27,-,0,600.0
-,-,forthetop,-,1197.47,-1.55,1512.97,0.0,105.17,0.52,24,0.0,12,0.0,12,0.0,0,0.0,50.0,0.0,2020-09-06,-,0,-
-,-,Azian,-,1197.46,-2.63,1382.96,0.0,61.83,0.88,108,0.0,46,0.0,60,0.0,2,0.0,42.59,0.0,2022-02-27,-,0,-
-,-,Engelpopengel,-,1197.27,-1.99,1443.08,0.0,81.94,0.66,30,0.0,15,0.0,15,0.0,0,0.0,50.0,0.0,2022-03-06,-,0,-
1023,-40,Rebel_Rebs,-,1196.91,5.75,1306.11,2.05,36.4,-1.23,144,18.0,52,6.0,91,12.0,1,0.0,36.11,-0.4,2026-05-31,-,0,836.0
-,-,SonnyBB,-,1196.81,-1.79,1471.49,0.0,91.56,0.6,24,0.0,16,0.0,8,0.0,0,0.0,66.67,0.0,2022-02-26,-,0,-
-,-,Rutgers,-,1196.77,-2.53,1392.0,0.0,65.08,0.84,66,0.0,30,0.0,35,0.0,1,0.0,45.45,0.0,2022-02-23,-,0,-
-,-,TepSloan,-,1196.74,-3.38,1343.33,0.0,48.86,1.13,174,0.0,71,0.0,100,0.0,3,0.0,40.8,0.0,2023-08-24,-,0,-
-,-,hwang,-,1196.61,-1.45,1535.24,0.0,112.88,0.48,12,0.0,6,0.0,6,0.0,0,0.0,50.0,0.0,2023-03-01,-,0,-
1024,-55,KorXo,ES,1196.57,-6.03,1290.8,0.0,31.41,2.01,588,0.0,232,0.0,348,0.0,8,0.0,39.46,0.0,2026-02-28,G,2,596.0
-,-,PiftaIsItYou,-,1196.5,-2.68,1382.51,0.0,62.0,0.89,108,0.0,46,0.0,59,0.0,3,0.0,42.59,0.0,2023-06-04,G,2,-
-,-,DalHangAri,-,1196.33,-2.27,1414.38,0.0,72.69,0.76,54,0.0,26,0.0,27,0.0,1,0.0,48.15,0.0,2022-06-05,-,0,-
-,-,SwedishFish,-,1196.13,-1.13,1629.68,0.0,144.52,0.38,6,0.0,4,0.0,2,0.0,0,0.0,66.67,0.0,2024-12-11,-,0,1184.0
-,-,vosos,-,1195.85,-1.75,1476.2,0.0,93.45,0.58,30,0.0,19,0.0,11,0.0,0,0.0,63.33,0.0,2021-08-28,-,0,-
-,-,Nanu,-,1195.51,-1.5,1522.46,0.0,108.98,0.5,12,0.0,5,0.0,7,0.0,0,0.0,41.67,0.0,2025-01-17,-,0,939.0
1025,-57,thomas.h.hoff,NO,1195.02,-8.05,1299.49,-11.14,34.82,-1.03,218,18.0,69,5.0,148,13.0,1,0.0,31.65,-0.35,2026-05-31,-,0,690.0
1026,-53,lavasija,-,1194.98,-3.17,1350.48,0.0,51.83,1.06,72,0.0,31,0.0,39,0.0,2,0.0,43.06,0.0,2025-08-31,-,0,1277.0
-,-,Fler,-,1194.95,-2.1,1430.32,0.0,78.46,0.7,66,0.0,30,0.0,35,0.0,1,0.0,45.45,0.0,2020-09-13,-,0,-
-,-,RobinTheDragon,-,1194.66,-2.64,1380.82,0.0,62.05,0.88,54,0.0,25,0.0,29,0.0,0,0.0,46.3,0.0,2025-01-26,-,0,1067.0
1027,-51,LeBonus,CA,1193.96,-2.0,1438.78,0.0,81.6,0.67,26,0.0,11,0.0,15,0.0,0,0.0,42.31,0.0,2026-01-24,-,0,622.0
-,-,Amstrid,-,1193.73,-2.19,1420.67,0.0,75.65,0.73,42,0.0,19,0.0,23,0.0,0,0.0,45.24,0.0,2023-01-15,-,0,-
-,-,Alyx,-,1193.41,-2.15,1424.25,0.0,76.95,0.72,54,0.0,23,0.0,30,0.0,1,0.0,42.59,0.0,2021-03-02,-,0,-
-,-,ActuaryKing,-,1192.86,-2.12,1425.95,0.0,77.7,0.71,60,0.0,29,0.0,31,0.0,0,0.0,48.33,0.0,2021-03-02,-,0,-
-,-,Johannes_n94,-,1192.58,-1.79,1466.79,0.0,91.4,0.6,22,0.0,11,0.0,11,0.0,0,0.0,50.0,0.0,2023-06-28,-,0,-
-,-,norkle,-,1192.16,-2.33,1405.02,0.0,70.95,0.78,72,0.0,26,0.0,44,0.0,2,0.0,36.11,0.0,2021-06-02,-,0,-
-,-,venansula,-,1191.94,-3.3,1343.05,0.0,50.37,1.1,144,0.0,58,0.0,83,0.0,3,0.0,40.28,0.0,2023-12-03,-,0,-
-,-,Mochi1214,-,1191.76,-1.38,1546.64,0.0,118.3,0.46,12,0.0,7,0.0,5,0.0,0,0.0,58.33,0.0,2024-02-23,-,0,-
1028,-50,SullyWully,-,1191.35,-2.46,1391.27,0.0,66.64,0.82,42,0.0,18,0.0,24,0.0,0,0.0,42.86,0.0,2026-01-27,-,0,783.0
1029,-50,bobcatbob,-,1191.24,-1.39,1273.93,-0.22,27.56,0.39,496,24.0,166,7.0,328,17.0,2,0.0,33.47,-0.22,2026-05-31,-,0,565.0
-,-,ShifuZan,-,1190.71,-1.82,1460.37,0.0,89.89,0.61,24,0.0,12,0.0,12,0.0,0,0.0,50.0,0.0,2021-11-26,-,0,-
-,-,Mandrillus,-,1190.53,-1.9,1448.03,0.0,85.84,0.63,24,0.0,11,0.0,13,0.0,0,0.0,45.83,0.0,2023-03-01,-,0,-
-,-,Splitx,-,1189.86,-2.59,1384.46,0.0,64.87,0.86,78,0.0,28,0.0,46,0.0,4,0.0,35.9,0.0,2021-11-16,-,0,-
-,-,T-dawg,US,1189.68,-1.55,1505.95,0.0,105.42,0.52,12,0.0,7,0.0,5,0.0,0,0.0,58.33,0.0,2024-09-15,-,0,-
1030,-45,vuffe,-,1189.26,-1.39,1542.6,0.0,117.78,0.46,12,0.0,6,0.0,6,0.0,0,0.0,50.0,0.0,2026-01-31,-,0,-
1031,215,QAS,-,1189.25,247.24,1506.8,169.79,105.85,-25.82,14,6.0,6,4.0,8,2.0,0,0.0,42.86,17.86,2026-03-16,-,0,-
-,-,Pluppo,-,1189.23,-1.97,1439.29,0.0,83.35,0.66,36,0.0,17,0.0,19,0.0,0,0.0,47.22,0.0,2021-09-05,-,0,-
-,-,sleepytown,US,1188.64,-2.78,1364.95,0.0,58.77,0.93,78,0.0,32,0.0,45,0.0,1,0.0,41.03,0.0,2023-02-24,-,0,-
1032,-134,deandedean,-,1188.61,-60.76,1408.47,-87.59,73.29,-8.94,30,6.0,14,0.0,15,6.0,1,0.0,46.67,-11.66,2026-03-13,-,0,989.0
-,-,Roksis,-,1188.22,-3.29,1343.29,0.0,51.69,1.1,204,0.0,80,0.0,124,0.0,0,0.0,39.22,0.0,2023-01-15,G,2,-
-,-,Fall87,-,1188.08,-2.77,1367.93,0.0,59.95,0.92,96,0.0,40,0.0,56,0.0,0,0.0,41.67,0.0,2022-03-06,-,0,-
-,-,Massi1971,-,1187.92,-2.08,1425.66,0.0,79.25,0.69,48,0.0,20,0.0,28,0.0,0,0.0,41.67,0.0,2021-03-02,-,0,-
-,-,Kleopatra,-,1187.8,-1.57,1498.64,0.0,103.61,0.52,18,0.0,9,0.0,9,0.0,0,0.0,50.0,0.0,2021-03-02,-,0,-
-,-,Dave8,-,1187.63,-1.56,1500.47,0.0,104.28,0.52,18,0.0,11,0.0,7,0.0,0,0.0,61.11,0.0,2021-12-05,-,0,-
-,-,MetaWiz,-,1187.3,-3.19,1341.99,0.0,51.56,1.06,180,0.0,66,0.0,114,0.0,0,0.0,36.67,0.0,2023-05-25,-,0,-
1033,-43,ahr,-,1186.66,-1.52,1509.46,0.0,107.6,0.51,12,0.0,5,0.0,7,0.0,0,0.0,41.67,0.0,2026-02-01,-,0,-
1034,-46,Macin,-,1186.62,-1.94,1438.67,0.0,84.02,0.65,22,0.0,12,0.0,10,0.0,0,0.0,54.55,0.0,2025-07-28,-,0,1259.0
-,-,Daniel87,-,1186.62,-1.68,1477.75,0.0,97.04,0.56,24,0.0,14,0.0,10,0.0,0,0.0,58.33,0.0,2021-02-20,-,0,-
-,-,RooK666,-,1186.57,-1.04,1658.91,0.0,157.45,0.35,6,0.0,5,0.0,1,0.0,0,0.0,83.33,0.0,2021-09-05,-,0,-
-,-,thegruffalo,-,1186.29,-1.43,1527.72,0.0,113.81,0.48,12,0.0,6,0.0,6,0.0,0,0.0,50.0,0.0,2025-01-24,-,0,989.0
-,-,joniboni,-,1186.26,-1.62,1488.5,0.0,100.75,0.54,18,0.0,9,0.0,9,0.0,0,0.0,50.0,0.0,2024-04-04,-,0,786.0
-,-,Mikio,-,1186.09,-1.51,1513.95,0.0,109.29,0.5,18,0.0,6,0.0,12,0.0,0,0.0,33.33,0.0,2020-12-02,-,0,-
1035,-46,Nopeasuoli,FI,1185.69,-2.5,1382.34,0.0,65.55,0.83,36,0.0,17,0.0,19,0.0,0,0.0,47.22,0.0,2026-01-22,-,0,845.0
1036,-44,Mirceamsc1,-,1185.51,-2.25,1404.66,0.0,73.05,0.75,36,0.0,14,0.0,22,0.0,0,0.0,38.89,0.0,2026-02-03,-,0,1067.0
1037,-44,Repick,-,1185.13,-2.56,1378.26,0.0,64.38,0.85,48,0.0,17,0.0,31,0.0,0,0.0,35.42,0.0,2026-01-26,-,0,989.0
1038,11,prozio,-,1184.83,30.11,1331.58,11.33,48.92,-6.26,74,16.0,30,6.0,42,10.0,2,0.0,40.54,-0.84,2026-05-31,-,0,1287.0
1039,-53,DeZet,-,1184.83,-5.13,1285.04,0.0,33.4,1.71,314,0.0,108,0.0,201,0.0,5,0.0,34.39,0.0,2025-11-30,-,0,697.0
1040,72,spdwhat,-,1184.76,72.67,1445.31,15.83,86.85,-18.95,18,6.0,7,2.0,10,3.0,1,1.0,38.89,-2.78,2026-03-23,-,0,-
1041,unretired,Spudman,-,1184.67,106.66,1379.47,60.74,64.93,-15.31,48,12.0,20,7.0,28,5.0,0,0.0,41.67,5.56,2026-05-24,-,0,-
-,-,Abssalom,-,1184.38,-1.34,1550.61,0.0,122.08,0.45,12,0.0,8,0.0,4,0.0,0,0.0,66.67,0.0,2023-12-03,-,0,-
1042,-46,vulinhchelsea,-,1184.0,-1.75,1463.42,0.0,93.14,0.58,16,0.0,8,0.0,8,0.0,0,0.0,50.0,0.0,2026-02-26,-,0,-
1043,-48,Chrono_,-,1183.95,-2.52,1378.56,0.0,64.87,0.84,44,0.0,18,0.0,26,0.0,0,0.0,40.91,0.0,2026-01-19,-,0,534.0
-,-,Tmer,-,1183.62,-1.84,1450.91,0.0,89.1,0.61,18,0.0,8,0.0,10,0.0,0,0.0,44.44,0.0,2025-03-14,-,0,754.0
-,-,Elendil,-,1183.62,-3.27,1334.18,0.0,50.19,1.09,174,0.0,70,0.0,103,0.0,1,0.0,40.23,0.0,2024-09-04,-,0,-
-,-,The_strategiser,FR,1183.57,-2.27,1400.42,0.0,72.28,0.76,32,0.0,12,0.0,18,0.0,2,0.0,37.5,0.0,2024-09-15,-,0,-
1044,-45,EKogon,-,1182.45,-2.61,1371.41,0.0,62.99,0.87,42,0.0,17,0.0,25,0.0,0,0.0,40.48,0.0,2026-01-18,-,0,928.0
1045,-45,Dani91,-,1181.88,-3.0,1347.03,0.0,55.05,1.0,60,0.0,27,0.0,32,0.0,1,0.0,45.0,0.0,2025-11-30,-,0,932.0
-,-,Tombo,-,1181.67,-1.12,1618.51,0.0,145.62,0.37,6,0.0,5,0.0,1,0.0,0,0.0,83.33,0.0,2023-04-04,-,0,-
-,-,Misio,-,1181.62,-1.83,1451.55,0.0,89.98,0.61,36,0.0,18,0.0,18,0.0,0,0.0,50.0,0.0,2020-11-24,-,0,-
1046,-72,FabioBE81,-,1181.52,-16.33,1278.79,-14.73,32.42,0.53,300,12.0,95,0.0,204,11.0,1,1.0,31.67,-1.32,2026-05-31,-,0,718.0
-,-,Ender_Wiggin,CN,1181.46,-1.4,1531.15,0.0,116.56,0.47,12,0.0,6,0.0,6,0.0,0,0.0,50.0,0.0,2020-12-02,-,0,-
-,-,pyjamarama,-,1181.16,-1.27,1566.29,0.0,128.37,0.42,12,0.0,7,0.0,5,0.0,0,0.0,58.33,0.0,2020-09-13,-,0,-
-,-,Alnur,-,1181.05,-2.71,1362.14,0.0,60.36,0.9,68,0.0,29,0.0,39,0.0,0,0.0,42.65,0.0,2023-05-25,-,0,-
-,-,nge,-,1180.94,-1.85,1446.99,0.0,88.68,0.62,24,0.0,11,0.0,13,0.0,0,0.0,45.83,0.0,2025-01-31,-,0,1184.0
-,-,Graankoning,-,1180.77,-2.5,1379.17,0.0,66.13,0.83,60,0.0,25,0.0,34,0.0,1,0.0,41.67,0.0,2023-02-12,-,0,1287.0
1047,-50,RJonkers,NL,1180.72,-4.94,1280.99,0.0,33.42,1.65,370,0.0,129,0.0,237,0.0,4,0.0,34.86,0.0,2026-01-26,-,0,655.0
-,-,FeedmeHR,-,1180.62,-0.97,1682.53,0.0,167.3,0.32,6,0.0,4,0.0,2,0.0,0,0.0,66.67,0.0,2020-06-28,-,0,-
-,-,SandorClegan,-,1180.23,-1.49,1509.83,0.0,109.87,0.5,18,0.0,9,0.0,9,0.0,0,0.0,50.0,0.0,2020-12-02,-,0,-
1048,-71,mooscolly,AU,1180.04,-14.24,1274.31,-13.85,31.42,0.13,434,18.0,127,3.0,307,15.0,0,0.0,29.26,-0.55,2026-05-27,-,0,720.0
1049,-46,Perrary,-,1179.84,-2.1,1414.26,0.0,78.14,0.7,24,0.0,13,0.0,11,0.0,0,0.0,54.17,0.0,2026-01-28,-,0,989.0
-,-,Martinsunbeam,-,1178.52,-2.69,1360.52,0.0,60.66,0.9,102,0.0,42,0.0,59,0.0,1,0.0,41.18,0.0,2022-06-05,-,0,-
-,-,Sprox,-,1178.51,-1.55,1494.15,0.0,105.21,0.52,14,0.0,7,0.0,7,0.0,0,0.0,50.0,0.0,2024-04-04,-,0,-
-,-,fraction,-,1178.35,-3.2,1336.97,0.0,52.87,1.07,182,0.0,67,0.0,109,0.0,6,0.0,36.81,0.0,2024-04-04,-,0,-
-,-,KrolKarol,-,1178.16,-1.58,1488.83,0.0,103.56,0.53,18,0.0,8,0.0,10,0.0,0,0.0,44.44,0.0,2024-04-04,-,0,-
-,-,master176281,DE,1177.8,-3.44,1327.68,0.0,49.96,1.15,236,0.0,95,0.0,137,0.0,4,0.0,40.25,0.0,2023-02-24,-,0,-
1050,-46,Abuceb,-,1177.64,-3.53,1317.67,0.0,46.68,1.18,84,0.0,33,0.0,50,0.0,1,0.0,39.29,0.0,2025-11-30,-,0,849.0
-,-,Foloppo_Monty,-,1177.09,-1.68,1468.65,0.0,97.19,0.56,24,0.0,10,0.0,14,0.0,0,0.0,41.67,0.0,2020-12-02,-,0,-
-,-,draxius,-,1176.96,-2.09,1412.25,0.0,78.43,0.7,32,0.0,14,0.0,18,0.0,0,0.0,43.75,0.0,2024-04-04,-,0,-
1051,-45,salvor7,CA,1176.9,-2.2,1399.48,0.0,74.19,0.73,36,0.0,14,0.0,21,0.0,1,0.0,38.89,0.0,2026-01-24,-,0,1067.0
-,-,Benici,-,1176.45,-1.47,1510.1,0.0,111.22,0.49,12,0.0,6,0.0,6,0.0,0,0.0,50.0,0.0,2024-04-04,-,0,-
1052,24,KMMAL,-,1176.42,37.23,1410.85,-25.11,78.14,-20.78,32,8.0,16,3.0,16,5.0,0,0.0,50.0,-4.17,2026-04-14,-,0,-
1053,-45,snowjotunn,-,1176.29,-1.43,1518.24,0.0,113.98,0.48,12,0.0,7,0.0,5,0.0,0,0.0,58.33,0.0,2026-01-24,-,0,-
-,-,Nyalala,-,1176.16,-0.93,1704.54,0.0,176.13,0.31,6,0.0,5,0.0,1,0.0,0,0.0,83.33,0.0,2020-03-15,-,0,-
1054,-45,Rasti,-,1176.1,-1.34,1542.27,0.0,122.06,0.45,12,0.0,8,0.0,4,0.0,0,0.0,66.67,0.0,2025-11-24,-,0,1287.0
-,-,PedrinhoPT,-,1175.86,-1.64,1474.74,0.0,99.63,0.55,18,0.0,9,0.0,9,0.0,0,0.0,50.0,0.0,2024-04-04,-,0,-
1055,-48,Zazabuzao,-,1175.82,-2.87,1347.53,0.0,57.24,0.96,60,0.0,23,0.0,37,0.0,0,0.0,38.33,0.0,2025-10-04,-,0,1116.0
-,-,Faustoguby,-,1175.48,-3.31,1326.91,0.0,50.47,1.1,166,0.0,63,0.0,101,0.0,2,0.0,37.95,0.0,2024-02-23,-,0,-
-,-,Viler,-,1175.11,-2.85,1349.92,0.0,58.27,0.95,96,0.0,37,0.0,58,0.0,1,0.0,38.54,0.0,2024-03-03,-,0,-
1056,-45,sirlenon,-,1174.8,-2.55,1367.91,0.0,64.37,0.85,38,0.0,14,0.0,24,0.0,0,0.0,36.84,0.0,2026-01-22,-,0,742.0
-,-,alienchick,-,1174.75,-2.35,1389.27,0.0,71.5,0.78,54,0.0,21,0.0,32,0.0,1,0.0,38.89,0.0,2021-08-16,-,0,-
1057,-44,JakPut,-,1174.61,-1.91,1432.04,0.0,85.81,0.64,26,0.0,12,0.0,13,0.0,1,0.0,46.15,0.0,2026-01-23,-,0,872.0
1058,22,juzze,-,1174.49,36.01,1443.23,-21.05,89.58,-19.02,18,6.0,7,2.0,11,4.0,0,0.0,38.89,-2.78,2026-03-18,-,0,-
-,-,Samus,-,1174.07,-1.8,1445.37,0.0,90.43,0.6,30,0.0,11,0.0,19,0.0,0,0.0,36.67,0.0,2020-12-02,-,0,-
1059,-44,LordMichaelDerGrosse,-,1174.02,-1.94,1426.67,0.0,84.22,0.65,24,0.0,13,0.0,11,0.0,0,0.0,54.17,0.0,2026-01-24,-,0,1118.0
-,-,gxmarantes,-,1173.95,-0.91,1711.57,0.0,179.21,0.3,6,0.0,5,0.0,1,0.0,0,0.0,83.33,0.0,2019-09-30,-,0,-
-,-,Liosan,-,1173.9,-2.81,1348.52,0.0,58.21,0.94,102,0.0,44,0.0,58,0.0,0,0.0,43.14,0.0,2022-11-30,-,0,-
-,-,Swaraj,-,1173.56,-2.21,1396.37,0.0,74.27,0.74,48,0.0,23,0.0,25,0.0,0,0.0,47.92,0.0,2022-06-05,G,2,-
1060,-44,srapi,-,1172.89,-1.69,1463.14,0.0,96.75,0.56,16,0.0,6,0.0,10,0.0,0,0.0,37.5,0.0,2025-12-04,-,0,872.0
-,-,Hunkwithsomefunk,-,1172.48,-1.39,1524.69,0.0,117.41,0.46,12,0.0,7,0.0,5,0.0,0,0.0,58.33,0.0,2021-05-28,-,0,-
-,-,Brzoza,-,1172.4,-2.18,1399.03,0.0,75.55,0.73,42,0.0,20,0.0,22,0.0,0,0.0,47.62,0.0,2021-05-25,-,0,-
1061,-42,Donkeroo,-,1172.08,-1.88,1432.71,0.0,86.88,0.63,24,0.0,10,0.0,14,0.0,0,0.0,41.67,0.0,2026-02-01,-,0,1118.0
-,-,Iba,-,1171.99,-3.0,1340.79,0.0,56.27,1.0,144,0.0,56,0.0,87,0.0,1,0.0,38.89,0.0,2022-12-04,-,0,-
1062,-52,mindphaser,CA,1171.96,-5.44,1271.08,0.0,33.04,1.81,598,0.0,212,0.0,383,0.0,3,0.0,35.45,0.0,2026-02-11,G,2,630.0
-,-,BusyBeaver,-,1171.86,-1.04,1643.02,0.0,157.05,0.35,12,0.0,9,0.0,3,0.0,0,0.0,75.0,0.0,2020-08-24,-,0,-
1063,-43,Gramadancho,-,1171.57,-1.86,1435.49,0.0,87.97,0.62,24,0.0,11,0.0,13,0.0,0,0.0,45.83,0.0,2026-01-23,-,0,1118.0
1064,-43,Viktoria301296,-,1171.43,-1.15,1598.85,0.0,142.47,0.38,8,0.0,6,0.0,2,0.0,0,0.0,75.0,0.0,2026-01-20,-,0,-
1065,-13,Mammaklaskern,-,1171.39,18.0,1442.05,-50.33,90.22,-22.78,18,6.0,9,2.0,9,4.0,0,0.0,50.0,-8.33,2026-04-09,-,0,1375.0
1066,-48,MarcoM,-,1170.98,-3.17,1326.54,0.0,51.85,1.06,74,0.0,25,0.0,48,0.0,1,0.0,33.78,0.0,2026-01-22,-,0,504.0
-,-,awh1979,-,1170.76,-3.05,1335.27,0.0,54.84,1.02,140,0.0,50,0.0,89,0.0,1,0.0,35.71,0.0,2023-03-01,-,0,-
-,-,MySAK,-,1170.54,-2.54,1365.29,0.0,64.92,0.85,78,0.0,30,0.0,45,0.0,3,0.0,38.46,0.0,2021-09-05,-,0,-
-,-,Locto,-,1170.42,-2.52,1367.67,0.0,65.75,0.84,84,0.0,35,0.0,49,0.0,0,0.0,41.67,0.0,2021-08-29,-,0,-
-,-,Thomas91,-,1170.03,-2.44,1376.18,0.0,68.72,0.81,66,0.0,27,0.0,37,0.0,2,0.0,40.91,0.0,2021-12-05,-,0,-
-,-,icecreamsushi,US,1169.81,-1.2,1578.23,0.0,136.14,0.4,6,0.0,4,0.0,2,0.0,0,0.0,66.67,0.0,2024-09-15,-,0,-
-,-,nasing,-,1169.8,-1.8,1443.12,0.0,91.11,0.6,36,0.0,15,0.0,21,0.0,0,0.0,41.67,0.0,2023-01-15,-,0,-
1067,-38,rizor,-,1169.59,3.61,1389.57,-20.31,73.33,-7.97,30,6.0,11,1.0,19,5.0,0,0.0,36.67,-5.0,2026-03-13,-,0,989.0
1068,-35,Rob51,NL,1169.35,5.15,1272.63,5.18,34.43,0.01,308,12.0,112,5.0,195,7.0,1,0.0,36.36,0.21,2026-05-26,-,0,857.0
-,-,Cope,-,1169.03,-1.86,1434.36,0.0,88.45,0.62,30,0.0,14,0.0,16,0.0,0,0.0,46.67,0.0,2021-03-02,-,0,-
-,-,Damien.X,-,1169.02,-1.67,1463.54,0.0,98.17,0.56,18,0.0,7,0.0,11,0.0,0,0.0,38.89,0.0,2025-03-07,-,0,805.0
-,-,Bulb,-,1168.63,-2.13,1399.19,0.0,76.86,0.71,36,0.0,13,0.0,22,0.0,1,0.0,36.11,0.0,2025-01-31,-,0,835.0
-,-,Bendor,-,1168.38,-2.56,1359.74,0.0,63.78,0.85,96,0.0,39,0.0,57,0.0,0,0.0,40.62,0.0,2021-09-05,-,0,-
-,-,Sephiroth83,-,1168.38,-2.5,1368.03,0.0,66.55,0.83,78,0.0,31,0.0,45,0.0,2,0.0,39.74,0.0,2021-09-05,-,0,-
-,-,nexpyru,-,1168.27,-2.78,1346.79,0.0,59.51,0.93,76,0.0,33,0.0,42,0.0,1,0.0,43.42,0.0,2023-07-15,-,0,-
1069,-44,Nevadar,-,1167.61,-2.79,1346.66,0.0,59.68,0.93,44,0.0,18,0.0,25,0.0,1,0.0,40.91,0.0,2025-08-31,-,0,791.0
1070,-46,Bonneville22,-,1167.45,-3.23,1320.49,0.0,51.01,1.08,70,0.0,26,0.0,44,0.0,0,0.0,37.14,0.0,2026-01-21,-,0,836.0
1071,-49,kwerra,-,1167.33,-3.61,1302.91,0.0,45.19,1.2,140,0.0,50,0.0,89,0.0,1,0.0,35.71,0.0,2026-01-22,-,0,1118.0
1072,-49,vratia,-,1167.13,-3.63,1259.14,-5.06,30.67,-0.48,262,24.0,78,7.0,183,17.0,1,0.0,29.77,-0.06,2026-05-31,-,0,859.0
1073,-56,LadyValaria,US,1166.98,-7.25,1258.89,-1.86,30.63,1.79,418,2.0,132,0.0,281,2.0,5,0.0,31.58,-0.15,2026-03-14,-,0,780.0
-,-,ivanvanya,RU,1166.85,-1.0,1657.82,0.0,163.66,0.33,6,0.0,5,0.0,1,0.0,0,0.0,83.33,0.0,2023-06-04,-,0,-
-,-,MGdesmadre,-,1166.64,-2.17,1392.85,0.0,75.4,0.72,48,0.0,23,0.0,24,0.0,1,0.0,47.92,0.0,2022-03-06,-,0,-
1074,152,Sr-Manteca,-,1166.61,177.68,1396.83,91.31,76.74,-28.79,24,12.0,12,7.0,12,5.0,0,0.0,50.0,8.33,2026-05-27,-,0,-
-,-,jdl,-,1165.81,-3.75,1299.52,0.0,44.57,1.25,254,0.0,86,0.0,166,0.0,2,0.0,33.86,0.0,2024-05-29,-,0,-
1075,21,Czarny,-,1165.7,40.81,1435.26,-23.8,89.86,-21.53,18,6.0,9,2.0,9,4.0,0,0.0,50.0,-8.33,2026-03-22,-,0,-
1076,-50,trojanrabbit,-,1165.36,-2.82,1341.08,0.0,58.57,0.94,60,0.0,24,0.0,35,0.0,1,0.0,40.0,0.0,2026-01-18,-,0,1269.0
-,-,Tutux,FR,1165.1,-3.68,1312.26,0.0,49.06,1.23,154,0.0,52,0.0,96,0.0,6,0.0,33.77,0.0,2024-02-25,-,0,-
-,-,joelo,-,1164.65,-1.94,1416.95,0.0,84.1,0.65,42,0.0,16,0.0,26,0.0,0,0.0,38.1,0.0,2020-12-02,-,0,-
1077,-47,cagreat1,-,1164.45,-1.46,1498.87,0.0,111.48,0.49,12,0.0,6,0.0,6,0.0,0,0.0,50.0,0.0,2026-01-30,-,0,-
-,-,ALANGOGMAN,-,1163.86,-2.46,1362.15,0.0,66.1,0.82,72,0.0,29,0.0,43,0.0,0,0.0,40.28,0.0,2022-02-28,-,0,-
1078,-80,minzent,-,1163.82,-21.67,1312.08,-35.44,49.42,-4.59,70,12.0,21,2.0,49,10.0,0,0.0,30.0,-2.76,2026-05-29,-,0,913.0
-,-,seyedempire,-,1163.46,-1.75,1445.7,0.0,94.08,0.58,18,0.0,8,0.0,10,0.0,0,0.0,44.44,0.0,2025-03-20,-,0,939.0
-,-,MP87,-,1163.2,-1.72,1449.31,0.0,95.37,0.57,18,0.0,6,0.0,12,0.0,0,0.0,33.33,0.0,2024-02-23,-,0,-
1079,-48,redantx,-,1162.84,-2.32,1374.46,0.0,70.54,0.77,38,0.0,12,0.0,26,0.0,0,0.0,31.58,0.0,2026-01-25,-,0,598.0
1080,-52,alcardonac,-,1162.83,-3.86,1289.92,0.0,42.36,1.29,168,0.0,52,0.0,116,0.0,0,0.0,30.95,0.0,2025-07-16,-,0,788.0
-,-,Rajasands,-,1162.63,-2.07,1399.67,0.0,79.01,0.69,32,0.0,12,0.0,20,0.0,0,0.0,37.5,0.0,2025-03-21,-,0,868.0
-,-,varro,-,1162.59,-1.95,1413.97,0.0,83.79,0.65,42,0.0,19,0.0,22,0.0,1,0.0,45.24,0.0,2019-12-22,-,0,-
1081,-33,Ivan04,-,1162.5,6.88,1335.65,-22.98,57.71,-9.95,52,12.0,20,3.0,32,9.0,0,0.0,38.46,-4.04,2026-05-21,-,0,1065.0
-,-,orangeextract,-,1162.11,-2.94,1329.92,0.0,55.94,0.98,114,0.0,45,0.0,67,0.0,2,0.0,39.47,0.0,2022-11-27,-,0,-
-,-,swiftchan,-,1161.86,-0.88,1718.96,0.0,185.7,0.29,6,0.0,5,0.0,1,0.0,0,0.0,83.33,0.0,2020-06-28,-,0,-
1082,-48,Raystoneg,-,1161.79,-1.93,1416.02,0.0,84.74,0.64,24,0.0,11,0.0,13,0.0,0,0.0,45.83,0.0,2026-01-26,-,0,-
-,-,Yunseok,-,1161.37,-2.06,1400.72,0.0,79.78,0.69,30,0.0,11,0.0,19,0.0,0,0.0,36.67,0.0,2024-04-04,-,0,-
-,-,jerre8,-,1161.33,-1.62,1463.21,0.0,100.63,0.54,18,0.0,9,0.0,9,0.0,0,0.0,50.0,0.0,2024-04-04,-,0,-
1083,-29,Wombelbat,-,1161.24,10.03,1281.97,4.09,40.24,-1.98,204,18.0,60,4.0,143,14.0,1,0.0,29.41,-0.7,2026-05-29,-,0,1375.0
1084,50,Archangel,-,1161.1,71.92,1332.91,20.13,57.27,-17.26,46,18.0,22,9.0,24,9.0,0,0.0,47.83,1.4,2026-05-28,-,0,1257.0
1085,-53,Korsus,IT,1160.95,-3.4,1307.57,0.0,48.87,1.13,90,0.0,32,0.0,58,0.0,0,0.0,35.56,0.0,2026-01-23,-,0,926.0
-,-,joshthefunkdoc,-,1160.28,-1.36,1520.2,0.0,119.97,0.45,12,0.0,7,0.0,5,0.0,0,0.0,58.33,0.0,2020-06-28,-,0,-
-,-,Semicolon42,-,1160.01,-2.15,1388.2,0.0,76.06,0.72,36,0.0,15,0.0,21,0.0,0,0.0,41.67,0.0,2023-08-27,-,0,-
-,-,Palace,-,1159.5,-2.23,1380.74,0.0,73.75,0.74,36,0.0,11,0.0,24,0.0,1,0.0,30.56,0.0,2025-03-30,-,0,757.0
-,-,PocketAmazing,-,1159.43,-1.65,1455.36,0.0,98.64,0.55,24,0.0,12,0.0,12,0.0,0,0.0,50.0,0.0,2024-02-23,-,0,-
1086,-50,SunGodREI,-,1159.29,-1.93,1414.01,0.0,84.91,0.64,24,0.0,12,0.0,12,0.0,0,0.0,50.0,0.0,2026-01-26,-,0,1184.0
-,-,Yugoslavia,-,1159.28,-1.81,1431.55,0.0,90.76,0.6,24,0.0,12,0.0,12,0.0,0,0.0,50.0,0.0,2021-11-27,-,0,-
-,-,scrambled,-,1159.04,-2.67,1344.04,0.0,61.67,0.89,108,0.0,47,0.0,60,0.0,1,0.0,43.52,0.0,2021-11-16,-,0,-
-,-,MrMacacavoy,-,1157.85,-1.67,1451.98,0.0,98.04,0.56,18,0.0,7,0.0,11,0.0,0,0.0,38.89,0.0,2023-04-16,-,0,-
-,-,nosnah,PL,1157.77,-4.32,1277.18,0.0,39.8,1.44,430,0.0,149,0.0,279,0.0,2,0.0,34.65,0.0,2024-06-16,-,0,-
-,-,dim,-,1157.4,-1.94,1410.84,0.0,84.48,0.65,26,0.0,10,0.0,16,0.0,0,0.0,38.46,0.0,2025-01-23,-,0,842.0
1087,-47,Igelkotten,-,1157.35,-2.37,1364.84,0.0,69.16,0.79,34,0.0,14,0.0,20,0.0,0,0.0,41.18,0.0,2026-01-15,-,0,687.0
-,-,Hornedraccoon,-,1157.29,-1.88,1418.29,0.0,87.0,0.63,24,0.0,11,0.0,13,0.0,0,0.0,45.83,0.0,2023-12-03,-,0,-
-,-,Essios,-,1157.04,-1.42,1502.31,0.0,115.09,0.47,18,0.0,7,0.0,10,0.0,1,0.0,38.89,0.0,2021-03-02,-,0,-
-,-,HotShot53,-,1157.0,-1.5,1483.54,0.0,108.85,0.5,14,0.0,7,0.0,7,0.0,0,0.0,50.0,0.0,2025-03-29,-,0,872.0
1088,-108,MikeLowrey,-,1156.62,-35.69,1392.28,-63.22,78.55,-9.18,26,6.0,8,0.0,18,6.0,0,0.0,30.77,-9.23,2026-03-28,-,0,1067.0
-,-,Nomisbo,-,1156.47,-0.93,1683.19,0.0,175.57,0.31,6,0.0,5,0.0,1,0.0,0,0.0,83.33,0.0,2021-03-02,-,0,-
1089,-45,Gabilou,-,1156.31,-2.38,1365.37,0.0,69.69,0.79,44,0.0,20,0.0,23,0.0,1,0.0,45.45,0.0,2026-02-02,-,0,720.0
1090,-49,Dimitris,GR,1156.25,-3.46,1245.46,-4.38,29.74,-0.31,438,24.0,131,7.0,303,17.0,4,0.0,29.91,-0.04,2026-05-31,-,0,628.0
-,-,niTRox,-,1156.01,-1.97,1405.66,0.0,83.22,0.66,36,0.0,17,0.0,19,0.0,0,0.0,47.22,0.0,2021-06-02,-,0,-
-,-,gengelstein,-,1155.72,-1.59,1464.15,0.0,102.81,0.53,24,0.0,12,0.0,12,0.0,0,0.0,50.0,0.0,2021-03-02,-,0,-
1091,-45,P-Funk,-,1155.7,-2.02,1399.93,0.0,81.41,0.67,28,0.0,13,0.0,15,0.0,0,0.0,46.43,0.0,2026-02-14,-,0,-
1092,-14,PandaofSooth,-,1155.39,16.36,1413.7,-10.73,86.1,-9.03,20,4.0,11,2.0,9,2.0,0,0.0,55.0,-1.25,2026-04-14,-,0,-
-,-,Inteq,-,1155.28,-1.34,1523.29,0.0,122.67,0.45,18,0.0,11,0.0,6,0.0,1,0.0,61.11,0.0,2020-09-13,-,0,-
-,-,ColdSpark,-,1155.08,-1.87,1419.32,0.0,88.08,0.62,24,0.0,10,0.0,14,0.0,0,0.0,41.67,0.0,2022-02-20,-,0,-
-,-,Vashek,-,1154.77,-1.58,1464.18,0.0,103.14,0.53,18,0.0,11,0.0,7,0.0,0,0.0,61.11,0.0,2023-11-18,-,0,-
1093,-46,RAKoS,-,1154.51,-2.37,1361.99,0.0,69.16,0.79,36,0.0,15,0.0,21,0.0,0,0.0,41.67,0.0,2026-01-18,-,0,1067.0
-,-,Tenebrane,-,1154.32,-2.09,1389.06,0.0,78.25,0.7,30,0.0,12,0.0,18,0.0,0,0.0,40.0,0.0,2025-01-26,-,0,1067.0
1094,-80,jormapa,-,1154.24,-21.96,1322.36,-59.26,56.04,-12.43,50,18.0,20,5.0,30,13.0,0,0.0,40.0,-6.88,2026-05-29,-,0,-
-,-,DanielDose,-,1154.1,-1.79,1427.7,0.0,91.2,0.6,24,0.0,12,0.0,12,0.0,0,0.0,50.0,0.0,2024-06-02,-,0,-
-,-,DocFleischmann,-,1153.89,-1.42,1498.1,0.0,114.74,0.47,12,0.0,5,0.0,7,0.0,0,0.0,41.67,0.0,2024-04-04,-,0,-
-,-,HHH,-,1153.84,-1.36,1514.35,0.0,120.17,0.45,12,0.0,8,0.0,3,0.0,1,0.0,66.67,0.0,2021-06-02,-,0,-
1095,-60,AnBeLi3v4bLe,GR,1152.54,-8.86,1237.14,-8.02,28.2,0.28,516,24.0,151,4.0,361,20.0,4,0.0,29.26,-0.62,2026-05-27,-,0,670.0
-,-,juancho1976,-,1152.26,-2.75,1334.56,0.0,60.77,0.92,108,0.0,44,0.0,64,0.0,0,0.0,40.74,0.0,2024-02-23,-,0,-
1096,-46,Tuisku,-,1152.26,-2.18,1378.06,0.0,75.27,0.73,36,0.0,10,0.0,24,0.0,2,0.0,27.78,0.0,2026-01-23,-,0,989.0
1097,-70,Kruch,DE,1151.78,-15.11,1240.7,-15.02,29.64,0.03,538,24.0,181,4.0,352,20.0,5,0.0,33.64,-0.8,2026-05-31,-,0,697.0
-,-,lordofwales,DE,1151.75,-0.98,1653.55,0.0,167.27,0.33,6,0.0,5,0.0,1,0.0,0,0.0,83.33,0.0,2020-09-06,-,0,-
-,-,Ringbearer,NL,1151.4,-2.24,1371.09,0.0,73.23,0.75,48,0.0,25,0.0,22,0.0,1,0.0,52.08,0.0,2022-09-04,-,0,-
-,-,stupidpiggy2,-,1151.3,-1.53,1470.91,0.0,106.54,0.51,24,0.0,14,0.0,10,0.0,0,0.0,58.33,0.0,2020-09-06,-,0,-
1098,-45,ballgi,-,1151.19,-1.1,1595.21,0.0,148.01,0.37,6,0.0,5,0.0,1,0.0,0,0.0,83.33,0.0,2025-12-14,-,0,-
-,-,Sheepstealer,-,1150.92,-1.54,1468.11,0.0,105.73,0.51,14,0.0,7,0.0,7,0.0,0,0.0,50.0,0.0,2024-04-04,-,0,-
1099,-57,KTMatthews,CA,1150.34,-9.18,1249.91,-8.47,33.19,0.24,368,12.0,108,3.0,259,9.0,1,0.0,29.35,-0.14,2026-05-31,-,0,674.0
-,-,Straanger,-,1150.33,-1.39,1503.12,0.0,117.59,0.46,12,0.0,5,0.0,7,0.0,0,0.0,41.67,0.0,2021-06-02,-,0,-
1100,-55,metternich,IT,1150.05,-8.58,1236.38,-8.1,28.78,0.16,508,24.0,149,5.0,354,19.0,5,0.0,29.33,-0.42,2026-05-31,-,0,615.0
-,-,marizee412,PH,1149.04,-4.12,1272.83,0.0,41.26,1.37,292,0.0,82,0.0,209,0.0,1,0.0,28.08,0.0,2025-01-26,-,0,1284.0
1101,-2,Revan,DE,1148.76,25.08,1272.96,19.79,41.4,-1.76,206,12.0,57,6.0,148,6.0,1,0.0,27.67,1.38,2026-05-31,-,0,1063.0
-,-,DaemonCleaner,NO,1148.64,-1.49,1477.54,0.0,109.63,0.5,18,0.0,10,0.0,8,0.0,0,0.0,55.56,0.0,2023-01-15,-,0,-
-,-,paixhaine,-,1148.59,-1.48,1480.0,0.0,110.47,0.49,12,0.0,6,0.0,6,0.0,0,0.0,50.0,0.0,2022-06-05,-,0,-
-,-,Four-Zero,-,1148.58,-1.48,1485.99,0.0,112.47,0.49,18,0.0,12,0.0,6,0.0,0,0.0,66.67,0.0,2022-06-05,-,0,-
-,-,FulcrumActual,-,1148.48,-1.39,1501.32,0.0,117.61,0.46,12,0.0,9,0.0,3,0.0,0,0.0,75.0,0.0,2025-05-29,-,0,1287.0
1102,-46,lzhon002,-,1148.41,-2.21,1372.04,0.0,74.54,0.74,36,0.0,14,0.0,22,0.0,0,0.0,38.89,0.0,2026-01-29,-,0,1184.0
-,-,O.K.,-,1148.2,-2.91,1319.48,0.0,57.09,0.97,92,0.0,31,0.0,58,0.0,3,0.0,33.7,0.0,2025-01-30,-,0,1118.0
-,-,Roh,-,1148.03,-0.98,1649.22,0.0,167.06,0.33,6,0.0,5,0.0,1,0.0,0,0.0,83.33,0.0,2021-06-02,-,0,-
1103,-45,UNICOKRATOS,-,1147.83,-2.18,1372.84,0.0,75.01,0.73,30,0.0,12,0.0,18,0.0,0,0.0,40.0,0.0,2026-01-20,-,0,939.0
-,-,Campanulas,-,1147.78,-2.89,1321.25,0.0,57.82,0.96,84,0.0,29,0.0,55,0.0,0,0.0,34.52,0.0,2024-09-04,-,0,-
-,-,jabroner,-,1147.53,-1.34,1514.14,0.0,122.21,0.45,12,0.0,6,0.0,6,0.0,0,0.0,50.0,0.0,2021-02-25,-,0,-
-,-,Kaiba0710,-,1147.47,-1.38,1503.07,0.0,118.53,0.46,12,0.0,7,0.0,5,0.0,0,0.0,58.33,0.0,2021-12-05,-,0,-
-,-,Uslo,UA,1147.3,-2.2,1370.53,0.0,74.41,0.73,36,0.0,15,0.0,21,0.0,0,0.0,41.67,0.0,2022-09-04,-,0,-
-,-,GustavEdman,-,1147.22,-1.8,1420.36,0.0,91.05,0.6,30,0.0,13,0.0,17,0.0,0,0.0,43.33,0.0,2021-06-02,-,0,-
1104,-139,Muttley444,-,1146.69,-58.26,1356.6,-125.1,69.97,-22.28,28,12.0,9,0.0,19,12.0,0,0.0,32.14,-24.11,2026-05-26,-,0,-
-,-,Holotrop,-,1146.43,-1.75,1426.15,0.0,93.24,0.58,24,0.0,11,0.0,13,0.0,0,0.0,45.83,0.0,2021-02-23,-,0,-
-,-,Elron,-,1146.41,-1.01,1630.75,0.0,161.45,0.34,6,0.0,3,0.0,3,0.0,0,0.0,50.0,0.0,2020-12-02,-,0,-
1105,-45,qige,-,1146.02,-2.25,1364.21,0.0,72.73,0.75,30,0.0,9,0.0,21,0.0,0,0.0,30.0,0.0,2026-01-26,-,0,918.0
1106,-43,Rako,-,1145.3,-1.51,1470.65,0.0,108.45,0.5,12,0.0,7,0.0,5,0.0,0,0.0,58.33,0.0,2026-01-20,-,0,1287.0
1107,-48,TaoTeo,IT,1144.85,-4.11,1270.86,0.0,42.0,1.37,344,0.0,114,0.0,229,0.0,1,0.0,33.14,0.0,2025-12-01,-,0,1118.0
-,-,Shaeff,-,1144.77,-1.94,1397.45,0.0,84.22,0.65,28,0.0,17,0.0,11,0.0,0,0.0,60.71,0.0,2023-04-16,-,0,-
-,-,Ampersandy,-,1143.99,-2.47,1341.8,0.0,65.94,0.82,90,0.0,41,0.0,49,0.0,0,0.0,45.56,0.0,2021-11-29,-,0,-
-,-,Andreasp88,-,1143.87,-2.22,1365.78,0.0,73.97,0.74,38,0.0,13,0.0,24,0.0,1,0.0,34.21,0.0,2024-04-04,-,0,-
-,-,Miir,-,1143.8,-1.36,1504.89,0.0,120.36,0.45,18,0.0,9,0.0,8,0.0,1,0.0,50.0,0.0,2020-09-13,-,0,-
1108,-40,Lamont_Gu,-,1143.37,0.19,1407.72,-56.8,88.12,-18.99,18,6.0,7,1.0,11,5.0,0,0.0,38.89,-11.11,2026-03-18,-,0,-
1109,-44,botenmaru82,-,1143.28,-2.15,1372.85,0.0,76.52,0.72,32,0.0,13,0.0,18,0.0,1,0.0,40.62,0.0,2025-12-01,-,0,872.0
-,-,welchi,-,1143.27,-0.98,1644.34,0.0,167.02,0.33,6,0.0,5,0.0,1,0.0,0,0.0,83.33,0.0,2020-09-13,-,0,-
-,-,orangeblood,-,1143.18,-2.43,1349.37,0.0,68.73,0.81,90,0.0,24,0.0,66,0.0,0,0.0,26.67,0.0,2022-03-01,-,0,-
-,-,Ptarr,-,1142.78,-1.96,1395.31,0.0,84.18,0.65,30,0.0,13,0.0,17,0.0,0,0.0,43.33,0.0,2023-01-15,-,0,-
-,-,Soiled_Undercrackers,-,1142.76,-2.4,1350.68,0.0,69.31,0.8,54,0.0,22,0.0,32,0.0,0,0.0,40.74,0.0,2022-05-29,-,0,-
-,-,TEPBEP,-,1142.72,-2.11,1375.49,0.0,77.59,0.7,32,0.0,12,0.0,20,0.0,0,0.0,37.5,0.0,2024-04-04,-,0,-
-,-,BGTigger,-,1142.65,-3.8,1273.71,0.0,43.69,1.27,142,0.0,51,0.0,90,0.0,1,0.0,35.92,0.0,2025-02-01,-,0,751.0
-,-,Der_Imperator,-,1142.64,-1.83,1411.37,0.0,89.58,0.61,24,0.0,12,0.0,12,0.0,0,0.0,50.0,0.0,2025-02-01,-,0,1118.0
1110,-43,clemy,-,1142.59,-1.42,1486.95,0.0,114.79,0.47,12,0.0,5,0.0,7,0.0,0,0.0,41.67,0.0,2026-01-21,-,0,-
-,-,pearh,-,1142.59,-0.97,1646.57,0.0,167.99,0.32,6,0.0,5,0.0,1,0.0,0,0.0,83.33,0.0,2020-09-06,-,0,-
-,-,TomTom69,-,1142.05,-1.64,1441.55,0.0,99.83,0.55,24,0.0,9,0.0,15,0.0,0,0.0,37.5,0.0,2021-03-02,-,0,-
-,-,sbronzisjhonson,-,1141.96,-3.71,1278.67,0.0,45.57,1.24,168,0.0,52,0.0,114,0.0,2,0.0,30.95,0.0,2025-01-10,-,0,1287.0
-,-,Oslot,-,1141.9,-2.27,1360.04,0.0,72.72,0.76,42,0.0,18,0.0,24,0.0,0,0.0,42.86,0.0,2023-08-03,-,0,-
-,-,Goth444,-,1141.8,-1.25,1532.73,0.0,130.31,0.42,12,0.0,7,0.0,5,0.0,0,0.0,58.33,0.0,2024-02-23,-,0,-
-,-,Michael1101,DE,1141.39,-2.42,1344.28,0.0,67.63,0.81,48,0.0,19,0.0,28,0.0,1,0.0,39.58,0.0,2023-04-16,-,0,-
1111,-45,tiagosilva,-,1141.14,-3.93,1267.69,0.0,42.18,1.31,246,0.0,78,0.0,167,0.0,1,0.0,31.71,0.0,2025-12-03,-,0,1050.0
-,-,kilfara,-,1141.03,-1.13,1573.01,0.0,143.99,0.38,12,0.0,9,0.0,3,0.0,0,0.0,75.0,0.0,2019-11-10,-,0,-
-,-,origamifan,-,1140.93,-2.71,1322.72,0.0,60.6,0.9,114,0.0,44,0.0,69,0.0,1,0.0,38.6,0.0,2021-12-05,-,0,-
-,-,claybirds,-,1140.51,-2.3,1354.7,0.0,71.4,0.77,60,0.0,25,0.0,35,0.0,0,0.0,41.67,0.0,2021-03-02,-,0,-
-,-,Urbaneq,-,1140.18,-1.58,1451.09,0.0,103.63,0.53,18,0.0,7,0.0,10,0.0,1,0.0,38.89,0.0,2021-09-05,-,0,-
-,-,RELandREL,-,1140.0,-1.22,1541.56,0.0,133.85,0.41,8,0.0,5,0.0,3,0.0,0,0.0,62.5,0.0,2023-01-22,-,0,-
-,-,Nikauw,-,1138.95,-1.5,1465.65,0.0,108.9,0.5,14,0.0,5,0.0,9,0.0,0,0.0,35.71,0.0,2024-04-04,-,0,-
1112,-50,blackwave,CN,1138.75,-8.31,1333.21,-23.42,64.82,-5.03,40,6.0,13,1.0,25,5.0,2,0.0,32.5,-2.79,2026-04-30,-,0,655.0
-,-,LukeSpraywalker,IN,1138.55,-3.97,1264.22,0.0,41.89,1.32,174,0.0,51,0.0,119,0.0,4,0.0,29.31,0.0,2024-10-01,-,0,-
1113,-38,Camy,-,1138.55,-1.33,1507.84,0.0,123.09,0.44,8,0.0,5,0.0,3,0.0,0,0.0,62.5,0.0,2026-01-15,-,0,-
1114,-40,Papella,-,1138.38,-1.52,1460.9,0.0,107.51,0.51,12,0.0,6,0.0,6,0.0,0,0.0,50.0,0.0,2026-01-27,-,0,-
-,-,youbib,-,1138.15,-1.06,1601.9,0.0,154.58,0.35,6,0.0,3,0.0,3,0.0,0,0.0,50.0,0.0,2024-02-23,-,0,-
-,-,Kwang202,-,1137.65,-3.53,1283.68,0.0,48.68,1.18,198,0.0,68,0.0,123,0.0,7,0.0,34.34,0.0,2024-06-16,-,0,-
1115,-114,wisteria,MO,1137.43,-46.6,1254.2,-52.61,38.92,-2.0,256,18.0,86,0.0,166,17.0,4,1.0,33.59,-2.54,2026-05-31,-,0,1388.0
-,-,ctcheung,-,1137.27,-3.31,1287.38,0.0,50.04,1.1,90,0.0,32,0.0,54,0.0,4,0.0,35.56,0.0,2025-04-19,-,0,857.0
-,-,TopDog,-,1137.07,-1.75,1417.38,0.0,93.44,0.58,18,0.0,8,0.0,10,0.0,0,0.0,44.44,0.0,2025-03-20,-,0,939.0
1116,-39,JohnDavie,-,1137.02,-2.14,1365.5,0.0,76.16,0.71,30,0.0,11,0.0,19,0.0,0,0.0,36.67,0.0,2026-01-30,-,0,939.0
-,-,ManateeOverlord,-,1136.29,-1.02,1618.09,0.0,160.6,0.34,6,0.0,4,0.0,2,0.0,0,0.0,66.67,0.0,2020-09-06,-,0,-
-,-,LuisPerdomo,-,1136.12,-1.22,1538.94,0.0,134.27,0.41,12,0.0,7,0.0,5,0.0,0,0.0,58.33,0.0,2024-02-23,-,0,-
1117,-47,vyvy,-,1135.99,-4.56,1252.74,-12.37,38.91,-2.6,128,18.0,40,5.0,87,13.0,1,0.0,31.25,-0.57,2026-05-25,-,0,755.0
1118,-47,BerdBlond,-,1135.61,-4.87,1239.24,0.0,34.54,1.62,366,0.0,118,0.0,246,0.0,2,0.0,32.24,0.0,2026-01-27,-,0,836.0
1119,-6,buso1705,-,1135.41,25.27,1320.64,-88.14,61.74,-37.81,38,24.0,14,7.0,21,15.0,3,2.0,36.84,-13.16,2026-05-31,-,0,1388.0
1120,-38,icepick_mn,-,1134.66,-2.1,1370.38,0.0,78.57,0.7,30,0.0,10,0.0,20,0.0,0,0.0,33.33,0.0,2025-12-01,-,0,635.0
1121,-40,Jocik,-,1134.53,-2.38,1341.19,0.0,68.88,0.79,38,0.0,13,0.0,25,0.0,0,0.0,34.21,0.0,2026-01-24,-,0,757.0
-,-,JoeBa,-,1134.1,-3.03,1296.55,0.0,54.15,1.01,80,0.0,29,0.0,51,0.0,0,0.0,36.25,0.0,2024-06-02,-,0,-
-,-,Luitheone,-,1134.08,-2.61,1322.44,0.0,62.79,0.87,132,0.0,46,0.0,85,0.0,1,0.0,34.85,0.0,2021-05-24,-,0,-
1122,-58,Moulbaert,-,1134.06,-12.23,1409.77,-69.26,91.9,-19.01,18,6.0,7,1.0,11,5.0,0,0.0,38.89,-11.11,2026-03-14,-,0,-
1123,-39,Raasay,-,1133.88,-1.9,1391.21,0.0,85.78,0.63,24,0.0,8,0.0,16,0.0,0,0.0,33.33,0.0,2026-01-27,-,0,989.0
-,-,adibendot,-,1133.01,-2.67,1319.76,0.0,62.25,0.89,90,0.0,33,0.0,57,0.0,0,0.0,36.67,0.0,2022-05-30,-,0,-
-,-,JDN115,CA,1132.56,-2.93,1307.4,0.0,58.28,0.98,78,0.0,26,0.0,52,0.0,0,0.0,33.33,0.0,2023-12-03,-,0,-
-,-,Horsard,-,1132.54,-2.23,1354.11,0.0,73.86,0.74,60,0.0,15,0.0,44,0.0,1,0.0,25.0,0.0,2025-02-28,-,0,729.0
-,-,Ian357,-,1132.38,-1.81,1404.48,0.0,90.7,0.6,24,0.0,11,0.0,13,0.0,0,0.0,45.83,0.0,2024-04-04,-,0,-
-,-,Thyrus,-,1132.09,-4.33,1248.9,0.0,38.94,1.44,224,0.0,65,0.0,157,0.0,2,0.0,29.02,0.0,2025-05-31,-,0,1054.0
-,-,SMASH,-,1131.6,-2.16,1360.17,0.0,76.19,0.72,66,0.0,30,0.0,36,0.0,0,0.0,45.45,0.0,2021-02-15,-,0,-
-,-,RickLoftson,CA,1131.59,-1.42,1476.56,0.0,114.99,0.47,12,0.0,5,0.0,6,0.0,1,0.0,41.67,0.0,2022-03-06,-,0,-
-,-,Eduard69,-,1131.29,-1.29,1509.71,0.0,126.14,0.43,8,0.0,5,0.0,3,0.0,0,0.0,62.5,0.0,2025-01-23,-,0,1067.0
-,-,Aquir,-,1130.59,-1.14,1559.99,0.0,143.13,0.38,12,0.0,7,0.0,5,0.0,0,0.0,58.33,0.0,2018-10-14,-,0,-
-,-,Samn4ation,-,1130.25,-1.61,1435.05,0.0,101.6,0.54,24,0.0,11,0.0,13,0.0,0,0.0,45.83,0.0,2020-11-27,-,0,-
-,-,goldeneyeonline,DE,1129.49,-2.45,1330.08,0.0,66.86,0.82,66,0.0,24,0.0,42,0.0,0,0.0,36.36,0.0,2022-12-04,-,0,-
1124,-30,EvgenyRazinkov,-,1129.04,2.35,1362.4,-31.97,77.79,-11.44,28,6.0,10,1.0,17,5.0,1,0.0,35.71,-5.2,2026-03-25,-,0,872.0
1125,-37,pj79,-,1129.0,-0.55,1244.69,-0.54,38.56,0.01,188,6.0,70,3.0,114,3.0,4,0.0,37.23,0.42,2026-05-29,-,0,791.0
-,-,ndzwdz,-,1128.66,-3.73,1262.27,0.0,44.53,1.24,188,0.0,61,0.0,126,0.0,1,0.0,32.45,0.0,2024-05-26,-,0,-
1126,new,Nati_1916,-,1128.48,678.48,1431.75,-68.25,101.09,101.09,12,12.0,6,6.0,6,6.0,0,0.0,50.0,50.0,2026-05-27,-,0,-
1127,-40,GWItheUltimate,CA,1128.06,-3.69,1263.16,0.0,45.03,1.23,122,0.0,34,0.0,88,0.0,0,0.0,27.87,0.0,2025-12-01,-,0,1114.0
-,-,beecu,-,1127.73,-1.47,1462.25,0.0,111.51,0.49,14,0.0,6,0.0,8,0.0,0,0.0,42.86,0.0,2024-04-04,-,0,-
1128,-38,Jaspie,-,1127.47,-0.95,1641.54,0.0,171.36,0.32,4,0.0,2,0.0,2,0.0,0,0.0,50.0,0.0,2026-02-16,-,0,-
-,-,Vee,IN,1127.19,-1.79,1400.51,0.0,91.11,0.6,30,0.0,12,0.0,18,0.0,0,0.0,40.0,0.0,2023-11-17,-,0,-
1129,-44,SnowGolem,-,1126.81,-5.14,1226.26,0.0,33.15,1.71,408,0.0,119,0.0,287,0.0,2,0.0,29.17,0.0,2026-02-28,-,0,630.0
1130,-32,WraightCZ,CZ,1126.22,2.02,1214.95,2.06,29.58,0.01,428,24.0,110,7.0,317,17.0,1,0.0,25.7,0.2,2026-05-31,-,0,778.0
-,-,deleted_user_1946622,-,1126.19,-2.67,1314.87,0.0,62.9,0.89,42,0.0,14,0.0,27,0.0,1,0.0,33.33,0.0,2024-10-01,-,0,-
-,-,Raq82,-,1126.08,-1.67,1421.11,0.0,98.34,0.56,22,0.0,10,0.0,12,0.0,0,0.0,45.45,0.0,2024-02-23,-,0,-
-,-,vomisa,-,1125.5,-2.65,1311.68,0.0,62.06,0.88,84,0.0,36,0.0,48,0.0,0,0.0,42.86,0.0,2022-06-05,-,0,-
-,-,Grishnakk,-,1125.13,-1.4,1473.79,0.0,116.22,0.47,12,0.0,4,0.0,7,0.0,1,0.0,33.33,0.0,2024-04-04,-,0,-
-,-,Saish,ES,1124.79,-3.45,1271.13,0.0,48.78,1.15,196,0.0,64,0.0,132,0.0,0,0.0,32.65,0.0,2024-04-04,-,0,1173.0
1131,-40,Franzy,-,1124.68,-3.27,1276.73,0.0,50.68,1.09,108,0.0,39,0.0,69,0.0,0,0.0,36.11,0.0,2026-01-26,-,0,746.0
1132,-37,Yavuial,-,1124.11,-0.96,1635.54,0.0,170.48,0.32,8,0.0,6,0.0,2,0.0,0,0.0,75.0,0.0,2026-01-17,-,0,-
-,-,NillisLukins,-,1124.04,-1.18,1541.21,0.0,139.06,0.39,12,0.0,7,0.0,5,0.0,0,0.0,58.33,0.0,2020-06-28,-,0,-
-,-,fas723,-,1124.01,-1.65,1422.13,0.0,99.37,0.55,18,0.0,8,0.0,10,0.0,0,0.0,44.44,0.0,2024-04-04,-,0,-
-,-,Bushel,-,1123.59,-2.68,1307.57,0.0,61.33,0.89,70,0.0,27,0.0,43,0.0,0,0.0,38.57,0.0,2023-12-31,-,0,-
-,-,Hamtes,CZ,1123.41,-2.05,1362.12,0.0,79.57,0.68,30,0.0,10,0.0,20,0.0,0,0.0,33.33,0.0,2023-12-03,-,0,-
1133,-36,sparkyal,-,1123.24,-1.51,1447.03,0.0,107.93,0.5,18,0.0,8,0.0,10,0.0,0,0.0,44.44,0.0,2026-01-22,-,0,-
1134,-41,filgonfin,ES,1123.1,-4.25,1245.82,0.0,40.9,1.42,204,0.0,61,0.0,140,0.0,3,0.0,29.9,0.0,2026-01-23,-,0,1280.0
1135,-43,Izio,IT,1123.0,-4.46,1229.51,-2.09,35.51,0.79,298,8.0,85,2.0,211,6.0,2,0.0,28.52,-0.1,2026-04-12,-,0,655.0
-,-,blubeck,-,1122.39,-1.92,1377.52,0.0,85.05,0.64,30,0.0,14,0.0,15,0.0,1,0.0,46.67,0.0,2022-06-05,-,0,-
-,-,Cleeve,-,1122.35,-1.28,1505.01,0.0,127.55,0.43,12,0.0,7,0.0,5,0.0,0,0.0,58.33,0.0,2021-06-02,-,0,-
-,-,djed,-,1121.47,-2.69,1303.43,0.0,60.65,0.9,76,0.0,26,0.0,49,0.0,1,0.0,34.21,0.0,2023-03-05,-,0,-
-,-,Richy_DNF,-,1121.34,-2.04,1361.06,0.0,79.91,0.68,60,0.0,24,0.0,35,0.0,1,0.0,40.0,0.0,2020-11-22,-,0,-
1136,-53,Czechlands,-,1120.9,-15.76,1427.31,-128.33,102.14,-37.52,14,6.0,6,0.0,8,6.0,0,0.0,42.86,-32.14,2026-03-22,-,0,-
-,-,Kelvinator,CA,1120.83,-3.25,1273.33,0.0,50.83,1.08,144,0.0,49,0.0,94,0.0,1,0.0,34.03,0.0,2025-04-16,-,0,1280.0
-,-,ahowlin,-,1120.77,-2.98,1285.55,0.0,54.93,0.99,114,0.0,40,0.0,74,0.0,0,0.0,35.09,0.0,2024-03-03,-,0,-
1137,-37,Qirgi,-,1120.73,-1.72,1405.67,0.0,94.98,0.57,20,0.0,11,0.0,9,0.0,0,0.0,55.0,0.0,2026-01-24,-,0,1067.0
1138,-34,Icarium,US,1120.42,3.52,1206.8,3.8,28.79,0.09,618,24.0,169,7.0,442,17.0,7,0.0,27.35,0.08,2026-05-31,-,0,690.0
-,-,Rikelev,-,1120.41,-1.96,1370.61,0.0,83.4,0.65,30,0.0,13,0.0,16,0.0,1,0.0,43.33,0.0,2022-06-05,-,0,-
1139,-50,Nymphaea,DE,1120.01,-9.12,1236.06,-8.54,38.68,0.19,184,6.0,58,1.0,124,5.0,2,0.0,31.52,-0.5,2026-05-25,-,0,1271.0
1140,-22,CuJ,-,1119.72,14.25,1233.6,6.08,37.96,-2.72,140,22.0,42,7.0,98,15.0,0,0.0,30.0,0.34,2026-05-31,-,0,690.0
-,-,Grassman,-,1119.53,-2.93,1290.91,0.0,57.13,0.98,92,0.0,34,0.0,58,0.0,0,0.0,36.96,0.0,2023-02-27,-,0,-
-,-,Schlotzky,-,1118.92,-2.54,1312.38,0.0,64.49,0.85,144,0.0,48,0.0,92,0.0,4,0.0,33.33,0.0,2021-05-21,-,0,-
-,-,lorrico,-,1118.67,-1.63,1420.15,0.0,100.5,0.54,30,0.0,16,0.0,14,0.0,0,0.0,53.33,0.0,2020-11-27,-,0,-
-,-,omegasun,-,1118.47,-1.3,1495.5,0.0,125.68,0.43,12,0.0,8,0.0,4,0.0,0,0.0,66.67,0.0,2020-12-02,-,0,-
-,-,Nakatomy,-,1118.45,-1.09,1567.64,0.0,149.73,0.36,6,0.0,4,0.0,2,0.0,0,0.0,66.67,0.0,2022-12-04,-,0,-
1141,-27,Lohmann,-,1117.99,8.64,1336.81,-8.57,72.94,-5.74,30,6.0,11,1.0,19,5.0,0,0.0,36.67,-5.0,2026-03-13,-,0,1118.0
-,-,DAVOC,-,1117.78,-2.56,1311.82,0.0,64.68,0.85,72,0.0,24,0.0,47,0.0,1,0.0,33.33,0.0,2023-02-12,-,0,-
-,-,Legolukadad,-,1117.17,-0.95,1633.81,0.0,172.21,0.32,6,0.0,4,0.0,2,0.0,0,0.0,66.67,0.0,2020-06-28,-,0,-
-,-,bach0910,-,1117.04,-1.8,1398.67,0.0,93.87,0.6,42,0.0,22,0.0,20,0.0,0,0.0,52.38,0.0,2020-08-10,-,0,-
-,-,Ms.QTPi,-,1116.96,-2.02,1359.37,0.0,80.8,0.67,24,0.0,12,0.0,12,0.0,0,0.0,50.0,0.0,2025-05-29,-,0,1170.0
-,-,donperizoma,-,1116.4,-1.79,1390.48,0.0,91.36,0.6,18,0.0,8,0.0,10,0.0,0,0.0,44.44,0.0,2025-03-16,-,0,939.0
1142,-39,ChipsChipsensen,NL,1115.49,-2.18,1340.21,0.0,74.9,0.73,30,0.0,13,0.0,16,0.0,1,0.0,43.33,0.0,2025-07-17,-,0,1388.0
-,-,yellow23,-,1114.8,-1.36,1475.47,0.0,120.22,0.45,12,0.0,7,0.0,5,0.0,0,0.0,58.33,0.0,2022-02-21,-,0,-
1143,-37,MATADORDELMAR,-,1114.52,-2.12,1347.31,0.0,77.59,0.71,30,0.0,10,0.0,20,0.0,0,0.0,33.33,0.0,2026-01-20,-,0,1287.0
-,-,MonsieurFlynn,-,1114.38,-1.86,1383.69,0.0,89.77,0.62,42,0.0,18,0.0,24,0.0,0,0.0,42.86,0.0,2020-08-30,-,0,-
1144,-37,EdWARlock,-,1114.19,-1.52,1436.74,0.0,107.52,0.51,12,0.0,3,0.0,8,0.0,1,0.0,25.0,0.0,2026-02-01,-,0,-
1145,-37,Ferris,-,1113.95,-1.46,1448.41,0.0,111.49,0.49,12,0.0,6,0.0,6,0.0,0,0.0,50.0,0.0,2026-02-08,-,0,-
-,-,JFK2016,US,1113.86,-3.9,1247.46,0.0,44.53,1.3,352,0.0,110,0.0,238,0.0,4,0.0,31.25,0.0,2023-11-30,-,0,-
-,-,Scar_702,-,1113.05,-1.1,1558.12,0.0,148.36,0.37,6,0.0,4,0.0,2,0.0,0,0.0,66.67,0.0,2024-06-02,-,0,-
-,-,fadenpendler,-,1112.21,-0.84,1696.79,0.0,194.86,0.28,4,0.0,4,0.0,0,0.0,0,0.0,100.0,0.0,2025-02-06,-,0,-
1146,-37,Voras,-,1112.12,-2.11,1346.09,0.0,77.99,0.7,24,0.0,8,0.0,14,0.0,2,0.0,33.33,0.0,2026-01-25,-,0,989.0
-,-,Bora_Horsa_Gobuchul,-,1112.08,-1.81,1384.26,0.0,90.72,0.6,24,0.0,9,0.0,15,0.0,0,0.0,37.5,0.0,2025-01-23,-,0,1118.0
-,-,mpilb,-,1111.7,-1.29,1492.42,0.0,126.91,0.43,12,0.0,5,0.0,7,0.0,0,0.0,41.67,0.0,2020-09-13,-,0,-
-,-,mythianan,-,1111.28,-1.6,1418.11,0.0,102.28,0.53,18,0.0,8,0.0,10,0.0,0,0.0,44.44,0.0,2024-04-04,-,0,-
-,-,hhahanext,-,1111.22,-1.57,1423.96,0.0,104.25,0.52,14,0.0,5,0.0,9,0.0,0,0.0,35.71,0.0,2025-03-12,-,0,939.0
-,-,Gervais,IT,1111.07,-3.58,1252.23,0.0,47.06,1.19,218,0.0,71,0.0,145,0.0,2,0.0,32.57,0.0,2024-11-26,-,0,1287.0
-,-,Neptian,-,1110.86,-1.41,1458.63,0.0,115.92,0.47,12,0.0,4,0.0,8,0.0,0,0.0,33.33,0.0,2024-04-04,-,0,-
-,-,marialy,-,1109.85,-1.37,1466.26,0.0,118.8,0.46,12,0.0,8,0.0,4,0.0,0,0.0,66.67,0.0,2024-08-30,-,0,-
-,-,Sebix,-,1109.81,-1.62,1412.27,0.0,100.82,0.54,18,0.0,7,0.0,11,0.0,0,0.0,38.89,0.0,2025-03-21,-,0,872.0
1147,-36,jasondh10,AU,1109.54,-2.58,1301.67,0.0,64.05,0.86,40,0.0,14,0.0,26,0.0,0,0.0,35.0,0.0,2025-08-31,-,0,928.0
-,-,Evilc,-,1109.43,-1.51,1433.13,0.0,107.9,0.5,12,0.0,4,0.0,8,0.0,0,0.0,33.33,0.0,2023-03-01,-,0,-
-,-,RyGuy123,-,1109.19,-1.4,1458.52,0.0,116.45,0.47,12,0.0,5,0.0,7,0.0,0,0.0,41.67,0.0,2024-02-23,-,0,-
-,-,calculex,-,1108.46,-2.61,1298.05,0.0,63.19,0.87,72,0.0,27,0.0,45,0.0,0,0.0,37.5,0.0,2022-08-22,-,0,-
-,-,ack,ES,1108.39,-2.3,1321.72,0.0,71.11,0.77,48,0.0,19,0.0,29,0.0,0,0.0,39.58,0.0,2023-06-04,-,0,-
-,-,machine_elf,-,1108.15,-1.36,1468.61,0.0,120.15,0.45,18,0.0,9,0.0,9,0.0,0,0.0,50.0,0.0,2019-05-19,-,0,-
-,-,ADRILU,-,1107.96,-1.78,1384.31,0.0,92.12,0.59,24,0.0,12,0.0,12,0.0,0,0.0,50.0,0.0,2022-03-06,-,0,-
-,-,Skarsh,-,1107.95,-1.63,1408.15,0.0,100.07,0.54,18,0.0,7,0.0,10,0.0,1,0.0,38.89,0.0,2024-04-04,-,0,-
-,-,RainyDay,-,1107.64,-2.44,1309.19,0.0,67.18,0.81,48,0.0,14,0.0,32,0.0,2,0.0,29.17,0.0,2024-04-04,-,0,-
-,-,Galten,-,1107.49,-1.34,1473.5,0.0,122.0,0.45,12,0.0,6,0.0,6,0.0,0,0.0,50.0,0.0,2024-02-23,-,0,-
-,-,Twinkles,-,1107.47,-1.28,1490.27,0.0,127.6,0.43,12,0.0,6,0.0,6,0.0,0,0.0,50.0,0.0,2020-09-06,-,0,-
1148,-93,NixonSparrow,-,1106.85,-44.06,1463.98,-224.68,119.04,-60.21,12,8.0,5,3.0,7,5.0,0,0.0,41.67,-8.33,2026-04-05,-,0,-
-,-,Argent123,-,1106.26,-1.4,1456.92,0.0,116.89,0.47,12,0.0,7,0.0,5,0.0,0,0.0,58.33,0.0,2021-12-05,-,0,-
-,-,Polysics,-,1106.2,-1.04,1576.88,0.0,156.89,0.35,6,0.0,3,0.0,2,0.0,1,0.0,50.0,0.0,2020-12-02,-,0,-
1149,-33,Msandry,-,1105.69,-2.11,1341.29,0.0,78.53,0.7,30,0.0,11,0.0,19,0.0,0,0.0,36.67,0.0,2026-01-21,-,0,1287.0
-,-,nchenche,-,1105.22,-1.22,1508.15,0.0,134.31,0.41,8,0.0,4,0.0,4,0.0,0,0.0,50.0,0.0,2025-01-14,-,0,939.0
-,-,AoR,-,1104.98,-2.24,1328.38,0.0,74.47,0.75,54,0.0,21,0.0,32,0.0,1,0.0,38.89,0.0,2023-01-15,-,0,-
1150,-33,cultro,-,1104.03,-1.66,1398.88,0.0,98.29,0.55,18,0.0,5,0.0,13,0.0,0,0.0,27.78,0.0,2025-12-06,-,0,1287.0
1151,-13,Ladden,-,1103.79,16.47,1383.18,-55.35,93.13,-23.94,18,6.0,6,1.0,12,5.0,0,0.0,33.33,-8.34,2026-03-19,-,0,-
1152,-33,Garhett,-,1103.04,-2.04,1343.88,0.0,80.28,0.68,24,0.0,8,0.0,15,0.0,1,0.0,33.33,0.0,2025-12-01,-,0,939.0
-,-,Khashir,-,1102.88,-1.27,1488.31,0.0,128.48,0.42,12,0.0,7,0.0,5,0.0,0,0.0,58.33,0.0,2021-09-05,-,0,-
-,-,MikeyB,-,1102.09,-1.81,1374.11,0.0,90.67,0.6,24,0.0,8,0.0,15,0.0,1,0.0,33.33,0.0,2024-05-15,-,0,-
-,-,tolong,-,1101.93,-1.35,1463.65,0.0,120.58,0.45,12,0.0,5,0.0,7,0.0,0,0.0,41.67,0.0,2021-06-02,-,0,-
-,-,KwonJoonHo,-,1101.43,-2.51,1297.26,0.0,65.28,0.84,36,0.0,14,0.0,19,0.0,3,0.0,38.89,0.0,2024-10-01,-,0,-
-,-,Thaddeus,-,1101.03,-2.88,1272.69,0.0,57.22,0.96,180,0.0,64,0.0,114,0.0,2,0.0,35.56,0.0,2023-01-15,-,0,-
-,-,al_boev,RU,1101.0,-2.06,1339.46,0.0,79.49,0.69,26,0.0,12,0.0,13,0.0,1,0.0,46.15,0.0,2025-02-01,-,0,-
-,-,Djurre,-,1100.98,-1.44,1440.17,0.0,113.06,0.48,12,0.0,5,0.0,7,0.0,0,0.0,41.67,0.0,2022-03-06,-,0,-
-,-,Moxielle,-,1100.62,-2.04,1342.01,0.0,80.46,0.68,30,0.0,11,0.0,19,0.0,0,0.0,36.67,0.0,2025-01-25,-,0,868.0
-,-,bloodies,-,1100.57,-1.0,1591.4,0.0,163.61,0.33,6,0.0,5,0.0,1,0.0,0,0.0,83.33,0.0,2021-06-02,-,0,-
-,-,drivebyrobot,-,1099.82,-0.85,1674.92,0.0,191.7,0.28,6,0.0,5,0.0,1,0.0,0,0.0,83.33,0.0,2020-06-21,-,0,-
-,-,croloris,-,1099.47,-1.66,1394.89,0.0,98.48,0.55,24,0.0,10,0.0,14,0.0,0,0.0,41.67,0.0,2022-06-05,-,0,-
-,-,linyan,-,1099.36,-1.63,1400.81,0.0,100.48,0.54,18,0.0,9,0.0,9,0.0,0,0.0,50.0,0.0,2023-01-15,-,0,-
-,-,Nardo,-,1099.27,-1.1,1545.94,0.0,148.89,0.37,6,0.0,4,0.0,2,0.0,0,0.0,66.67,0.0,2021-09-05,-,0,-
-,-,jbuergel,-,1099.22,-1.84,1366.42,0.0,89.07,0.61,36,0.0,13,0.0,21,0.0,2,0.0,36.11,0.0,2020-08-23,-,0,-
-,-,yeokaiwei,-,1099.2,-1.15,1523.68,0.0,141.49,0.38,12,0.0,7,0.0,3,0.0,2,0.0,58.33,0.0,2020-02-09,-,0,-
1153,-30,Tonino,-,1099.16,-0.28,1187.06,0.52,29.3,0.27,602,24.0,156,5.0,437,19.0,9,0.0,25.91,-0.21,2026-05-31,-,0,788.0
-,-,Oriane,-,1099.12,-1.43,1442.5,0.0,114.46,0.48,18,0.0,9,0.0,9,0.0,0,0.0,50.0,0.0,2020-12-02,-,0,-
-,-,Lemth,-,1099.07,-2.03,1341.65,0.0,80.86,0.68,42,0.0,15,0.0,27,0.0,0,0.0,35.71,0.0,2022-03-06,-,0,-
-,-,Devran,TR,1097.95,-1.69,1389.01,0.0,97.02,0.56,22,0.0,10,0.0,12,0.0,0,0.0,45.45,0.0,2025-01-18,-,0,989.0
1154,-32,szyszuniawiesz,-,1097.75,-3.13,1255.31,0.0,52.52,1.04,74,0.0,25,0.0,49,0.0,0,0.0,33.78,0.0,2026-01-22,-,0,1184.0
1155,-34,JakubZGandalfova,-,1097.31,-3.64,1233.83,0.0,45.51,1.21,110,0.0,31,0.0,77,0.0,2,0.0,28.18,0.0,2026-02-28,-,0,802.0
-,-,RolldUpTrips,-,1097.2,-2.07,1336.18,0.0,79.66,0.69,60,0.0,19,0.0,40,0.0,1,0.0,31.67,0.0,2019-11-10,-,0,-
-,-,maffoffo,-,1096.99,-1.76,1375.84,0.0,92.95,0.59,20,0.0,9,0.0,11,0.0,0,0.0,45.0,0.0,2025-03-29,-,0,798.0
-,-,Moondarra,-,1096.95,-2.41,1300.4,0.0,67.82,0.8,54,0.0,20,0.0,34,0.0,0,0.0,37.04,0.0,2023-05-30,-,0,-
-,-,jacobmaster,-,1096.82,-1.1,1542.19,0.0,148.46,0.37,6,0.0,4,0.0,2,0.0,0,0.0,66.67,0.0,2023-01-15,-,0,-
-,-,JuanitosCZ,-,1096.63,-2.74,1276.48,0.0,59.95,0.91,108,0.0,39,0.0,69,0.0,0,0.0,36.11,0.0,2022-08-29,-,0,-
-,-,PinkrAnger,-,1096.5,-3.52,1242.76,0.0,48.75,1.17,252,0.0,75,0.0,170,0.0,7,0.0,29.76,0.0,2023-06-04,-,0,-
1156,-31,Broens,-,1096.41,-1.92,1351.63,0.0,85.07,0.64,24,0.0,10,0.0,13,0.0,1,0.0,41.67,0.0,2026-01-24,-,0,1118.0
1157,-31,Marchely,-,1096.35,-1.72,1382.72,0.0,95.46,0.57,20,0.0,8,0.0,12,0.0,0,0.0,40.0,0.0,2025-12-02,-,0,1118.0
-,-,plaZer,-,1095.87,-2.26,1315.39,0.0,73.18,0.75,56,0.0,13,0.0,43,0.0,0,0.0,23.21,0.0,2023-01-22,-,0,-
-,-,Midyat,-,1095.28,-1.7,1385.22,0.0,96.65,0.57,20,0.0,6,0.0,14,0.0,0,0.0,30.0,0.0,2025-01-19,-,0,989.0
1158,-30,SargeGunz,-,1095.25,-1.7,1384.49,0.0,96.41,0.57,18,0.0,8,0.0,10,0.0,0,0.0,44.44,0.0,2026-01-29,-,0,-
-,-,Kruz,-,1095.14,-1.86,1361.01,0.0,88.62,0.62,24,0.0,9,0.0,15,0.0,0,0.0,37.5,0.0,2022-05-25,-,0,-
-,-,matti5215,-,1094.95,-4.45,1210.95,0.0,38.67,1.48,402,0.0,121,0.0,278,0.0,3,0.0,30.1,0.0,2024-10-22,-,0,1287.0
1159,-29,Linsage,-,1093.43,-2.16,1320.98,0.0,75.85,0.72,38,0.0,10,0.0,28,0.0,0,0.0,26.32,0.0,2026-01-27,-,0,757.0
-,-,megathong,-,1093.26,-2.26,1310.04,0.0,72.26,0.75,72,0.0,27,0.0,45,0.0,0,0.0,37.5,0.0,2021-12-05,-,0,-
-,-,FlyFelix,-,1092.43,-1.44,1433.22,0.0,113.6,0.48,12,0.0,7,0.0,4,0.0,1,0.0,58.33,0.0,2024-02-27,-,0,-
1160,-29,Nomade,-,1092.04,-3.37,1241.04,0.0,49.67,1.12,144,0.0,49,0.0,94,0.0,1,0.0,34.03,0.0,2025-12-04,-,0,1118.0
-,-,Igorian,-,1091.94,-1.63,1392.87,0.0,100.31,0.54,18,0.0,9,0.0,9,0.0,0,0.0,50.0,0.0,2021-09-05,-,0,-
-,-,sirivanhoe,-,1091.74,-0.92,1623.99,0.0,177.41,0.31,6,0.0,4,0.0,2,0.0,0,0.0,66.67,0.0,2020-06-28,-,0,-
-,-,Namian,-,1091.56,-1.92,1348.15,0.0,85.53,0.64,28,0.0,10,0.0,18,0.0,0,0.0,35.71,0.0,2024-04-04,-,0,-
-,-,alexruzzier,-,1090.89,-1.2,1500.23,0.0,136.45,0.4,8,0.0,4,0.0,4,0.0,0,0.0,50.0,0.0,2024-02-23,-,0,-
-,-,Ske,-,1090.84,-1.22,1490.58,0.0,133.25,0.41,12,0.0,8,0.0,4,0.0,0,0.0,66.67,0.0,2020-11-24,-,0,-
-,-,IsleOfDick,-,1089.7,-1.26,1478.01,0.0,129.44,0.42,12,0.0,6,0.0,6,0.0,0,0.0,50.0,0.0,2024-02-23,-,0,-
-,-,Toudi,-,1089.63,-1.86,1354.33,0.0,88.24,0.62,24,0.0,9,0.0,15,0.0,0,0.0,37.5,0.0,2022-12-04,-,0,-
-,-,simone.farina,-,1089.25,-1.32,1463.77,0.0,124.84,0.44,18,0.0,11,0.0,7,0.0,0,0.0,61.11,0.0,2020-06-28,-,0,-
-,-,theblender,-,1088.66,-2.78,1268.19,0.0,59.85,0.93,84,0.0,24,0.0,50,0.0,10,0.0,28.57,0.0,2024-05-25,-,0,-
-,-,t-die,-,1088.51,-1.4,1438.92,0.0,116.8,0.47,12,0.0,7,0.0,5,0.0,0,0.0,58.33,0.0,2022-11-30,-,0,-
-,-,sam4sam4sam,-,1088.3,-2.5,1293.49,0.0,68.4,0.83,42,0.0,14,0.0,27,0.0,1,0.0,33.33,0.0,2025-02-28,-,0,1421.0
-,-,LordEenon,-,1088.24,-1.92,1343.71,0.0,85.16,0.64,36,0.0,16,0.0,20,0.0,0,0.0,44.44,0.0,2021-05-18,-,0,-
1161,-7,MajorGaz,-,1088.23,22.55,1238.6,17.18,50.12,-1.79,110,6.0,31,3.0,79,3.0,0,0.0,28.18,1.26,2026-05-18,-,0,-
1162,-29,EbaN,-,1088.03,-1.43,1431.19,0.0,114.39,0.48,12,0.0,5,0.0,7,0.0,0,0.0,41.67,0.0,2026-02-03,-,0,-
-,-,Albino,-,1087.75,-2.2,1312.08,0.0,74.78,0.73,36,0.0,14,0.0,22,0.0,0,0.0,38.89,0.0,2024-06-02,-,0,-
-,-,logocentric,-,1086.92,-2.8,1264.06,0.0,59.05,0.93,132,0.0,40,0.0,91,0.0,1,0.0,30.3,0.0,2022-02-23,-,0,-
1163,-27,Pieter_NL,-,1086.64,-1.31,1460.76,0.0,124.71,0.44,8,0.0,3,0.0,5,0.0,0,0.0,37.5,0.0,2026-01-27,-,0,-
-,-,campsbayrich,-,1086.38,-2.82,1262.52,0.0,58.71,0.94,120,0.0,39,0.0,79,0.0,2,0.0,32.5,0.0,2022-06-05,-,0,-
-,-,szesophie,-,1086.37,-3.63,1225.24,0.0,46.29,1.21,180,0.0,53,0.0,127,0.0,0,0.0,29.44,0.0,2024-09-15,-,0,1287.0
-,-,Greenilocks,-,1086.29,-2.28,1300.8,0.0,71.5,0.76,78,0.0,26,0.0,52,0.0,0,0.0,33.33,0.0,2020-11-23,-,0,-
-,-,Ranger,-,1086.2,-1.62,1389.85,0.0,101.22,0.54,18,0.0,8,0.0,10,0.0,0,0.0,44.44,0.0,2025-01-27,-,0,1184.0
1164,-27,Serrapac,-,1086.11,-1.8,1359.6,0.0,91.16,0.6,20,0.0,9,0.0,11,0.0,0,0.0,45.0,0.0,2026-01-26,-,0,1118.0
-,-,lpoulter,GB,1085.88,-1.71,1372.33,0.0,95.48,0.57,34,0.0,14,0.0,20,0.0,0,0.0,41.18,0.0,2021-02-23,-,0,-
-,-,samlives,-,1085.64,-2.27,1303.9,0.0,72.75,0.76,54,0.0,19,0.0,35,0.0,0,0.0,35.19,0.0,2025-04-03,-,0,1429.0
1165,-50,Micha501,-,1085.29,-23.55,1266.76,-78.66,60.49,-18.37,40,16.0,11,3.0,28,13.0,1,0.0,27.5,-5.83,2026-05-31,-,0,1118.0
-,-,ScottHMoore,-,1085.19,-1.06,1546.11,0.0,153.64,0.35,6,0.0,3,0.0,3,0.0,0,0.0,50.0,0.0,2020-12-02,-,0,-
-,-,DDD_D,-,1085.02,-1.45,1422.5,0.0,112.49,0.48,12,0.0,4,0.0,8,0.0,0,0.0,33.33,0.0,2025-01-16,-,0,989.0
-,-,Signor_Darcy,-,1085.01,-3.14,1243.97,0.0,52.99,1.05,162,0.0,48,0.0,113,0.0,1,0.0,29.63,0.0,2024-01-16,-,0,-
-,-,DPRK,-,1084.16,-1.49,1413.74,0.0,109.86,0.5,12,0.0,5,0.0,7,0.0,0,0.0,41.67,0.0,2025-01-27,-,0,989.0
-,-,gaute,-,1084.03,-0.89,1634.26,0.0,183.41,0.3,6,0.0,4,0.0,2,0.0,0,0.0,66.67,0.0,2018-10-07,-,0,-
-,-,JTazz01,-,1083.83,-1.88,1345.47,0.0,87.21,0.63,30,0.0,12,0.0,18,0.0,0,0.0,40.0,0.0,2022-03-06,-,0,-
1166,-27,datboidankjuice,-,1083.64,-1.4,1432.98,0.0,116.45,0.47,12,0.0,5,0.0,7,0.0,0,0.0,41.67,0.0,2026-01-23,-,0,-
-,-,Rgjensen,-,1082.13,-1.42,1427.53,0.0,115.13,0.47,12,0.0,4,0.0,8,0.0,0,0.0,33.33,0.0,2025-01-22,-,0,989.0
-,-,mysoli,-,1081.73,-1.47,1414.46,0.0,110.91,0.49,12,0.0,7,0.0,5,0.0,0,0.0,58.33,0.0,2025-02-28,-,0,1287.0
-,-,MBK,-,1081.45,-0.99,1578.17,0.0,165.57,0.33,14,0.0,5,0.0,9,0.0,0,0.0,35.71,0.0,2024-02-23,-,0,-
-,-,zeminith,-,1081.29,-1.82,1352.46,0.0,90.39,0.61,36,0.0,14,0.0,20,0.0,2,0.0,38.89,0.0,2020-06-28,-,0,-
1167,new,quirrell,-,1080.96,630.96,1526.62,26.62,148.55,148.55,6,6.0,3,3.0,3,3.0,0,0.0,50.0,50.0,2026-04-21,-,0,-
-,-,Gladue,-,1080.72,-1.51,1404.94,0.0,108.07,0.5,16,0.0,5,0.0,11,0.0,0,0.0,31.25,0.0,2023-03-05,-,0,-
-,-,Alabastero,-,1079.99,-1.44,1420.72,0.0,113.57,0.48,24,0.0,10,0.0,14,0.0,0,0.0,41.67,0.0,2020-05-28,-,0,-
-,-,psutera,-,1079.99,-1.44,1420.72,0.0,113.57,0.48,24,0.0,10,0.0,14,0.0,0,0.0,41.67,0.0,2020-05-20,-,0,-
-,-,Gondis,-,1079.99,-1.44,1420.72,0.0,113.57,0.48,24,0.0,10,0.0,14,0.0,0,0.0,41.67,0.0,2020-05-19,-,0,-
-,-,ferion,-,1079.97,-1.49,1409.23,0.0,109.75,0.5,18,0.0,8,0.0,10,0.0,0,0.0,44.44,0.0,2020-06-28,-,0,-
-,-,pupukani,-,1079.67,-1.95,1331.57,0.0,83.97,0.65,36,0.0,17,0.0,19,0.0,0,0.0,47.22,0.0,2022-05-29,-,0,-
-,-,FuManchu,-,1079.03,-3.93,1202.86,0.0,41.27,1.31,268,0.0,67,0.0,198,0.0,3,0.0,25.0,0.0,2025-05-26,-,0,1051.0
-,-,Svaldini,CA,1078.86,-2.45,1281.1,0.0,67.41,0.82,54,0.0,18,0.0,36,0.0,0,0.0,33.33,0.0,2023-02-23,-,0,-
-,-,Hanthelmor,BR,1078.42,-4.17,1207.21,0.0,42.93,1.39,348,0.0,94,0.0,249,0.0,5,0.0,27.01,0.0,2024-06-16,-,0,-
-,-,Eira,-,1078.4,-1.78,1354.19,0.0,91.93,0.59,24,0.0,11,0.0,13,0.0,0,0.0,45.83,0.0,2022-03-06,-,0,-
-,-,Volt65,-,1077.97,-1.26,1469.1,0.0,130.38,0.42,16,0.0,10,0.0,6,0.0,0,0.0,62.5,0.0,2020-02-17,-,0,-
-,-,DonStealth,-,1077.81,-2.35,1287.4,0.0,69.86,0.78,36,0.0,10,0.0,26,0.0,0,0.0,27.78,0.0,2025-01-23,-,0,1184.0
1168,-26,PeskyGekko,-,1077.79,-2.12,1310.36,0.0,77.53,0.71,34,0.0,12,0.0,22,0.0,0,0.0,35.29,0.0,2025-12-07,-,0,1118.0
1169,-28,IrenaX,-,1077.67,-3.21,1171.44,-3.32,31.26,-0.04,314,24.0,75,4.0,237,20.0,2,0.0,23.89,-0.59,2026-05-31,-,0,645.0
-,-,Major.Tom,SE,1077.53,-1.37,1436.07,0.0,119.51,0.46,12,0.0,6,0.0,6,0.0,0,0.0,50.0,0.0,2024-09-15,-,0,-
-,-,Holtykins,GB,1077.05,-2.08,1313.63,0.0,78.86,0.69,32,0.0,12,0.0,20,0.0,0,0.0,37.5,0.0,2024-11-29,-,0,1184.0
1170,-27,Bruce.Twarze,-,1076.85,-2.28,1292.86,0.0,72.0,0.76,36,0.0,12,0.0,24,0.0,0,0.0,33.33,0.0,2026-02-04,-,0,1118.0
-,-,lordzorath,-,1076.7,-1.4,1427.89,0.0,117.06,0.47,18,0.0,9,0.0,9,0.0,0,0.0,50.0,0.0,2020-12-02,-,0,-
-,-,Atomtomate,DE,1076.31,-2.63,1266.03,0.0,63.24,0.88,66,0.0,18,0.0,48,0.0,0,0.0,27.27,0.0,2025-01-22,-,0,932.0
-,-,Paracelso,-,1076.21,-2.8,1252.37,0.0,58.72,0.93,92,0.0,24,0.0,66,0.0,2,0.0,26.09,0.0,2025-01-30,-,0,986.0
-,-,Stupidstupidrat,-,1075.45,-1.9,1333.72,0.0,86.09,0.63,24,0.0,7,0.0,17,0.0,0,0.0,29.17,0.0,2024-09-02,-,0,1278.0
-,-,ergates,-,1075.38,-0.91,1611.34,0.0,178.65,0.3,6,0.0,4,0.0,2,0.0,0,0.0,66.67,0.0,2018-09-30,-,0,-
-,-,biso,-,1074.76,-3.11,1237.25,0.0,54.17,1.04,168,0.0,51,0.0,115,0.0,2,0.0,30.36,0.0,2025-01-26,-,0,1416.0
1171,-26,Oleg787899,-,1074.7,-1.38,1429.31,0.0,118.2,0.46,12,0.0,4,0.0,8,0.0,0,0.0,33.33,0.0,2026-02-04,-,0,-
-,-,Mlhovan,-,1074.23,-3.06,1236.28,0.0,54.02,1.02,116,0.0,36,0.0,79,0.0,1,0.0,31.03,0.0,2023-09-10,-,0,-
1172,-28,RodaxIII,-,1073.09,-4.33,1196.19,0.0,41.03,1.44,166,0.0,51,0.0,110,0.0,5,0.0,30.72,0.0,2025-11-07,-,0,1270.0
-,-,HarryW,-,1072.88,-1.07,1529.37,0.0,152.16,0.36,6,0.0,3,0.0,3,0.0,0,0.0,50.0,0.0,2024-02-20,-,0,-
-,-,Prince2B,-,1072.87,-1.2,1481.26,0.0,136.13,0.4,8,0.0,2,0.0,6,0.0,0,0.0,25.0,0.0,2025-01-26,-,0,989.0
-,-,TheMorat,-,1072.73,-1.61,1376.5,0.0,101.26,0.54,18,0.0,6,0.0,12,0.0,0,0.0,33.33,0.0,2023-04-16,-,0,-
-,-,Zeclion,-,1072.73,-2.73,1254.95,0.0,60.74,0.91,170,0.0,44,0.0,114,0.0,12,0.0,25.88,0.0,2021-03-02,-,0,-
-,-,Werlix,-,1072.3,-1.2,1481.69,0.0,136.46,0.4,12,0.0,6,0.0,6,0.0,0,0.0,50.0,0.0,2018-09-23,-,0,-
1173,-26,Dave777,-,1072.29,-1.31,1446.0,0.0,124.57,0.44,12,0.0,5,0.0,7,0.0,0,0.0,41.67,0.0,2026-01-31,-,0,-
1174,-26,Kaputsky,-,1072.15,-1.35,1435.39,0.0,121.08,0.45,12,0.0,4,0.0,8,0.0,0,0.0,33.33,0.0,2026-01-23,-,0,-
-,-,soundfield,-,1071.49,-1.46,1406.93,0.0,111.81,0.49,18,0.0,9,0.0,9,0.0,0,0.0,50.0,0.0,2021-03-02,-,0,-
1175,-29,Jacko65,-,1071.33,-3.7,1205.29,0.0,44.65,1.23,172,0.0,43,0.0,127,0.0,2,0.0,25.0,0.0,2025-12-03,-,0,1184.0
-,-,Edge613,-,1069.77,-3.03,1232.57,0.0,54.27,1.01,90,0.0,28,0.0,62,0.0,0,0.0,31.11,0.0,2025-04-15,-,0,1433.0
1176,-27,2da6,-,1069.68,-2.1,1303.61,0.0,77.98,0.7,34,0.0,9,0.0,25,0.0,0,0.0,26.47,0.0,2026-01-22,-,0,939.0
1177,-27,oPPer,-,1068.3,-1.51,1392.77,0.0,108.16,0.5,12,0.0,4,0.0,8,0.0,0,0.0,33.33,0.0,2026-01-17,-,0,-
1178,-26,Algomi,-,1067.86,-1.18,1484.19,0.0,138.78,0.39,8,0.0,4,0.0,4,0.0,0,0.0,50.0,0.0,2026-01-27,-,0,-
-,-,Ankaru,-,1067.6,-2.75,1248.17,0.0,60.19,0.92,58,0.0,22,0.0,36,0.0,0,0.0,37.93,0.0,2025-02-01,-,0,1067.0
-,-,ackbleh,-,1067.45,-1.23,1465.85,0.0,132.8,0.41,12,0.0,7,0.0,5,0.0,0,0.0,58.33,0.0,2020-11-19,-,0,-
1179,-28,thebigcheese,-,1067.45,-1.84,1334.31,0.0,88.95,0.61,24,0.0,8,0.0,16,0.0,0,0.0,33.33,0.0,2026-01-20,-,0,1287.0
-,-,liladre,-,1066.81,-3.65,1204.55,0.0,45.92,1.22,266,0.0,73,0.0,192,0.0,1,0.0,27.44,0.0,2023-11-17,-,0,-
1180,-27,Tomek,-,1066.76,-1.38,1421.69,0.0,118.31,0.46,12,0.0,6,0.0,6,0.0,0,0.0,50.0,0.0,2026-01-23,-,0,1287.0
1181,-19,olawaco,-,1066.6,9.75,1203.25,10.99,45.55,0.41,100,2.0,34,2.0,66,0.0,0,0.0,34.0,1.35,2026-03-10,-,0,1118.0
-,-,CuteAnn,-,1066.47,-1.86,1330.83,0.0,88.12,0.62,24,0.0,6,0.0,18,0.0,0,0.0,25.0,0.0,2024-11-26,-,0,1114.0
-,-,Droopy999,-,1066.24,-2.69,1252.1,0.0,61.95,0.9,102,0.0,36,0.0,66,0.0,0,0.0,35.29,0.0,2022-03-06,-,0,-
-,-,LacekCZ,-,1066.19,-1.23,1469.39,0.0,134.4,0.41,12,0.0,6,0.0,6,0.0,0,0.0,50.0,0.0,2020-09-13,G,2,-
-,-,Kestutelis,-,1065.07,-1.62,1367.58,0.0,100.84,0.54,20,0.0,6,0.0,14,0.0,0,0.0,30.0,0.0,2025-02-05,-,0,989.0
-,-,RagingKozak,-,1064.1,-2.53,1263.09,0.0,66.33,0.84,90,0.0,32,0.0,58,0.0,0,0.0,35.56,0.0,2021-09-05,-,0,-
1182,-58,Jaan,-,1063.84,-35.3,1358.83,-106.25,98.33,-23.65,14,6.0,3,0.0,11,6.0,0,0.0,21.43,-16.07,2026-03-20,-,0,-
1183,-28,MareTheEnlightened,-,1063.31,-1.76,1342.44,0.0,93.04,0.59,20,0.0,7,0.0,12,0.0,1,0.0,35.0,0.0,2026-01-26,-,0,1067.0
-,-,Joetaptaco,-,1062.78,-1.86,1325.6,0.0,87.6,0.62,30,0.0,12,0.0,18,0.0,0,0.0,40.0,0.0,2022-03-06,-,0,-
-,-,AlexGc,-,1062.33,-0.87,1626.66,0.0,188.11,0.29,6,0.0,4,0.0,2,0.0,0,0.0,66.67,0.0,2020-06-28,-,0,-
-,-,Richy_Doulares,-,1062.08,-1.02,1540.96,0.0,159.63,0.34,6,0.0,4,0.0,2,0.0,0,0.0,66.67,0.0,2024-03-03,-,0,-
-,-,RiccardoRaso,-,1061.48,-2.63,1248.61,0.0,62.38,0.88,72,0.0,21,0.0,50,0.0,1,0.0,29.17,0.0,2023-01-15,-,0,-
-,-,BoB94,-,1060.72,-1.62,1362.59,0.0,100.62,0.54,18,0.0,4,0.0,14,0.0,0,0.0,22.22,0.0,2024-07-01,-,0,-
-,-,TonyMc1961,-,1060.67,-2.26,1278.61,0.0,72.65,0.75,72,0.0,21,0.0,51,0.0,0,0.0,29.17,0.0,2020-12-02,-,0,-
1184,-20,Dunketelin,-,1060.54,6.6,1164.63,6.8,34.7,0.07,294,12.0,77,4.0,216,8.0,1,0.0,26.19,0.3,2026-05-14,-,0,676.0
-,-,essence,IL,1058.74,-2.06,1297.0,0.0,79.42,0.69,30,0.0,10,0.0,19,0.0,1,0.0,33.33,0.0,2023-11-17,-,0,-
1185,-29,MartinCZE,CZ,1058.62,-4.26,1183.9,0.0,41.76,1.42,278,0.0,72,0.0,201,0.0,5,0.0,25.9,0.0,2026-01-03,-,0,915.0
-,-,footjoy39,-,1057.78,-1.52,1379.4,0.0,107.21,0.51,12,0.0,6,0.0,6,0.0,0,0.0,50.0,0.0,2025-01-31,-,0,1067.0
1186,-27,hardsoul,-,1057.74,-1.44,1397.95,0.0,113.4,0.48,12,0.0,3,0.0,9,0.0,0,0.0,25.0,0.0,2026-01-27,-,0,-
1187,unretired,justnomame,VN,1057.58,12.26,1309.48,-11.86,83.97,-8.04,26,4.0,12,2.0,13,1.0,1,1.0,46.15,0.7,2026-05-18,-,0,-
-,-,davidx,-,1057.49,-1.93,1314.42,0.0,85.64,0.64,24,0.0,9,0.0,14,0.0,1,0.0,37.5,0.0,2023-08-22,-,0,-
1188,-31,Batallon,-,1057.43,-4.41,1173.35,0.0,38.64,1.47,298,0.0,80,0.0,215,0.0,3,0.0,26.85,0.0,2025-06-29,-,0,845.0
1189,-31,hbendeguz,-,1057.19,-2.59,1246.45,0.0,63.09,0.86,54,0.0,9,0.0,41,0.0,4,0.0,16.67,0.0,2025-12-01,-,0,-
1190,-55,Athafil,-,1056.91,-31.33,1307.62,-73.32,83.57,-14.0,24,6.0,9,0.0,15,6.0,0,0.0,37.5,-12.5,2026-03-23,-,0,-
-,-,Flamingpichu,-,1056.7,-2.23,1276.47,0.0,73.26,0.74,50,0.0,15,0.0,31,0.0,4,0.0,30.0,0.0,2023-01-22,-,0,-
-,-,Wirbin,-,1054.81,-1.28,1437.1,0.0,127.43,0.43,12,0.0,5,0.0,7,0.0,0,0.0,41.67,0.0,2020-09-06,-,0,-
-,-,adocen,-,1054.52,-1.51,1378.82,0.0,108.1,0.5,24,0.0,9,0.0,13,0.0,2,0.0,37.5,0.0,2020-11-15,-,0,-
-,-,funkenschlag,-,1054.49,-2.91,1224.61,0.0,56.71,0.97,180,0.0,46,0.0,132,0.0,2,0.0,25.56,0.0,2023-01-15,-,0,-
1191,8,Suddoman,-,1054.4,35.81,1257.81,23.26,67.8,-4.18,36,6.0,9,2.0,24,4.0,3,0.0,25.0,1.67,2026-05-02,-,0,932.0
1192,-32,Kazan,-,1054.39,-3.75,1193.5,0.0,46.37,1.25,166,0.0,48,0.0,115,0.0,3,0.0,28.92,0.0,2025-10-25,-,0,1184.0
-,-,mehanik,-,1054.38,-1.73,1338.65,0.0,94.76,0.58,18,0.0,6,0.0,12,0.0,0,0.0,33.33,0.0,2023-01-15,-,0,-
-,-,Guarddoesntsurrender,-,1053.76,-1.1,1499.08,0.0,148.44,0.37,6,0.0,4,0.0,2,0.0,0,0.0,66.67,0.0,2022-09-04,-,0,-
-,-,Togodomus,-,1053.42,-1.29,1433.57,0.0,126.71,0.43,12,0.0,5,0.0,7,0.0,0,0.0,41.67,0.0,2024-02-23,-,0,-
-,-,meeplematero,-,1053.35,-2.06,1291.29,0.0,79.31,0.69,36,0.0,12,0.0,23,0.0,1,0.0,33.33,0.0,2024-10-01,-,0,-
-,-,Finch,-,1052.74,-0.89,1600.31,0.0,182.52,0.3,6,0.0,4,0.0,2,0.0,0,0.0,66.67,0.0,2020-06-28,-,0,-
1193,-30,janbandit,-,1052.62,-1.57,1364.56,0.0,103.98,0.52,16,0.0,5,0.0,11,0.0,0,0.0,31.25,0.0,2026-01-31,-,0,1118.0
-,-,Paeoc,BR,1052.18,-1.04,1520.46,0.0,156.09,0.35,6,0.0,4,0.0,2,0.0,0,0.0,66.67,0.0,2023-04-04,-,0,-
-,-,rslyzc,-,1051.24,-1.57,1363.65,0.0,104.14,0.52,18,0.0,6,0.0,12,0.0,0,0.0,33.33,0.0,2024-04-04,-,0,-
-,-,GeoHub,-,1051.17,-1.82,1322.74,0.0,90.52,0.61,48,0.0,15,0.0,33,0.0,0,0.0,31.25,0.0,2020-11-26,-,0,-
1194,59,LMB,-,1050.94,121.42,1374.78,-13.06,107.95,-44.82,12,6.0,5,2.0,7,4.0,0,0.0,41.67,-8.33,2026-04-16,-,0,-
1195,-13,gutibudoka,-,1050.11,8.81,1179.56,7.36,43.15,-0.48,106,6.0,39,3.0,67,3.0,0,0.0,36.79,0.79,2026-05-21,-,0,915.0
-,-,hsss,-,1050.08,-1.25,1441.13,0.0,130.35,0.42,12,0.0,6,0.0,5,0.0,1,0.0,50.0,0.0,2025-01-29,-,0,1118.0
-,-,Swingles,-,1050.01,-1.73,1333.75,0.0,94.58,0.58,24,0.0,13,0.0,11,0.0,0,0.0,54.17,0.0,2022-06-05,-,0,-
1196,-31,PatPunisher,-,1049.31,-2.0,1294.27,0.0,81.65,0.67,24,0.0,10,0.0,14,0.0,0,0.0,41.67,0.0,2026-01-22,-,0,1067.0
1197,-31,wrx666,-,1049.25,-1.31,1423.72,0.0,124.82,0.44,12,0.0,4,0.0,8,0.0,0,0.0,33.33,0.0,2026-01-27,-,0,-
1198,-31,AvanAgornin,-,1048.88,-1.44,1388.94,0.0,113.35,0.48,12,0.0,4,0.0,8,0.0,0,0.0,33.33,0.0,2026-01-22,-,0,-
-,-,anworsy,-,1048.6,-2.14,1280.05,0.0,77.15,0.71,72,0.0,26,0.0,45,0.0,1,0.0,36.11,0.0,2020-06-21,-,0,-
1199,32,OM_Para,-,1048.04,64.44,1316.55,25.57,89.5,-12.95,26,6.0,8,2.0,18,4.0,0,0.0,30.77,0.77,2026-03-13,-,0,1118.0
-,-,CeeJ,-,1047.93,-1.75,1327.59,0.0,93.22,0.58,26,0.0,11,0.0,15,0.0,0,0.0,42.31,0.0,2024-01-16,-,0,-
1200,-32,babaganoosh,-,1047.38,-1.79,1321.39,0.0,91.34,0.6,24,0.0,8,0.0,16,0.0,0,0.0,33.33,0.0,2026-01-19,-,0,1067.0
1201,-31,madmanmatt666,-,1046.1,-1.45,1382.78,0.0,112.23,0.48,12,0.0,3,0.0,8,0.0,1,0.0,25.0,0.0,2026-01-31,-,0,1287.0
1202,26,Saph4ir,-,1045.97,58.63,1215.25,45.72,56.43,-4.3,60,12.0,18,5.0,41,7.0,1,0.0,30.0,2.92,2026-05-17,-,0,1241.0
1203,-34,rubenman,-,1045.87,-2.28,1261.35,0.0,71.83,0.76,36,0.0,13,0.0,23,0.0,0,0.0,36.11,0.0,2026-01-24,-,0,-
-,-,FoglyOgly,-,1045.64,-2.07,1282.6,0.0,78.99,0.69,54,0.0,12,0.0,41,0.0,1,0.0,22.22,0.0,2021-05-07,-,0,-
1204,-32,Castanicus,-,1045.38,-1.96,1295.77,0.0,83.46,0.65,24,0.0,7,0.0,17,0.0,0,0.0,29.17,0.0,2026-02-08,-,0,1184.0
-,-,EnterWrexer,-,1044.83,-1.47,1378.71,0.0,111.29,0.49,18,0.0,10,0.0,8,0.0,0,0.0,55.56,0.0,2020-12-02,-,0,-
-,-,TheCat,-,1044.56,-1.51,1368.98,0.0,108.14,0.5,20,0.0,7,0.0,13,0.0,0,0.0,35.0,0.0,2020-04-08,-,0,-
1205,-32,Moshmir,-,1044.53,-1.48,1375.19,0.0,110.22,0.49,12,0.0,5,0.0,7,0.0,0,0.0,41.67,0.0,2026-01-19,-,0,-
-,-,Zenmaster,-,1044.5,-1.36,1403.57,0.0,119.69,0.45,12,0.0,5,0.0,7,0.0,0,0.0,41.67,0.0,2020-11-18,-,0,-
1206,-35,Romulus07,-,1043.79,-3.62,1181.63,0.0,45.95,1.21,106,0.0,30,0.0,74,0.0,2,0.0,28.3,0.0,2026-02-28,-,0,1065.0
1207,49,lutzifer,-,1043.4,119.84,1361.42,43.54,106.01,-25.43,14,6.0,4,2.0,10,4.0,0,0.0,28.57,3.57,2026-03-13,-,0,-
-,-,BlueJay,-,1043.37,-1.48,1374.63,0.0,110.42,0.49,12,0.0,5,0.0,7,0.0,0,0.0,41.67,0.0,2025-02-01,-,0,1184.0
1208,-34,rofler31337,-,1042.89,-1.89,1304.34,0.0,87.15,0.63,24,0.0,8,0.0,16,0.0,0,0.0,33.33,0.0,2026-01-31,-,0,989.0
1209,-32,Vlasy,-,1041.95,-2.57,1233.38,0.0,63.81,0.86,48,0.0,11,0.0,36,0.0,1,0.0,22.92,0.0,2026-01-18,-,0,1184.0
1210,-34,Vaibhavaiyar,-,1041.58,-3.02,1205.16,0.0,54.53,1.01,104,0.0,28,0.0,74,0.0,2,0.0,26.92,0.0,2026-01-20,-,0,1184.0
-,-,e_townsend,-,1041.4,-1.8,1314.02,0.0,90.87,0.6,30,0.0,11,0.0,19,0.0,0,0.0,36.67,0.0,2021-06-02,-,0,-
1211,-33,DBaker17,-,1040.56,-3.13,1162.63,-1.71,40.69,0.47,226,6.0,50,1.0,175,5.0,1,0.0,22.12,-0.15,2026-04-19,-,0,651.0
1212,-33,Redda,-,1040.26,-1.53,1155.49,-6.99,38.41,-1.82,130,18.0,29,3.0,98,14.0,3,1.0,22.31,-0.9,2026-05-31,-,0,939.0
1213,-20,Ilyanep,-,1040.01,13.7,1188.04,10.33,49.34,-1.12,128,8.0,33,2.0,95,6.0,0,0.0,25.78,-0.05,2026-04-16,-,0,1271.0
1214,-34,Mighke,-,1039.6,-1.91,1297.04,0.0,85.81,0.64,24,0.0,8,0.0,16,0.0,0,0.0,33.33,0.0,2026-01-24,-,0,1118.0
-,-,BartoszN,-,1039.48,-1.92,1295.57,0.0,85.36,0.64,30,0.0,11,0.0,18,0.0,1,0.0,36.67,0.0,2022-02-18,-,0,-
1215,-34,KYO,-,1039.38,-1.94,1293.66,0.0,84.76,0.65,32,0.0,8,0.0,24,0.0,0,0.0,25.0,0.0,2026-01-31,-,0,939.0
1216,-32,lengesses,-,1038.42,-1.76,1317.37,0.0,92.99,0.59,18,0.0,4,0.0,14,0.0,0,0.0,22.22,0.0,2026-01-25,-,0,1184.0
-,-,Jbob2626,-,1038.07,-1.35,1401.82,0.0,121.25,0.45,12,0.0,6,0.0,6,0.0,0,0.0,50.0,0.0,2025-01-25,-,0,1118.0
1217,-34,IngussTT,LV,1037.91,-2.32,1249.92,0.0,70.67,0.77,44,0.0,14,0.0,29,0.0,1,0.0,31.82,0.0,2025-12-13,-,0,1184.0
1218,-57,DanielEss,-,1037.89,-19.2,1318.04,-65.82,93.38,-15.54,18,6.0,4,0.0,14,6.0,0,0.0,22.22,-11.11,2026-03-16,-,0,-
-,-,thaes,-,1037.72,-1.59,1346.12,0.0,102.8,0.53,18,0.0,8,0.0,10,0.0,0,0.0,44.44,0.0,2022-06-05,-,0,-
1219,-34,BlackSmyth,-,1037.67,-1.93,1291.75,0.0,84.69,0.64,28,0.0,7,0.0,21,0.0,0,0.0,25.0,0.0,2026-01-27,-,0,1118.0
-,-,CRISPYBABY,-,1037.04,-1.69,1327.84,0.0,96.93,0.56,18,0.0,6,0.0,12,0.0,0,0.0,33.33,0.0,2024-04-04,-,0,-
1220,-17,Clarinachos,-,1033.81,17.5,1227.4,6.82,64.53,-3.56,54,6.0,14,2.0,40,4.0,0,0.0,25.93,0.93,2026-04-15,-,0,1271.0
1221,-34,Azami,-,1033.13,-1.49,1361.85,0.0,109.57,0.5,12,0.0,5,0.0,7,0.0,0,0.0,41.67,0.0,2026-01-26,-,0,1287.0
1222,-34,MadNut86,-,1033.04,-1.53,1352.22,0.0,106.39,0.51,20,0.0,6,0.0,14,0.0,0,0.0,30.0,0.0,2026-01-24,-,0,1067.0
1223,-29,stanze,-,1032.53,6.36,1224.57,-3.78,64.01,-3.38,40,6.0,13,2.0,27,4.0,0,0.0,32.5,0.15,2026-05-18,-,0,1118.0
-,-,Althaj,SK,1032.06,-2.55,1225.1,0.0,64.35,0.85,48,0.0,12,0.0,35,0.0,1,0.0,25.0,0.0,2024-09-15,-,0,-
-,-,SiliconMeeple,-,1031.08,-2.43,1234.94,0.0,67.95,0.81,60,0.0,17,0.0,43,0.0,0,0.0,28.33,0.0,2022-09-04,-,0,-
1224,-34,Tomboy,-,1030.94,-1.41,1377.57,0.0,115.54,0.47,12,0.0,4,0.0,8,0.0,0,0.0,33.33,0.0,2026-01-29,-,0,-
-,-,Machote,-,1030.72,-1.26,1419.34,0.0,129.54,0.42,8,0.0,2,0.0,6,0.0,0,0.0,25.0,0.0,2024-04-04,-,0,-
-,-,prnv1992,-,1030.29,-1.44,1372.22,0.0,113.98,0.48,14,0.0,4,0.0,9,0.0,1,0.0,28.57,0.0,2024-04-04,-,0,-
-,-,Chuie,-,1030.21,-0.89,1580.56,0.0,183.45,0.3,6,0.0,4,0.0,2,0.0,0,0.0,66.67,0.0,2019-12-22,-,0,-
-,-,Lynnir,-,1030.1,-1.45,1369.8,0.0,113.23,0.48,18,0.0,7,0.0,11,0.0,0,0.0,38.89,0.0,2021-06-02,-,0,-
-,-,wejejeei,-,1030.0,-1.54,1348.58,0.0,106.2,0.51,24,0.0,6,0.0,17,0.0,1,0.0,25.0,0.0,2024-04-04,-,0,-
-,-,ThroughTheVirus,-,1029.65,-1.02,1511.15,0.0,160.5,0.34,6,0.0,4,0.0,2,0.0,0,0.0,66.67,0.0,2022-06-05,-,0,-
-,-,SatoruGojo,-,1029.64,-1.19,1442.38,0.0,137.58,0.4,12,0.0,5,0.0,7,0.0,0,0.0,41.67,0.0,2024-02-23,-,0,-
-,-,captpirat,-,1029.4,-1.88,1290.48,0.0,87.03,0.63,26,0.0,8,0.0,18,0.0,0,0.0,30.77,0.0,2024-01-16,-,0,-
-,-,lolcese,-,1029.05,-2.34,1242.29,0.0,71.08,0.78,60,0.0,17,0.0,42,0.0,1,0.0,28.33,0.0,2023-11-29,-,0,-
-,-,Chesswizard42,-,1028.95,-1.07,1488.18,0.0,153.08,0.36,12,0.0,7,0.0,5,0.0,0,0.0,58.33,0.0,2020-02-09,-,0,-
-,-,Furlan,-,1028.91,-1.14,1459.61,0.0,143.56,0.38,6,0.0,2,0.0,4,0.0,0,0.0,33.33,0.0,2023-01-15,-,0,-
-,-,J.J.,-,1028.65,-2.19,1254.56,0.0,75.3,0.73,74,0.0,20,0.0,54,0.0,0,0.0,27.03,0.0,2020-04-08,-,0,-
-,-,carlinator,-,1028.21,-1.58,1338.64,0.0,103.48,0.53,12,0.0,3,0.0,9,0.0,0,0.0,25.0,0.0,2023-11-29,-,0,-
1225,-34,Rhand,-,1026.18,-2.03,1268.95,0.0,80.92,0.68,26,0.0,6,0.0,20,0.0,0,0.0,23.08,0.0,2026-01-22,-,0,939.0
1226,-34,Aramirezm,-,1025.83,-0.69,1737.53,0.0,237.23,0.23,2,0.0,2,0.0,0,0.0,0,0.0,100.0,0.0,2025-12-01,-,0,-
-,-,Spip74,-,1025.82,-2.68,1209.6,0.0,61.26,0.89,108,0.0,29,0.0,79,0.0,0,0.0,26.85,0.0,2022-06-05,-,0,-
-,-,Diegaccio,IT,1025.81,-2.42,1230.18,0.0,68.12,0.81,78,0.0,20,0.0,57,0.0,1,0.0,25.64,0.0,2024-04-04,-,0,-
-,-,Petardillo,-,1025.56,-1.7,1313.84,0.0,96.09,0.57,18,0.0,6,0.0,12,0.0,0,0.0,33.33,0.0,2024-04-04,-,0,-
-,-,MadAvenger,-,1024.58,-3.07,1189.52,0.0,54.98,1.02,194,0.0,44,0.0,149,0.0,1,0.0,22.68,0.0,2023-05-23,-,0,-
1227,-31,Samantho,-,1024.37,2.15,1125.71,2.86,33.78,0.24,416,18.0,86,3.0,326,15.0,4,0.0,20.67,-0.18,2026-05-31,-,0,718.0
1228,new,Mister_Pazel,-,1022.76,572.76,1313.31,-186.69,96.85,96.85,14,14.0,5,5.0,9,9.0,0,0.0,35.71,35.71,2026-05-27,-,0,-
1229,-40,Emerson6Motorcar,-,1022.64,-11.09,1324.89,-94.07,100.75,-27.66,14,6.0,4,0.0,10,6.0,0,0.0,28.57,-21.43,2026-04-02,-,0,-
-,-,Sonalator,-,1022.6,-1.93,1277.02,0.0,84.81,0.64,28,0.0,8,0.0,20,0.0,0,0.0,28.57,0.0,2025-02-14,-,0,932.0
1230,-35,Scooti,-,1022.52,-1.22,1423.68,0.0,133.72,0.41,8,0.0,3,0.0,5,0.0,0,0.0,37.5,0.0,2026-01-28,-,0,-
-,-,quartersmostly,-,1022.5,-1.49,1351.48,0.0,109.66,0.5,12,0.0,3,0.0,9,0.0,0,0.0,25.0,0.0,2025-01-19,-,0,989.0
1231,-14,Rickanchamun,-,1022.42,23.69,1199.28,0.52,58.95,-7.72,48,12.0,12,3.0,36,9.0,0,0.0,25.0,0.0,2026-05-31,-,0,1381.0
-,-,applearn,-,1022.37,-1.43,1365.23,0.0,114.29,0.48,12,0.0,2,0.0,10,0.0,0,0.0,16.67,0.0,2023-03-01,-,0,-
-,-,Nieva,-,1022.07,-1.25,1414.18,0.0,130.7,0.42,10,0.0,4,0.0,6,0.0,0,0.0,40.0,0.0,2023-03-05,-,0,-
-,-,Fivec,-,1022.04,-1.15,1449.6,0.0,142.52,0.38,12,0.0,7,0.0,5,0.0,0,0.0,58.33,0.0,2020-06-28,G,2,-
-,-,DrThyme,-,1020.9,-1.14,1451.31,0.0,143.47,0.38,12,0.0,6,0.0,6,0.0,0,0.0,50.0,0.0,2020-08-18,-,0,-
-,-,JibehArcher,-,1020.59,-1.09,1470.88,0.0,150.1,0.36,12,0.0,6,0.0,6,0.0,0,0.0,50.0,0.0,2021-05-27,-,0,-
-,-,GomJabbar,CA,1020.37,-1.42,1364.74,0.0,114.79,0.47,12,0.0,5,0.0,7,0.0,0,0.0,41.67,0.0,2023-04-04,-,0,-
-,-,OffDutyDad,-,1020.34,-1.24,1416.68,0.0,132.11,0.41,12,0.0,6,0.0,6,0.0,0,0.0,50.0,0.0,2024-02-23,-,0,1287.0
-,-,Somerent,-,1019.88,-2.06,1258.51,0.0,79.54,0.69,42,0.0,17,0.0,25,0.0,0,0.0,40.48,0.0,2022-06-05,-,0,-
-,-,Xayide,-,1019.53,-0.98,1518.84,0.0,166.44,0.33,6,0.0,3,0.0,3,0.0,0,0.0,50.0,0.0,2020-03-30,-,0,-
1232,-35,Koberski,-,1019.17,-1.44,1359.22,0.0,113.35,0.48,12,0.0,4,0.0,8,0.0,0,0.0,33.33,0.0,2026-01-24,-,0,-
-,-,KytteKatte,-,1017.59,-1.13,1451.65,0.0,144.69,0.38,8,0.0,3,0.0,5,0.0,0,0.0,37.5,0.0,2023-01-22,-,0,-
-,-,mmarr,-,1017.19,-1.61,1321.94,0.0,101.58,0.54,26,0.0,10,0.0,16,0.0,0,0.0,38.46,0.0,2018-11-09,-,0,-
-,-,Blizzo,-,1017.12,-1.56,1331.6,0.0,104.83,0.52,18,0.0,7,0.0,11,0.0,0,0.0,38.89,0.0,2022-06-05,-,0,-
-,-,sztukam,-,1016.93,-1.31,1391.84,0.0,124.97,0.44,12,0.0,6,0.0,5,0.0,1,0.0,50.0,0.0,2021-02-21,-,0,-
1233,-35,Nitrosaurus24,US,1016.7,-3.73,1151.93,0.0,45.08,1.24,194,0.0,45,0.0,148,0.0,1,0.0,23.2,0.0,2025-12-12,-,0,844.0
-,-,MistWalker,-,1016.34,-1.68,1310.62,0.0,98.1,0.56,30,0.0,8,0.0,19,0.0,3,0.0,26.67,0.0,2020-08-15,-,0,-
1234,-48,JS619,US,1016.25,-18.47,1108.75,-19.02,30.83,-0.18,634,24.0,114,2.0,517,22.0,3,0.0,17.98,-0.38,2026-05-30,-,0,798.0
1235,-35,SolPanda,-,1015.9,-2.04,1256.4,0.0,80.17,0.68,24,0.0,5,0.0,19,0.0,0,0.0,20.83,0.0,2026-01-23,-,0,1184.0
-,-,dongz,-,1015.37,-1.1,1459.47,0.0,148.03,0.37,6,0.0,3,0.0,3,0.0,0,0.0,50.0,0.0,2022-03-06,-,0,-
1236,-35,Kuti,-,1015.3,-1.72,1299.28,0.0,94.66,0.57,20,0.0,5,0.0,14,0.0,1,0.0,25.0,0.0,2026-01-19,-,0,1067.0
-,-,wahrlator,-,1015.24,-2.8,1196.51,0.0,60.42,0.93,144,0.0,35,0.0,109,0.0,0,0.0,24.31,0.0,2025-02-03,-,0,1051.0
1237,-35,haakonaugustus,-,1015.13,-1.52,1336.85,0.0,107.24,0.51,12,0.0,3,0.0,9,0.0,0,0.0,25.0,0.0,2026-01-21,-,0,-
-,-,FRadar,-,1014.95,-1.45,1353.86,0.0,112.97,0.48,12,0.0,4,0.0,8,0.0,0,0.0,33.33,0.0,2024-02-23,-,0,-
1238,-34,kackajoni,-,1014.1,-1.95,1265.29,0.0,83.73,0.65,24,0.0,9,0.0,15,0.0,0,0.0,37.5,0.0,2026-01-26,-,0,1118.0
1239,-34,SirHorse,-,1013.83,-1.84,1280.01,0.0,88.73,0.61,20,0.0,8,0.0,12,0.0,0,0.0,40.0,0.0,2026-01-24,-,0,1067.0
-,-,wkawkfl,-,1013.38,-2.3,1226.85,0.0,71.16,0.77,72,0.0,18,0.0,53,0.0,1,0.0,25.0,0.0,2021-08-24,-,0,-
-,-,hippie,KR,1012.8,-0.94,1530.79,0.0,172.66,0.31,6,0.0,4,0.0,2,0.0,0,0.0,66.67,0.0,2020-06-28,-,0,-
-,-,fuxio82,-,1012.39,-2.02,1256.5,0.0,81.37,0.67,36,0.0,13,0.0,22,0.0,1,0.0,36.11,0.0,2021-12-05,-,0,-
-,-,Pandaiga,-,1012.31,-1.04,1483.5,0.0,157.06,0.35,12,0.0,7,0.0,5,0.0,0,0.0,58.33,0.0,2018-10-14,-,0,-
-,-,aps29965319,-,1012.31,-2.09,1251.91,0.0,79.87,0.7,48,0.0,12,0.0,32,0.0,4,0.0,25.0,0.0,2021-11-16,-,0,-
-,-,Wooojciech,-,1011.8,-1.87,1274.76,0.0,87.65,0.62,36,0.0,11,0.0,25,0.0,0,0.0,30.56,0.0,2021-02-20,-,0,-
-,-,alanala,-,1011.72,-0.87,1574.73,0.0,187.67,0.29,6,0.0,4,0.0,2,0.0,0,0.0,66.67,0.0,2018-09-30,-,0,-
-,-,Dario5,-,1011.36,-1.13,1444.15,0.0,144.26,0.38,12,0.0,7,0.0,5,0.0,0,0.0,58.33,0.0,2019-01-27,-,0,-
1240,38,Wonski,-,1011.3,122.62,1381.73,-49.8,123.48,-57.47,10,6.0,3,1.0,7,5.0,0,0.0,30.0,-20.0,2026-03-19,-,0,-
-,-,Tomo,-,1010.93,-3.18,1166.79,0.0,51.95,1.06,138,0.0,35,0.0,103,0.0,0,0.0,25.36,0.0,2024-03-17,-,0,-
-,-,Mazino,-,1009.95,-1.02,1488.15,0.0,159.4,0.34,6,0.0,4,0.0,2,0.0,0,0.0,66.67,0.0,2023-02-12,-,0,-
1241,-35,ToSt,PL,1009.11,-3.22,1162.72,0.0,51.2,1.07,134,0.0,30,0.0,103,0.0,1,0.0,22.39,0.0,2026-02-06,-,0,-
-,-,onerija,-,1008.28,-1.31,1383.53,0.0,125.08,0.44,12,0.0,5,0.0,7,0.0,0,0.0,41.67,0.0,2021-03-02,-,0,-
1242,-35,jes-terday,-,1008.09,-1.89,1267.24,0.0,86.38,0.63,24,0.0,7,0.0,17,0.0,0,0.0,29.17,0.0,2026-01-24,-,0,1118.0
-,-,Alexd,-,1008.07,-1.63,1308.93,0.0,100.28,0.54,18,0.0,7,0.0,11,0.0,0,0.0,38.89,0.0,2021-08-23,-,0,-
-,-,Inco,-,1007.98,-1.42,1352.35,0.0,114.79,0.47,24,0.0,9,0.0,15,0.0,0,0.0,37.5,0.0,2019-12-29,-,0,-
-,-,Esraymuk,-,1007.98,-1.72,1293.51,0.0,95.18,0.57,30,0.0,9,0.0,21,0.0,0,0.0,30.0,0.0,2021-05-15,-,0,-
-,-,KuddelFA,-,1007.77,-2.02,1251.55,0.0,81.26,0.67,40,0.0,6,0.0,32,0.0,2,0.0,15.0,0.0,2020-08-15,-,0,-
-,-,DanReyLop,-,1006.82,-1.52,1329.0,0.0,107.39,0.51,14,0.0,5,0.0,9,0.0,0,0.0,35.71,0.0,2025-03-12,-,0,939.0
1243,-34,Gavatar82,-,1006.39,-1.33,1373.54,0.0,122.38,0.44,8,0.0,3,0.0,5,0.0,0,0.0,37.5,0.0,2026-01-16,-,0,-
-,-,Beru,-,1006.27,-1.41,1354.88,0.0,116.2,0.47,12,0.0,6,0.0,6,0.0,0,0.0,50.0,0.0,2021-12-05,-,0,-
-,-,Brumkalinka,-,1006.16,-1.51,1331.16,0.0,108.33,0.5,14,0.0,5,0.0,9,0.0,0,0.0,35.71,0.0,2025-01-28,-,0,1067.0
-,-,Bonte,-,1005.88,-1.13,1438.31,0.0,144.14,0.38,6,0.0,2,0.0,4,0.0,0,0.0,33.33,0.0,2024-02-23,-,0,-
-,-,Sune,-,1005.48,-1.02,1487.42,0.0,160.65,0.34,12,0.0,8,0.0,4,0.0,0,0.0,66.67,0.0,2020-09-06,-,0,-
-,-,Elucron,-,1005.32,-0.99,1500.82,0.0,165.17,0.33,6,0.0,4,0.0,2,0.0,0,0.0,66.67,0.0,2020-06-21,-,0,-
1244,-34,vekijo,-,1005.32,-1.45,1342.08,0.0,112.25,0.48,12,0.0,5,0.0,7,0.0,0,0.0,41.67,0.0,2026-01-23,-,0,-
-,-,Kykelodeon,-,1005.29,-2.03,1246.53,0.0,80.42,0.68,54,0.0,19,0.0,35,0.0,0,0.0,35.19,0.0,2021-03-02,-,0,-
-,-,MinSane,-,1004.86,-1.39,1358.15,0.0,117.76,0.46,12,0.0,4,0.0,8,0.0,0,0.0,33.33,0.0,2021-09-05,-,0,-
-,-,Mirazzle,-,1004.37,-1.55,1320.23,0.0,105.29,0.52,18,0.0,4,0.0,13,0.0,1,0.0,22.22,0.0,2020-03-29,-,0,-
-,-,oginostok,-,1004.3,-1.29,1383.23,0.0,126.31,0.43,12,0.0,6,0.0,6,0.0,0,0.0,50.0,0.0,2020-12-02,-,0,-
1245,-37,Seabrook,-,1004.22,-4.03,1129.42,0.0,41.73,1.34,128,0.0,21,0.0,99,0.0,8,0.0,16.41,0.0,2025-11-30,-,0,1060.0
1246,new,Pigeonpostman,-,1002.68,552.68,1589.81,89.81,195.71,195.71,4,4.0,3,3.0,1,1.0,0,0.0,75.0,75.0,2026-05-22,-,0,-
1247,-36,firstfloorfinest,BE,1002.01,-3.22,1154.84,0.0,50.94,1.07,136,0.0,33,0.0,103,0.0,0,0.0,24.26,0.0,2025-12-01,-,0,-
-,-,henk,-,1001.59,-1.76,1280.91,0.0,93.11,0.59,24,0.0,7,0.0,15,0.0,2,0.0,29.17,0.0,2021-06-02,-,0,-
1248,-35,rem_Abaddon,-,1000.97,-1.72,1286.37,0.0,95.13,0.57,20,0.0,7,0.0,13,0.0,0,0.0,35.0,0.0,2026-01-25,-,0,1067.0
1249,-35,Cowzapper,-,1000.72,-1.4,1350.26,0.0,116.51,0.47,12,0.0,4,0.0,8,0.0,0,0.0,33.33,0.0,2026-01-23,-,0,-
-,-,Zeti,-,1000.56,-1.58,1310.77,0.0,103.4,0.53,30,0.0,10,0.0,18,0.0,2,0.0,33.33,0.0,2020-06-28,-,0,-
-,-,Chairman_Marv,-,999.2,-1.57,1311.49,0.0,104.1,0.52,24,0.0,8,0.0,16,0.0,0,0.0,33.33,0.0,2020-03-30,-,0,-
-,-,wabatt,-,999.17,-1.32,1369.39,0.0,123.41,0.44,12,0.0,3,0.0,8,0.0,1,0.0,25.0,0.0,2020-09-13,G,2,-
-,-,SirTommoth,-,999.09,-1.73,1281.62,0.0,94.18,0.58,24,0.0,11,0.0,13,0.0,0,0.0,45.83,0.0,2022-06-05,-,0,-
-,-,toptheworld,-,999.06,-1.85,1264.17,0.0,88.37,0.62,24,0.0,6,0.0,18,0.0,0,0.0,25.0,0.0,2025-01-24,-,0,1184.0
-,-,Midkenium,-,998.83,-1.15,1424.39,0.0,141.85,0.38,12,0.0,6,0.0,6,0.0,0,0.0,50.0,0.0,2020-09-06,-,0,-
-,-,piopapero,-,998.2,-1.45,1335.09,0.0,112.29,0.48,18,0.0,8,0.0,10,0.0,0,0.0,44.44,0.0,2021-03-02,-,0,-
1250,-35,TheCenturion,-,997.16,-1.94,1250.82,0.0,84.55,0.65,26,0.0,5,0.0,21,0.0,0,0.0,19.23,0.0,2026-01-24,-,0,989.0
-,-,nachof,-,997.04,-1.15,1422.77,0.0,141.91,0.38,12,0.0,5,0.0,7,0.0,0,0.0,41.67,0.0,2018-09-30,-,0,-
1251,-35,Warstoryteller,-,996.96,-2.02,1240.98,0.0,81.34,0.67,24,0.0,6,0.0,18,0.0,0,0.0,25.0,0.0,2026-01-22,-,0,1118.0
1252,-33,Decontest,-,996.83,-1.48,1327.52,0.0,110.23,0.49,12,0.0,4,0.0,7,0.0,1,0.0,33.33,0.0,2026-01-24,-,0,1287.0
-,-,funpaul66,-,996.44,-2.63,1186.21,0.0,63.26,0.88,84,0.0,27,0.0,56,0.0,1,0.0,32.14,0.0,2023-06-04,-,0,-
-,-,AHoppy,-,996.44,-1.28,1379.95,0.0,127.84,0.43,12,0.0,5,0.0,7,0.0,0,0.0,41.67,0.0,2020-09-06,-,0,-
-,-,Cormcolash,-,995.91,-1.73,1278.81,0.0,94.3,0.58,18,0.0,6,0.0,12,0.0,0,0.0,33.33,0.0,2025-04-15,-,0,1373.0
1253,-33,NapoRules,-,995.82,-1.7,1284.86,0.0,96.35,0.57,16,0.0,8,0.0,8,0.0,0,0.0,50.0,0.0,2025-09-04,-,0,1416.0
-,-,Jagophile,-,994.67,-1.27,1378.74,0.0,128.02,0.42,12,0.0,4,0.0,8,0.0,0,0.0,33.33,0.0,2024-02-23,-,0,-
-,-,thallium,-,994.6,-1.19,1404.97,0.0,136.79,0.4,12,0.0,4,0.0,8,0.0,0,0.0,33.33,0.0,2020-08-15,-,0,-
1254,-36,FabioMP,-,994.56,-3.79,1125.74,0.0,43.73,1.26,218,0.0,45,0.0,173,0.0,0,0.0,20.64,0.0,2026-01-29,-,0,1245.0
-,-,apobel,-,994.49,-2.27,1211.94,0.0,72.48,0.76,66,0.0,12,0.0,51,0.0,3,0.0,18.18,0.0,2020-12-02,-,0,-
-,-,Kermitoos,-,994.19,-1.39,1346.23,0.0,117.35,0.46,12,0.0,3,0.0,9,0.0,0,0.0,25.0,0.0,2025-01-21,-,0,989.0
1255,-34,Monty1979,-,992.05,-1.5,1318.43,0.0,108.79,0.5,14,0.0,5,0.0,9,0.0,0,0.0,35.71,0.0,2025-11-28,-,0,1183.0
1256,-34,Nimnaros,-,991.48,-1.55,1308.0,0.0,105.51,0.52,12,0.0,4,0.0,8,0.0,0,0.0,33.33,0.0,2026-01-30,-,0,-
1257,-34,Lexa7,-,990.82,-1.53,1311.76,0.0,106.98,0.51,12,0.0,5,0.0,7,0.0,0,0.0,41.67,0.0,2026-01-24,-,0,-
-,-,18544415,-,990.3,-1.12,1427.51,0.0,145.74,0.37,6,0.0,3,0.0,3,0.0,0,0.0,50.0,0.0,2024-12-08,-,0,989.0
1258,-34,Trek,-,988.78,-1.78,1263.32,0.0,91.51,0.59,20,0.0,5,0.0,15,0.0,0,0.0,25.0,0.0,2026-01-27,-,0,1118.0
-,-,Aluc4rd,-,988.1,-1.35,1352.53,0.0,121.47,0.45,12,0.0,4,0.0,7,0.0,1,0.0,33.33,0.0,2021-06-02,-,0,-
-,-,Rodraca,-,987.75,-1.02,1469.32,0.0,160.52,0.34,6,0.0,3,0.0,3,0.0,0,0.0,50.0,0.0,2023-01-15,-,0,-
-,-,SayNoToGreen,-,987.67,-1.51,1312.0,0.0,108.11,0.5,18,0.0,8,0.0,10,0.0,0,0.0,44.44,0.0,2021-06-02,-,0,-
1259,-26,Gaulamos,-,987.61,12.6,1092.62,14.01,35.0,0.47,398,6.0,90,5.0,306,1.0,2,0.0,22.61,0.93,2026-05-20,-,0,1287.0
1260,-33,Francesco_,-,986.97,-1.54,1305.01,0.0,106.01,0.51,12,0.0,4,0.0,8,0.0,0,0.0,33.33,0.0,2026-02-05,-,0,-
-,-,GeneralWaste,-,986.86,-1.08,1439.17,0.0,150.77,0.36,6,0.0,3,0.0,3,0.0,0,0.0,50.0,0.0,2023-01-15,-,0,-
-,-,Silent82,-,986.64,-2.1,1220.01,0.0,77.79,0.7,48,0.0,10,0.0,38,0.0,0,0.0,20.83,0.0,2021-08-27,-,0,-
-,-,Sabastapul,-,985.64,-1.58,1295.09,0.0,103.15,0.53,18,0.0,7,0.0,11,0.0,0,0.0,38.89,0.0,2025-01-23,-,0,1118.0
1261,71,BuddhaBoost,-,985.53,209.63,1212.31,126.21,75.59,-27.81,34,22.0,8,7.0,25,14.0,1,1.0,23.53,15.2,2026-05-31,-,0,-
1262,-33,schumaky,-,985.2,-1.81,1256.15,0.0,90.32,0.6,26,0.0,6,0.0,20,0.0,0,0.0,23.08,0.0,2026-01-23,-,0,1184.0
-,-,MythMoth,-,985.01,-1.87,1247.35,0.0,87.45,0.62,26,0.0,7,0.0,16,0.0,3,0.0,26.92,0.0,2023-02-28,-,0,-
-,-,CleanerCode,-,984.92,-1.18,1402.3,0.0,139.13,0.39,12,0.0,6,0.0,6,0.0,0,0.0,50.0,0.0,2020-12-02,-,0,-
1263,-33,Irmo,-,984.36,-1.56,1298.29,0.0,104.64,0.52,12,0.0,2,0.0,10,0.0,0,0.0,16.67,0.0,2026-01-21,-,0,-
-,-,loggum,-,983.46,-1.43,1326.57,0.0,114.37,0.48,18,0.0,6,0.0,12,0.0,0,0.0,33.33,0.0,2020-03-30,-,0,-
-,-,MrDosu,-,983.33,-0.9,1527.61,0.0,181.43,0.3,6,0.0,3,0.0,3,0.0,0,0.0,50.0,0.0,2020-03-29,-,0,-
-,-,Grandmaster_Max,-,982.54,-1.46,1320.15,0.0,112.54,0.49,18,0.0,7,0.0,11,0.0,0,0.0,38.89,0.0,2020-12-02,-,0,-
-,-,CombatTom,-,982.47,-1.22,1384.58,0.0,134.03,0.41,12,0.0,5,0.0,7,0.0,0,0.0,41.67,0.0,2020-12-02,-,0,-
-,-,Petoss,-,982.25,-1.17,1401.54,0.0,139.76,0.39,6,0.0,2,0.0,4,0.0,0,0.0,33.33,0.0,2023-04-04,-,0,-
-,-,zcarvalh87,-,982.24,-1.61,1287.88,0.0,101.88,0.54,24,0.0,6,0.0,18,0.0,0,0.0,25.0,0.0,2020-11-24,-,0,-
-,-,monads,-,980.71,-1.44,1321.19,0.0,113.49,0.48,18,0.0,6,0.0,12,0.0,0,0.0,33.33,0.0,2020-03-16,-,0,-
-,-,Bossland,-,980.59,-1.51,1306.52,0.0,108.64,0.5,18,0.0,8,0.0,10,0.0,0,0.0,44.44,0.0,2020-12-02,-,0,-
-,-,lxy,-,980.33,-1.55,1295.87,0.0,105.18,0.52,24,0.0,12,0.0,12,0.0,0,0.0,50.0,0.0,2020-05-25,-,0,-
-,-,DaMeager,-,980.25,-1.28,1364.04,0.0,127.93,0.43,12,0.0,5,0.0,7,0.0,0,0.0,41.67,0.0,2021-12-05,-,0,-
-,-,Nethrix,-,979.39,-1.18,1393.85,0.0,138.15,0.39,12,0.0,5,0.0,7,0.0,0,0.0,41.67,0.0,2020-08-24,-,0,-
1264,-15,emifon90,-,977.93,39.68,1167.97,13.25,63.35,-8.81,42,12.0,10,3.0,32,9.0,0,0.0,23.81,0.48,2026-05-29,-,0,1421.0
-,-,fokos,-,976.77,-1.56,1290.65,0.0,104.63,0.52,18,0.0,6,0.0,12,0.0,0,0.0,33.33,0.0,2021-09-05,-,0,-
-,-,Redder,-,976.04,-1.15,1400.85,0.0,141.6,0.38,6,0.0,2,0.0,4,0.0,0,0.0,33.33,0.0,2023-01-15,-,0,-
-,-,pepinecko,-,976.04,-1.86,1240.01,0.0,87.99,0.62,30,0.0,11,0.0,19,0.0,0,0.0,36.67,0.0,2024-12-08,-,0,1287.0
-,-,Ender17,-,975.81,-1.72,1261.2,0.0,95.13,0.57,30,0.0,4,0.0,26,0.0,0,0.0,13.33,0.0,2022-07-06,-,0,-
1265,-40,moigaren,-,975.15,-14.74,1154.33,-39.04,59.73,-8.1,48,12.0,7,1.0,40,11.0,1,0.0,14.58,-2.09,2026-05-27,-,0,1385.0
-,-,opk,-,974.93,-1.8,1246.39,0.0,90.49,0.6,24,0.0,6,0.0,18,0.0,0,0.0,25.0,0.0,2025-02-01,-,0,1118.0
-,-,greatscotttch,-,974.13,-2.2,1197.6,0.0,74.49,0.73,54,0.0,11,0.0,39,0.0,4,0.0,20.37,0.0,2021-11-16,-,0,-
-,-,kinmener,-,973.7,-1.75,1255.37,0.0,93.89,0.58,24,0.0,8,0.0,16,0.0,0,0.0,33.33,0.0,2021-02-26,-,0,-
-,-,xoiben,-,973.42,-1.97,1226.78,0.0,84.46,0.66,42,0.0,11,0.0,31,0.0,0,0.0,26.19,0.0,2020-08-24,-,0,-
-,-,raymebeats,-,972.79,-1.04,1443.42,0.0,156.88,0.35,6,0.0,4,0.0,2,0.0,0,0.0,66.67,0.0,2024-03-03,-,0,-
-,-,T_error,-,971.52,-2.81,1146.64,0.0,58.37,0.94,146,0.0,34,0.0,111,0.0,1,0.0,23.29,0.0,2023-01-22,-,0,-
-,-,tricky5,-,971.36,-1.17,1390.74,0.0,139.79,0.39,12,0.0,6,0.0,6,0.0,0,0.0,50.0,0.0,2021-02-27,-,0,-
-,-,Jusaz,-,970.75,-2.72,1151.88,0.0,60.38,0.91,120,0.0,27,0.0,93,0.0,0,0.0,22.5,0.0,2024-12-06,-,0,1287.0
1266,new,Yeoman,-,970.09,520.09,1228.62,-271.38,86.18,86.18,18,18.0,5,5.0,13,13.0,0,0.0,27.78,27.78,2026-05-31,-,0,-
-,-,rvanloon,-,969.19,-2.06,1208.03,0.0,79.61,0.69,48,0.0,12,0.0,36,0.0,0,0.0,25.0,0.0,2021-02-15,-,0,-
1267,-31,Moskbnea,-,969.1,5.53,1067.72,5.35,32.87,-0.06,374,18.0,72,5.0,302,13.0,0,0.0,19.25,0.43,2026-05-30,-,0,1057.0
-,-,alex20030190,-,968.26,-1.34,1334.73,0.0,122.16,0.45,18,0.0,7,0.0,10,0.0,1,0.0,38.89,0.0,2020-09-06,-,0,-
-,-,astrostl,-,967.51,-1.24,1363.16,0.0,131.88,0.41,14,0.0,4,0.0,7,0.0,3,0.0,28.57,0.0,2019-12-09,-,0,-
-,-,FidelC,-,966.72,-2.05,1207.46,0.0,80.25,0.68,42,0.0,11,0.0,31,0.0,0,0.0,26.19,0.0,2022-09-04,-,0,-
-,-,CantGetAway,-,966.57,-1.28,1347.8,0.0,127.08,0.43,12,0.0,4,0.0,8,0.0,0,0.0,33.33,0.0,2020-08-12,-,0,-
-,-,CrAzian18,-,965.61,-1.86,1228.67,0.0,87.69,0.62,30,0.0,7,0.0,23,0.0,0,0.0,23.33,0.0,2025-03-06,-,0,939.0
-,-,flo3,-,965.55,-1.69,1255.08,0.0,96.51,0.56,18,0.0,4,0.0,14,0.0,0,0.0,22.22,0.0,2025-03-10,-,0,939.0
1268,-34,Tleilaxx,-,964.83,-1.13,1396.47,0.0,143.88,0.38,8,0.0,2,0.0,6,0.0,0,0.0,25.0,0.0,2026-01-18,-,0,-
-,-,Heyitstheasian,-,964.6,-0.91,1504.09,0.0,179.83,0.3,6,0.0,4,0.0,2,0.0,0,0.0,66.67,0.0,2020-09-06,-,0,-
-,-,IndieErikJones,-,964.36,-1.32,1335.59,0.0,123.74,0.44,12,0.0,5,0.0,7,0.0,0,0.0,41.67,0.0,2024-02-23,-,0,-
1269,-34,Giulio_GC,-,964.13,-1.44,1303.92,0.0,113.26,0.48,12,0.0,3,0.0,9,0.0,0,0.0,25.0,0.0,2026-01-19,-,0,-
-,-,meni,-,963.41,-1.17,1380.42,0.0,139.0,0.39,6,0.0,2,0.0,4,0.0,0,0.0,33.33,0.0,2023-02-12,-,0,-
-,-,ALEKYD,-,963.23,-1.61,1267.22,0.0,101.33,0.54,18,0.0,7,0.0,11,0.0,0,0.0,38.89,0.0,2021-12-05,-,0,-
-,-,Crygen,-,962.77,-1.89,1221.51,0.0,86.25,0.63,42,0.0,11,0.0,31,0.0,0,0.0,26.19,0.0,2020-12-02,-,0,-
1270,-38,beny85,IT,962.34,-14.43,1082.53,-19.64,40.06,-1.74,182,22.0,25,1.0,149,21.0,8,0.0,13.74,-1.26,2026-05-31,-,0,796.0
-,-,HeM99,-,961.84,-1.44,1305.53,0.0,114.56,0.48,12,0.0,4,0.0,8,0.0,0,0.0,33.33,0.0,2025-01-25,-,0,989.0
1271,-2,DaddySparky,-,960.46,60.37,1226.67,17.86,88.74,-14.17,18,6.0,4,2.0,12,4.0,2,0.0,22.22,5.55,2026-03-29,-,0,-
-,-,transporter96,-,960.38,-1.55,1284.21,0.0,107.94,0.52,24,0.0,6,0.0,17,0.0,1,0.0,25.0,0.0,2025-02-28,-,0,1381.0
-,-,yoyo0507,-,959.35,-1.71,1248.15,0.0,96.27,0.57,30,0.0,10,0.0,19,0.0,1,0.0,33.33,0.0,2020-11-30,-,0,-
-,-,Kokhran,-,959.12,-1.9,1219.08,0.0,86.65,0.63,36,0.0,6,0.0,30,0.0,0,0.0,16.67,0.0,2021-05-26,-,0,-
-,-,Neyragrat,-,958.33,-1.11,1400.23,0.0,147.3,0.37,6,0.0,2,0.0,4,0.0,0,0.0,33.33,0.0,2023-01-15,-,0,-
-,-,icedrakin,-,958.31,-1.65,1255.92,0.0,99.2,0.55,20,0.0,7,0.0,13,0.0,0,0.0,35.0,0.0,2023-01-22,-,0,-
1272,-35,Kecso,-,958.13,-1.79,1232.87,0.0,91.58,0.6,24,0.0,7,0.0,17,0.0,0,0.0,29.17,0.0,2026-01-22,-,0,1118.0
1273,-35,Meklaurufen,-,957.74,-1.43,1300.38,0.0,114.21,0.48,12,0.0,4,0.0,8,0.0,0,0.0,33.33,0.0,2026-01-26,-,0,-
-,-,AlexanderChwiszczuk,-,957.55,-1.17,1376.95,0.0,139.8,0.39,12,0.0,4,0.0,8,0.0,0,0.0,33.33,0.0,2020-08-15,-,0,-
1274,-35,I-Y-T,TR,956.98,-1.73,1239.57,0.0,94.2,0.58,18,0.0,3,0.0,15,0.0,0,0.0,16.67,0.0,2026-01-26,-,0,-
-,-,Shadez22,-,956.95,-1.62,1259.31,0.0,100.79,0.54,24,0.0,6,0.0,18,0.0,0,0.0,25.0,0.0,2020-12-02,-,0,-
-,-,Math4u,-,956.64,-2.16,1184.58,0.0,75.98,0.72,44,0.0,11,0.0,33,0.0,0,0.0,25.0,0.0,2023-06-04,-,0,-
-,-,CharlieFish,-,955.82,-1.32,1328.14,0.0,124.11,0.44,12,0.0,6,0.0,6,0.0,0,0.0,50.0,0.0,2025-01-18,-,0,1118.0
-,-,GlobalT,-,955.8,-1.31,1328.61,0.0,124.27,0.44,12,0.0,4,0.0,8,0.0,0,0.0,33.33,0.0,2021-02-18,-,0,-
1275,-35,ZHULIN,-,955.38,-0.95,1470.89,0.0,171.84,0.32,4,0.0,1,0.0,3,0.0,0,0.0,25.0,0.0,2026-02-22,-,0,-
-,-,HnNAdventures,-,955.16,-3.08,1116.17,0.0,53.67,1.03,176,0.0,36,0.0,140,0.0,0,0.0,20.45,0.0,2024-02-23,-,0,-
-,-,monsieurt,-,954.89,-1.69,1245.23,0.0,96.78,0.56,20,0.0,6,0.0,14,0.0,0,0.0,30.0,0.0,2025-01-17,-,0,1067.0
-,-,DecMoon,FR,954.06,-3.05,1117.2,0.0,54.38,1.02,114,0.0,25,0.0,89,0.0,0,0.0,21.93,0.0,2024-03-03,-,0,-
-,-,marcelodadf,-,953.74,-1.08,1408.18,0.0,151.48,0.36,6,0.0,2,0.0,4,0.0,0,0.0,33.33,0.0,2024-02-23,-,0,-
-,-,PandaJJ,-,953.4,-1.4,1304.75,0.0,117.12,0.47,12,0.0,4,0.0,8,0.0,0,0.0,33.33,0.0,2025-01-10,-,0,1112.0
-,-,Izmar,-,953.05,-1.02,1434.34,0.0,160.43,0.34,6,0.0,4,0.0,2,0.0,0,0.0,66.67,0.0,2021-06-02,-,0,-
-,-,Nele,-,951.96,-2.76,1129.24,0.0,59.1,0.92,104,0.0,18,0.0,83,0.0,3,0.0,17.31,0.0,2023-07-15,-,0,-
1276,-35,VladBenez,IT,951.45,-2.82,1071.29,-7.37,39.95,-1.52,144,16.0,24,3.0,120,13.0,0,0.0,16.67,0.26,2026-05-31,-,0,861.0
-,-,DrDuff,-,951.07,-0.96,1462.1,0.0,170.34,0.32,6,0.0,4,0.0,2,0.0,0,0.0,66.67,0.0,2024-01-16,-,0,-
-,-,Jango,-,951.06,-1.39,1302.76,0.0,117.23,0.46,12,0.0,3,0.0,8,0.0,1,0.0,25.0,0.0,2024-05-15,-,0,-
1277,-35,Less5,-,950.99,-2.85,1125.93,0.0,58.32,0.95,68,0.0,16,0.0,52,0.0,0,0.0,23.53,0.0,2026-01-01,-,0,987.0
-,-,Krisztciii,-,950.13,-2.35,1159.88,0.0,69.92,0.78,78,0.0,15,0.0,61,0.0,2,0.0,19.23,0.0,2023-02-05,-,0,-
-,-,dejwut,-,949.62,-1.31,1323.53,0.0,124.64,0.44,12,0.0,3,0.0,9,0.0,0,0.0,25.0,0.0,2024-02-23,-,0,-
-,-,Michael437,-,949.57,-1.05,1413.52,0.0,154.65,0.35,6,0.0,2,0.0,4,0.0,0,0.0,33.33,0.0,2020-03-30,-,0,-
-,-,Zosia,-,948.5,-1.19,1362.38,0.0,137.96,0.4,12,0.0,5,0.0,7,0.0,0,0.0,41.67,0.0,2023-06-04,-,0,-
-,-,Joshweiss789,-,948.36,-1.23,1345.53,0.0,132.39,0.41,8,0.0,3,0.0,4,0.0,1,0.0,37.5,0.0,2025-02-13,-,0,-
-,-,Chris_Bray,-,948.21,-2.01,1192.21,0.0,81.33,0.67,48,0.0,12,0.0,36,0.0,0,0.0,25.0,0.0,2021-05-20,-,0,-
1278,-34,Guerrita,-,947.9,-2.35,1157.61,0.0,69.9,0.78,36,0.0,5,0.0,30,0.0,1,0.0,13.89,0.0,2026-02-22,-,0,1385.0
-,-,kunayala,-,947.51,-1.11,1389.77,0.0,147.42,0.37,10,0.0,4,0.0,6,0.0,0,0.0,40.0,0.0,2020-09-13,-,0,-
-,-,danjoy72,-,946.84,-1.33,1315.02,0.0,122.73,0.44,12,0.0,4,0.0,8,0.0,0,0.0,33.33,0.0,2024-02-23,-,0,-
-,-,Nyita,-,946.39,-1.09,1394.1,0.0,149.24,0.36,6,0.0,2,0.0,4,0.0,0,0.0,33.33,0.0,2023-01-15,-,0,-
-,-,Sukhjit,-,946.09,-1.41,1293.53,0.0,115.81,0.47,30,0.0,10,0.0,20,0.0,0,0.0,33.33,0.0,2020-11-24,-,0,-
-,-,Master_Nodu,-,945.06,-1.95,1196.81,0.0,83.92,0.65,30,0.0,9,0.0,20,0.0,1,0.0,30.0,0.0,2023-02-05,-,0,-
1279,-34,Veggis,-,944.9,-1.55,1261.34,0.0,105.48,0.52,12,0.0,2,0.0,10,0.0,0,0.0,16.67,0.0,2026-01-26,-,0,-
-,-,ukjohnboy,-,944.83,-1.31,1319.05,0.0,124.74,0.44,12,0.0,5,0.0,7,0.0,0,0.0,41.67,0.0,2021-09-05,-,0,-
-,-,ijthegreat,-,944.79,-1.36,1303.6,0.0,119.61,0.45,12,0.0,0,0.0,9,0.0,3,0.0,0.0,0.0,2020-11-25,-,0,-
-,-,1point21gigawatts,-,943.32,-1.76,1223.15,0.0,93.28,0.59,46,0.0,14,0.0,32,0.0,0,0.0,30.43,0.0,2019-04-12,-,0,-
-,-,Secretfool,-,942.89,-1.77,1219.61,0.0,92.24,0.59,24,0.0,9,0.0,15,0.0,0,0.0,37.5,0.0,2022-06-05,-,0,-
1280,-33,majin,-,939.35,-1.13,1371.36,0.0,144.0,0.38,6,0.0,1,0.0,5,0.0,0,0.0,16.67,0.0,2025-12-01,-,0,-
-,-,jessjia,-,939.01,-0.94,1457.96,0.0,172.98,0.31,6,0.0,3,0.0,3,0.0,0,0.0,50.0,0.0,2020-09-06,-,0,-
-,-,RayBird,-,938.72,-1.16,1362.34,0.0,141.21,0.39,6,0.0,1,0.0,5,0.0,0,0.0,16.67,0.0,2023-03-01,-,0,-
1281,80,Vojvoda_Micko,-,937.78,302.73,1259.63,139.3,107.28,-54.48,18,12.0,5,4.0,13,8.0,0,0.0,27.78,11.11,2026-05-31,-,0,-
-,-,Jazper,-,937.5,-1.15,1363.31,0.0,141.94,0.38,12,0.0,5,0.0,7,0.0,0,0.0,41.67,0.0,2020-08-19,-,0,-
-,-,UncleBenon,-,937.48,-1.47,1271.59,0.0,111.37,0.49,12,0.0,3,0.0,9,0.0,0,0.0,25.0,0.0,2025-05-31,-,0,1421.0
1282,-34,KeNMansters,-,937.18,-1.27,1323.5,0.0,128.77,0.42,8,0.0,3,0.0,5,0.0,0,0.0,37.5,0.0,2026-01-24,-,0,-
-,-,Samut,-,936.63,-1.31,1311.44,0.0,124.94,0.44,12,0.0,3,0.0,9,0.0,0,0.0,25.0,0.0,2024-02-23,-,0,-
-,-,VOLDO1989,-,935.67,-0.87,1500.0,0.0,188.11,0.29,6,0.0,3,0.0,3,0.0,0,0.0,50.0,0.0,2020-06-21,-,0,-
-,-,feanorek,-,935.62,-1.02,1417.54,0.0,160.64,0.34,6,0.0,2,0.0,4,0.0,0,0.0,33.33,0.0,2020-09-06,-,0,-
-,-,Adunak,-,934.84,-1.33,1302.92,0.0,122.69,0.44,12,0.0,4,0.0,8,0.0,0,0.0,33.33,0.0,2021-06-02,-,0,-
-,-,Ryktus,-,934.6,-1.91,1191.37,0.0,85.59,0.64,36,0.0,8,0.0,27,0.0,1,0.0,22.22,0.0,2022-03-06,-,0,-
-,-,Lookaszk,-,933.48,-1.4,1284.42,0.0,116.98,0.47,12,0.0,4,0.0,8,0.0,0,0.0,33.33,0.0,2024-08-26,-,0,-
-,-,Penisbursche,-,933.17,-1.23,1330.64,0.0,132.49,0.41,12,0.0,5,0.0,7,0.0,0,0.0,41.67,0.0,2020-06-28,-,0,-
1283,-33,wheelerruss,GB,932.0,-4.26,1051.78,0.0,39.93,1.42,308,0.0,46,0.0,253,0.0,9,0.0,14.94,0.0,2025-08-26,-,0,1111.0
-,-,anyhotcountry,-,931.49,-0.91,1467.45,0.0,178.65,0.3,6,0.0,3,0.0,3,0.0,0,0.0,50.0,0.0,2018-09-23,-,0,-
-,-,Martinp,-,931.35,-1.03,1404.58,0.0,157.74,0.34,6,0.0,2,0.0,4,0.0,0,0.0,33.33,0.0,2020-09-13,-,0,-
-,-,Unternehmer,-,929.64,-0.86,1500.0,0.0,190.12,0.29,6,0.0,3,0.0,3,0.0,0,0.0,50.0,0.0,2018-09-30,-,0,-
1284,-33,MLucient,-,929.5,-1.37,1287.64,0.0,119.38,0.46,12,0.0,3,0.0,9,0.0,0,0.0,25.0,0.0,2026-01-30,-,0,-
-,-,Sultos,-,928.42,-1.54,1247.14,0.0,106.24,0.51,18,0.0,5,0.0,13,0.0,0,0.0,27.78,0.0,2020-12-02,-,0,-
1285,-33,landrew,-,927.94,-1.6,1234.1,0.0,102.05,0.53,24,0.0,6,0.0,18,0.0,0,0.0,25.0,0.0,2026-02-05,-,0,-
-,-,Arensivia,-,927.88,-1.49,1257.54,0.0,109.89,0.5,12,0.0,3,0.0,9,0.0,0,0.0,25.0,0.0,2022-08-23,-,0,-
-,-,Skrad,-,927.41,-1.27,1314.28,0.0,128.95,0.42,12,0.0,5,0.0,7,0.0,0,0.0,41.67,0.0,2020-11-21,-,0,-
-,-,SunTiger,-,927.33,-1.4,1277.61,0.0,116.76,0.47,12,0.0,4,0.0,8,0.0,0,0.0,33.33,0.0,2025-01-18,-,0,1184.0
-,-,XiePei,-,926.91,-1.41,1274.1,0.0,115.73,0.47,18,0.0,6,0.0,11,0.0,1,0.0,33.33,0.0,2020-08-31,-,0,-
-,-,Mincha,-,925.84,-1.25,1316.04,0.0,130.07,0.42,12,0.0,6,0.0,6,0.0,0,0.0,50.0,0.0,2022-05-29,-,0,-
-,-,MartyParty,-,925.68,-1.1,1371.04,0.0,148.46,0.37,6,0.0,2,0.0,4,0.0,0,0.0,33.33,0.0,2023-01-15,-,0,-
-,-,SPEEDOWAGON,-,923.95,-1.3,1301.95,0.0,126.0,0.43,12,0.0,5,0.0,7,0.0,0,0.0,41.67,0.0,2024-01-16,-,0,1287.0
1286,-31,Leoneed.P87,-,923.15,-1.52,1244.84,0.0,107.23,0.51,12,0.0,3,0.0,9,0.0,0,0.0,25.0,0.0,2026-01-21,-,0,-
-,-,Raphi,-,921.22,-1.8,1193.32,0.0,90.7,0.6,24,0.0,4,0.0,20,0.0,0,0.0,16.67,0.0,2025-02-05,-,0,1184.0
-,-,mowglee,-,921.13,-1.28,1304.47,0.0,127.78,0.43,12,0.0,3,0.0,9,0.0,0,0.0,25.0,0.0,2019-12-22,-,0,-
-,-,SagYer,-,920.7,-1.14,1349.05,0.0,142.79,0.38,8,0.0,2,0.0,6,0.0,0,0.0,25.0,0.0,2023-01-22,-,0,-
-,-,lissi,-,920.48,-2.17,1147.65,0.0,75.72,0.72,32,0.0,6,0.0,23,0.0,3,0.0,18.75,0.0,2024-06-02,-,0,-
1287,-30,Hengoroth,-,919.47,-1.87,1181.68,0.0,87.4,0.62,30,0.0,8,0.0,22,0.0,0,0.0,26.67,0.0,2026-02-06,-,0,1184.0
1288,-29,stshow123,-,919.09,-1.13,1352.51,0.0,144.47,0.38,6,0.0,2,0.0,4,0.0,0,0.0,33.33,0.0,2025-10-08,-,0,1245.0
1289,26,ViznessDaBizness,-,919.08,100.02,1228.3,39.27,103.07,-20.25,16,4.0,6,2.0,10,2.0,0,0.0,37.5,4.17,2026-05-18,-,0,-
1290,-32,XRipper,-,918.87,-1.48,1250.35,0.0,110.49,0.49,12,0.0,3,0.0,9,0.0,0,0.0,25.0,0.0,2026-01-24,-,0,-
-,-,Andras,-,918.67,-0.89,1470.74,0.0,184.02,0.3,6,0.0,3,0.0,3,0.0,0,0.0,50.0,0.0,2018-06-17,-,0,-
-,-,DrunkenPete,-,918.61,-1.34,1284.67,0.0,122.02,0.45,12,0.0,3,0.0,9,0.0,0,0.0,25.0,0.0,2025-01-29,-,0,1184.0
-,-,salmonpizza,-,917.68,-1.91,1176.16,0.0,86.16,0.64,36,0.0,8,0.0,26,0.0,2,0.0,22.22,0.0,2022-02-20,-,0,-
-,-,vladslavBR,-,917.42,-1.29,1295.94,0.0,126.17,0.43,12,0.0,4,0.0,7,0.0,1,0.0,33.33,0.0,2019-12-15,-,0,-
-,-,jjmancini,-,917.34,-1.0,1407.01,0.0,163.22,0.33,10,0.0,5,0.0,5,0.0,0,0.0,50.0,0.0,2024-01-16,-,0,-
1291,-31,Tietzsche,-,916.87,-1.7,1205.28,0.0,96.14,0.57,30,0.0,7,0.0,23,0.0,0,0.0,23.33,0.0,2026-02-04,-,0,1109.0
-,-,CharmingP,-,916.81,-1.01,1401.92,0.0,161.7,0.34,6,0.0,3,0.0,2,0.0,1,0.0,50.0,0.0,2023-06-04,-,0,-
1292,-31,qman,-,916.42,-1.78,1191.94,0.0,91.84,0.59,18,0.0,4,0.0,14,0.0,0,0.0,22.22,0.0,2025-12-01,-,0,1184.0
-,-,fader_master,-,916.41,-2.01,1160.83,0.0,81.47,0.67,42,0.0,9,0.0,33,0.0,0,0.0,21.43,0.0,2022-03-06,-,0,-
-,-,hongcha,-,915.48,-1.12,1352.0,0.0,145.51,0.37,6,0.0,0,0.0,4,0.0,2,0.0,0.0,0.0,2023-01-15,-,0,-
-,-,Sir_Jacob,-,915.18,-2.36,1124.66,0.0,69.83,0.79,60,0.0,9,0.0,50,0.0,1,0.0,15.0,0.0,2022-02-28,-,0,-
-,-,JaBulani,CH,914.68,-0.82,1511.03,0.0,198.78,0.27,4,0.0,3,0.0,1,0.0,0,0.0,75.0,0.0,2025-05-22,-,0,-
1293,new,Seiza,-,914.29,464.29,1671.89,171.89,252.53,252.53,2,2.0,2,2.0,0,0.0,0,0.0,100.0,100.0,2026-05-31,-,0,-
-,-,Prablemzzz,-,914.16,-1.55,1231.34,0.0,105.73,0.52,18,0.0,7,0.0,10,0.0,1,0.0,38.89,0.0,2022-03-06,-,0,-
1294,-32,mkuz18,-,914.08,-1.53,1237.13,0.0,107.68,0.51,14,0.0,5,0.0,9,0.0,0,0.0,35.71,0.0,2025-12-11,-,0,1118.0
-,-,Millership,-,913.93,-3.12,1072.92,0.0,53.0,1.04,158,0.0,20,0.0,135,0.0,3,0.0,12.66,0.0,2024-05-27,-,0,-
1295,-41,Frabac,-,913.73,-13.83,1026.49,-13.46,37.59,0.12,492,18.0,59,0.0,431,18.0,2,0.0,11.99,-0.46,2026-05-25,-,0,711.0
-,-,MadsB,-,913.18,-2.19,1139.02,0.0,75.28,0.73,38,0.0,10,0.0,28,0.0,0,0.0,26.32,0.0,2023-09-10,-,0,-
1296,-33,Hampsink,-,912.52,-1.97,1161.14,0.0,82.87,0.66,32,0.0,4,0.0,28,0.0,0,0.0,12.5,0.0,2025-12-04,-,0,863.0
1297,-33,Gigot,-,911.53,-1.92,1167.3,0.0,85.26,0.64,24,0.0,4,0.0,20,0.0,0,0.0,16.67,0.0,2026-01-22,-,0,1184.0
-,-,Johnthemilkman,-,911.22,-1.95,1163.16,0.0,83.98,0.65,42,0.0,8,0.0,31,0.0,3,0.0,19.05,0.0,2021-11-21,-,0,-
-,-,Korn73,-,911.16,-0.96,1418.72,0.0,169.19,0.32,6,0.0,3,0.0,3,0.0,0,0.0,50.0,0.0,2019-12-30,-,0,-
-,-,cymerdown,-,910.28,-1.71,1196.28,0.0,95.33,0.57,18,0.0,5,0.0,12,0.0,1,0.0,27.78,0.0,2025-02-28,-,0,1287.0
-,-,postalrat,-,910.18,-1.19,1320.72,0.0,136.85,0.4,12,0.0,5,0.0,7,0.0,0,0.0,41.67,0.0,2024-02-23,-,0,-
-,-,eotta,-,909.13,-1.89,1168.68,0.0,86.52,0.63,32,0.0,8,0.0,23,0.0,1,0.0,25.0,0.0,2024-07-01,-,0,-
1298,-31,Smithereens,-,908.54,-0.69,1617.38,0.0,236.28,0.23,2,0.0,2,0.0,0,0.0,0,0.0,100.0,0.0,2025-12-02,-,0,-
-,-,jobe,-,908.41,-2.13,1139.13,0.0,76.91,0.71,42,0.0,9,0.0,33,0.0,0,0.0,21.43,0.0,2025-02-28,-,0,1421.0
1299,-34,Wolfdragons,-,908.38,-1.49,1236.4,0.0,109.34,0.5,12,0.0,4,0.0,8,0.0,0,0.0,33.33,0.0,2026-02-03,-,0,-
-,-,Swup,-,908.33,-1.19,1318.79,0.0,136.82,0.4,12,0.0,6,0.0,6,0.0,0,0.0,50.0,0.0,2020-08-21,-,0,-
-,-,alanbateman,-,907.96,-0.95,1424.61,0.0,172.21,0.32,6,0.0,2,0.0,4,0.0,0,0.0,33.33,0.0,2020-06-28,-,0,-
-,-,ancientmagellan,-,907.73,-2.07,1147.91,0.0,80.06,0.69,48,0.0,12,0.0,35,0.0,1,0.0,25.0,0.0,2021-02-19,-,0,-
1300,-34,Wookiebutcher,-,906.91,-2.33,1199.99,-3.75,97.69,-0.47,30,2.0,7,0.0,23,2.0,0,0.0,23.33,-1.67,2026-03-26,-,0,-
-,-,gameofstu,-,906.58,-1.23,1303.85,0.0,132.42,0.41,12,0.0,4,0.0,8,0.0,0,0.0,33.33,0.0,2019-12-29,-,0,-
-,-,kissnicky,-,906.04,-1.06,1367.32,0.0,153.76,0.35,12,0.0,6,0.0,6,0.0,0,0.0,50.0,0.0,2020-08-10,-,0,-
-,-,thundermain,-,905.7,-1.25,1296.06,0.0,130.12,0.42,12,0.0,4,0.0,8,0.0,0,0.0,33.33,0.0,2024-02-23,-,0,-
-,-,ZguZimZguZa,-,904.47,-1.05,1370.46,0.0,155.33,0.35,6,0.0,2,0.0,4,0.0,0,0.0,33.33,0.0,2023-01-15,-,0,-
-,-,calatravag,-,904.43,-1.34,1270.13,0.0,121.9,0.45,10,0.0,2,0.0,8,0.0,0,0.0,20.0,0.0,2024-04-04,-,0,-
-,-,PortugueseBandit,-,904.21,-1.42,1249.83,0.0,115.21,0.47,12,0.0,3,0.0,9,0.0,0,0.0,25.0,0.0,2025-01-27,-,0,1118.0
-,-,Sorio,-,903.51,-2.45,1103.51,0.0,66.67,0.82,64,0.0,13,0.0,51,0.0,0,0.0,20.31,0.0,2023-08-24,-,0,-
1301,27,MarsU-NL,-,903.47,114.59,1249.77,76.07,115.44,-12.84,18,6.0,3,1.0,14,4.0,1,1.0,16.67,0.0,2026-04-03,-,0,-
-,-,gregg900,-,903.41,-1.21,1308.5,0.0,135.03,0.4,12,0.0,4,0.0,8,0.0,0,0.0,33.33,0.0,2020-09-13,-,0,-
-,-,DionysosKing,-,903.07,-1.02,1381.06,0.0,159.33,0.34,6,0.0,3,0.0,3,0.0,0,0.0,50.0,0.0,2023-02-05,-,0,-
-,-,Kirian,-,902.66,-1.4,1253.08,0.0,116.81,0.47,12,0.0,2,0.0,9,0.0,1,0.0,16.67,0.0,2025-02-02,-,0,1067.0
-,-,Yerdua,-,902.32,-1.44,1241.59,0.0,113.09,0.48,18,0.0,6,0.0,12,0.0,0,0.0,33.33,0.0,2020-09-06,-,0,-
-,-,forofo27,-,901.3,-1.09,1351.68,0.0,150.13,0.36,12,0.0,7,0.0,5,0.0,0,0.0,58.33,0.0,2020-08-25,-,0,-
-,-,Seif,-,900.65,-0.94,1418.61,0.0,172.66,0.31,6,0.0,3,0.0,3,0.0,0,0.0,50.0,0.0,2020-03-22,-,0,-
1302,-34,TarisI,-,900.64,-1.43,1243.08,0.0,114.15,0.48,12,0.0,3,0.0,9,0.0,0,0.0,25.0,0.0,2026-01-22,-,0,-
-,-,pansiano,-,900.58,-1.38,1255.59,0.0,118.34,0.46,12,0.0,4,0.0,8,0.0,0,0.0,33.33,0.0,2021-12-05,-,0,-
-,-,KingMomo,-,900.33,-1.88,1161.56,0.0,87.08,0.63,24,0.0,5,0.0,18,0.0,1,0.0,20.83,0.0,2024-11-30,-,0,1287.0
-,-,Adrianucho,-,900.33,-1.35,1262.96,0.0,120.88,0.45,12,0.0,3,0.0,9,0.0,0,0.0,25.0,0.0,2024-02-23,-,0,-
-,-,MrPandy,-,900.06,-1.72,1186.33,0.0,95.42,0.57,24,0.0,6,0.0,18,0.0,0,0.0,25.0,0.0,2021-02-22,-,0,-
-,-,TimtheGreat,-,899.81,-1.16,1323.18,0.0,141.13,0.39,12,0.0,5,0.0,6,0.0,1,0.0,41.67,0.0,2020-09-06,-,0,-
-,-,Prezez,-,898.93,-1.38,1252.7,0.0,117.92,0.46,12,0.0,5,0.0,7,0.0,0,0.0,41.67,0.0,2022-02-24,-,0,-
-,-,Jaydash808,-,898.65,-0.93,1427.2,0.0,176.18,0.31,6,0.0,3,0.0,3,0.0,0,0.0,50.0,0.0,2020-06-28,-,0,-
-,-,F1087,-,898.59,-1.39,1250.13,0.0,117.18,0.46,12,0.0,4,0.0,8,0.0,0,0.0,33.33,0.0,2022-03-06,-,0,-
-,-,Dreadpiratejosh,-,898.2,-1.18,1313.04,0.0,138.28,0.39,12,0.0,5,0.0,7,0.0,0,0.0,41.67,0.0,2019-02-10,-,0,-
-,-,alban,-,898.06,-1.37,1255.03,0.0,118.99,0.46,12,0.0,3,0.0,9,0.0,0,0.0,25.0,0.0,2025-02-05,-,0,1118.0
1303,54,Redders,-,897.55,242.98,1259.42,142.45,120.62,-33.51,14,6.0,4,3.0,10,3.0,0,0.0,28.57,16.07,2026-05-14,-,0,-
-,-,Maraxus,-,897.54,-1.26,1287.16,0.0,129.87,0.42,12,0.0,4,0.0,8,0.0,0,0.0,33.33,0.0,2020-12-02,-,0,-
1304,-34,Lint,-,897.44,-1.64,1196.78,0.0,99.78,0.55,18,0.0,2,0.0,16,0.0,0,0.0,11.11,0.0,2026-02-02,-,0,-
-,-,anakbawang,-,896.19,-1.34,1262.72,0.0,122.18,0.45,22,0.0,5,0.0,17,0.0,0,0.0,22.73,0.0,2018-05-12,-,0,-
1305,-34,Captain_Alex,-,895.85,-1.52,1219.49,0.0,107.88,0.51,12,0.0,2,0.0,10,0.0,0,0.0,16.67,0.0,2025-12-01,-,0,-
1306,-33,joonseok,-,895.09,-1.08,1348.82,0.0,151.24,0.36,6,0.0,3,0.0,3,0.0,0,0.0,50.0,0.0,2026-01-31,-,0,-
1307,-35,gusanitocruz,-,894.94,-1.4,1245.24,0.0,116.77,0.47,16,0.0,3,0.0,13,0.0,0,0.0,18.75,0.0,2025-12-01,-,0,1109.0
1308,-34,S.C.U.D.,-,894.7,-1.36,1255.55,0.0,120.28,0.45,10,0.0,2,0.0,8,0.0,0,0.0,20.0,0.0,2025-12-01,-,0,1067.0
1309,-33,Sopelek,-,892.93,-1.57,1205.77,0.0,104.28,0.52,24,0.0,4,0.0,19,0.0,1,0.0,16.67,0.0,2025-12-01,-,0,912.0
-,-,TbeDataGuy,-,892.85,-1.47,1226.42,0.0,111.19,0.49,12,0.0,2,0.0,10,0.0,0,0.0,16.67,0.0,2024-04-04,-,0,-
-,-,Naismith,-,892.61,-1.03,1368.58,0.0,158.66,0.34,6,0.0,2,0.0,4,0.0,0,0.0,33.33,0.0,2020-09-06,-,0,-
1310,-35,mariyka,RU,892.16,-2.7,1075.58,0.0,61.14,0.9,90,0.0,17,0.0,72,0.0,1,0.0,18.89,0.0,2025-12-02,-,0,1287.0
-,-,Hubcap4x4,-,892.15,-1.32,1262.12,0.0,123.32,0.44,18,0.0,7,0.0,11,0.0,0,0.0,38.89,0.0,2019-06-23,-,0,-
-,-,PikaSex,-,891.74,-1.24,1285.14,0.0,131.13,0.41,12,0.0,3,0.0,9,0.0,0,0.0,25.0,0.0,2020-06-28,-,0,-
-,-,Durdler,-,891.73,-1.01,1374.54,0.0,160.94,0.34,6,0.0,3,0.0,3,0.0,0,0.0,50.0,0.0,2022-06-05,-,0,-
-,-,bigbird85,-,891.51,-1.65,1188.75,0.0,99.08,0.55,18,0.0,6,0.0,12,0.0,0,0.0,33.33,0.0,2022-03-06,-,0,-
-,-,Rusticista,-,891.17,-1.06,1352.35,0.0,153.73,0.35,6,0.0,2,0.0,4,0.0,0,0.0,33.33,0.0,2023-01-15,-,0,-
-,-,ValeriaDeMot,-,890.88,-1.25,1282.56,0.0,130.56,0.42,12,0.0,4,0.0,8,0.0,0,0.0,33.33,0.0,2021-02-18,-,0,-
-,-,Bummelmuhkuh,-,890.82,-1.45,1228.58,0.0,112.59,0.48,18,0.0,7,0.0,11,0.0,0,0.0,38.89,0.0,2021-05-19,-,0,-
-,-,Chatir,-,890.62,-1.81,1160.54,0.0,89.98,0.6,30,0.0,6,0.0,24,0.0,0,0.0,20.0,0.0,2021-06-02,-,0,-
-,-,Azazelek,-,890.05,-1.28,1271.75,0.0,127.23,0.43,10,0.0,2,0.0,8,0.0,0,0.0,20.0,0.0,2024-04-04,-,0,-
-,-,Friedthelt,-,889.64,-1.38,1244.0,0.0,118.12,0.46,18,0.0,6,0.0,12,0.0,0,0.0,33.33,0.0,2025-02-03,-,0,1118.0
-,-,Nognix,-,887.99,-1.54,1206.81,0.0,106.27,0.51,14,0.0,4,0.0,9,0.0,1,0.0,28.57,0.0,2024-02-23,-,0,-
-,-,Vxn,-,887.55,-1.65,1185.95,0.0,99.47,0.55,18,0.0,4,0.0,13,0.0,1,0.0,22.22,0.0,2023-06-04,-,0,-
-,-,flogae,-,887.4,-0.95,1401.52,0.0,171.38,0.32,6,0.0,4,0.0,2,0.0,0,0.0,66.67,0.0,2021-03-02,-,0,-
-,-,hors7,-,886.68,-2.07,1124.56,0.0,79.29,0.69,30,0.0,2,0.0,27,0.0,1,0.0,6.67,0.0,2023-11-15,-,0,-
1311,-32,Ivan_A_Destructalot,-,886.56,-1.5,1212.92,0.0,108.79,0.5,12,0.0,2,0.0,10,0.0,0,0.0,16.67,0.0,2026-01-27,-,0,-
1312,-32,Wing,-,886.38,-1.55,1202.05,0.0,105.22,0.52,14,0.0,2,0.0,12,0.0,0,0.0,14.29,0.0,2025-12-08,-,0,1118.0
-,-,AmazingMrHedge,-,885.93,-0.92,1418.33,0.0,177.47,0.31,6,0.0,2,0.0,4,0.0,0,0.0,33.33,0.0,2024-02-23,-,0,-
-,-,Gyrocopter,-,885.85,-0.96,1397.35,0.0,170.5,0.32,6,0.0,3,0.0,3,0.0,0,0.0,50.0,0.0,2021-03-02,-,0,-
-,-,scalp,-,885.58,-1.91,1142.84,0.0,85.75,0.64,36,0.0,8,0.0,27,0.0,1,0.0,22.22,0.0,2021-03-02,-,0,-
-,-,Aogaog,-,884.9,-1.25,1278.11,0.0,131.07,0.42,12,0.0,4,0.0,8,0.0,0,0.0,33.33,0.0,2020-08-17,-,0,-
-,-,Pastiness,-,884.01,-1.26,1272.99,0.0,129.66,0.42,12,0.0,3,0.0,9,0.0,0,0.0,25.0,0.0,2024-04-04,-,0,-
-,-,ThonosP,BE,883.17,-1.54,1201.87,0.0,106.24,0.51,18,0.0,3,0.0,14,0.0,1,0.0,16.67,0.0,2024-06-16,-,0,-
1313,-32,Daliman13,-,882.73,-2.16,1110.59,0.0,75.96,0.72,54,0.0,8,0.0,45,0.0,1,0.0,14.81,0.0,2025-11-27,-,0,1421.0
-,-,Moon2g,-,882.64,-1.6,1189.67,0.0,102.34,0.53,30,0.0,6,0.0,23,0.0,1,0.0,20.0,0.0,2020-06-28,-,0,-
-,-,Jerry_Kacmar,-,882.28,-1.45,1220.88,0.0,112.87,0.48,18,0.0,3,0.0,15,0.0,0,0.0,16.67,0.0,2020-12-02,-,0,-
1314,-32,paroova,-,882.0,-1.03,1355.79,0.0,157.93,0.34,6,0.0,1,0.0,5,0.0,0,0.0,16.67,0.0,2025-12-05,-,0,-
-,-,Dashing,-,881.79,-1.48,1212.26,0.0,110.16,0.49,24,0.0,6,0.0,16,0.0,2,0.0,25.0,0.0,2020-09-06,-,0,-
1315,-32,Frank92,-,881.29,-1.02,1363.12,0.0,160.61,0.34,6,0.0,3,0.0,3,0.0,0,0.0,50.0,0.0,2025-07-10,-,0,1286.0
-,-,mdross1,-,881.16,-1.29,1261.75,0.0,126.86,0.43,16,0.0,4,0.0,12,0.0,0,0.0,25.0,0.0,2020-09-13,-,0,-
-,-,Quality_Jones,-,880.57,-1.72,1165.4,0.0,94.94,0.57,32,0.0,8,0.0,24,0.0,0,0.0,25.0,0.0,2023-01-22,-,0,-
-,-,namenloser,-,880.32,-2.46,1082.02,0.0,67.23,0.82,122,0.0,20,0.0,102,0.0,0,0.0,16.39,0.0,2023-02-27,-,0,-
1316,new,ArthursDad,US,879.18,429.18,1669.31,169.31,263.37,263.37,2,2.0,2,2.0,0,0.0,0,0.0,100.0,100.0,2026-05-19,-,0,-
-,-,ludnunes,-,879.16,-1.84,1146.31,0.0,89.05,0.61,36,0.0,7,0.0,29,0.0,0,0.0,19.44,0.0,2023-01-15,-,0,-
1317,-33,Gregoriocasa,-,878.56,-1.53,1198.87,0.0,106.77,0.51,12,0.0,3,0.0,9,0.0,0,0.0,25.0,0.0,2026-01-27,-,0,-
-,-,Asturia,-,878.25,-1.23,1275.74,0.0,132.5,0.41,8,0.0,1,0.0,7,0.0,0,0.0,12.5,0.0,2023-01-22,-,0,-
1318,-33,Paajosh,-,877.46,-1.63,1177.75,0.0,100.1,0.54,24,0.0,5,0.0,19,0.0,0,0.0,20.83,0.0,2025-12-14,-,0,1118.0
-,-,Conor_Osullivan,-,877.06,-1.66,1172.86,0.0,98.6,0.55,30,0.0,6,0.0,24,0.0,0,0.0,20.0,0.0,2020-05-22,-,0,-
-,-,OxyGee,-,876.47,-1.79,1155.11,0.0,92.88,0.6,48,0.0,9,0.0,39,0.0,0,0.0,18.75,0.0,2021-02-14,-,0,-
1319,-33,TuZhao,-,874.2,-1.7,1162.46,0.0,96.09,0.57,26,0.0,5,0.0,21,0.0,0,0.0,19.23,0.0,2026-01-21,-,0,1287.0
-,-,Darzic,-,874.1,-0.94,1393.05,0.0,172.98,0.31,6,0.0,2,0.0,4,0.0,0,0.0,33.33,0.0,2020-09-06,-,0,-
-,-,Supergabibbo,-,873.09,-1.02,1351.87,0.0,159.59,0.34,6,0.0,2,0.0,4,0.0,0,0.0,33.33,0.0,2020-12-02,-,0,-
-,-,Kefka,-,871.77,-1.36,1230.87,0.0,119.7,0.45,18,0.0,8,0.0,10,0.0,0,0.0,44.44,0.0,2019-12-30,-,0,-
-,-,nikos63,-,871.62,-1.06,1332.9,0.0,153.76,0.35,12,0.0,6,0.0,6,0.0,0,0.0,50.0,0.0,2020-08-09,-,0,-
-,-,Dim_,-,871.51,-1.68,1163.68,0.0,97.39,0.56,24,0.0,6,0.0,18,0.0,0,0.0,25.0,0.0,2023-01-15,-,0,-
-,-,Maximus,-,870.97,-1.42,1217.34,0.0,115.46,0.47,24,0.0,8,0.0,16,0.0,0,0.0,33.33,0.0,2021-05-21,-,0,-
1320,-33,Tapio,-,870.64,-1.54,1188.98,0.0,106.12,0.51,24,0.0,5,0.0,19,0.0,0,0.0,20.83,0.0,2026-01-24,-,0,1287.0
-,-,Xanpat,-,870.52,-1.53,1191.26,0.0,106.91,0.51,24,0.0,5,0.0,19,0.0,0,0.0,20.83,0.0,2020-09-06,-,0,-
1321,-33,omoi,-,870.12,-1.61,1174.75,0.0,101.55,0.54,16,0.0,5,0.0,11,0.0,0,0.0,31.25,0.0,2026-01-20,-,0,-
1322,-33,deleted_user_6305131,-,869.89,-1.28,1253.31,0.0,127.81,0.43,8,0.0,0,0.0,6,0.0,2,0.0,0.0,0.0,2026-01-19,-,0,-
-,-,Amadeus,-,869.72,-1.51,1194.97,0.0,108.42,0.5,12,0.0,0,0.0,10,0.0,2,0.0,0.0,0.0,2024-05-24,-,0,-
-,-,DarthElendil,-,869.47,-1.02,1351.38,0.0,160.64,0.34,6,0.0,3,0.0,3,0.0,0,0.0,50.0,0.0,2025-04-26,-,0,1388.0
-,-,Xioph,-,868.93,-1.44,1209.71,0.0,113.6,0.48,18,0.0,5,0.0,13,0.0,0,0.0,27.78,0.0,2021-03-02,-,0,-
-,-,Yahtzee12,-,867.89,-3.07,1030.87,0.0,54.33,1.02,228,0.0,29,0.0,193,0.0,6,0.0,12.72,0.0,2024-02-26,-,0,-
-,-,Kubenboa,-,866.01,-1.76,1144.66,0.0,92.88,0.59,24,0.0,6,0.0,18,0.0,0,0.0,25.0,0.0,2023-01-15,-,0,-
-,-,Totox,-,865.65,-1.11,1306.76,0.0,147.04,0.37,6,0.0,2,0.0,4,0.0,0,0.0,33.33,0.0,2023-02-12,-,0,-
1323,-33,Bafbeer,-,865.42,-1.2,1274.94,0.0,136.51,0.4,8,0.0,1,0.0,7,0.0,0,0.0,12.5,0.0,2026-01-21,-,0,-
-,-,omniswitcher,-,864.87,-2.15,1092.95,0.0,76.02,0.72,72,0.0,13,0.0,59,0.0,0,0.0,18.06,0.0,2021-08-19,-,0,-
-,-,kuatz,-,864.74,-1.16,1285.63,0.0,140.3,0.39,6,0.0,1,0.0,5,0.0,0,0.0,16.67,0.0,2023-01-15,-,0,-
-,-,Tasslehoff,-,864.72,-1.24,1258.35,0.0,131.21,0.41,12,0.0,3,0.0,9,0.0,0,0.0,25.0,0.0,2020-12-02,-,0,-
-,-,ghudbishs,-,864.72,-1.1,1307.99,0.0,147.76,0.37,6,0.0,2,0.0,4,0.0,0,0.0,33.33,0.0,2024-12-16,-,0,1287.0
-,-,Shalif,FR,864.15,-2.31,1077.06,0.0,70.97,0.77,74,0.0,11,0.0,61,0.0,2,0.0,14.86,0.0,2024-12-04,-,0,1184.0
-,-,Leonidas33,-,864.0,-1.39,1215.77,0.0,117.26,0.46,12,0.0,3,0.0,9,0.0,0,0.0,25.0,0.0,2025-01-23,-,0,1118.0
-,-,somanyrocks,-,863.43,-1.08,1314.98,0.0,150.52,0.36,6,0.0,1,0.0,5,0.0,0,0.0,16.67,0.0,2023-01-15,-,0,-
-,-,Pecheros,-,863.12,-1.63,1164.98,0.0,100.62,0.54,30,0.0,4,0.0,23,0.0,3,0.0,13.33,0.0,2023-01-15,-,0,-
-,-,valvonauta,IT,863.09,-2.23,1082.63,0.0,73.18,0.74,54,0.0,7,0.0,46,0.0,1,0.0,12.96,0.0,2024-09-15,-,0,-
1324,-33,NerAlgert,-,862.76,-1.96,1112.62,0.0,83.29,0.65,24,0.0,3,0.0,21,0.0,0,0.0,12.5,0.0,2026-02-28,-,0,1385.0
-,-,mdscolour,-,862.28,-1.09,1315.91,0.0,151.21,0.36,12,0.0,6,0.0,6,0.0,0,0.0,50.0,0.0,2020-09-06,-,0,-
-,-,Markariah,-,861.36,-1.65,1158.19,0.0,98.94,0.55,24,0.0,5,0.0,13,0.0,6,0.0,20.83,0.0,2023-11-20,-,0,-
-,-,Pampio,-,861.25,-0.96,1369.26,0.0,169.34,0.32,6,0.0,3,0.0,3,0.0,0,0.0,50.0,0.0,2020-09-06,-,0,-
1325,-32,FeroDigital,-,860.76,-1.11,1302.46,0.0,147.23,0.37,6,0.0,1,0.0,5,0.0,0,0.0,16.67,0.0,2025-12-01,-,0,-
1326,-34,monorator,-,860.71,-2.77,1037.83,0.0,59.04,0.92,102,0.0,12,0.0,90,0.0,0,0.0,11.76,0.0,2025-12-01,-,0,1184.0
-,-,Dharkan_Kaazar,-,860.18,-1.1,1304.77,0.0,148.19,0.37,6,0.0,1,0.0,5,0.0,0,0.0,16.67,0.0,2024-02-23,-,0,-
-,-,BabaYega,-,859.28,-1.29,1240.12,0.0,126.95,0.43,12,0.0,4,0.0,8,0.0,0,0.0,33.33,0.0,2021-08-24,-,0,-
-,-,Vaalna,-,857.05,-1.09,1304.3,0.0,149.09,0.36,8,0.0,1,0.0,7,0.0,0,0.0,12.5,0.0,2024-02-23,-,0,-
1327,-33,NedNutt,-,856.55,-1.16,1280.01,0.0,141.15,0.39,8,0.0,2,0.0,6,0.0,0,0.0,25.0,0.0,2026-02-03,-,0,-
-,-,DislexicBigot,-,856.51,-1.24,1252.21,0.0,131.9,0.41,12,0.0,4,0.0,8,0.0,0,0.0,33.33,0.0,2021-06-02,-,0,-
-,-,Toniolamachine,-,855.97,-1.79,1130.13,0.0,91.39,0.6,30,0.0,6,0.0,24,0.0,0,0.0,20.0,0.0,2022-09-04,-,0,-
-,-,Fakkus,-,854.88,-1.88,1116.15,0.0,87.09,0.63,24,0.0,4,0.0,18,0.0,2,0.0,16.67,0.0,2023-06-04,-,0,-
-,-,whiteraven,-,854.31,-0.92,1387.93,0.0,177.87,0.31,6,0.0,2,0.0,3,0.0,1,0.0,33.33,0.0,2020-06-28,-,0,-
-,-,halbsodoppelt,-,854.0,-2.08,1089.21,0.0,78.41,0.69,38,0.0,6,0.0,30,0.0,2,0.0,15.79,0.0,2024-10-22,-,0,-
1328,-33,Zielonus,-,853.74,-1.61,1159.27,0.0,101.84,0.54,24,0.0,5,0.0,19,0.0,0,0.0,20.83,0.0,2026-02-03,-,0,1118.0
-,-,Scottus,-,853.69,-1.35,1216.3,0.0,120.87,0.45,12,0.0,4,0.0,8,0.0,0,0.0,33.33,0.0,2022-05-29,-,0,-
1329,-33,iindianajones,-,853.1,-1.49,1182.52,0.0,109.81,0.5,12,0.0,3,0.0,9,0.0,0,0.0,25.0,0.0,2026-01-26,-,0,1287.0
-,-,Left-fire-egg,-,853.0,-1.21,1257.92,0.0,134.97,0.4,12,0.0,3,0.0,9,0.0,0,0.0,25.0,0.0,2024-02-23,-,0,-
-,-,Eels,-,852.88,-1.5,1179.39,0.0,108.83,0.5,12,0.0,1,0.0,9,0.0,2,0.0,8.33,0.0,2025-02-28,-,0,1375.0
-,-,mliszewski,-,852.79,-1.23,1250.05,0.0,132.42,0.41,12,0.0,4,0.0,8,0.0,0,0.0,33.33,0.0,2020-12-02,-,0,-
-,-,Strange,-,852.53,-1.45,1190.08,0.0,112.52,0.48,24,0.0,6,0.0,18,0.0,0,0.0,25.0,0.0,2020-03-30,-,0,-
-,-,Naawi,-,852.11,-1.1,1298.94,0.0,148.94,0.37,6,0.0,2,0.0,4,0.0,0,0.0,33.33,0.0,2022-06-05,-,0,-
1330,-33,pjorge,-,852.08,-2.11,1084.86,0.0,77.59,0.7,40,0.0,7,0.0,32,0.0,1,0.0,17.5,0.0,2025-12-07,-,0,1184.0
-,-,JohnMarc,-,851.39,-2.18,1076.45,0.0,75.02,0.73,60,0.0,10,0.0,49,0.0,1,0.0,16.67,0.0,2022-09-04,-,0,-
1331,-33,Titiman,-,850.98,-1.98,1098.65,0.0,82.55,0.66,30,0.0,4,0.0,26,0.0,0,0.0,13.33,0.0,2026-01-24,-,0,1287.0
1332,-32,andregois,-,850.75,-1.17,1270.29,0.0,139.85,0.39,12,0.0,4,0.0,8,0.0,0,0.0,33.33,0.0,2026-01-25,-,0,-
1333,-34,Oyvind,-,850.44,-1.81,1120.86,0.0,90.14,0.6,26,0.0,3,0.0,23,0.0,0,0.0,11.54,0.0,2025-12-03,-,0,1184.0
-,-,Tikki,US,850.44,-2.27,1065.65,0.0,71.74,0.76,72,0.0,8,0.0,61,0.0,3,0.0,11.11,0.0,2022-06-05,-,0,-
-,-,Ralpher,-,849.89,-0.93,1377.85,0.0,175.99,0.31,6,0.0,2,0.0,4,0.0,0,0.0,33.33,0.0,2020-06-21,-,0,-
1334,-33,silverpaun,-,849.39,-1.09,1297.55,0.0,149.39,0.36,6,0.0,0,0.0,6,0.0,0,0.0,0.0,0.0,2026-01-26,-,0,-
-,-,Oenaud,-,847.7,-1.75,1127.28,0.0,93.19,0.58,24,0.0,4,0.0,20,0.0,0,0.0,16.67,0.0,2022-02-24,-,0,-
-,-,dburstin,-,847.09,-1.14,1275.49,0.0,142.8,0.38,8,0.0,2,0.0,6,0.0,0,0.0,25.0,0.0,2025-01-31,-,0,939.0
-,-,Edenys,-,843.74,-1.23,1240.44,0.0,132.23,0.41,8,0.0,1,0.0,7,0.0,0,0.0,12.5,0.0,2023-01-22,-,0,-
-,-,ArrogantMenace,-,843.46,-1.64,1142.37,0.0,99.63,0.55,36,0.0,8,0.0,28,0.0,0,0.0,22.22,0.0,2020-08-18,-,0,-
1335,-33,Merclaw,-,842.44,-1.58,1152.86,0.0,103.47,0.53,14,0.0,1,0.0,13,0.0,0,0.0,7.14,0.0,2025-12-03,-,0,928.0
-,-,Ben96,-,842.37,-1.45,1180.6,0.0,112.75,0.48,24,0.0,5,0.0,19,0.0,0,0.0,20.83,0.0,2020-09-13,-,0,-
-,-,HumptyMonkey,-,842.34,-2.1,1077.32,0.0,78.33,0.7,66,0.0,12,0.0,54,0.0,0,0.0,18.18,0.0,2021-06-02,-,0,-
-,-,KILLERST,-,842.31,-1.61,1146.95,0.0,101.55,0.54,24,0.0,5,0.0,19,0.0,0,0.0,20.83,0.0,2021-05-20,-,0,-
-,-,RockStar3AG,-,841.86,-1.32,1211.53,0.0,123.22,0.44,12,0.0,2,0.0,9,0.0,1,0.0,16.67,0.0,2021-06-02,-,0,-
-,-,Adas,-,841.34,-1.31,1215.33,0.0,124.66,0.44,18,0.0,4,0.0,14,0.0,0,0.0,22.22,0.0,2020-09-06,-,0,-
-,-,Dariusz,-,840.81,-1.51,1164.08,0.0,107.76,0.5,12,0.0,3,0.0,9,0.0,0,0.0,25.0,0.0,2025-01-31,-,0,1067.0
-,-,Ivalice,-,840.28,-1.22,1242.65,0.0,134.12,0.41,12,0.0,4,0.0,7,0.0,1,0.0,33.33,0.0,2019-12-29,-,0,-
-,-,avo_liao,-,839.66,-1.28,1222.06,0.0,127.47,0.43,12,0.0,2,0.0,10,0.0,0,0.0,16.67,0.0,2020-11-20,-,0,-
-,-,Fembrosia,-,838.93,-1.09,1287.66,0.0,149.58,0.36,6,0.0,2,0.0,4,0.0,0,0.0,33.33,0.0,2022-03-06,-,0,-
1336,-33,Axius9,-,837.98,-1.58,1147.58,0.0,103.2,0.53,14,0.0,3,0.0,11,0.0,0,0.0,21.43,0.0,2025-12-03,-,0,1184.0
-,-,Pir4t,-,837.67,-1.16,1258.66,0.0,140.33,0.39,12,0.0,4,0.0,8,0.0,0,0.0,33.33,0.0,2020-09-06,-,0,-
1337,-33,Mathilda,-,836.75,-1.17,1255.73,0.0,139.66,0.39,6,0.0,0,0.0,6,0.0,0,0.0,0.0,0.0,2025-12-01,-,0,-
-,-,Blahu,-,836.46,-1.11,1277.38,0.0,146.97,0.37,8,0.0,1,0.0,7,0.0,0,0.0,12.5,0.0,2024-02-23,-,0,-
-,-,balarithon,-,835.8,-3.1,1000.07,0.0,54.76,1.03,194,0.0,23,0.0,171,0.0,0,0.0,11.86,0.0,2023-06-04,-,0,-
-,-,dylyla,-,834.64,-1.2,1244.11,0.0,136.49,0.4,12,0.0,4,0.0,8,0.0,0,0.0,33.33,0.0,2021-03-02,-,0,-
-,-,switch201,-,834.33,-1.56,1147.62,0.0,104.43,0.52,12,0.0,1,0.0,11,0.0,0,0.0,8.33,0.0,2025-02-28,-,0,1416.0
1338,-32,WowaduHek,-,833.5,-0.9,1375.42,0.0,180.64,0.3,4,0.0,0,0.0,3,0.0,1,0.0,0.0,0.0,2026-02-15,-,0,318.0
1339,-30,TomaszW,-,832.23,-1.19,1244.79,0.0,137.52,0.4,6,0.0,0,0.0,6,0.0,0,0.0,0.0,0.0,2025-12-01,-,0,-
-,-,Xela1988,-,832.16,-1.51,1157.47,0.0,108.44,0.5,16,0.0,2,0.0,14,0.0,0,0.0,12.5,0.0,2025-01-24,-,0,1184.0
-,-,Jakuu,-,831.95,-1.67,1124.53,0.0,97.53,0.56,24,0.0,3,0.0,21,0.0,0,0.0,12.5,0.0,2025-01-25,-,0,1184.0
1340,-32,Devonia,-,831.81,-1.75,1111.77,0.0,93.32,0.58,26,0.0,4,0.0,22,0.0,0,0.0,15.38,0.0,2026-01-23,-,0,1118.0
1341,-34,captainparadise,FR,830.75,-2.82,1005.97,0.0,58.41,0.94,68,0.0,7,0.0,57,0.0,4,0.0,10.29,0.0,2025-11-18,-,0,1415.0
1342,-32,Monken,-,830.03,-1.41,1176.26,0.0,115.41,0.47,18,0.0,3,0.0,15,0.0,0,0.0,16.67,0.0,2025-12-01,-,0,1287.0
1343,-32,sjgardner3,-,829.44,-1.54,1147.55,0.0,106.04,0.51,26,0.0,6,0.0,20,0.0,0,0.0,23.08,0.0,2026-01-28,-,0,1184.0
1344,-39,Fifagi,-,829.35,-6.45,1148.99,-12.14,106.55,-1.9,14,2.0,2,0.0,12,2.0,0,0.0,14.29,-2.38,2026-05-20,-,0,-
-,-,Agathon,TR,829.12,-1.01,1314.09,0.0,161.65,0.34,6,0.0,0,0.0,6,0.0,0,0.0,0.0,0.0,2024-03-17,-,0,-
-,-,Klapaucjusz,PL,828.81,-0.86,1399.73,0.0,190.31,0.29,6,0.0,3,0.0,3,0.0,0,0.0,50.0,0.0,2020-06-28,-,0,-
-,-,rakimmitt,-,827.39,-1.27,1212.84,0.0,128.49,0.42,18,0.0,3,0.0,15,0.0,0,0.0,16.67,0.0,2020-09-06,-,0,-
-,-,Jonasmeister,-,825.9,-1.11,1266.6,0.0,146.9,0.37,6,0.0,1,0.0,4,0.0,1,0.0,16.67,0.0,2023-12-03,-,0,-
-,-,Aghamin,-,825.39,-3.29,977.11,0.0,50.57,1.1,300,0.0,31,0.0,268,0.0,1,0.0,10.33,0.0,2023-08-30,-,0,-
-,-,Judiot,-,825.21,-1.39,1178.06,0.0,117.61,0.46,12,0.0,1,0.0,11,0.0,0,0.0,8.33,0.0,2024-02-23,-,0,-
1345,-33,Execut0r,-,824.95,-1.53,1145.34,0.0,106.8,0.51,16,0.0,3,0.0,13,0.0,0,0.0,18.75,0.0,2026-01-21,-,0,1118.0
-,-,billymorph,-,824.82,-1.01,1310.49,0.0,161.89,0.34,6,0.0,2,0.0,4,0.0,0,0.0,33.33,0.0,2021-06-02,-,0,-
-,-,Calamar,-,824.82,-1.36,1184.17,0.0,119.78,0.45,12,0.0,3,0.0,9,0.0,0,0.0,25.0,0.0,2024-02-23,-,0,-
-,-,paulydev,-,824.6,-1.18,1239.06,0.0,138.16,0.39,12,0.0,3,0.0,9,0.0,0,0.0,25.0,0.0,2020-08-24,-,0,-
-,-,VesperDraco,-,822.22,-1.6,1127.35,0.0,101.71,0.53,30,0.0,7,0.0,23,0.0,0,0.0,23.33,0.0,2020-09-13,-,0,-
-,-,rporrini,-,821.65,-1.83,1089.43,0.0,89.26,0.61,72,0.0,10,0.0,56,0.0,6,0.0,13.89,0.0,2019-12-30,-,0,-
-,-,Cesaras,-,821.54,-0.85,1394.79,0.0,191.08,0.28,4,0.0,2,0.0,2,0.0,0,0.0,50.0,0.0,2020-06-21,-,0,-
-,-,Pachuca74,-,821.47,-2.51,1018.56,0.0,65.7,0.84,150,0.0,21,0.0,129,0.0,0,0.0,14.0,0.0,2022-09-04,-,0,-
-,-,TomaszWielki,-,820.79,-0.96,1329.76,0.0,169.66,0.32,6,0.0,2,0.0,4,0.0,0,0.0,33.33,0.0,2020-06-21,-,0,-
-,-,Ruthless741,-,820.79,-0.96,1329.76,0.0,169.66,0.32,6,0.0,2,0.0,4,0.0,0,0.0,33.33,0.0,2020-06-28,-,0,-
-,-,GuiStempelme,-,819.89,-1.15,1244.02,0.0,141.38,0.38,6,0.0,0,0.0,5,0.0,1,0.0,0.0,0.0,2023-01-15,-,0,-
-,-,KingPerun,-,819.71,-1.66,1113.97,0.0,98.09,0.55,24,0.0,4,0.0,20,0.0,0,0.0,16.67,0.0,2025-01-20,-,0,1184.0
1346,-33,Estia,-,819.62,-1.17,1236.67,0.0,139.02,0.39,6,0.0,0,0.0,6,0.0,0,0.0,0.0,0.0,2025-12-01,-,0,-
-,-,Grotaron,-,818.78,-1.08,1270.28,0.0,150.5,0.36,6,0.0,1,0.0,5,0.0,0,0.0,16.67,0.0,2020-12-02,-,0,-
1347,-33,PriestCthulhu,-,818.32,-1.17,1234.97,0.0,138.89,0.39,6,0.0,1,0.0,5,0.0,0,0.0,16.67,0.0,2025-12-01,-,0,-
-,-,Lindoro,-,817.47,-1.72,1103.67,0.0,95.4,0.57,18,0.0,5,0.0,13,0.0,0,0.0,27.78,0.0,2024-06-02,-,0,-
-,-,gvasil,-,817.24,-1.53,1136.82,0.0,106.53,0.51,30,0.0,4,0.0,26,0.0,0,0.0,13.33,0.0,2020-06-28,-,0,-
-,-,Olympia,-,816.55,-1.25,1209.05,0.0,130.83,0.42,8,0.0,0,0.0,8,0.0,0,0.0,0.0,0.0,2025-02-03,-,0,989.0
-,-,aigarsgaa,-,815.36,-1.23,1214.79,0.0,133.14,0.41,12,0.0,3,0.0,9,0.0,0,0.0,25.0,0.0,2021-03-02,-,0,-
-,-,BillyTheBanana,-,815.2,-1.12,1253.73,0.0,146.18,0.37,8,0.0,2,0.0,6,0.0,0,0.0,25.0,0.0,2019-03-01,-,0,-
1348,new,NoJoVin,-,815.17,365.17,1255.58,-244.42,146.8,146.8,6,6.0,1,1.0,5,5.0,0,0.0,16.67,16.67,2026-03-31,-,0,-
-,-,Emir,-,814.58,-0.89,1365.88,0.0,183.77,0.3,6,0.0,4,0.0,2,0.0,0,0.0,66.67,0.0,2024-03-17,-,0,-
-,-,Hot.Cocoa,-,813.72,-1.67,1106.78,0.0,97.69,0.56,22,0.0,3,0.0,16,0.0,3,0.0,13.64,0.0,2024-09-22,-,0,-
-,-,Beldaran10,-,812.82,-1.17,1229.56,0.0,138.91,0.39,12,0.0,2,0.0,9,0.0,1,0.0,16.67,0.0,2020-09-06,-,0,-
-,-,Sobain,-,812.2,-0.94,1330.65,0.0,172.82,0.31,6,0.0,2,0.0,4,0.0,0,0.0,33.33,0.0,2023-02-12,-,0,-
1349,-33,Kradmesor,-,811.37,-1.41,1157.77,0.0,115.46,0.47,18,0.0,1,0.0,17,0.0,0,0.0,5.56,0.0,2025-12-01,-,0,1287.0
-,-,Gelsomiina,-,811.23,-1.02,1291.67,0.0,160.15,0.34,6,0.0,1,0.0,5,0.0,0,0.0,16.67,0.0,2024-12-05,-,0,1184.0
-,-,Scotty4s,-,810.79,-0.94,1330.46,0.0,173.22,0.31,4,0.0,1,0.0,3,0.0,0,0.0,25.0,0.0,2025-01-26,-,0,1067.0
-,-,UrbanSammie,-,809.0,-0.87,1373.34,0.0,188.11,0.29,6,0.0,2,0.0,4,0.0,0,0.0,33.33,0.0,2020-06-21,-,0,-
-,-,Desossi,-,808.23,-1.35,1171.08,0.0,120.95,0.45,12,0.0,3,0.0,9,0.0,0,0.0,25.0,0.0,2022-08-29,-,0,-
-,-,Bender86,-,807.41,-1.97,1058.04,0.0,83.54,0.66,48,0.0,5,0.0,41,0.0,2,0.0,10.42,0.0,2022-05-31,-,0,-
-,-,defazze,-,806.84,-1.26,1195.42,0.0,129.53,0.42,10,0.0,1,0.0,8,0.0,1,0.0,10.0,0.0,2023-03-05,-,0,-
1350,-33,greslack,-,806.8,-1.54,1125.15,0.0,106.12,0.51,18,0.0,3,0.0,14,0.0,1,0.0,16.67,0.0,2026-01-18,-,0,-
-,-,Athelis,-,806.08,-1.31,1180.07,0.0,124.67,0.44,10,0.0,0,0.0,9,0.0,1,0.0,0.0,0.0,2023-03-05,-,0,-
1351,-32,psztika,-,805.92,-1.0,1295.92,0.0,163.33,0.33,6,0.0,1,0.0,5,0.0,0,0.0,16.67,0.0,2025-12-13,-,0,-
1352,-34,Saginse,-,805.54,-1.68,1096.66,0.0,97.04,0.56,30,0.0,4,0.0,26,0.0,0,0.0,13.33,0.0,2025-12-06,-,0,-
-,-,Malekith,-,803.68,-1.39,1155.63,0.0,117.32,0.46,12,0.0,1,0.0,11,0.0,0,0.0,8.33,0.0,2025-02-01,-,0,1184.0
1353,-33,Dolio,-,803.25,-1.01,1289.18,0.0,161.98,0.34,6,0.0,1,0.0,5,0.0,0,0.0,16.67,0.0,2025-12-02,-,0,-
-,-,bence233,-,803.02,-1.42,1148.77,0.0,115.25,0.47,12,0.0,0,0.0,9,0.0,3,0.0,0.0,0.0,2023-05-22,-,0,-
-,-,Tsu,-,801.48,-1.23,1198.8,0.0,132.44,0.41,12,0.0,2,0.0,10,0.0,0,0.0,16.67,0.0,2020-09-13,-,0,-
-,-,Cubeec,-,800.79,-0.93,1324.1,0.0,174.44,0.31,6,0.0,2,0.0,4,0.0,0,0.0,33.33,0.0,2020-06-28,-,0,-
1354,-33,SCN,-,799.8,-1.93,1054.83,0.0,85.01,0.64,26,0.0,2,0.0,24,0.0,0,0.0,7.69,0.0,2026-01-29,-,0,1184.0
1355,-33,Dunedrain,-,798.8,-1.38,1153.37,0.0,118.19,0.46,12,0.0,2,0.0,10,0.0,0,0.0,16.67,0.0,2025-07-16,-,0,1435.0
-,-,Casaubon,-,798.76,-1.54,1121.5,0.0,107.58,0.51,24,0.0,10,0.0,14,0.0,0,0.0,41.67,0.0,2021-02-28,-,0,-
-,-,maurice986,-,798.03,-1.39,1150.88,0.0,117.62,0.46,12,0.0,2,0.0,10,0.0,0,0.0,16.67,0.0,2025-01-22,-,0,1118.0
1356,-144,Hetman,-,797.68,-206.23,1303.78,-391.28,168.7,-61.68,8,6.0,5,3.0,3,3.0,0,0.0,62.5,-37.5,2026-05-17,-,0,-
-,-,vince_ma,-,797.65,-1.04,1269.31,0.0,157.22,0.35,6,0.0,2,0.0,4,0.0,0,0.0,33.33,0.0,2022-03-06,-,0,-
-,-,Hank62299,-,795.35,-1.41,1142.69,0.0,115.78,0.47,12,0.0,2,0.0,10,0.0,0,0.0,16.67,0.0,2021-11-19,-,0,-
-,-,aramaic,-,793.61,-1.63,1093.66,0.0,100.01,0.54,26,0.0,5,0.0,20,0.0,1,0.0,19.23,0.0,2024-02-23,-,0,-
-,-,Anchy,-,793.54,-1.54,1112.01,0.0,106.16,0.51,18,0.0,3,0.0,14,0.0,1,0.0,16.67,0.0,2022-06-05,-,0,-
-,-,jeffcorrie,-,793.24,-0.9,1334.84,0.0,180.53,0.3,6,0.0,2,0.0,4,0.0,0,0.0,33.33,0.0,2019-09-30,-,0,-
-,-,machalCZ,-,792.93,-1.14,1222.07,0.0,143.05,0.38,12,0.0,2,0.0,10,0.0,0,0.0,16.67,0.0,2020-09-06,-,0,-
-,-,Majinbuu,-,792.57,-2.07,1029.66,0.0,79.03,0.69,42,0.0,3,0.0,37,0.0,2,0.0,7.14,0.0,2024-01-16,-,0,-
-,-,Stinus,-,791.1,-1.28,1172.41,0.0,127.1,0.43,12,0.0,3,0.0,9,0.0,0,0.0,25.0,0.0,2024-08-11,-,0,-
-,-,Mochiman,-,790.85,-0.91,1331.2,0.0,180.12,0.3,6,0.0,2,0.0,4,0.0,0,0.0,33.33,0.0,2019-09-29,-,0,-
-,-,Gripperas,-,790.83,-1.31,1165.63,0.0,124.93,0.44,12,0.0,0,0.0,4,0.0,8,0.0,0.0,0.0,2023-11-19,-,0,-
1357,-34,Caps,-,790.56,-1.22,1190.5,0.0,133.31,0.41,8,0.0,2,0.0,6,0.0,0,0.0,25.0,0.0,2026-01-19,-,0,-
-,-,CivEnginner,-,790.34,-1.04,1262.87,0.0,157.51,0.35,12,0.0,5,0.0,7,0.0,0,0.0,41.67,0.0,2020-08-22,-,0,-
-,-,Badavan,-,790.15,-0.83,1379.88,0.0,196.58,0.28,6,0.0,3,0.0,3,0.0,0,0.0,50.0,0.0,2024-01-16,-,0,-
-,-,Horazon,-,788.91,-0.98,1286.07,0.0,165.72,0.33,6,0.0,2,0.0,4,0.0,0,0.0,33.33,0.0,2021-03-02,-,0,-
1358,-34,Boniu_bon,-,788.76,-0.9,1332.2,0.0,181.14,0.3,4,0.0,0,0.0,4,0.0,0,0.0,0.0,0.0,2026-02-17,-,0,-
1359,-34,woogi,-,788.56,-1.06,1248.95,0.0,153.46,0.35,6,0.0,1,0.0,5,0.0,0,0.0,16.67,0.0,2025-12-01,-,0,-
1360,-34,Maximouse,-,788.51,-1.04,1257.38,0.0,156.29,0.35,6,0.0,0,0.0,6,0.0,0,0.0,0.0,0.0,2025-12-10,-,0,-
-,-,kissfish,-,788.45,-0.88,1345.15,0.0,185.57,0.29,6,0.0,2,0.0,4,0.0,0,0.0,33.33,0.0,2018-06-17,-,0,-
-,-,sleepwalker,-,787.71,-1.12,1225.6,0.0,145.96,0.37,6,0.0,0,0.0,6,0.0,0,0.0,0.0,0.0,2025-05-01,-,0,-
1361,-34,johnboy,-,787.7,-1.68,1079.44,0.0,97.25,0.56,18,0.0,1,0.0,16,0.0,1,0.0,5.56,0.0,2026-01-25,-,0,989.0
-,-,KorE,US,787.3,-1.06,1249.49,0.0,154.06,0.35,6,0.0,1,0.0,5,0.0,0,0.0,16.67,0.0,2023-02-12,-,0,-
-,-,TwoFold,-,785.89,-1.17,1203.4,0.0,139.17,0.39,12,0.0,2,0.0,10,0.0,0,0.0,16.67,0.0,2024-12-01,-,0,1184.0
-,-,hbattosai83,-,785.79,-1.24,1179.33,0.0,131.18,0.41,12,0.0,3,0.0,9,0.0,0,0.0,25.0,0.0,2021-06-02,-,0,-
-,-,pasin11,-,783.7,-1.38,1137.22,0.0,117.84,0.46,12,0.0,1,0.0,11,0.0,0,0.0,8.33,0.0,2024-01-16,-,0,-
1362,new,paul7xyz,-,783.24,333.24,1243.56,-256.44,153.44,153.44,6,6.0,1,1.0,5,5.0,0,0.0,16.67,16.67,2026-04-13,-,0,-
-,-,Apriori1,-,783.08,-1.34,1148.19,0.0,121.7,0.45,12,0.0,1,0.0,11,0.0,0,0.0,8.33,0.0,2025-01-25,-,0,1184.0
-,-,StartPlayer,GB,782.1,-1.13,1216.85,0.0,144.91,0.38,6,0.0,0,0.0,5,0.0,1,0.0,0.0,0.0,2023-01-15,-,0,-
-,-,miberale,-,781.84,-2.28,998.0,0.0,72.05,0.76,46,0.0,1,0.0,43,0.0,2,0.0,2.17,0.0,2023-06-04,-,0,-
-,-,SoupyDan,-,780.26,-0.87,1340.85,0.0,186.87,0.29,6,0.0,2,0.0,4,0.0,0,0.0,33.33,0.0,2020-06-28,-,0,-
1363,-34,K0ncept,-,779.65,-1.15,1203.63,0.0,141.33,0.38,8,0.0,1,0.0,6,0.0,1,0.0,12.5,0.0,2025-07-25,-,0,1429.0
1364,-34,weide,-,779.5,-1.08,1233.33,0.0,151.28,0.36,6,0.0,0,0.0,6,0.0,0,0.0,0.0,0.0,2025-12-02,-,0,-
-,-,KaiMorten,-,779.25,-1.48,1110.65,0.0,110.47,0.49,12,0.0,1,0.0,11,0.0,0,0.0,8.33,0.0,2025-01-18,-,0,1184.0
-,-,Melonduck4000,-,778.82,-1.07,1236.49,0.0,152.56,0.36,6,0.0,1,0.0,5,0.0,0,0.0,16.67,0.0,2024-02-23,-,0,-
-,-,Ev85,-,778.82,-1.05,1246.92,0.0,156.03,0.35,6,0.0,2,0.0,4,0.0,0,0.0,33.33,0.0,2025-04-29,-,0,1429.0
-,-,Bartas,-,778.14,-1.4,1127.75,0.0,116.54,0.47,12,0.0,2,0.0,10,0.0,0,0.0,16.67,0.0,2023-06-04,-,0,-
-,-,Mustarda,PT,778.12,-1.05,1245.66,0.0,155.85,0.35,6,0.0,1,0.0,5,0.0,0,0.0,16.67,0.0,2024-06-16,-,0,-
-,-,Rhop8,-,777.81,-1.71,1064.44,0.0,95.54,0.57,24,0.0,3,0.0,21,0.0,0,0.0,12.5,0.0,2022-11-30,-,0,-
-,-,cardboard,-,777.65,-1.18,1193.38,0.0,138.58,0.39,8,0.0,1,0.0,7,0.0,0,0.0,12.5,0.0,2025-01-22,-,0,989.0
-,-,to118,-,777.56,-1.26,1166.14,0.0,129.53,0.42,12,0.0,3,0.0,9,0.0,0,0.0,25.0,0.0,2020-12-02,-,0,-
-,-,Maciej,-,777.1,-1.7,1067.36,0.0,96.75,0.57,36,0.0,9,0.0,27,0.0,0,0.0,25.0,0.0,2024-04-04,-,0,-
-,-,Dipac,-,775.98,-1.46,1111.26,0.0,111.76,0.49,12,0.0,1,0.0,11,0.0,0,0.0,8.33,0.0,2025-01-25,-,0,1184.0
1365,-34,Mewunit,-,775.78,-1.21,1181.64,0.0,135.29,0.4,6,0.0,0,0.0,6,0.0,0,0.0,0.0,0.0,2025-12-01,-,0,-
-,-,Guernnister,-,775.72,-1.2,1184.22,0.0,136.17,0.4,12,0.0,3,0.0,9,0.0,0,0.0,25.0,0.0,2020-08-19,-,0,-
-,-,ZappBranigan,-,775.28,-1.34,1140.35,0.0,121.69,0.45,12,0.0,1,0.0,11,0.0,0,0.0,8.33,0.0,2024-02-23,-,0,-
-,-,Jammykins,-,774.22,-0.95,1288.73,0.0,171.5,0.32,6,0.0,2,0.0,4,0.0,0,0.0,33.33,0.0,2020-06-28,-,0,-
-,-,hewb2006,-,773.49,-1.75,1053.43,0.0,93.31,0.58,42,0.0,3,0.0,38,0.0,1,0.0,7.14,0.0,2021-11-30,-,0,-
-,-,Pietro,-,773.4,-1.45,1111.44,0.0,112.68,0.48,12,0.0,2,0.0,10,0.0,0,0.0,16.67,0.0,2023-04-16,-,0,1388.0
-,-,NomadicPpl,-,773.16,-0.83,1364.93,0.0,197.26,0.28,6,0.0,2,0.0,3,0.0,1,0.0,33.33,0.0,2020-06-28,-,0,-
1366,-33,bltoby,-,772.83,-1.16,1195.36,0.0,140.84,0.39,8,0.0,0,0.0,8,0.0,0,0.0,0.0,0.0,2026-01-23,-,0,-
1367,-33,Dexray,-,771.91,-1.05,1235.87,0.0,154.65,0.35,8,0.0,3,0.0,5,0.0,0,0.0,37.5,0.0,2026-01-20,-,0,-
-,-,N2ll,-,770.41,-1.11,1210.97,0.0,146.85,0.37,12,0.0,5,0.0,7,0.0,0,0.0,41.67,0.0,2020-08-23,-,0,-
1368,-33,SpillisWillis,-,769.57,-1.7,1057.16,0.0,95.86,0.57,24,0.0,2,0.0,22,0.0,0,0.0,8.33,0.0,2025-08-31,-,0,1177.0
1369,-33,Shuvo2406,-,769.49,-1.09,1218.77,0.0,149.76,0.36,6,0.0,0,0.0,5,0.0,1,0.0,0.0,0.0,2025-10-06,-,0,1435.0
-,-,Borewitsch,-,768.61,-0.95,1284.1,0.0,171.83,0.32,6,0.0,2,0.0,4,0.0,0,0.0,33.33,0.0,2020-09-06,-,0,-
-,-,LaFuria,-,767.11,-1.12,1204.71,0.0,145.86,0.37,12,0.0,6,0.0,6,0.0,0,0.0,50.0,0.0,2021-05-26,-,0,-
-,-,CapraTriada,-,766.82,-1.33,1134.41,0.0,122.53,0.44,12,0.0,3,0.0,9,0.0,0,0.0,25.0,0.0,2022-09-04,-,0,-
-,-,intelligentskeleton,VN,766.1,-0.99,1259.1,0.0,164.33,0.33,6,0.0,1,0.0,5,0.0,0,0.0,16.67,0.0,2024-06-16,-,0,-
1370,-33,jurgen18,-,766.02,-1.5,1093.32,0.0,109.1,0.5,18,0.0,3,0.0,15,0.0,0,0.0,16.67,0.0,2026-01-31,-,0,1287.0
-,-,Donnin,-,765.51,-0.99,1258.57,0.0,164.35,0.33,6,0.0,1,0.0,4,0.0,1,0.0,16.67,0.0,2021-03-02,-,0,-
-,-,hkl,-,765.17,-1.11,1206.8,0.0,147.21,0.37,6,0.0,0,0.0,5,0.0,1,0.0,0.0,0.0,2023-01-15,-,0,-
-,-,Tleilax,-,765.04,-0.84,1349.87,0.0,194.94,0.28,4,0.0,2,0.0,2,0.0,0,0.0,50.0,0.0,2024-04-28,-,0,-
-,-,stacy_ovsyanka,-,764.98,-1.25,1158.06,0.0,131.03,0.42,12,0.0,0,0.0,9,0.0,3,0.0,0.0,0.0,2020-11-18,-,0,-
-,-,Cespac,-,764.63,-1.52,1086.87,0.0,107.42,0.51,18,0.0,2,0.0,16,0.0,0,0.0,11.11,0.0,2023-01-15,-,0,-
-,-,Adamantium18,-,762.86,-1.44,1103.59,0.0,113.58,0.48,24,0.0,2,0.0,22,0.0,0,0.0,8.33,0.0,2020-05-24,-,0,-
-,-,nima_msg,-,760.91,-0.99,1254.47,0.0,164.52,0.33,6,0.0,2,0.0,4,0.0,0,0.0,33.33,0.0,2023-09-03,-,0,-
-,-,woosan,-,760.84,-1.47,1095.29,0.0,111.48,0.49,12,0.0,2,0.0,10,0.0,0,0.0,16.67,0.0,2023-08-31,-,0,-
-,-,BGMafia12,-,759.71,-0.98,1261.44,0.0,167.24,0.33,6,0.0,2,0.0,4,0.0,0,0.0,33.33,0.0,2021-06-02,-,0,-
-,-,Stefanos,-,758.52,-1.83,1026.11,0.0,89.2,0.61,42,0.0,4,0.0,38,0.0,0,0.0,9.52,0.0,2021-12-05,-,0,-
-,-,reddog,-,757.95,-1.42,1102.73,0.0,114.93,0.47,12,0.0,1,0.0,11,0.0,0,0.0,8.33,0.0,2025-02-01,-,0,1184.0
-,-,doodoo,-,756.61,-0.97,1263.3,0.0,168.9,0.32,6,0.0,1,0.0,5,0.0,0,0.0,16.67,0.0,2020-12-02,-,0,-
-,-,CaveMan8683,-,756.18,-1.09,1204.53,0.0,149.45,0.36,6,0.0,0,0.0,6,0.0,0,0.0,0.0,0.0,2024-11-24,-,0,1287.0
-,-,Fad23,-,755.25,-0.88,1308.16,0.0,184.3,0.29,6,0.0,2,0.0,4,0.0,0,0.0,33.33,0.0,2018-06-10,-,0,-
-,-,Dr.MilkDuck,-,754.91,-0.99,1249.99,0.0,165.03,0.33,6,0.0,1,0.0,5,0.0,0,0.0,16.67,0.0,2020-12-02,-,0,-
-,-,thokk,-,754.84,-1.15,1181.59,0.0,142.25,0.38,6,0.0,0,0.0,5,0.0,1,0.0,0.0,0.0,2024-06-02,-,0,-
-,-,Feel_Young,-,754.83,-1.31,1129.73,0.0,124.97,0.44,12,0.0,0,0.0,12,0.0,0,0.0,0.0,0.0,2020-11-16,-,0,-
-,-,PennyOrange,-,754.66,-1.28,1136.24,0.0,127.19,0.43,12,0.0,0,0.0,12,0.0,0,0.0,0.0,0.0,2024-12-02,-,0,1287.0
-,-,Kangaroodi,-,754.63,-0.86,1325.56,0.0,190.31,0.29,6,0.0,2,0.0,4,0.0,0,0.0,33.33,0.0,2020-06-21,-,0,-
-,-,budi,-,754.1,-1.0,1245.65,0.0,163.85,0.33,6,0.0,1,0.0,5,0.0,0,0.0,16.67,0.0,2021-03-02,-,0,-
1371,-33,kulho,-,753.97,-1.24,1149.93,0.0,131.98,0.41,8,0.0,1,0.0,7,0.0,0,0.0,12.5,0.0,2026-01-29,-,0,-
-,-,MortenStor,-,753.35,-1.33,1120.73,0.0,122.46,0.44,12,0.0,2,0.0,10,0.0,0,0.0,16.67,0.0,2021-11-29,-,0,-
-,-,lingdianyike,-,753.25,-1.15,1180.61,0.0,142.45,0.38,6,0.0,0,0.0,6,0.0,0,0.0,0.0,0.0,2023-01-15,-,0,-
-,-,Arual,-,753.09,-1.79,1026.63,0.0,91.18,0.6,48,0.0,7,0.0,41,0.0,0,0.0,14.58,0.0,2020-05-25,-,0,-
-,-,ralba,-,753.03,-1.25,1144.52,0.0,130.5,0.42,12,0.0,2,0.0,10,0.0,0,0.0,16.67,0.0,2022-06-05,-,0,-
-,-,Mmcgo2,-,752.92,-1.08,1205.01,0.0,150.7,0.36,6,0.0,1,0.0,5,0.0,0,0.0,16.67,0.0,2022-03-06,-,0,-
-,-,StarFollower,-,750.11,-1.53,1070.48,0.0,106.79,0.51,12,0.0,0,0.0,12,0.0,0,0.0,0.0,0.0,2023-11-28,-,0,-
-,-,wik84,-,749.74,-1.23,1146.5,0.0,132.25,0.41,12,0.0,2,0.0,10,0.0,0,0.0,16.67,0.0,2020-08-29,-,0,-
-,-,Graffuh,-,749.66,-1.0,1237.76,0.0,162.7,0.33,6,0.0,2,0.0,4,0.0,0,0.0,33.33,0.0,2022-06-05,-,0,-
-,-,Bricks718,-,749.56,-1.31,1122.55,0.0,124.33,0.44,14,0.0,2,0.0,12,0.0,0,0.0,14.29,0.0,2024-04-04,-,0,-
-,-,LucaDiGennaro,-,749.27,-0.87,1312.05,0.0,187.59,0.29,6,0.0,2,0.0,4,0.0,0,0.0,33.33,0.0,2018-10-07,-,0,-
-,-,Tippin,-,748.39,-1.03,1223.79,0.0,158.47,0.34,6,0.0,0,0.0,6,0.0,0,0.0,0.0,0.0,2024-02-23,-,0,-
1372,-33,Shary,-,747.71,-1.04,1218.44,0.0,156.91,0.35,6,0.0,0,0.0,6,0.0,0,0.0,0.0,0.0,2025-12-01,-,0,-
-,-,chizcw,-,745.72,-1.32,1118.16,0.0,124.15,0.44,18,0.0,4,0.0,14,0.0,0,0.0,22.22,0.0,2021-03-02,-,0,-
-,-,Alain23,-,744.87,-1.26,1133.34,0.0,129.49,0.42,12,0.0,3,0.0,9,0.0,0,0.0,25.0,0.0,2025-01-22,-,0,1184.0
-,-,lolowest,-,744.5,-1.15,1168.45,0.0,141.32,0.38,6,0.0,0,0.0,6,0.0,0,0.0,0.0,0.0,2023-01-15,-,0,-
-,-,noppi,-,742.59,-0.89,1292.94,0.0,183.45,0.3,6,0.0,2,0.0,4,0.0,0,0.0,33.33,0.0,2019-12-29,-,0,-
-,-,Pascalculate,VN,742.19,-1.88,1003.44,0.0,87.08,0.63,52,0.0,5,0.0,46,0.0,1,0.0,9.62,0.0,2023-06-04,-,0,-
-,-,James2at8,-,741.8,-1.07,1201.22,0.0,153.14,0.36,6,0.0,0,0.0,6,0.0,0,0.0,0.0,0.0,2024-02-23,-,0,-
1373,-33,Kugi,-,741.21,-1.56,1055.64,0.0,104.81,0.52,18,0.0,1,0.0,17,0.0,0,0.0,5.56,0.0,2026-01-22,-,0,1287.0
1374,new,Karmoth,-,739.79,289.79,1500.0,0.0,253.4,253.4,2,2.0,1,1.0,1,1.0,0,0.0,50.0,50.0,2026-05-15,-,0,-
-,-,GreyFrog,-,739.6,-0.85,1313.42,0.0,191.27,0.28,6,0.0,1,0.0,3,0.0,2,0.0,16.67,0.0,2018-10-14,-,0,-
-,-,MaLoY,-,739.39,-1.43,1081.4,0.0,114.0,0.48,12,0.0,0,0.0,12,0.0,0,0.0,0.0,0.0,2022-08-24,-,0,-
-,-,Rincy73,-,737.3,-1.13,1170.56,0.0,144.42,0.38,6,0.0,0,0.0,6,0.0,0,0.0,0.0,0.0,2023-01-15,-,0,-
-,-,LordCreed,-,737.3,-1.01,1222.37,0.0,161.69,0.34,6,0.0,0,0.0,6,0.0,0,0.0,0.0,0.0,2020-09-13,-,0,-
-,-,Davidson,-,736.81,-0.87,1297.78,0.0,186.99,0.29,4,0.0,0,0.0,4,0.0,0,0.0,0.0,0.0,2025-02-05,-,0,-
-,-,Drako,-,735.25,-1.14,1163.54,0.0,142.77,0.38,8,0.0,1,0.0,7,0.0,0,0.0,12.5,0.0,2024-02-23,-,0,-
-,-,Rona_the_Terrible,-,734.61,-1.05,1202.88,0.0,156.09,0.35,6,0.0,1,0.0,4,0.0,1,0.0,16.67,0.0,2024-03-03,-,0,-
1375,-34,Vroshnak,-,733.62,-1.06,1195.38,0.0,153.92,0.35,6,0.0,0,0.0,6,0.0,0,0.0,0.0,0.0,2025-12-01,-,0,-
-,-,captanc,-,733.42,-1.48,1064.5,0.0,110.36,0.49,12,0.0,0,0.0,12,0.0,0,0.0,0.0,0.0,2021-11-16,-,0,-
-,-,TTTE,-,733.33,-0.71,1418.92,0.0,228.53,0.24,2,0.0,1,0.0,1,0.0,0,0.0,50.0,0.0,2025-01-08,-,0,1375.0
-,-,dudurban,-,730.84,-1.03,1206.69,0.0,158.61,0.34,6,0.0,1,0.0,5,0.0,0,0.0,16.67,0.0,2024-01-16,-,0,-
-,-,Billtje,-,730.82,-0.98,1229.89,0.0,166.35,0.33,6,0.0,2,0.0,4,0.0,0,0.0,33.33,0.0,2021-03-02,-,0,-
-,-,BigAAA,-,730.65,-1.16,1152.66,0.0,140.67,0.39,8,0.0,0,0.0,8,0.0,0,0.0,0.0,0.0,2024-04-04,-,0,-
-,-,Flam3ister,-,729.65,-1.13,1162.92,0.0,144.43,0.38,6,0.0,0,0.0,6,0.0,0,0.0,0.0,0.0,2023-01-15,-,0,-
-,-,williamtywong,-,729.6,-1.62,1032.97,0.0,101.12,0.54,24,0.0,4,0.0,19,0.0,1,0.0,16.67,0.0,2021-03-02,-,0,-
-,-,bouzou,-,729.5,-1.11,1170.74,0.0,147.08,0.37,12,0.0,3,0.0,9,0.0,0,0.0,25.0,0.0,2021-02-26,-,0,-
1376,new,horangz,-,728.63,278.63,1046.96,-453.04,106.11,106.11,12,12.0,0,0.0,12,12.0,0,0.0,0.0,0.0,2026-05-31,-,0,-
-,-,Sleepwalker,-,727.98,-0.93,1253.88,0.0,175.3,0.31,6,0.0,2,0.0,4,0.0,0,0.0,33.33,0.0,2019-12-30,-,0,-
-,-,Melo0,-,727.51,-1.15,1153.52,0.0,142.0,0.38,6,0.0,0,0.0,6,0.0,0,0.0,0.0,0.0,2023-01-15,-,0,-
-,-,dyz,-,727.11,-1.05,1194.42,0.0,155.77,0.35,6,0.0,0,0.0,6,0.0,0,0.0,0.0,0.0,2023-01-15,-,0,-
-,-,flacoforro,-,726.92,-1.22,1127.38,0.0,133.49,0.41,14,0.0,2,0.0,12,0.0,0,0.0,14.29,0.0,2025-03-20,-,0,939.0
-,-,VeniVidiVindi,-,726.47,-0.98,1228.19,0.0,167.24,0.33,6,0.0,2,0.0,4,0.0,0,0.0,33.33,0.0,2021-06-02,-,0,-
-,-,john1325,-,726.31,-2.13,957.17,0.0,76.95,0.71,120,0.0,14,0.0,105,0.0,1,0.0,11.67,0.0,2021-08-28,-,0,-
-,-,HostileApostle,-,725.25,-1.59,1032.59,0.0,102.45,0.53,42,0.0,6,0.0,34,0.0,2,0.0,14.29,0.0,2020-03-15,-,0,-
-,-,S0neca_,-,724.31,-0.9,1267.05,0.0,180.91,0.3,4,0.0,1,0.0,3,0.0,0,0.0,25.0,0.0,2024-11-30,-,0,1287.0
-,-,Alpha.K,-,723.28,-1.08,1176.65,0.0,151.12,0.36,10,0.0,0,0.0,8,0.0,2,0.0,0.0,0.0,2023-03-05,-,0,-
-,-,disszy,-,723.27,-1.31,1096.47,0.0,124.4,0.44,12,0.0,0,0.0,12,0.0,0,0.0,0.0,0.0,2021-05-31,-,0,-
-,-,Diglosgr,-,723.07,-1.73,1006.12,0.0,94.35,0.58,24,0.0,1,0.0,23,0.0,0,0.0,4.17,0.0,2022-11-23,-,0,-
-,-,atry,-,723.04,-1.14,1153.45,0.0,143.47,0.38,12,0.0,3,0.0,9,0.0,0,0.0,25.0,0.0,2020-08-08,-,0,-
-,-,FOX23,-,721.99,-1.26,1113.08,0.0,130.36,0.42,24,0.0,3,0.0,19,0.0,2,0.0,12.5,0.0,2025-02-28,-,0,1421.0
-,-,eduarsu,-,721.68,-1.21,1126.11,0.0,134.81,0.4,10,0.0,1,0.0,7,0.0,2,0.0,10.0,0.0,2024-09-22,-,0,-
-,-,Maghda,-,720.75,-1.02,1199.53,0.0,159.59,0.34,6,0.0,0,0.0,5,0.0,1,0.0,0.0,0.0,2020-12-02,-,0,-
-,-,Apofis,BG,720.62,-1.13,1154.48,0.0,144.62,0.38,6,0.0,0,0.0,6,0.0,0,0.0,0.0,0.0,2023-01-15,-,0,-
-,-,Hectek,-,720.51,-1.38,1076.15,0.0,118.55,0.46,12,0.0,0,0.0,12,0.0,0,0.0,0.0,0.0,2025-04-16,-,0,1433.0
-,-,Hethalos,-,718.86,-0.63,1500.0,0.0,260.38,0.21,2,0.0,1,0.0,1,0.0,0,0.0,50.0,0.0,2018-02-18,-,0,-
1377,-35,William_Adama,-,718.57,-1.02,1199.53,0.0,160.32,0.34,6,0.0,0,0.0,6,0.0,0,0.0,0.0,0.0,2025-12-03,-,0,-
-,-,AshLikeSnow,-,718.23,-0.63,1500.0,0.0,260.59,0.21,2,0.0,1,0.0,1,0.0,0,0.0,50.0,0.0,2017-11-12,-,0,-
-,-,Baseballbob,-,717.83,-1.36,1079.0,0.0,120.39,0.45,18,0.0,2,0.0,16,0.0,0,0.0,11.11,0.0,2020-08-07,-,0,-
-,-,TroutYossarian,-,717.38,-1.45,1054.29,0.0,112.3,0.48,12,0.0,0,0.0,12,0.0,0,0.0,0.0,0.0,2022-08-24,-,0,-
-,-,amit871,-,716.28,-1.55,1032.84,0.0,105.52,0.52,16,0.0,1,0.0,14,0.0,1,0.0,6.25,0.0,2024-12-03,-,0,-
-,-,KingBilly,-,716.19,-1.31,1090.64,0.0,124.82,0.44,12,0.0,1,0.0,11,0.0,0,0.0,8.33,0.0,2024-02-23,-,0,-
1378,-35,FabioFurious,-,716.15,-1.14,1147.25,0.0,143.7,0.38,6,0.0,0,0.0,6,0.0,0,0.0,0.0,0.0,2025-12-01,-,0,-
-,-,IndianaJones,-,714.42,-1.63,1014.81,0.0,100.13,0.54,24,0.0,1,0.0,22,0.0,1,0.0,4.17,0.0,2023-02-25,-,0,-
-,-,Proximo,-,714.14,-1.1,1159.47,0.0,148.44,0.37,6,0.0,0,0.0,6,0.0,0,0.0,0.0,0.0,2024-12-02,-,0,1184.0
-,-,gavanoza,-,712.34,-1.43,1053.87,0.0,113.85,0.48,12,0.0,0,0.0,12,0.0,0,0.0,0.0,0.0,2023-05-22,-,0,-
1379,-35,Kuraiite,-,710.74,-1.17,1128.61,0.0,139.29,0.39,6,0.0,0,0.0,6,0.0,0,0.0,0.0,0.0,2025-12-01,-,0,-
-,-,Zurabman,-,710.15,-0.98,1207.64,0.0,165.83,0.33,6,0.0,1,0.0,5,0.0,0,0.0,16.67,0.0,2020-12-02,-,0,-
-,-,snowwll,-,710.13,-1.31,1084.93,0.0,124.93,0.44,12,0.0,0,0.0,6,0.0,6,0.0,0.0,0.0,2023-11-24,-,0,-
-,-,DiegoCoelho,-,709.38,-1.29,1089.88,0.0,126.83,0.43,12,0.0,2,0.0,10,0.0,0,0.0,16.67,0.0,2022-06-05,-,0,-
-,-,cassini23,-,708.03,-1.09,1156.3,0.0,149.42,0.36,6,0.0,0,0.0,5,0.0,1,0.0,0.0,0.0,2023-06-04,-,0,-
-,-,Tapis_volant,-,705.93,-0.96,1217.56,0.0,170.54,0.32,6,0.0,2,0.0,4,0.0,0,0.0,33.33,0.0,2020-09-06,-,0,-
-,-,Dleco,-,705.46,-1.09,1154.13,0.0,149.56,0.36,6,0.0,1,0.0,5,0.0,0,0.0,16.67,0.0,2021-12-05,-,0,-
1380,unretired,dra49,-,704.98,11.73,944.39,8.04,79.8,-1.23,64,2.0,3,0.0,59,1.0,2,1.0,4.69,-0.15,2026-05-18,-,0,-
-,-,Athenaios,-,704.37,-1.02,1185.7,0.0,160.45,0.34,6,0.0,0,0.0,6,0.0,0,0.0,0.0,0.0,2020-06-28,-,0,-
1381,-36,Rox123,-,703.32,-1.19,1114.55,0.0,137.07,0.4,6,0.0,0,0.0,6,0.0,0,0.0,0.0,0.0,2025-12-05,-,0,-
-,-,ElArchitekto,-,702.93,-1.37,1060.44,0.0,119.17,0.46,12,0.0,2,0.0,10,0.0,0,0.0,16.67,0.0,2025-01-27,-,0,1184.0
-,-,popdragon,-,702.46,-1.34,1067.35,0.0,121.63,0.45,14,0.0,0,0.0,14,0.0,0,0.0,0.0,0.0,2024-01-16,-,0,-
1382,-36,Natulya,-,702.41,-1.18,1117.62,0.0,138.4,0.39,6,0.0,0,0.0,6,0.0,0,0.0,0.0,0.0,2025-12-01,-,0,-
-,-,Bsquared,-,701.39,-0.98,1199.07,0.0,165.89,0.33,6,0.0,1,0.0,5,0.0,0,0.0,16.67,0.0,2021-03-02,-,0,-
-,-,Paakit,AR,700.1,-1.45,1038.29,0.0,112.73,0.48,12,0.0,0,0.0,12,0.0,0,0.0,0.0,0.0,2023-01-15,-,0,-
-,-,Vv_Sazer,-,699.2,-1.25,1091.64,0.0,130.81,0.42,12,0.0,1,0.0,9,0.0,2,0.0,8.33,0.0,2021-06-02,-,0,-
-,-,kivirowei,-,699.0,-1.45,1036.93,0.0,112.64,0.48,12,0.0,0,0.0,12,0.0,0,0.0,0.0,0.0,2025-01-21,-,0,1174.0
-,-,fmfglkhk,-,698.08,-1.1,1143.08,0.0,148.33,0.37,6,0.0,0,0.0,6,0.0,0,0.0,0.0,0.0,2023-01-15,-,0,-
-,-,Muzerious,-,696.94,-1.09,1147.61,0.0,150.22,0.36,6,0.0,0,0.0,6,0.0,0,0.0,0.0,0.0,2024-11-30,-,0,1287.0
1383,-36,Durpan,-,696.81,-1.41,1044.89,0.0,116.03,0.47,18,0.0,0,0.0,18,0.0,0,0.0,0.0,0.0,2025-12-01,-,0,1184.0
1384,-36,BennyV,-,696.79,-1.18,1112.69,0.0,138.63,0.39,6,0.0,0,0.0,6,0.0,0,0.0,0.0,0.0,2025-12-01,-,0,-
-,-,roderigo,-,696.56,-1.32,1068.77,0.0,124.07,0.44,22,0.0,2,0.0,20,0.0,0,0.0,9.09,0.0,2020-01-27,-,0,-
1385,-36,ZeroMaximus,-,696.31,-1.52,1018.71,0.0,107.46,0.51,18,0.0,0,0.0,17,0.0,1,0.0,0.0,0.0,2026-01-23,-,0,-
1386,-35,deleted_user_8469282,-,694.9,-1.04,1165.85,0.0,156.98,0.35,6,0.0,1,0.0,5,0.0,0,0.0,16.67,0.0,2025-08-16,-,0,1416.0
-,-,jimlaughs64,-,693.63,-1.07,1150.51,0.0,152.29,0.36,6,0.0,0,0.0,6,0.0,0,0.0,0.0,0.0,2024-12-10,-,0,1287.0
-,-,MacBad,-,693.05,-1.03,1167.18,0.0,158.04,0.34,6,0.0,0,0.0,6,0.0,0,0.0,0.0,0.0,2020-06-28,-,0,-
-,-,StefanOkrzeja,-,692.56,-1.13,1127.6,0.0,145.01,0.38,6,0.0,0,0.0,6,0.0,0,0.0,0.0,0.0,2024-12-09,-,0,1287.0
-,-,shall7,-,691.78,-1.02,1171.41,0.0,159.88,0.34,6,0.0,0,0.0,6,0.0,0,0.0,0.0,0.0,2020-06-21,-,0,-
-,-,janneskoehler,-,689.74,-1.46,1025.65,0.0,111.97,0.49,12,0.0,0,0.0,12,0.0,0,0.0,0.0,0.0,2025-05-31,-,0,1421.0
-,-,shanwh,-,687.15,-1.12,1123.35,0.0,145.4,0.37,12,0.0,0,0.0,12,0.0,0,0.0,0.0,0.0,2020-08-08,-,0,-
-,-,irvan,-,683.57,-1.44,1024.31,0.0,113.58,0.48,24,0.0,0,0.0,24,0.0,0,0.0,0.0,0.0,2020-05-23,-,0,-
-,-,kamilya,-,683.41,-0.75,1337.13,0.0,217.9,0.25,2,0.0,0,0.0,2,0.0,0,0.0,0.0,0.0,2024-12-10,-,0,1287.0
-,-,Masaka,-,682.41,-1.16,1105.58,0.0,141.06,0.39,12,0.0,2,0.0,10,0.0,0,0.0,16.67,0.0,2021-03-02,-,0,-
-,-,denguny,-,682.34,-0.87,1246.67,0.0,188.11,0.29,6,0.0,1,0.0,5,0.0,0,0.0,16.67,0.0,2020-06-21,-,0,-
-,-,dralbright,-,682.34,-0.87,1246.67,0.0,188.11,0.29,6,0.0,1,0.0,5,0.0,0,0.0,16.67,0.0,2020-06-28,-,0,-
-,-,Frimandyr,-,682.34,-0.87,1246.67,0.0,188.11,0.29,6,0.0,1,0.0,5,0.0,0,0.0,16.67,0.0,2020-06-28,-,0,-
1387,-35,kemal,-,682.34,-1.08,1133.64,0.0,150.43,0.36,6,0.0,0,0.0,6,0.0,0,0.0,0.0,0.0,2026-01-15,-,0,1184.0
-,-,putritralala,-,682.19,-1.36,1041.66,0.0,119.82,0.45,18,0.0,2,0.0,16,0.0,0,0.0,11.11,0.0,2021-06-02,-,0,-
-,-,bananarepublic,-,682.13,-1.05,1149.63,0.0,155.83,0.35,6,0.0,1,0.0,5,0.0,0,0.0,16.67,0.0,2021-06-02,-,0,-
1388,-35,bbpiszczu,-,681.95,-0.99,1177.32,0.0,165.12,0.33,6,0.0,2,0.0,4,0.0,0,0.0,33.33,0.0,2025-09-01,-,0,-
-,-,Monacomat,-,680.77,-0.75,1332.47,0.0,217.23,0.25,4,0.0,1,0.0,3,0.0,0,0.0,25.0,0.0,2017-11-12,-,0,-
1389,-35,GoodThoughtRhythm,-,680.21,-1.12,1116.89,0.0,145.56,0.37,8,0.0,1,0.0,7,0.0,0,0.0,12.5,0.0,2026-01-31,-,0,-
-,-,TheJamesBlake,-,679.29,-1.11,1120.72,0.0,147.14,0.37,6,0.0,0,0.0,6,0.0,0,0.0,0.0,0.0,2023-01-15,-,0,-
-,-,Nemo233,-,678.9,-0.96,1187.57,0.0,169.55,0.32,6,0.0,2,0.0,4,0.0,0,0.0,33.33,0.0,2020-12-02,-,0,-
-,-,mitroCZECH,-,676.35,-0.94,1194.16,0.0,172.6,0.31,6,0.0,2,0.0,4,0.0,0,0.0,33.33,0.0,2020-12-02,-,0,-
-,-,SirBrandalot,-,675.54,-0.94,1195.86,0.0,173.44,0.31,6,0.0,1,0.0,5,0.0,0,0.0,16.67,0.0,2020-09-06,-,0,-
-,-,Ramoneror,-,675.0,-1.04,1147.66,0.0,157.56,0.35,6,0.0,1,0.0,5,0.0,0,0.0,16.67,0.0,2022-03-06,-,0,-
-,-,WWG1WGA,-,674.33,-1.06,1135.61,0.0,153.76,0.35,12,0.0,4,0.0,8,0.0,0,0.0,33.33,0.0,2020-08-09,-,0,-
-,-,hs8127,-,673.67,-1.14,1104.57,0.0,143.63,0.38,6,0.0,0,0.0,6,0.0,0,0.0,0.0,0.0,2023-02-12,-,0,-
-,-,KingCarlos,-,672.19,-1.3,1048.99,0.0,125.6,0.43,12,0.0,2,0.0,10,0.0,0,0.0,16.67,0.0,2022-09-04,-,0,-
-,-,SimonLaycock,-,671.99,-0.65,1429.26,0.0,252.42,0.22,2,0.0,1,0.0,1,0.0,0,0.0,50.0,0.0,2025-01-04,-,0,-
-,-,AzzCark,-,671.68,-1.05,1136.45,0.0,154.92,0.35,6,0.0,1,0.0,5,0.0,0,0.0,16.67,0.0,2024-09-04,-,0,-
1390,-35,Miles1,-,670.78,-1.65,968.28,0.0,99.17,0.55,14,0.0,0,0.0,14,0.0,0,0.0,0.0,0.0,2026-02-28,-,0,-
-,-,Sislar,-,670.66,-1.06,1130.53,0.0,153.29,0.35,6,0.0,0,0.0,6,0.0,0,0.0,0.0,0.0,2024-12-02,-,0,1287.0
1391,-35,OblongOrange,-,670.15,-0.98,1169.64,0.0,166.5,0.33,6,0.0,1,0.0,5,0.0,0,0.0,16.67,0.0,2025-12-07,-,0,-
-,-,Roybocop,-,669.08,-1.12,1106.04,0.0,145.65,0.37,12,0.0,2,0.0,10,0.0,0,0.0,16.67,0.0,2022-03-06,-,0,-
-,-,jineegood,-,667.97,-1.13,1099.56,0.0,143.86,0.38,6,0.0,0,0.0,6,0.0,0,0.0,0.0,0.0,2023-01-15,-,0,-
-,-,torang_ei,-,666.69,-1.07,1122.13,0.0,151.81,0.36,6,0.0,0,0.0,6,0.0,0,0.0,0.0,0.0,2024-02-23,-,0,-
-,-,JaneHatke,-,666.69,-2.22,888.11,0.0,73.81,0.74,156,0.0,11,0.0,144,0.0,1,0.0,7.05,0.0,2022-02-28,-,0,-
-,-,JurisII,-,666.12,-1.6,972.26,0.0,102.05,0.53,18,0.0,1,0.0,16,0.0,1,0.0,5.56,0.0,2023-04-16,-,0,-
-,-,GullyRiddims,-,665.56,-1.33,1034.97,0.0,123.14,0.44,12,0.0,1,0.0,11,0.0,0,0.0,8.33,0.0,2021-09-05,-,0,-
-,-,picoro-kun,-,663.41,-1.24,1057.33,0.0,131.31,0.41,12,0.0,2,0.0,10,0.0,0,0.0,16.67,0.0,2020-11-24,-,0,-
-,-,Igrokratiya,-,663.17,-1.39,1014.83,0.0,117.22,0.46,14,0.0,1,0.0,13,0.0,0,0.0,7.14,0.0,2025-01-23,-,0,1184.0
-,-,suburbius,-,662.4,-1.6,968.64,0.0,102.08,0.53,36,0.0,3,0.0,33,0.0,0,0.0,8.33,0.0,2020-12-02,-,0,-
-,-,CuteMiner,-,660.86,-0.97,1165.16,0.0,168.1,0.32,6,0.0,1,0.0,4,0.0,1,0.0,16.67,0.0,2021-12-05,-,0,-
-,-,AlbertoMCS,-,660.86,-0.97,1165.16,0.0,168.1,0.32,6,0.0,1,0.0,4,0.0,1,0.0,16.67,0.0,2021-12-05,-,0,-
-,-,denwiller,-,659.88,-1.15,1087.24,0.0,142.46,0.38,8,0.0,0,0.0,8,0.0,0,0.0,0.0,0.0,2024-12-08,-,0,1287.0
-,-,jasdrakken,-,658.87,-1.07,1118.08,0.0,153.07,0.36,12,0.0,2,0.0,9,0.0,1,0.0,16.67,0.0,2019-05-19,-,0,-
1392,new,Marabu8,-,657.34,207.34,1233.55,-266.45,192.07,192.07,4,4.0,2,2.0,2,2.0,0,0.0,50.0,50.0,2026-05-25,-,0,-
-,-,Toreander,-,656.26,-1.01,1142.61,0.0,162.11,0.34,6,0.0,0,0.0,5,0.0,1,0.0,0.0,0.0,2021-03-02,-,0,-
-,-,JasonZhang0826,-,655.97,-1.42,1001.83,0.0,115.29,0.47,12,0.0,0,0.0,11,0.0,1,0.0,0.0,0.0,2022-05-28,-,0,-
-,-,CefreBunda,-,655.77,-0.87,1219.32,0.0,187.85,0.29,6,0.0,1,0.0,5,0.0,0,0.0,16.67,0.0,2018-06-10,-,0,-
-,-,XenoMatt,-,654.84,-1.26,1043.41,0.0,129.52,0.42,12,0.0,2,0.0,10,0.0,0,0.0,16.67,0.0,2021-05-20,-,0,-
-,-,Lahila,-,654.6,-1.7,943.77,0.0,96.39,0.57,36,0.0,2,0.0,33,0.0,1,0.0,5.56,0.0,2021-11-23,-,0,-
-,-,krull007,-,653.78,-0.86,1220.33,0.0,188.85,0.29,6,0.0,1,0.0,5,0.0,0,0.0,16.67,0.0,2019-09-30,-,0,-
-,-,checkmate4200,-,653.51,-0.93,1177.72,0.0,174.74,0.31,6,0.0,1,0.0,5,0.0,0,0.0,16.67,0.0,2018-06-17,-,0,-
-,-,Esqarrouth,-,652.58,-1.13,1086.17,0.0,144.53,0.38,6,0.0,0,0.0,6,0.0,0,0.0,0.0,0.0,2024-05-15,-,0,-
-,-,12thManStanding,-,651.45,-0.85,1224.88,0.0,191.14,0.28,6,0.0,1,0.0,5,0.0,0,0.0,16.67,0.0,2018-06-17,-,0,-
-,-,burnedPotato,-,651.23,-0.87,1210.39,0.0,186.39,0.29,6,0.0,1,0.0,5,0.0,0,0.0,16.67,0.0,2020-06-28,-,0,-
1393,-35,Xirf,-,650.55,-1.06,1111.11,0.0,153.52,0.35,8,0.0,3,0.0,5,0.0,0,0.0,37.5,0.0,2026-01-26,-,0,-
-,-,Moncop,-,650.31,-1.07,1108.3,0.0,152.66,0.36,6,0.0,0,0.0,6,0.0,0,0.0,0.0,0.0,2021-12-05,-,0,-
-,-,NicolasJavier,-,647.9,-1.27,1034.22,0.0,128.77,0.42,12,0.0,0,0.0,12,0.0,0,0.0,0.0,0.0,2025-01-20,-,0,1184.0
-,-,syc8295,-,643.62,-0.89,1190.38,0.0,182.25,0.3,6,0.0,0,0.0,6,0.0,0,0.0,0.0,0.0,2020-09-06,-,0,-
-,-,Ragnar18,-,643.02,-1.34,1008.92,0.0,121.97,0.45,12,0.0,0,0.0,12,0.0,0,0.0,0.0,0.0,2022-08-27,-,0,-
-,-,FSY,-,642.26,-1.15,1069.08,0.0,142.27,0.38,6,0.0,0,0.0,6,0.0,0,0.0,0.0,0.0,2024-12-10,-,0,1063.0
-,-,Walleywalker,-,642.0,-0.94,1161.41,0.0,173.14,0.31,6,0.0,1,0.0,5,0.0,0,0.0,16.67,0.0,2021-03-02,-,0,-
-,-,SpectralB4dger,-,641.36,-1.1,1086.64,0.0,148.43,0.37,6,0.0,0,0.0,6,0.0,0,0.0,0.0,0.0,2024-12-06,-,0,1184.0
-,-,Weasel69,-,640.45,-1.35,1004.22,0.0,121.26,0.45,12,0.0,0,0.0,10,0.0,2,0.0,0.0,0.0,2022-11-30,-,0,-
1394,-35,Rikard,-,640.43,-1.02,1120.58,0.0,160.05,0.34,6,0.0,1,0.0,5,0.0,0,0.0,16.67,0.0,2025-12-02,-,0,-
-,-,Vladmech,-,639.21,-1.56,953.71,0.0,104.83,0.52,24,0.0,5,0.0,18,0.0,1,0.0,20.83,0.0,2021-05-25,-,0,-
1395,-35,JackoKun,-,638.62,-1.56,953.75,0.0,105.04,0.52,18,0.0,0,0.0,18,0.0,0,0.0,0.0,0.0,2026-02-01,-,0,1287.0
1396,-34,HolyOne,-,633.6,-1.25,1025.66,0.0,130.69,0.42,12,0.0,0,0.0,12,0.0,0,0.0,0.0,0.0,2025-12-05,-,0,1287.0
-,-,LavenderQueen,-,631.26,-0.89,1183.34,0.0,184.02,0.3,6,0.0,0,0.0,5,0.0,1,0.0,0.0,0.0,2024-01-16,-,0,-
-,-,BengtBapper,-,628.72,-1.09,1077.12,0.0,149.47,0.36,6,0.0,0,0.0,6,0.0,0,0.0,0.0,0.0,2021-09-05,-,0,-
-,-,Anto-8080,-,625.42,-0.92,1156.0,0.0,176.86,0.31,6,0.0,1,0.0,5,0.0,0,0.0,16.67,0.0,2020-09-13,-,0,-
-,-,Kozzie,-,625.18,-1.31,997.89,0.0,124.24,0.44,12,0.0,2,0.0,10,0.0,0,0.0,16.67,0.0,2024-05-24,-,0,-
-,-,ImPlayingN4K3D,-,624.7,-0.99,1117.76,0.0,164.35,0.33,6,0.0,0,0.0,5,0.0,1,0.0,0.0,0.0,2021-03-02,-,0,-
-,-,withmuzic,-,622.91,-0.9,1166.36,0.0,181.15,0.3,6,0.0,1,0.0,5,0.0,0,0.0,16.67,0.0,2018-12-17,-,0,-
-,-,Zeider,-,620.98,-0.74,1278.67,0.0,219.23,0.25,4,0.0,1,0.0,3,0.0,0,0.0,25.0,0.0,2018-02-18,-,0,-
-,-,SanaRana,-,620.86,-0.94,1139.82,0.0,172.99,0.31,6,0.0,0,0.0,6,0.0,0,0.0,0.0,0.0,2020-09-13,-,0,-
-,-,snoozefest,-,620.84,-1.1,1064.24,0.0,147.8,0.37,12,0.0,1,0.0,11,0.0,0,0.0,8.33,0.0,2020-09-13,-,0,-
-,-,neomore,-,620.51,-1.08,1073.19,0.0,150.89,0.36,6,0.0,0,0.0,6,0.0,0,0.0,0.0,0.0,2021-09-05,-,0,-
1397,-34,Viceroy,-,619.39,-1.1,1062.55,0.0,147.72,0.37,6,0.0,0,0.0,6,0.0,0,0.0,0.0,0.0,2025-12-08,-,0,-
-,-,NICKnACK,-,619.0,-0.87,1183.34,0.0,188.11,0.29,6,0.0,0,0.0,5,0.0,1,0.0,0.0,0.0,2020-06-28,-,0,-
-,-,ducos,-,619.0,-0.87,1183.34,0.0,188.11,0.29,6,0.0,0,0.0,5,0.0,1,0.0,0.0,0.0,2020-06-28,-,0,-
-,-,rachpablo182,-,618.91,-1.04,1089.91,0.0,157.0,0.35,6,0.0,0,0.0,6,0.0,0,0.0,0.0,0.0,2024-12-06,-,0,1287.0
-,-,iLuden,-,618.41,-1.26,1006.54,0.0,129.37,0.42,16,0.0,1,0.0,15,0.0,0,0.0,6.25,0.0,2020-12-02,-,0,-
-,-,Fleron,-,617.67,-1.16,1038.93,0.0,140.42,0.39,12,0.0,2,0.0,10,0.0,0,0.0,16.67,0.0,2020-11-27,-,0,-
-,-,Fair_Kate,-,617.57,-1.44,958.16,0.0,113.53,0.48,12,0.0,0,0.0,11,0.0,1,0.0,0.0,0.0,2023-08-31,-,0,-
-,-,plamen,-,617.32,-1.11,1057.82,0.0,146.84,0.37,6,0.0,0,0.0,6,0.0,0,0.0,0.0,0.0,2022-06-05,-,0,1287.0
-,-,jjk,-,616.81,-1.04,1088.41,0.0,157.2,0.35,6,0.0,0,0.0,6,0.0,0,0.0,0.0,0.0,2023-01-15,-,0,-
-,-,ching_chong,-,616.15,-1.39,968.53,0.0,117.46,0.46,14,0.0,0,0.0,13,0.0,1,0.0,0.0,0.0,2024-02-17,-,0,-
-,-,DeNu,-,615.68,-1.4,965.72,0.0,116.68,0.47,12,0.0,0,0.0,12,0.0,0,0.0,0.0,0.0,2022-05-26,-,0,-
1398,-34,UgoNuma,-,612.6,-0.97,1118.28,0.0,168.56,0.32,6,0.0,0,0.0,6,0.0,0,0.0,0.0,0.0,2025-12-01,-,0,-
-,-,zyx19951124,-,612.52,-1.03,1089.42,0.0,158.97,0.34,18,0.0,2,0.0,16,0.0,0,0.0,11.11,0.0,2020-09-13,-,0,-
-,-,Gontz,-,611.86,-1.23,1010.27,0.0,132.8,0.41,12,0.0,0,0.0,12,0.0,0,0.0,0.0,0.0,2020-11-19,-,0,-
-,-,fedevet86,-,611.35,-1.03,1085.5,0.0,158.05,0.34,6,0.0,0,0.0,4,0.0,2,0.0,0.0,0.0,2022-06-05,-,0,-
-,-,PixiePete,-,608.2,-1.12,1045.78,0.0,145.86,0.37,12,0.0,2,0.0,10,0.0,0,0.0,16.67,0.0,2020-09-06,-,0,-
-,-,PeaceAndProsperity,-,607.68,-0.92,1141.79,0.0,178.04,0.31,6,0.0,0,0.0,5,0.0,1,0.0,0.0,0.0,2020-09-06,-,0,-
-,-,Overmindless,-,606.79,-1.06,1069.51,0.0,154.24,0.35,6,0.0,0,0.0,6,0.0,0,0.0,0.0,0.0,2021-09-05,-,0,-
-,-,timmypolilla92,-,606.59,-0.88,1159.78,0.0,184.4,0.29,6,0.0,0,0.0,6,0.0,0,0.0,0.0,0.0,2020-06-28,-,0,-
-,-,Alfredo094,-,606.59,-0.88,1159.78,0.0,184.4,0.29,6,0.0,0,0.0,6,0.0,0,0.0,0.0,0.0,2020-06-28,-,0,-
-,-,Marcin82,-,605.92,-1.18,1020.39,0.0,138.16,0.39,12,0.0,0,0.0,12,0.0,0,0.0,0.0,0.0,2020-08-05,-,0,-
-,-,Galaxy_Rhino,-,605.6,-0.91,1144.05,0.0,179.48,0.3,6,0.0,1,0.0,5,0.0,0,0.0,16.67,0.0,2024-01-16,-,0,-
-,-,Kaspipos,-,604.13,-0.9,1146.56,0.0,180.81,0.3,6,0.0,0,0.0,6,0.0,0,0.0,0.0,0.0,2024-12-05,-,0,1287.0
-,-,VerrueckterMax,-,603.76,-0.98,1101.44,0.0,165.89,0.33,6,0.0,0,0.0,6,0.0,0,0.0,0.0,0.0,2021-03-02,-,0,-
-,-,or0b0to,-,603.14,-0.92,1134.11,0.0,176.99,0.31,6,0.0,1,0.0,5,0.0,0,0.0,16.67,0.0,2024-01-16,-,0,-
-,-,ruben_san,-,602.37,-0.91,1140.61,0.0,179.42,0.3,6,0.0,1,0.0,5,0.0,0,0.0,16.67,0.0,2024-01-16,-,0,-
-,-,nihao,-,600.99,-1.07,1059.39,0.0,152.8,0.36,6,0.0,0,0.0,6,0.0,0,0.0,0.0,0.0,2021-12-05,-,0,-
-,-,Cholismo89,-,600.6,-1.43,942.68,0.0,114.03,0.48,18,0.0,0,0.0,17,0.0,1,0.0,0.0,0.0,2021-03-02,-,0,-
-,-,tigeralleycat,-,600.24,-0.94,1122.87,0.0,174.21,0.31,6,0.0,2,0.0,4,0.0,0,0.0,33.33,0.0,2020-12-02,-,0,-
-,-,issv,-,600.08,-1.05,1068.35,0.0,156.09,0.35,6,0.0,0,0.0,5,0.0,1,0.0,0.0,0.0,2024-03-03,-,0,-
-,-,aboadaa,-,599.87,-0.88,1153.76,0.0,184.63,0.29,6,0.0,2,0.0,4,0.0,0,0.0,33.33,0.0,2021-03-02,-,0,-
1399,new,Alex2297,-,599.29,149.29,1045.82,-454.18,148.84,148.84,6,6.0,0,0.0,6,6.0,0,0.0,0.0,0.0,2026-04-23,-,0,-
1400,-35,Pancake1,-,598.94,-1.22,999.87,0.0,133.64,0.41,12,0.0,0,0.0,12,0.0,0,0.0,0.0,0.0,2025-12-01,-,0,-
-,-,WulfstanCyning,-,597.76,-1.2,1007.34,0.0,136.53,0.4,12,0.0,1,0.0,11,0.0,0,0.0,8.33,0.0,2020-09-06,-,0,-
-,-,pollitis,-,597.14,-1.25,988.85,0.0,130.57,0.42,18,0.0,2,0.0,16,0.0,0,0.0,11.11,0.0,2019-09-29,-,0,-
1401,-35,Podrik,-,596.79,3.28,977.11,-64.34,126.77,-22.54,12,6.0,0,0.0,12,6.0,0,0.0,0.0,0.0,2026-04-26,-,0,-
-,-,Kittyclaws,-,596.55,-1.05,1064.05,0.0,155.83,0.35,6,0.0,0,0.0,6,0.0,0,0.0,0.0,0.0,2021-06-02,-,0,-
-,-,Imperator_Europy,-,595.64,-1.38,950.46,0.0,118.27,0.46,18,0.0,2,0.0,16,0.0,0,0.0,11.11,0.0,2020-11-21,-,0,-
-,-,C4nt3r,-,593.68,-1.04,1065.81,0.0,157.38,0.35,6,0.0,0,0.0,6,0.0,0,0.0,0.0,0.0,2020-12-02,-,0,-
-,-,Toledator,-,593.38,-0.91,1131.0,0.0,179.21,0.3,6,0.0,0,0.0,5,0.0,1,0.0,0.0,0.0,2019-09-15,-,0,-
-,-,Lnena,-,592.41,-0.98,1093.54,0.0,167.04,0.33,6,0.0,1,0.0,5,0.0,0,0.0,16.67,0.0,2024-01-16,-,0,-
-,-,greatestdecade,-,592.24,-1.11,1031.78,0.0,146.51,0.37,6,0.0,0,0.0,6,0.0,0,0.0,0.0,0.0,2023-12-03,-,0,-
-,-,HectorDart,-,592.06,-1.04,1061.62,0.0,156.52,0.35,6,0.0,0,0.0,6,0.0,0,0.0,0.0,0.0,2023-06-04,-,0,-
-,-,Kerrigan99,-,590.67,-1.09,1040.48,0.0,149.94,0.36,8,0.0,0,0.0,6,0.0,2,0.0,0.0,0.0,2025-01-26,-,0,1435.0
-,-,Yannis,-,590.22,-1.15,1016.86,0.0,142.21,0.38,12,0.0,0,0.0,11,0.0,1,0.0,0.0,0.0,2020-09-13,-,0,-
-,-,apricot,-,581.19,-1.04,1053.57,0.0,157.46,0.35,6,0.0,0,0.0,4,0.0,2,0.0,0.0,0.0,2022-09-04,-,0,-
-,-,GreatKingRat78,-,580.64,-0.83,1168.19,0.0,195.85,0.28,4,0.0,0,0.0,4,0.0,0,0.0,0.0,0.0,2025-01-20,-,0,1118.0
-,-,SrLantes,-,579.74,-0.91,1118.08,0.0,179.45,0.3,6,0.0,1,0.0,5,0.0,0,0.0,16.67,0.0,2019-12-30,-,0,-
-,-,xinjv,-,577.75,-1.02,1056.93,0.0,159.73,0.34,6,0.0,0,0.0,6,0.0,0,0.0,0.0,0.0,2021-12-05,-,0,-
-,-,deaddams,-,577.51,-1.54,895.08,0.0,105.86,0.51,36,0.0,2,0.0,34,0.0,0,0.0,5.56,0.0,2021-03-02,-,0,-
-,-,DanKamu,-,577.28,-1.03,1054.14,0.0,158.95,0.34,10,0.0,2,0.0,8,0.0,0,0.0,20.0,0.0,2018-09-02,-,0,-
-,-,dchampoy,-,577.0,-1.04,1049.88,0.0,157.63,0.35,6,0.0,0,0.0,6,0.0,0,0.0,0.0,0.0,2020-12-02,-,0,-
-,-,Jenny909,-,575.49,-1.32,946.92,0.0,123.81,0.44,12,0.0,0,0.0,12,0.0,0,0.0,0.0,0.0,2022-02-25,-,0,-
-,-,whitepand,-,575.26,-1.05,1041.06,0.0,155.27,0.35,6,0.0,0,0.0,6,0.0,0,0.0,0.0,0.0,2021-09-05,-,0,-
-,-,ShepherdOfSheep,-,573.13,-1.24,969.55,0.0,132.14,0.41,12,0.0,0,0.0,12,0.0,0,0.0,0.0,0.0,2020-11-16,-,0,-
-,-,Nanozawr,-,571.75,-0.98,1072.84,0.0,167.03,0.33,6,0.0,0,0.0,6,0.0,0,0.0,0.0,0.0,2020-09-06,-,0,-
-,-,gaberosser,-,570.78,-1.18,984.03,0.0,137.75,0.39,12,0.0,0,0.0,12,0.0,0,0.0,0.0,0.0,2024-01-16,-,0,-
-,-,Claudio,-,569.4,-1.38,924.67,0.0,118.42,0.46,30,0.0,2,0.0,26,0.0,2,0.0,6.67,0.0,2020-02-09,-,0,-
-,-,dub,-,565.77,-0.91,1101.74,0.0,178.66,0.3,6,0.0,0,0.0,6,0.0,0,0.0,0.0,0.0,2018-10-14,-,0,-
-,-,LeoLeo,-,565.66,-0.92,1097.53,0.0,177.29,0.31,6,0.0,0,0.0,5,0.0,1,0.0,0.0,0.0,2020-06-28,-,0,-
-,-,Nordenwatch,-,565.66,-0.92,1097.53,0.0,177.29,0.31,6,0.0,0,0.0,5,0.0,1,0.0,0.0,0.0,2020-06-28,-,0,-
-,-,Oanti,-,555.67,-0.87,1120.01,0.0,188.11,0.29,6,0.0,0,0.0,6,0.0,0,0.0,0.0,0.0,2020-06-21,-,0,-
-,-,jadeuk,-,555.4,-1.03,1029.1,0.0,157.9,0.34,6,0.0,0,0.0,6,0.0,0,0.0,0.0,0.0,2021-06-02,-,0,-
1402,-35,8469282,-,554.45,-1.01,1040.1,0.0,161.88,0.34,6,0.0,0,0.0,4,0.0,2,0.0,0.0,0.0,2025-08-31,-,0,-
-,-,badoomboom,-,552.81,-1.04,1022.23,0.0,156.47,0.35,6,0.0,0,0.0,6,0.0,0,0.0,0.0,0.0,2024-11-30,-,0,1287.0
-,-,FalcoFernandes,-,551.25,-1.11,993.71,0.0,147.49,0.37,12,0.0,0,0.0,12,0.0,0,0.0,0.0,0.0,2019-12-29,-,0,-
-,-,Phlegm,-,550.44,-0.92,1080.62,0.0,176.73,0.31,6,0.0,1,0.0,5,0.0,0,0.0,16.67,0.0,2024-01-16,-,0,-
-,-,GuilleNCP,-,549.04,-0.79,1170.34,0.0,207.1,0.26,4,0.0,2,0.0,2,0.0,0,0.0,50.0,0.0,2023-04-16,-,0,-
-,-,Potti,-,544.95,-1.01,1028.03,0.0,161.03,0.34,6,0.0,0,0.0,4,0.0,2,0.0,0.0,0.0,2021-12-05,-,0,-
-,-,Golgotha,-,542.97,-0.91,1078.6,0.0,178.54,0.3,6,0.0,1,0.0,5,0.0,0,0.0,16.67,0.0,2020-09-06,-,0,-
-,-,gh1,-,541.39,-1.0,1030.56,0.0,163.06,0.33,6,0.0,0,0.0,6,0.0,0,0.0,0.0,0.0,2021-06-02,-,0,-
-,-,FLIIIPER,-,539.36,-0.84,1119.84,0.0,193.49,0.28,6,0.0,1,0.0,5,0.0,0,0.0,16.67,0.0,2020-06-21,-,0,-
-,-,Mscislaw,-,539.36,-0.84,1119.84,0.0,193.49,0.28,6,0.0,1,0.0,5,0.0,0,0.0,16.67,0.0,2020-06-21,-,0,-
-,-,bigshotrob,-,535.57,-0.95,1048.09,0.0,170.84,0.32,6,0.0,0,0.0,6,0.0,0,0.0,0.0,0.0,2020-09-13,-,0,-
-,-,Rwhite88,-,535.42,-0.92,1068.54,0.0,177.71,0.31,6,0.0,0,0.0,5,0.0,1,0.0,0.0,0.0,2019-12-29,-,0,-
-,-,thedayne,-,533.82,-1.54,851.18,0.0,105.79,0.51,30,0.0,0,0.0,30,0.0,0,0.0,0.0,0.0,2023-01-15,-,0,-
1403,-35,kynj,-,530.42,-0.97,1036.69,0.0,168.75,0.32,6,0.0,0,0.0,6,0.0,0,0.0,0.0,0.0,2025-12-09,-,0,-
-,-,deleted_user_9720913,-,527.79,-1.4,876.94,0.0,116.38,0.47,12,0.0,0,0.0,12,0.0,0,0.0,0.0,0.0,2024-05-27,-,0,-
-,-,Xevi,-,522.89,-0.98,1022.96,0.0,166.69,0.33,6,0.0,0,0.0,5,0.0,1,0.0,0.0,0.0,2020-12-02,-,0,-
-,-,TwoJay,-,522.37,-0.89,1069.94,0.0,182.53,0.3,6,0.0,0,0.0,6,0.0,0,0.0,0.0,0.0,2020-06-28,-,0,-
-,-,WhiteKnight1987,-,518.01,-1.06,981.83,0.0,154.61,0.35,6,0.0,0,0.0,6,0.0,0,0.0,0.0,0.0,2022-03-06,-,0,-
-,-,amaze,-,516.14,-0.96,1026.1,0.0,169.99,0.32,6,0.0,1,0.0,4,0.0,1,0.0,16.67,0.0,2025-01-26,-,0,1435.0
-,-,tbrofromspace,-,516.06,-0.7,1214.74,0.0,232.89,0.23,2,0.0,0,0.0,2,0.0,0,0.0,0.0,0.0,2024-11-25,-,0,1184.0
-,-,pidzi,-,514.65,-1.0,1002.76,0.0,162.7,0.33,6,0.0,0,0.0,6,0.0,0,0.0,0.0,0.0,2022-06-05,-,0,-
-,-,Eroticus,-,510.12,-1.0,1000.06,0.0,163.31,0.33,12,0.0,0,0.0,12,0.0,0,0.0,0.0,0.0,2018-10-14,-,0,-
-,-,DannyTheKing,-,509.35,-1.0,1001.21,0.0,163.95,0.33,6,0.0,0,0.0,6,0.0,0,0.0,0.0,0.0,2021-09-05,-,0,-
-,-,ppatrickme9,-,507.85,-1.0,995.98,0.0,162.71,0.33,6,0.0,1,0.0,5,0.0,0,0.0,16.67,0.0,2022-09-04,-,0,-
-,-,Elionoir,-,507.09,-1.01,993.32,0.0,162.08,0.34,6,0.0,1,0.0,5,0.0,0,0.0,16.67,0.0,2022-09-04,-,0,-
-,-,Felis33,-,505.4,-0.94,1029.15,0.0,174.58,0.31,6,0.0,1,0.0,5,0.0,0,0.0,16.67,0.0,2023-04-16,-,0,-
-,-,Ronald1,-,503.51,-1.01,989.46,0.0,161.98,0.34,6,0.0,0,0.0,6,0.0,0,0.0,0.0,0.0,2024-01-16,-,0,-
-,-,Crazybrandon,-,499.49,-1.03,975.85,0.0,158.79,0.34,6,0.0,0,0.0,6,0.0,0,0.0,0.0,0.0,2023-02-05,-,0,-
1404,new,DucciEmi,-,492.47,42.47,1252.68,-247.32,253.4,253.4,2,2.0,0,0.0,2,2.0,0,0.0,0.0,0.0,2026-05-15,-,0,-
1405,-36,bodyontheocean,-,491.83,-0.64,1252.68,0.0,253.62,0.21,2,0.0,0,0.0,2,0.0,0,0.0,0.0,0.0,2026-02-05,-,0,-
-,-,Flynn,-,491.16,-1.02,970.53,0.0,159.79,0.34,12,0.0,0,0.0,12,0.0,0,0.0,0.0,0.0,2018-10-14,-,0,-
-,-,Demianv,-,490.21,-1.03,966.28,0.0,158.69,0.34,12,0.0,0,0.0,12,0.0,0,0.0,0.0,0.0,2019-01-27,-,0,-
-,-,dogrockbeeboy,-,486.7,-0.64,1252.68,0.0,255.33,0.21,2,0.0,0,0.0,2,0.0,0,0.0,0.0,0.0,2024-01-16,-,0,-
-,-,Slavik2,-,483.74,-1.37,841.32,0.0,119.19,0.46,12,0.0,0,0.0,12,0.0,0,0.0,0.0,0.0,2023-11-22,-,0,-
-,-,Ssimpson,-,482.74,-0.96,990.76,0.0,169.34,0.32,6,0.0,0,0.0,6,0.0,0,0.0,0.0,0.0,2020-09-13,-,0,-
1406,-36,D.C.A,-,479.65,-0.64,1240.67,0.0,253.67,0.21,2,0.0,0,0.0,1,0.0,1,0.0,0.0,0.0,2025-10-10,-,0,-
-,-,Reif,-,468.37,-0.96,980.01,0.0,170.55,0.32,6,0.0,0,0.0,6,0.0,0,0.0,0.0,0.0,2020-09-06,-,0,-
-,-,skwaeron,-,462.33,-0.93,988.24,0.0,175.3,0.31,6,0.0,0,0.0,6,0.0,0,0.0,0.0,0.0,2019-12-22,-,0,-
-,-,diverhawks,-,461.55,-1.01,946.83,0.0,161.76,0.34,6,0.0,0,0.0,6,0.0,0,0.0,0.0,0.0,2021-09-05,-,0,-
1407,-36,uhujb,-,458.66,-1.04,930.49,0.0,157.27,0.35,8,0.0,0,0.0,7,0.0,1,0.0,0.0,0.0,2025-10-11,-,0,-
-,-,Patrickdsp7,-,447.51,-1.17,866.48,0.0,139.66,0.39,12,0.0,0,0.0,12,0.0,0,0.0,0.0,0.0,2020-11-22,-,0,-
-,-,Copocioff,-,446.91,-0.92,979.9,0.0,177.66,0.31,6,0.0,1,0.0,5,0.0,0,0.0,16.67,0.0,2024-08-11,-,0,-
1408,-36,Fr3nChi,-,446.06,-0.71,1134.22,0.0,229.39,0.24,2,0.0,0,0.0,2,0.0,0,0.0,0.0,0.0,2025-12-25,-,0,-
-,-,Marthy,-,445.17,-0.83,1031.73,0.0,195.52,0.28,6,0.0,1,0.0,5,0.0,0,0.0,16.67,0.0,2024-01-16,-,0,-
-,-,RobinBanks,-,443.42,-1.29,823.87,0.0,126.82,0.43,24,0.0,1,0.0,23,0.0,0,0.0,4.17,0.0,2021-05-26,-,0,-
-,-,Rahul,-,442.65,-1.15,866.96,0.0,141.44,0.38,12,0.0,1,0.0,11,0.0,0,0.0,8.33,0.0,2019-08-04,-,0,-
-,-,Jeff_Ffej,-,440.92,-0.92,974.67,0.0,177.92,0.31,6,0.0,0,0.0,6,0.0,0,0.0,0.0,0.0,2024-01-16,-,0,-
-,-,Deect,-,438.09,-1.03,915.23,0.0,159.05,0.34,6,0.0,0,0.0,6,0.0,0,0.0,0.0,0.0,2022-03-06,-,0,-
1409,-36,JVCSC,-,434.51,-1.13,869.11,0.0,144.87,0.38,12,0.0,0,0.0,12,0.0,0,0.0,0.0,0.0,2025-12-01,-,0,-
-,-,saet1a,-,433.22,-0.91,972.32,0.0,179.7,0.3,6,0.0,0,0.0,6,0.0,0,0.0,0.0,0.0,2024-01-16,-,0,-
-,-,shuihan,-,429.39,-0.91,965.03,0.0,178.54,0.3,6,0.0,0,0.0,6,0.0,0,0.0,0.0,0.0,2020-09-13,-,0,-
-,-,beeri,-,429.27,-1.05,897.49,0.0,156.07,0.35,8,0.0,0,0.0,8,0.0,0,0.0,0.0,0.0,2023-03-05,-,0,-
-,-,Bethesda,-,425.74,-0.92,959.59,0.0,177.95,0.31,6,0.0,0,0.0,5,0.0,1,0.0,0.0,0.0,2021-06-02,-,0,-
-,-,vrhpires,-,420.02,-0.89,967.84,0.0,182.61,0.3,6,0.0,0,0.0,6,0.0,0,0.0,0.0,0.0,2020-09-06,-,0,-
-,-,9275835,-,419.82,-0.66,1157.6,0.0,245.93,0.22,2,0.0,0,0.0,2,0.0,0,0.0,0.0,0.0,2024-12-12,-,0,-
-,-,Igor_TheGreatest,-,411.9,-1.0,901.97,0.0,163.36,0.33,6,0.0,0,0.0,6,0.0,0,0.0,0.0,0.0,2022-06-05,-,0,-
-,-,cord_red,-,409.67,-0.71,1102.48,0.0,230.94,0.24,2,0.0,0,0.0,2,0.0,0,0.0,0.0,0.0,2024-12-04,-,0,1184.0
-,-,Starflower,-,404.78,-0.84,985.27,0.0,193.5,0.28,6,0.0,0,0.0,6,0.0,0,0.0,0.0,0.0,2020-06-28,-,0,-
1410,-36,ukrseaman,-,403.81,-1.18,819.2,0.0,138.46,0.39,14,0.0,0,0.0,14,0.0,0,0.0,0.0,0.0,2026-01-06,-,0,-
-,-,H4Y3K,-,403.57,-1.14,833.86,0.0,143.43,0.38,18,0.0,0,0.0,18,0.0,0,0.0,0.0,0.0,2024-01-16,-,0,-
-,-,Goozy_Sosa,-,399.94,-0.69,1106.84,0.0,235.63,0.23,2,0.0,0,0.0,2,0.0,0,0.0,0.0,0.0,2024-12-13,-,0,-
-,-,Top8,-,389.16,-0.64,1157.17,0.0,256.0,0.21,2,0.0,0,0.0,2,0.0,0,0.0,0.0,0.0,2024-09-22,-,0,-
-,-,win021795,-,378.98,-0.96,886.74,0.0,169.25,0.32,6,0.0,0,0.0,6,0.0,0,0.0,0.0,0.0,2021-03-02,-,0,-
-,-,FilipDabrowski,-,351.34,-0.87,916.83,0.0,188.5,0.29,6,0.0,0,0.0,6,0.0,0,0.0,0.0,0.0,2024-01-16,-,0,-
-,-,Mirefox,-,348.58,-1.06,809.88,0.0,153.77,0.35,12,0.0,0,0.0,12,0.0,0,0.0,0.0,0.0,2020-08-09,-,0,-
-,-,Juanitosssss,-,348.58,-1.06,809.88,0.0,153.77,0.35,12,0.0,0,0.0,12,0.0,0,0.0,0.0,0.0,2020-08-07,-,0,-
1411,new,Vincera,-,344.88,-105.12,1087.55,-412.45,247.56,247.56,2,2.0,0,0.0,2,2.0,0,0.0,0.0,0.0,2026-05-18,-,0,-
-,-,Storzo,-,334.48,-1.12,772.29,0.0,145.94,0.37,12,0.0,0,0.0,12,0.0,0,0.0,0.0,0.0,2019-11-10,-,0,-
-,-,Szymon767,-,330.36,-0.97,836.25,0.0,168.63,0.32,6,0.0,0,0.0,5,0.0,1,0.0,0.0,0.0,2024-09-15,-,0,-
-,-,mladodoc,-,305.46,-0.86,873.17,0.0,189.24,0.29,6,0.0,0,0.0,6,0.0,0,0.0,0.0,0.0,2024-01-16,-,0,-
1412,new,Teadiddy14,-,303.35,-146.65,1060.96,-439.04,252.53,252.53,2,2.0,0,0.0,2,2.0,0,0.0,0.0,0.0,2026-05-31,-,0,-
-,-,King11,-,297.86,-1.33,667.25,0.0,123.13,0.44,54,0.0,0,0.0,52,0.0,2,0.0,0.0,0.0,2023-06-04,-,0,-
-,-,Lobbakak,-,292.9,-0.93,819.15,0.0,175.41,0.31,6,0.0,0,0.0,6,0.0,0,0.0,0.0,0.0,2020-12-02,-,0,-
-,-,Eysteinh,-,292.8,-1.22,694.78,0.0,133.99,0.41,12,0.0,0,0.0,12,0.0,0,0.0,0.0,0.0,2023-05-28,-,0,-
-,-,wapper,-,267.54,-0.84,849.63,0.0,194.03,0.28,6,0.0,0,0.0,5,0.0,1,0.0,0.0,0.0,2024-06-16,-,0,-
-,-,Kaaz,-,266.3,-0.96,776.95,0.0,170.22,0.32,8,0.0,0,0.0,8,0.0,0,0.0,0.0,0.0,2023-03-05,-,0,-
1413,new,altiSocke,-,265.41,-184.59,976.13,-523.87,236.91,236.91,2,2.0,0,0.0,2,2.0,0,0.0,0.0,0.0,2026-04-16,-,0,-
-,-,Wicked_Liz,-,256.15,-0.84,837.61,0.0,193.82,0.28,6,0.0,0,0.0,6,0.0,0,0.0,0.0,0.0,2024-01-16,-,0,-
-,-,PengenCurry,-,252.94,-1.25,644.93,0.0,130.66,0.42,12,0.0,0,0.0,12,0.0,0,0.0,0.0,0.0,2023-11-24,-,0,-
-,-,Roms90,-,250.22,-0.9,793.28,0.0,181.02,0.3,6,0.0,0,0.0,5,0.0,1,0.0,0.0,0.0,2021-03-02,-,0,-
1414,new,GnoseR,-,232.62,-217.38,1022.75,-477.25,263.37,263.37,2,2.0,0,0.0,2,2.0,0,0.0,0.0,0.0,2026-05-19,-,0,-
-,-,Dante870502,-,201.14,-0.65,955.74,0.0,251.53,0.22,2,0.0,0,0.0,2,0.0,0,0.0,0.0,0.0,2023-03-05,-,0,-
-,-,deleted_user_4359608,-,197.36,-0.89,748.67,0.0,183.77,0.3,6,0.0,0,0.0,6,0.0,0,0.0,0.0,0.0,2024-03-17,-,0,-
-,-,boheg,-,195.92,-0.83,785.04,0.0,196.37,0.28,4,0.0,0,0.0,4,0.0,0,0.0,0.0,0.0,2024-10-22,-,0,-
-,-,TheExiledPrince,-,181.25,-1.24,577.77,0.0,132.17,0.41,24,0.0,0,0.0,24,0.0,0,0.0,0.0,0.0,2021-05-26,-,0,-
-,-,Atheas,-,67.97,-0.63,846.61,0.0,259.55,0.21,2,0.0,0,0.0,2,0.0,0,0.0,0.0,0.0,2024-12-07,-,0,-
-,-,__Alex__,-,-127.02,-1.13,312.5,0.0,146.51,0.38,40,0.0,2,0.0,37,0.0,1,0.0,5.0,0.0,2024-10-01,-,0,-
